appraisal_id,brand,brand_tier,age_years,mileage,engine_liters,horsepower,fuel_type,transmission,num_owners,accident_history,condition_grade,rule_of_thumb_offer,resale_price
LA-24000,Honda,Mainstream,10,61700,3.5,245,Gasoline,Automatic,2,1,2,1700,8240
LA-24001,Kia,Economy,11,120200,2.5,146,Gasoline,Automatic,3,0,3,2900,4220
LA-24002,Chevrolet,Mainstream,10,109300,2.0,129,Gasoline,Automatic,3,0,3,3600,5950
LA-24003,Ford,Mainstream,3,36100,1.8,127,Gasoline,Automatic,1,0,3,21900,17950
LA-24004,Ford,Mainstream,4,12900,1.8,146,Gasoline,Automatic,1,0,5,20000,20300
LA-24005,BMW,Luxury,14,174900,1.8,118,Gasoline,Automatic,3,0,2,4700,2590
LA-24006,Audi,Luxury,8,131800,1.8,137,Gasoline,Automatic,3,0,4,11600,7030
LA-24007,Honda,Mainstream,14,148100,2.0,138,Gasoline,Automatic,3,0,3,3600,3500
LA-24008,Kia,Economy,1,23700,2.5,203,Gasoline,Automatic,1,0,4,21800,32330
LA-24009,Ford,Mainstream,6,64300,2.5,151,Gasoline,Automatic,1,0,3,13800,12690
LA-24010,Lexus,Luxury,10,94900,3.0,239,Gasoline,Automatic,3,1,2,3500,5630
LA-24011,Audi,Luxury,7,119500,2.5,173,Gasoline,Automatic,4,0,4,15600,8330
LA-24012,Kia,Economy,12,174300,2.5,181,Gasoline,Manual,4,0,3,1700,2940
LA-24013,BMW,Luxury,6,92400,2.5,176,Gasoline,Automatic,3,1,3,18400,11300
LA-24014,Hyundai,Economy,11,225300,1.8,124,Gasoline,Automatic,3,0,3,800,2770
LA-24015,Mercedes,Luxury,8,96600,2.5,174,Gasoline,Automatic,2,0,4,13000,10110
LA-24016,Chevrolet,Mainstream,13,158100,5.0,323,Gasoline,Automatic,2,0,2,3100,4220
LA-24017,Ford,Mainstream,4,57300,3.5,253,Gasoline,Automatic,2,0,4,19200,20040
LA-24018,Ford,Mainstream,11,188400,1.8,150,Gasoline,Automatic,3,1,3,800,3360
LA-24019,Honda,Mainstream,3,49400,2.5,167,Gasoline,Automatic,3,0,4,21800,20530
LA-24020,Hyundai,Economy,6,56500,1.8,141,Gasoline,Automatic,1,0,3,11000,10800
LA-24021,Chevrolet,Mainstream,14,132200,1.8,141,Gasoline,Automatic,2,0,3,3600,3640
LA-24022,Nissan,Economy,2,27900,2.0,136,Gasoline,Automatic,1,0,4,19900,21860
LA-24023,Toyota,Mainstream,10,140500,5.0,352,Gasoline,Automatic,2,1,3,1300,6550
LA-24024,Chevrolet,Mainstream,3,38100,3.5,241,Gasoline,Automatic,1,1,4,20700,20270
LA-24025,Ford,Mainstream,14,198400,1.5,103,Gasoline,Automatic,4,0,3,2400,2710
LA-24026,Honda,Mainstream,6,74100,3.5,241,Gasoline,Manual,2,0,4,14100,13820
LA-24027,Kia,Economy,10,147700,3.5,211,Gasoline,Automatic,3,0,3,1800,4500
LA-24028,Chevrolet,Mainstream,13,192700,3.0,197,Gasoline,Automatic,5,0,3,2100,3060
LA-24029,Ford,Mainstream,5,45300,1.8,156,Gasoline,Manual,3,0,4,16900,14080
LA-24030,Honda,Mainstream,9,73300,2.5,173,Gasoline,Automatic,2,0,4,6100,9740
LA-24031,Mercedes,Luxury,12,158300,2.5,176,Gasoline,Automatic,5,1,3,3300,3480
LA-24032,BMW,Luxury,10,109000,2.5,168,Gasoline,Automatic,3,1,3,3900,4830
LA-24033,Kia,Economy,4,32900,1.8,118,Gasoline,Manual,1,0,3,15400,13390
LA-24034,Ford,Mainstream,7,107300,1.8,119,Hybrid,Automatic,2,0,3,10200,8640
LA-24035,Lexus,Luxury,14,190000,3.0,243,Gasoline,Automatic,5,0,2,4100,2730
LA-24036,Hyundai,Economy,1,25900,1.8,125,Gasoline,Automatic,2,0,4,21700,26050
LA-24037,Chevrolet,Mainstream,6,79800,1.8,130,Gasoline,Manual,4,0,3,13500,9080
LA-24038,Audi,Luxury,5,61800,1.8,122,Hybrid,Automatic,3,1,3,23200,12580
LA-24039,Ford,Mainstream,6,47500,2.5,164,Gasoline,Automatic,2,1,3,12300,11450
LA-24040,Nissan,Economy,2,36000,5.0,323,Hybrid,Automatic,2,0,4,19600,31080
LA-24041,Ford,Mainstream,10,148100,1.8,144,Gasoline,Automatic,3,1,2,800,4120
LA-24042,Honda,Mainstream,2,32000,2.0,113,Hybrid,Automatic,1,0,4,24700,24230
LA-24043,Nissan,Economy,5,56200,1.8,120,Gasoline,Automatic,1,1,4,12100,10740
LA-24044,Honda,Mainstream,7,88100,1.8,149,Gasoline,Automatic,2,0,3,10900,10390
LA-24045,Hyundai,Economy,7,94500,1.5,97,Hybrid,Automatic,1,0,4,8900,7450
LA-24046,Kia,Economy,3,32900,3.5,257,Gasoline,Manual,2,0,4,17900,21210
LA-24047,Honda,Mainstream,5,49100,1.8,125,Gasoline,Automatic,3,0,4,16900,14320
LA-24048,Nissan,Economy,10,190600,2.5,147,Gasoline,Automatic,2,0,3,800,3640
LA-24049,Hyundai,Economy,1,9600,3.5,245,Gasoline,Automatic,1,0,4,22200,30670
LA-24050,Kia,Economy,12,121800,2.0,114,Gasoline,Manual,2,0,3,2900,3470
LA-24051,Ford,Mainstream,9,67900,1.5,113,Gasoline,Automatic,5,1,3,4200,6120
LA-24052,Chevrolet,Mainstream,11,84000,3.5,242,Gasoline,Automatic,3,0,4,4000,7320
LA-24053,Hyundai,Economy,9,118800,3.5,241,Gasoline,Automatic,3,1,3,2600,5520
LA-24054,Chevrolet,Mainstream,14,123800,0.0,260,Electric,Automatic,5,0,2,3200,3170
LA-24055,Nissan,Economy,5,48800,2.0,161,Hybrid,Automatic,1,0,4,13600,14550
LA-24056,Hyundai,Economy,1,17400,3.0,194,Gasoline,Automatic,1,0,3,21600,30030
LA-24057,Chevrolet,Mainstream,6,85700,1.5,131,Gasoline,Manual,1,0,3,13300,10270
LA-24058,Toyota,Mainstream,11,186200,2.0,131,Gasoline,Automatic,5,0,4,1800,3860
LA-24059,BMW,Luxury,1,13100,2.0,143,Gasoline,Automatic,1,0,4,41300,45060
LA-24060,Hyundai,Economy,9,90000,1.8,119,Gasoline,Automatic,2,0,3,4600,5680
LA-24061,Ford,Mainstream,5,71500,3.0,189,Hybrid,Automatic,2,0,4,16400,14950
LA-24062,Hyundai,Economy,11,115000,2.0,131,Gasoline,Automatic,3,0,3,2900,4300
LA-24063,Toyota,Mainstream,11,161500,3.0,181,Gasoline,Manual,5,1,2,800,3720
LA-24064,Audi,Luxury,2,25800,2.5,172,Hybrid,Automatic,1,0,5,37600,43620
LA-24065,Lexus,Luxury,7,54500,2.0,119,Gasoline,Automatic,1,0,4,17000,10940
LA-24066,Toyota,Mainstream,7,65600,1.5,117,Gasoline,Automatic,2,1,3,9600,8630
LA-24067,Ford,Mainstream,3,22800,2.5,196,Hybrid,Automatic,2,0,3,21900,24030
LA-24068,Nissan,Economy,1,17500,1.8,128,Gasoline,Automatic,1,0,3,21600,26830
LA-24069,Ford,Mainstream,2,28600,2.0,162,Gasoline,Automatic,1,0,4,24800,23480
LA-24070,Hyundai,Economy,3,39400,0.0,294,Electric,Automatic,1,1,4,16300,21710
LA-24071,Chevrolet,Mainstream,7,83300,3.0,203,Gasoline,Automatic,1,0,4,11500,10820
LA-24072,BMW,Luxury,7,53600,3.0,199,Gasoline,Manual,2,0,4,17000,13690
LA-24073,Lexus,Luxury,7,66800,5.0,336,Gasoline,Automatic,1,1,3,15200,12300
LA-24074,Audi,Luxury,13,140800,2.5,204,Gasoline,Automatic,1,0,3,5400,3590
LA-24075,Kia,Economy,7,96200,1.8,127,Gasoline,Automatic,1,0,4,8800,7340
LA-24076,Honda,Mainstream,3,66700,3.5,224,Gasoline,Automatic,1,0,5,21500,22800
LA-24077,Lexus,Luxury,9,92300,1.5,129,Gasoline,Automatic,1,1,3,7100,6870
LA-24078,Toyota,Mainstream,14,216500,2.0,172,Gasoline,Automatic,5,0,2,1300,2740
LA-24079,Ford,Mainstream,5,43700,2.0,149,Gasoline,Automatic,1,0,4,16900,14780
LA-24080,Ford,Mainstream,1,7600,2.0,162,Gasoline,Automatic,1,1,4,26200,28230
LA-24081,Nissan,Economy,6,35300,1.8,144,Gasoline,Manual,2,0,4,11400,11800
LA-24082,Chevrolet,Mainstream,9,89200,2.0,154,Gasoline,Automatic,3,0,3,5700,8030
LA-24083,Toyota,Mainstream,5,82000,2.5,148,Gasoline,Automatic,2,1,4,14500,12000
LA-24084,Toyota,Mainstream,8,101700,2.0,168,Hybrid,Automatic,1,0,4,8600,10030
LA-24085,Kia,Economy,9,153100,1.5,149,Gasoline,Manual,1,0,4,3200,4630
LA-24086,Hyundai,Economy,1,14600,1.5,100,Hybrid,Automatic,1,0,4,22100,24900
LA-24087,Kia,Economy,1,21000,1.5,104,Gasoline,Manual,1,0,4,21900,23180
LA-24088,Hyundai,Economy,10,109300,3.5,238,Gasoline,Automatic,4,0,3,2900,5550
LA-24089,Audi,Luxury,10,151700,0.0,301,Electric,Automatic,2,0,2,3700,4940
LA-24090,Audi,Luxury,5,93300,0.0,300,Electric,Automatic,2,0,4,23800,17260
LA-24091,Honda,Mainstream,12,142600,2.0,153,Gasoline,Automatic,3,0,3,3600,4460
LA-24092,Lexus,Luxury,10,73900,2.0,142,Gasoline,Automatic,3,0,4,5800,7110
LA-24093,BMW,Luxury,6,119600,1.8,148,Gasoline,Automatic,1,0,3,18800,9750
LA-24094,Kia,Economy,2,22200,1.5,99,Gasoline,Automatic,1,0,4,20100,22240
LA-24095,Kia,Economy,1,12100,0.0,304,Electric,Automatic,1,0,4,22200,39410
LA-24096,Hyundai,Economy,4,49100,1.8,143,Gasoline,Manual,3,0,2,14900,11690
LA-24097,Audi,Luxury,10,157400,5.0,337,Gasoline,Automatic,5,1,2,2000,4520
LA-24098,Honda,Mainstream,9,131500,0.0,250,Electric,Automatic,3,0,3,4800,6150
LA-24099,Kia,Economy,9,132500,0.0,262,Electric,Automatic,1,1,4,2500,4440
LA-24100,Mercedes,Luxury,5,57800,1.8,123,Gasoline,Automatic,1,0,4,25200,16420
LA-24101,Toyota,Mainstream,11,125900,2.5,171,Gasoline,Manual,2,0,3,3600,5320
LA-24102,Kia,Economy,2,34900,2.5,155,Gasoline,Automatic,1,0,3,19200,20330
LA-24103,Chevrolet,Mainstream,2,42600,2.5,199,Gasoline,Automatic,1,0,5,24700,28050
LA-24104,BMW,Luxury,7,54500,3.5,217,Gasoline,Automatic,4,0,3,16600,12400
LA-24105,Toyota,Mainstream,9,150400,1.5,119,Gasoline,Automatic,3,0,3,4000,5030
LA-24106,Kia,Economy,10,163100,3.5,227,Gasoline,Automatic,3,0,3,1200,4610
LA-24107,Mercedes,Luxury,6,91300,2.5,184,Gasoline,Automatic,2,0,3,19900,13330
LA-24108,Kia,Economy,2,18800,0.0,190,Electric,Automatic,1,1,4,18600,21680
LA-24109,Ford,Mainstream,1,18800,1.5,149,Gasoline,Automatic,1,0,4,27400,30250
LA-24110,Kia,Economy,13,173800,1.5,122,Gasoline,Automatic,5,0,3,2200,2720
LA-24111,Ford,Mainstream,9,87100,3.0,214,Gasoline,Automatic,1,0,4,6100,8200
LA-24112,Nissan,Economy,4,68400,2.5,169,Gasoline,Automatic,1,1,4,13400,11930
LA-24113,Toyota,Mainstream,8,90900,1.8,122,Gasoline,Automatic,3,1,3,6900,7030
LA-24114,Ford,Mainstream,14,250000,2.0,130,Gasoline,Automatic,1,0,1,800,2420
LA-24115,Toyota,Mainstream,12,89300,3.0,218,Gasoline,Automatic,4,0,3,3600,6240
LA-24116,Toyota,Mainstream,9,71200,2.5,160,Hybrid,Automatic,5,0,4,6100,9290
LA-24117,Hyundai,Economy,5,29900,2.5,182,Gasoline,Automatic,1,0,4,13600,15360
LA-24118,Honda,Mainstream,3,49200,5.0,322,Gasoline,Automatic,1,0,4,21800,29580
LA-24119,Hyundai,Economy,6,62300,3.5,239,Gasoline,Automatic,4,0,4,11400,12650
LA-24120,Kia,Economy,4,46600,2.5,160,Gasoline,Automatic,3,0,5,16200,14940
LA-24121,Audi,Luxury,4,60200,0.0,259,Electric,Manual,2,0,4,28700,20890
LA-24122,Ford,Mainstream,10,185800,2.5,157,Gasoline,Manual,3,0,3,1000,3900
LA-24123,Ford,Mainstream,7,67600,2.0,144,Gasoline,Automatic,2,0,3,11100,10300
LA-24124,Ford,Mainstream,8,141100,1.5,105,Gasoline,Automatic,2,1,3,5100,4950
LA-24125,Toyota,Mainstream,7,103300,2.5,162,Gasoline,Automatic,1,0,4,10700,9600
LA-24126,Nissan,Economy,1,16200,0.0,275,Electric,Automatic,1,0,5,22500,36170
LA-24127,Mercedes,Luxury,1,9900,1.8,138,Hybrid,Automatic,1,0,4,41400,52890
LA-24128,Chevrolet,Mainstream,5,40600,3.0,184,Gasoline,Automatic,1,0,3,16500,17150
LA-24129,Hyundai,Economy,14,174600,3.0,198,Gasoline,Automatic,5,1,2,800,2430
LA-24130,Lexus,Luxury,12,153800,3.0,160,Hybrid,Automatic,5,0,1,4200,3320
LA-24131,Nissan,Economy,12,118300,2.5,198,Hybrid,Automatic,5,0,1,2100,3970
LA-24132,BMW,Luxury,14,124000,3.5,253,Gasoline,Manual,5,0,2,5000,3350
LA-24133,Audi,Luxury,12,92500,1.8,140,Gasoline,Automatic,3,1,2,3500,3920
LA-24134,Honda,Mainstream,12,165100,3.5,243,Gasoline,Automatic,2,1,2,900,4050
LA-24135,Kia,Economy,7,96200,0.0,268,Electric,Automatic,3,0,4,8800,7750
LA-24136,Nissan,Economy,3,46900,2.0,162,Gasoline,Automatic,1,0,5,17900,19630
LA-24137,Mercedes,Luxury,6,87400,1.5,107,Gasoline,Automatic,2,1,4,19000,9280
LA-24138,Ford,Mainstream,4,45400,0.0,239,Electric,Automatic,1,0,4,19600,20890
LA-24139,Nissan,Economy,11,200000,1.5,104,Gasoline,Automatic,2,0,3,800,2910
LA-24140,Kia,Economy,8,72300,2.0,161,Gasoline,Automatic,3,0,3,6700,7250
LA-24141,Chevrolet,Mainstream,14,199800,2.0,146,Gasoline,Automatic,3,0,4,2700,2930
LA-24142,Toyota,Mainstream,4,45000,2.5,187,Gasoline,Automatic,3,1,3,17700,16770
LA-24143,Ford,Mainstream,11,95000,3.0,213,Hybrid,Automatic,3,0,3,3600,6540
LA-24144,Lexus,Luxury,3,38800,1.5,144,Gasoline,Automatic,1,0,4,33100,26930
LA-24145,Honda,Mainstream,2,33200,3.5,215,Gasoline,Automatic,1,1,4,23100,28700
LA-24146,Toyota,Mainstream,10,162600,1.8,120,Gasoline,Automatic,1,0,3,1900,4670
LA-24147,Ford,Mainstream,12,162700,2.0,135,Gasoline,Automatic,4,0,3,2900,3620
LA-24148,Toyota,Mainstream,12,22900,3.5,244,Gasoline,Automatic,5,0,3,3600,8660
LA-24149,Honda,Mainstream,7,103700,1.8,135,Gasoline,Automatic,4,1,3,8800,7130
LA-24150,Audi,Luxury,7,33400,3.0,207,Gasoline,Automatic,2,0,4,17000,15180
LA-24151,Ford,Mainstream,1,23400,5.0,332,Hybrid,Automatic,1,0,4,27200,42520
LA-24152,Kia,Economy,2,31800,3.0,201,Gasoline,Automatic,1,0,5,20200,26410
LA-24153,Honda,Mainstream,4,55000,3.5,244,Gasoline,Manual,3,0,4,19300,18970
LA-24154,Nissan,Economy,14,220100,5.0,337,Hybrid,Manual,5,0,3,800,2800
LA-24155,Toyota,Mainstream,13,148800,1.8,157,Gasoline,Automatic,4,0,3,3600,3990
LA-24156,BMW,Luxury,13,147100,3.0,214,Gasoline,Automatic,5,1,3,3900,3180
LA-24157,Chevrolet,Mainstream,7,79600,1.5,121,Gasoline,Automatic,1,0,2,10700,9040
LA-24158,Honda,Mainstream,8,101900,1.8,121,Gasoline,Automatic,2,0,3,8200,7400
LA-24159,BMW,Luxury,11,140100,1.5,116,Gasoline,Automatic,2,1,2,3200,3400
LA-24160,Hyundai,Economy,9,116300,3.0,194,Gasoline,Automatic,1,0,4,4600,6500
LA-24161,Chevrolet,Mainstream,7,1600,1.8,143,Hybrid,Automatic,2,0,4,11500,13450
LA-24162,Honda,Mainstream,6,75500,2.0,168,Gasoline,Automatic,2,0,4,14100,13100
LA-24163,BMW,Luxury,1,14700,1.5,125,Gasoline,Automatic,1,0,3,40800,42700
LA-24164,Ford,Mainstream,4,88900,2.5,181,Gasoline,Automatic,1,0,4,18000,14340
LA-24165,Toyota,Mainstream,9,129400,2.5,165,Gasoline,Automatic,4,0,3,4800,6380
LA-24166,Lexus,Luxury,3,53200,2.5,172,Gasoline,Manual,2,0,3,32200,25180
LA-24167,Toyota,Mainstream,4,59100,2.5,186,Gasoline,Automatic,1,1,4,17700,16850
LA-24168,Toyota,Mainstream,12,183000,1.5,121,Gasoline,Manual,2,1,3,800,3180
LA-24169,Chevrolet,Mainstream,2,26100,2.0,128,Gasoline,Automatic,1,0,4,24900,22340
LA-24170,Honda,Mainstream,10,149900,3.0,196,Hybrid,Automatic,1,1,3,900,5600
LA-24171,Ford,Mainstream,10,153800,3.0,171,Hybrid,Manual,5,0,3,2200,4530
LA-24172,Hyundai,Economy,10,131700,2.5,181,Gasoline,Automatic,5,0,3,2400,4770
LA-24173,Lexus,Luxury,9,134600,3.5,246,Hybrid,Automatic,3,0,3,7500,6710
LA-24174,Audi,Luxury,13,213000,2.5,158,Hybrid,Automatic,5,0,3,3100,2620
LA-24175,Toyota,Mainstream,4,54300,3.0,211,Gasoline,Automatic,2,0,3,18900,18930
LA-24176,Mercedes,Luxury,8,66300,2.0,132,Hybrid,Automatic,4,0,4,13000,10650
LA-24177,Honda,Mainstream,1,23100,2.0,133,Gasoline,Automatic,4,0,4,27300,30330
LA-24178,Mercedes,Luxury,5,87100,1.5,134,Gasoline,Automatic,1,1,3,22200,12530
LA-24179,Ford,Mainstream,12,99600,2.0,154,Gasoline,Automatic,3,0,3,3600,4990
LA-24180,Nissan,Economy,13,209500,1.5,95,Gasoline,Automatic,2,1,2,800,2240
LA-24181,Nissan,Economy,10,136300,2.0,135,Gasoline,Automatic,3,0,4,2600,4630
LA-24182,Mercedes,Luxury,14,200000,1.8,140,Gasoline,Automatic,2,0,2,3700,2470
LA-24183,Lexus,Luxury,2,32500,1.5,131,Gasoline,Automatic,1,0,5,37400,34250
LA-24184,Ford,Mainstream,3,29900,2.0,137,Gasoline,Automatic,1,0,4,22300,21190
LA-24185,Kia,Economy,11,148500,2.5,177,Hybrid,Automatic,5,1,2,800,3420
LA-24186,Nissan,Economy,10,161100,5.0,336,Gasoline,Automatic,1,1,2,800,4420
LA-24187,Toyota,Mainstream,6,106500,5.0,322,Gasoline,Automatic,4,1,3,10900,10690
LA-24188,Nissan,Economy,7,106700,2.5,162,Hybrid,Automatic,5,0,3,8000,7170
LA-24189,Ford,Mainstream,11,99600,2.5,175,Gasoline,Automatic,4,0,2,3200,5520
LA-24190,Honda,Mainstream,11,144100,3.0,190,Hybrid,Automatic,3,0,3,3100,5800
LA-24191,Hyundai,Economy,13,149900,2.5,200,Gasoline,Automatic,3,0,4,3300,3560
LA-24192,Chevrolet,Mainstream,1,14600,1.5,116,Gasoline,Automatic,1,0,3,27200,26610
LA-24193,Hyundai,Economy,3,54100,2.0,126,Gasoline,Automatic,2,0,4,17200,15920
LA-24194,Kia,Economy,5,38400,2.5,157,Hybrid,Automatic,3,0,4,13600,13150
LA-24195,Hyundai,Economy,7,99000,2.0,150,Hybrid,Automatic,5,0,4,8700,7980
LA-24196,Audi,Luxury,2,28400,2.5,183,Gasoline,Automatic,3,0,5,37500,37340
LA-24197,Honda,Mainstream,11,95800,5.0,311,Hybrid,Automatic,3,0,3,3600,8650
LA-24198,Ford,Mainstream,7,112700,0.0,298,Electric,Automatic,3,0,4,10400,9160
LA-24199,Ford,Mainstream,14,141400,1.5,117,Hybrid,Automatic,5,1,2,1700,3210
LA-24200,BMW,Luxury,13,166600,1.8,145,Gasoline,Automatic,4,1,2,3100,2790
LA-24201,Kia,Economy,10,33200,1.5,127,Gasoline,Automatic,4,0,2,2500,6220
LA-24202,Honda,Mainstream,12,200700,1.5,112,Gasoline,Automatic,4,0,3,1300,3260
LA-24203,BMW,Luxury,10,108900,3.0,172,Gasoline,Automatic,2,1,4,4300,5580
LA-24204,BMW,Luxury,2,28200,2.5,168,Gasoline,Manual,1,0,4,37100,37130
LA-24205,BMW,Luxury,14,246000,1.8,133,Gasoline,Automatic,3,0,2,1900,2170
LA-24206,Toyota,Mainstream,10,51100,2.5,166,Gasoline,Automatic,2,0,4,4000,10020
LA-24207,Honda,Mainstream,2,34700,5.0,337,Gasoline,Automatic,2,0,4,24600,36130
LA-24208,Audi,Luxury,9,146100,5.0,327,Gasoline,Automatic,2,1,3,5500,5900
LA-24209,Mercedes,Luxury,9,50200,2.0,124,Gasoline,Automatic,1,1,3,7100,7870
LA-24210,Honda,Mainstream,6,79800,2.0,111,Gasoline,Manual,3,0,2,13100,8670
LA-24211,Hyundai,Economy,10,112000,2.0,129,Gasoline,Automatic,3,0,3,2900,4750
LA-24212,Honda,Mainstream,12,106800,2.0,131,Gasoline,Automatic,4,1,3,2100,4380
LA-24213,Chevrolet,Mainstream,6,45800,0.0,238,Electric,Manual,3,0,5,14600,12450
LA-24214,Toyota,Mainstream,7,104800,3.0,214,Gasoline,Manual,1,0,4,10700,10680
LA-24215,Ford,Mainstream,9,151000,3.0,220,Gasoline,Automatic,2,0,4,4400,6610
LA-24216,Ford,Mainstream,9,73800,2.5,160,Gasoline,Automatic,2,1,2,3800,6900
LA-24217,Audi,Luxury,7,67300,2.0,158,Gasoline,Automatic,3,0,3,16600,10640
LA-24218,Kia,Economy,8,123300,3.0,204,Gasoline,Automatic,1,0,3,5600,6480
LA-24219,Honda,Mainstream,1,27300,1.5,96,Gasoline,Automatic,1,0,4,27100,27370
LA-24220,Chevrolet,Mainstream,6,34100,1.5,124,Hybrid,Manual,2,0,4,14200,12850
LA-24221,Hyundai,Economy,6,48000,2.0,156,Gasoline,Automatic,4,0,4,11400,10730
LA-24222,Kia,Economy,4,38100,2.5,193,Gasoline,Automatic,1,0,4,15800,16890
LA-24223,Hyundai,Economy,1,14300,3.5,222,Gasoline,Automatic,1,0,3,21700,29690
LA-24224,Chevrolet,Mainstream,11,179500,2.5,156,Gasoline,Automatic,4,0,3,1700,3490
LA-24225,Ford,Mainstream,11,101000,2.0,161,Hybrid,Automatic,2,0,4,4000,6270
LA-24226,Hyundai,Economy,11,221600,1.5,97,Gasoline,Automatic,3,1,3,800,2350
LA-24227,Lexus,Luxury,13,184500,1.8,132,Hybrid,Automatic,2,0,3,4300,3050
LA-24228,Hyundai,Economy,13,207400,1.8,156,Gasoline,Automatic,3,0,3,800,2610
LA-24229,Audi,Luxury,3,41100,5.0,322,Gasoline,Automatic,1,0,4,33000,34470
LA-24230,Toyota,Mainstream,11,97500,3.5,231,Gasoline,Automatic,5,0,4,4000,6860
LA-24231,Honda,Mainstream,13,95500,2.5,172,Gasoline,Automatic,4,1,2,1700,4190
LA-24232,Mercedes,Luxury,9,140500,3.5,244,Gasoline,Automatic,3,1,3,5800,6150
LA-24233,Hyundai,Economy,4,69200,3.5,257,Gasoline,Automatic,2,0,5,15300,16410
LA-24234,Chevrolet,Mainstream,6,93800,0.0,290,Electric,Automatic,3,0,3,12900,11520
LA-24235,Ford,Mainstream,1,14100,2.0,143,Gasoline,Automatic,1,0,4,27600,30540
LA-24236,Ford,Mainstream,12,155900,3.5,245,Hybrid,Manual,4,0,3,3100,4520
LA-24237,Nissan,Economy,5,67800,2.0,153,Gasoline,Automatic,1,0,4,13300,12030
LA-24238,Ford,Mainstream,1,11800,1.5,116,Gasoline,Manual,2,0,4,27700,24700
LA-24239,Chevrolet,Mainstream,7,92800,2.0,140,Gasoline,Automatic,3,0,3,10700,7550
LA-24240,BMW,Luxury,9,115400,3.0,219,Gasoline,Automatic,1,0,3,8300,8000
LA-24241,Lexus,Luxury,12,73000,2.5,176,Gasoline,Automatic,2,0,3,5400,5900
LA-24242,Lexus,Luxury,3,8000,2.5,165,Gasoline,Manual,1,0,4,33200,29740
LA-24243,Chevrolet,Mainstream,9,104900,3.5,231,Hybrid,Automatic,1,0,3,5700,8840
LA-24244,Toyota,Mainstream,7,37400,1.5,100,Gasoline,Automatic,2,1,3,9600,9810
LA-24245,Toyota,Mainstream,2,9400,1.5,92,Gasoline,Manual,1,1,3,23100,18300
LA-24246,Hyundai,Economy,10,58700,2.0,135,Gasoline,Automatic,2,1,3,1400,6000
LA-24247,Toyota,Mainstream,3,45800,2.0,141,Gasoline,Manual,2,0,4,21900,18770
LA-24248,Toyota,Mainstream,4,48000,2.0,153,Gasoline,Automatic,2,0,3,19200,17130
LA-24249,Honda,Mainstream,11,141400,1.8,114,Gasoline,Manual,4,0,2,2800,4090
LA-24250,Lexus,Luxury,10,183200,3.5,256,Gasoline,Automatic,4,0,3,2900,4530
LA-24251,Honda,Mainstream,7,103300,3.5,195,Gasoline,Manual,3,0,3,10300,9220
LA-24252,Toyota,Mainstream,9,156500,2.0,131,Hybrid,Automatic,2,0,3,3800,5870
LA-24253,Audi,Luxury,9,121000,0.0,265,Electric,Automatic,3,0,3,8000,5790
LA-24254,Kia,Economy,13,209500,2.0,160,Gasoline,Manual,4,0,2,800,2410
LA-24255,Nissan,Economy,3,54200,1.5,95,Gasoline,Automatic,1,0,5,17600,14410
LA-24256,Ford,Mainstream,1,29200,2.5,182,Gasoline,Automatic,1,0,4,27000,33870
LA-24257,Audi,Luxury,9,104900,2.0,180,Gasoline,Automatic,3,0,4,9000,7050
LA-24258,Lexus,Luxury,5,43000,3.5,241,Hybrid,Manual,1,1,3,23300,18480
LA-24259,Hyundai,Economy,5,65600,0.0,194,Electric,Automatic,2,0,4,13400,11510
LA-24260,Lexus,Luxury,10,175500,2.5,170,Gasoline,Automatic,4,0,3,3200,4270
LA-24261,Hyundai,Economy,1,20100,0.0,309,Electric,Automatic,1,1,3,20000,31750
LA-24262,Chevrolet,Mainstream,7,96100,2.5,156,Gasoline,Automatic,4,1,3,9100,6990
LA-24263,BMW,Luxury,6,81800,2.5,165,Gasoline,Automatic,2,1,3,18800,11970
LA-24264,Kia,Economy,12,215700,1.8,129,Gasoline,Automatic,5,0,4,800,2800
LA-24265,Honda,Mainstream,9,118500,1.5,102,Gasoline,Automatic,3,0,3,5300,5670
LA-24266,Hyundai,Economy,14,212800,1.8,138,Gasoline,Automatic,2,1,3,800,2280
LA-24267,Toyota,Mainstream,9,140900,1.8,141,Gasoline,Automatic,2,0,4,4800,6150
LA-24268,Mercedes,Luxury,1,16400,3.0,216,Gasoline,Automatic,1,0,4,41200,55520
LA-24269,Hyundai,Economy,5,47300,1.8,159,Gasoline,Automatic,2,0,4,13600,12460
LA-24270,Toyota,Mainstream,7,148500,2.0,151,Hybrid,Automatic,3,0,3,8500,7560
LA-24271,Audi,Luxury,7,74100,3.5,236,Gasoline,Automatic,3,1,3,15200,11620
LA-24272,Lexus,Luxury,1,16600,2.5,168,Gasoline,Automatic,3,0,5,41600,50340
LA-24273,Nissan,Economy,5,55400,3.0,205,Gasoline,Automatic,1,0,4,13600,14060
LA-24274,Chevrolet,Mainstream,3,42500,1.5,105,Hybrid,Automatic,2,0,4,22000,18250
LA-24275,Kia,Economy,7,97100,2.0,158,Gasoline,Automatic,2,1,4,7300,6680
LA-24276,Toyota,Mainstream,6,68300,1.5,146,Gasoline,Automatic,3,1,2,11900,9370
LA-24277,Toyota,Mainstream,12,168900,2.5,173,Gasoline,Manual,3,1,3,1100,3690
LA-24278,Ford,Mainstream,9,165700,5.0,347,Gasoline,Automatic,3,0,4,3800,6740
LA-24279,Chevrolet,Mainstream,9,100000,1.5,117,Gasoline,Automatic,1,0,3,5700,6400
LA-24280,BMW,Luxury,10,123900,2.5,162,Gasoline,Automatic,3,0,2,4800,5210
LA-24281,Honda,Mainstream,7,126300,2.5,192,Gasoline,Manual,2,0,3,9400,8570
LA-24282,Toyota,Mainstream,5,44000,1.5,115,Gasoline,Automatic,3,1,4,15400,12680
LA-24283,Nissan,Economy,3,28000,3.5,234,Gasoline,Automatic,1,0,5,18300,24100
LA-24284,Audi,Luxury,6,64700,3.5,232,Gasoline,Automatic,3,0,4,21100,14590
LA-24285,Mercedes,Luxury,4,47400,1.8,114,Hybrid,Automatic,1,0,4,29200,22250
LA-24286,BMW,Luxury,6,92900,2.0,147,Gasoline,Automatic,4,1,3,18400,9440
LA-24287,Lexus,Luxury,11,70700,2.5,187,Gasoline,Automatic,2,0,3,5400,6080
LA-24288,Hyundai,Economy,13,126600,0.0,315,Electric,Automatic,4,1,3,1400,3010
LA-24289,BMW,Luxury,5,46700,2.5,157,Gasoline,Automatic,3,0,5,25600,20010
LA-24290,Chevrolet,Mainstream,5,37500,1.5,94,Gasoline,Automatic,2,0,3,16500,12440
LA-24291,Ford,Mainstream,10,78100,0.0,225,Electric,Automatic,2,1,2,1700,5340
LA-24292,Audi,Luxury,13,199000,3.5,232,Gasoline,Automatic,2,0,3,3700,3010
LA-24293,Chevrolet,Mainstream,3,40300,5.0,326,Gasoline,Automatic,3,0,4,22100,26020
LA-24294,BMW,Luxury,7,92400,3.0,222,Hybrid,Automatic,2,0,4,16700,12480
LA-24295,Hyundai,Economy,2,36100,0.0,233,Electric,Automatic,1,0,5,20000,25980
LA-24296,Toyota,Mainstream,5,79300,1.8,141,Gasoline,Manual,2,0,3,15700,11240
LA-24297,Toyota,Mainstream,12,165600,1.5,93,Gasoline,Automatic,2,0,3,2700,3660
LA-24298,Hyundai,Economy,6,116800,2.0,150,Gasoline,Automatic,2,0,4,9600,8220
LA-24299,Nissan,Economy,10,153200,2.5,193,Hybrid,Automatic,4,0,4,2000,4750
LA-24300,BMW,Luxury,7,18700,1.8,148,Gasoline,Automatic,1,0,4,17000,15060
LA-24301,Ford,Mainstream,3,42000,2.0,121,Gasoline,Automatic,3,0,3,21700,15820
LA-24302,Toyota,Mainstream,8,129700,1.5,127,Gasoline,Automatic,2,0,2,6700,6090
LA-24303,Hyundai,Economy,13,183700,1.5,115,Gasoline,Automatic,1,0,3,1800,2860
LA-24304,Honda,Mainstream,12,122300,0.0,231,Electric,Automatic,3,0,4,4000,4630
LA-24305,Ford,Mainstream,12,105800,2.5,180,Gasoline,Manual,2,0,3,3600,5330
LA-24306,Hyundai,Economy,3,39100,2.0,152,Hybrid,Automatic,1,0,3,17400,17680
LA-24307,Chevrolet,Mainstream,8,118300,1.5,128,Gasoline,Automatic,2,0,3,7500,6910
LA-24308,Chevrolet,Mainstream,1,17200,3.0,215,Gasoline,Manual,2,0,3,27100,29970
LA-24309,Toyota,Mainstream,6,39400,2.5,157,Hybrid,Automatic,2,0,3,13800,15110
LA-24310,Honda,Mainstream,9,124100,0.0,263,Electric,Automatic,3,0,4,5500,7030
LA-24311,Mercedes,Luxury,4,63000,0.0,334,Electric,Automatic,4,0,2,27800,20930
LA-24312,Hyundai,Economy,14,214400,3.0,179,Gasoline,Automatic,2,0,3,1000,2480
LA-24313,Audi,Luxury,5,112000,1.5,121,Gasoline,Automatic,2,0,5,23500,11950
LA-24314,Mercedes,Luxury,9,80700,0.0,259,Electric,Automatic,2,0,2,8200,8180
LA-24315,Honda,Mainstream,10,84700,1.8,134,Gasoline,Automatic,2,0,4,4000,7420
LA-24316,Chevrolet,Mainstream,5,85900,0.0,227,Electric,Automatic,1,0,3,15500,12610
LA-24317,Hyundai,Economy,3,57000,2.5,178,Gasoline,Automatic,1,0,3,16700,16820
LA-24318,Toyota,Mainstream,1,14400,1.8,131,Gasoline,Automatic,1,0,5,28000,31970
LA-24319,Toyota,Mainstream,11,136900,0.0,247,Electric,Automatic,1,0,2,3000,4820
LA-24320,Mercedes,Luxury,4,54200,3.0,236,Gasoline,Automatic,2,0,4,29000,24910
LA-24321,Mercedes,Luxury,14,197100,1.8,127,Gasoline,Automatic,3,0,3,4200,2480
LA-24322,Ford,Mainstream,7,119000,3.5,273,Gasoline,Automatic,4,1,3,8200,7930
LA-24323,Nissan,Economy,11,229100,5.0,314,Gasoline,Automatic,4,0,4,800,3600
LA-24324,Hyundai,Economy,3,35300,2.5,159,Gasoline,Automatic,1,1,4,16400,15900
LA-24325,BMW,Luxury,2,21600,2.0,163,Gasoline,Automatic,1,0,5,37700,43210
LA-24326,Ford,Mainstream,14,94100,1.5,104,Gasoline,Automatic,2,0,2,3200,3900
LA-24327,Chevrolet,Mainstream,4,65800,2.5,200,Gasoline,Automatic,1,0,3,18500,16370
LA-24328,Audi,Luxury,1,6600,5.0,324,Gasoline,Automatic,2,0,4,41400,61090
LA-24329,Mercedes,Luxury,2,28500,2.0,145,Gasoline,Automatic,1,0,4,37100,39250
LA-24330,Ford,Mainstream,13,180700,1.8,128,Gasoline,Automatic,3,0,2,2200,3040
LA-24331,Audi,Luxury,9,153300,1.5,141,Gasoline,Automatic,2,0,3,6700,5590
LA-24332,Chevrolet,Mainstream,9,106500,2.5,196,Hybrid,Automatic,1,0,3,5700,8270
LA-24333,Nissan,Economy,4,42000,1.5,118,Gasoline,Automatic,1,0,4,15800,14140
LA-24334,Nissan,Economy,12,117900,0.0,245,Electric,Manual,4,0,3,2900,3510
LA-24335,Chevrolet,Mainstream,5,79300,1.5,77,Hybrid,Automatic,3,0,3,15700,9290
LA-24336,Mercedes,Luxury,1,13900,3.5,242,Hybrid,Manual,1,0,4,41300,61700
LA-24337,Chevrolet,Mainstream,1,14900,2.5,163,Gasoline,Automatic,1,0,3,27200,26440
LA-24338,Lexus,Luxury,11,163300,3.0,209,Hybrid,Automatic,3,0,2,3700,4400
LA-24339,Audi,Luxury,9,155400,2.0,169,Gasoline,Automatic,1,0,3,6700,5660
LA-24340,Audi,Luxury,3,53300,2.5,199,Gasoline,Automatic,1,0,4,32600,29790
LA-24341,Audi,Luxury,10,68500,2.0,138,Gasoline,Automatic,3,0,3,5400,6520
LA-24342,Honda,Mainstream,11,95400,2.0,152,Hybrid,Automatic,1,0,3,3600,6720
LA-24343,Kia,Economy,8,109800,1.5,105,Gasoline,Automatic,3,0,3,6200,5370
LA-24344,BMW,Luxury,9,132500,2.5,160,Hybrid,Manual,4,0,3,7600,6120
LA-24345,Hyundai,Economy,2,27800,2.0,130,Hybrid,Manual,1,0,4,19900,21340
LA-24346,Hyundai,Economy,12,201800,2.0,158,Hybrid,Automatic,1,0,3,800,3090
LA-24347,Honda,Mainstream,10,180000,3.5,229,Gasoline,Manual,5,0,3,1200,4420
LA-24348,Honda,Mainstream,2,24400,0.0,290,Electric,Automatic,1,0,3,24600,32280
LA-24349,BMW,Luxury,13,171400,2.0,152,Gasoline,Automatic,2,1,1,2500,2630
LA-24350,Honda,Mainstream,14,233700,2.0,162,Gasoline,Automatic,1,1,2,800,2480
LA-24351,Nissan,Economy,13,203300,2.0,162,Hybrid,Automatic,2,0,2,800,2980
LA-24352,Toyota,Mainstream,6,54100,2.0,136,Gasoline,Automatic,3,1,3,12300,11160
LA-24353,Chevrolet,Mainstream,14,104800,2.0,169,Gasoline,Automatic,5,0,3,3600,3870
LA-24354,Toyota,Mainstream,9,51700,1.5,92,Gasoline,Automatic,4,0,3,5700,7300
LA-24355,Nissan,Economy,13,158600,1.5,108,Gasoline,Automatic,2,0,2,2400,2990
LA-24356,Ford,Mainstream,13,129400,2.5,165,Hybrid,Automatic,3,0,2,3200,4450
LA-24357,Chevrolet,Mainstream,10,97300,2.0,137,Gasoline,Automatic,3,0,3,3600,5860
LA-24358,Ford,Mainstream,1,14300,2.0,137,Gasoline,Automatic,1,0,4,27600,31770
LA-24359,Hyundai,Economy,3,38200,2.5,183,Gasoline,Automatic,1,0,3,17400,17990
LA-24360,Kia,Economy,11,77600,0.0,260,Electric,Automatic,2,0,3,2900,5310
LA-24361,Honda,Mainstream,14,115200,3.5,224,Gasoline,Automatic,4,1,1,1300,3700
LA-24362,BMW,Luxury,2,25800,1.5,154,Gasoline,Automatic,2,0,4,37200,35020
LA-24363,BMW,Luxury,4,59700,2.5,187,Gasoline,Automatic,3,0,4,28700,20670
LA-24364,Lexus,Luxury,2,28600,1.5,130,Gasoline,Automatic,2,0,4,37100,31430
LA-24365,Ford,Mainstream,6,88100,3.5,227,Hybrid,Automatic,4,0,5,14000,12900
LA-24366,Mercedes,Luxury,10,120300,5.0,329,Gasoline,Automatic,2,0,3,5400,7200
LA-24367,Toyota,Mainstream,14,151900,2.0,146,Gasoline,Automatic,3,0,3,3600,3640
LA-24368,Lexus,Luxury,4,43100,0.0,247,Electric,Automatic,2,0,4,29200,24930
LA-24369,Honda,Mainstream,14,124300,3.5,251,Gasoline,Manual,3,0,3,3600,4680
LA-24370,Ford,Mainstream,7,89500,5.0,344,Gasoline,Automatic,2,0,3,10900,11650
LA-24371,Toyota,Mainstream,5,86500,3.0,223,Gasoline,Automatic,3,0,4,15800,15700
LA-24372,Mercedes,Luxury,11,164500,1.8,128,Gasoline,Automatic,3,0,2,3700,3710
LA-24373,Chevrolet,Mainstream,14,206100,1.8,145,Gasoline,Automatic,4,0,1,1300,2530
LA-24374,Lexus,Luxury,5,71600,0.0,231,Electric,Automatic,3,1,2,22400,12050
LA-24375,Honda,Mainstream,3,43100,0.0,281,Electric,Automatic,1,0,4,22000,26270
LA-24376,Audi,Luxury,6,77900,1.5,104,Gasoline,Automatic,1,0,3,20500,11210
LA-24377,Ford,Mainstream,4,36500,2.0,167,Gasoline,Automatic,1,0,4,19600,18070
LA-24378,Honda,Mainstream,3,28800,2.0,159,Gasoline,Automatic,2,0,4,22300,22450
LA-24379,Kia,Economy,1,10800,2.0,143,Gasoline,Automatic,1,0,5,22600,28310
LA-24380,Toyota,Mainstream,4,68000,2.0,159,Gasoline,Automatic,1,0,5,19200,18220
LA-24381,Hyundai,Economy,10,104600,2.0,151,Gasoline,Automatic,5,0,3,2900,4810
LA-24382,Chevrolet,Mainstream,12,173300,2.0,129,Hybrid,Automatic,3,0,4,2800,3790
LA-24383,Toyota,Mainstream,2,12800,2.5,156,Gasoline,Automatic,1,0,4,25000,28220
LA-24384,Chevrolet,Mainstream,2,22300,1.5,108,Gasoline,Automatic,1,0,4,25000,22020
LA-24385,Ford,Mainstream,8,73700,2.0,127,Gasoline,Automatic,1,0,3,8400,8320
LA-24386,Honda,Mainstream,12,173500,2.5,185,Hybrid,Automatic,4,0,3,2400,4340
LA-24387,Audi,Luxury,7,137700,2.5,207,Gasoline,Automatic,3,1,2,12600,6850
LA-24388,Kia,Economy,10,75500,3.0,202,Gasoline,Automatic,2,0,3,2900,6830
LA-24389,Honda,Mainstream,5,70500,2.0,138,Gasoline,Automatic,1,1,3,14600,12870
LA-24390,BMW,Luxury,2,22300,2.0,128,Gasoline,Automatic,1,0,3,36900,30700
LA-24391,Ford,Mainstream,11,163000,1.5,129,Gasoline,Manual,3,0,3,2400,3780
LA-24392,Kia,Economy,12,217400,2.0,125,Hybrid,Automatic,2,0,2,800,2720
LA-24393,Ford,Mainstream,9,95900,2.5,172,Gasoline,Manual,4,0,3,5700,6920
LA-24394,Kia,Economy,12,186600,3.0,224,Gasoline,Automatic,1,0,3,1200,3550
LA-24395,Nissan,Economy,5,62700,2.0,145,Gasoline,Automatic,2,0,4,13500,12780
LA-24396,Ford,Mainstream,9,87700,2.0,128,Gasoline,Automatic,1,0,3,5700,7250
LA-24397,Mercedes,Luxury,3,40600,1.5,118,Gasoline,Automatic,1,0,5,33500,26140
LA-24398,Kia,Economy,6,94600,1.5,110,Gasoline,Automatic,1,0,3,10100,8220
LA-24399,Kia,Economy,12,166500,1.5,118,Gasoline,Automatic,4,1,2,800,2670
LA-24400,Honda,Mainstream,6,72200,1.8,127,Gasoline,Automatic,2,0,4,14200,11840
LA-24401,Honda,Mainstream,10,119500,1.5,106,Gasoline,Automatic,3,1,3,2100,4580
LA-24402,Chevrolet,Mainstream,14,144000,2.0,156,Hybrid,Manual,5,0,3,3600,3460
LA-24403,Toyota,Mainstream,14,200400,1.8,120,Hybrid,Automatic,4,0,4,2700,3120
LA-24404,Toyota,Mainstream,8,165600,1.5,118,Hybrid,Automatic,4,0,3,5600,5660
LA-24405,Nissan,Economy,3,36900,1.8,122,Gasoline,Automatic,1,1,4,16400,14470
LA-24406,Ford,Mainstream,3,28200,2.0,151,Gasoline,Automatic,1,0,3,21900,21500
LA-24407,Nissan,Economy,14,189200,2.0,152,Gasoline,Automatic,4,0,2,1600,2490
LA-24408,Toyota,Mainstream,13,178300,3.0,206,Gasoline,Manual,2,0,3,2700,3910
LA-24409,BMW,Luxury,14,224700,1.8,137,Gasoline,Automatic,5,0,2,2700,2260
LA-24410,Honda,Mainstream,3,23300,1.5,113,Gasoline,Automatic,1,1,4,20800,17870
LA-24411,Mercedes,Luxury,13,169000,2.5,175,Gasoline,Automatic,5,0,2,4500,3010
LA-24412,Audi,Luxury,9,88300,3.5,227,Gasoline,Manual,2,0,3,8600,8260
LA-24413,Nissan,Economy,6,108900,1.8,134,Gasoline,Automatic,2,0,4,10000,8580
LA-24414,Chevrolet,Mainstream,8,122700,1.8,154,Gasoline,Automatic,2,0,3,7300,7090
LA-24415,Toyota,Mainstream,11,125900,2.5,173,Gasoline,Manual,2,0,4,4000,5480
LA-24416,BMW,Luxury,10,84100,1.5,92,Hybrid,Automatic,4,0,3,5400,5880
LA-24417,Hyundai,Economy,7,136100,2.0,163,Gasoline,Automatic,2,0,3,6800,6460
LA-24418,Toyota,Mainstream,3,37700,3.5,216,Gasoline,Automatic,1,0,4,22200,24130
LA-24419,Hyundai,Economy,12,184700,2.5,181,Gasoline,Automatic,5,0,2,900,2890
LA-24420,Toyota,Mainstream,5,30100,1.8,104,Gasoline,Automatic,2,0,3,16500,14320
LA-24421,Chevrolet,Mainstream,4,53300,1.8,137,Gasoline,Automatic,3,0,4,19400,15210
LA-24422,Kia,Economy,2,32500,2.0,184,Gasoline,Automatic,1,0,3,19300,24020
LA-24423,BMW,Luxury,11,50100,2.5,182,Gasoline,Automatic,5,0,3,5400,6870
LA-24424,Ford,Mainstream,10,135900,1.5,129,Gasoline,Manual,4,1,2,1100,4090
LA-24425,Honda,Mainstream,3,55300,2.5,175,Hybrid,Automatic,1,0,5,21900,24410
LA-24426,Ford,Mainstream,11,82300,1.8,136,Gasoline,Automatic,1,0,3,3600,6290
LA-24427,Toyota,Mainstream,5,60900,1.5,111,Gasoline,Automatic,3,0,4,16900,13970
LA-24428,Audi,Luxury,10,108100,3.5,255,Gasoline,Automatic,3,1,3,3900,5840
LA-24429,Audi,Luxury,6,63100,0.0,243,Electric,Automatic,4,0,5,21500,14150
LA-24430,Kia,Economy,9,87100,2.0,148,Gasoline,Automatic,1,0,3,4600,6360
LA-24431,Toyota,Mainstream,3,27600,2.0,135,Gasoline,Automatic,1,0,4,22300,22160
LA-24432,Toyota,Mainstream,3,34800,5.0,309,Gasoline,Manual,2,0,5,22700,27640
LA-24433,Audi,Luxury,4,55900,2.5,180,Gasoline,Automatic,1,0,2,28100,18390
LA-24434,Toyota,Mainstream,7,91300,1.8,139,Gasoline,Automatic,4,0,4,11200,9970
LA-24435,Honda,Mainstream,11,84100,1.5,93,Gasoline,Automatic,5,0,3,3600,5020
LA-24436,BMW,Luxury,7,72000,2.0,146,Gasoline,Automatic,2,0,3,16600,10610
LA-24437,Ford,Mainstream,10,127800,2.5,161,Hybrid,Automatic,1,0,2,2900,5650
LA-24438,Chevrolet,Mainstream,7,117800,2.5,152,Gasoline,Automatic,1,0,4,10100,7980
LA-24439,Chevrolet,Mainstream,12,200400,2.5,147,Hybrid,Manual,5,0,3,1300,3040
LA-24440,Nissan,Economy,1,13500,2.5,174,Gasoline,Automatic,1,0,5,22600,33680
LA-24441,Chevrolet,Mainstream,13,165800,3.0,221,Gasoline,Automatic,2,0,3,3200,3940
LA-24442,Mercedes,Luxury,3,20700,1.5,135,Hybrid,Automatic,1,0,4,33200,32250
LA-24443,Hyundai,Economy,4,48200,0.0,283,Electric,Automatic,3,0,3,15400,16500
LA-24444,Ford,Mainstream,11,65600,3.5,251,Hybrid,Automatic,4,1,3,2100,7290
LA-24445,Honda,Mainstream,11,129800,2.5,178,Hybrid,Automatic,4,0,2,3200,5170
LA-24446,BMW,Luxury,9,70700,1.5,107,Gasoline,Automatic,2,1,2,6700,6340
LA-24447,Honda,Mainstream,3,32000,2.5,186,Gasoline,Automatic,1,0,4,22300,24190
LA-24448,Kia,Economy,3,45500,1.8,124,Gasoline,Automatic,2,0,4,17500,17040
LA-24449,Kia,Economy,10,127200,1.5,109,Gasoline,Automatic,3,0,2,2200,3860
LA-24450,Lexus,Luxury,10,163600,2.0,146,Gasoline,Manual,2,1,3,2200,3860
LA-24451,Toyota,Mainstream,1,18900,1.8,133,Hybrid,Manual,1,1,3,25500,25680
LA-24452,Honda,Mainstream,5,59100,3.5,229,Gasoline,Automatic,1,0,4,16900,18150
LA-24453,Nissan,Economy,1,20000,1.5,108,Gasoline,Automatic,1,0,4,21900,26810
LA-24454,Ford,Mainstream,12,76200,2.0,144,Gasoline,Automatic,3,0,2,3200,5730
LA-24455,Toyota,Mainstream,12,224200,1.5,130,Gasoline,Automatic,4,0,3,800,2990
LA-24456,Audi,Luxury,2,11300,0.0,242,Electric,Automatic,1,0,3,36900,40240
LA-24457,Nissan,Economy,11,160900,1.5,105,Gasoline,Automatic,2,0,2,1300,3350
LA-24458,Honda,Mainstream,2,30400,1.5,125,Gasoline,Automatic,1,1,4,23200,21680
LA-24459,Toyota,Mainstream,5,49900,0.0,281,Electric,Automatic,1,0,4,16900,19450
LA-24460,Mercedes,Luxury,11,117600,1.8,121,Gasoline,Automatic,2,1,2,3500,4010
LA-24461,Hyundai,Economy,11,77300,3.5,246,Gasoline,Automatic,3,0,3,2900,5860
LA-24462,Audi,Luxury,13,164000,1.8,116,Gasoline,Automatic,2,0,3,5100,2900
LA-24463,Hyundai,Economy,5,75000,2.0,148,Hybrid,Automatic,1,0,3,12600,12280
LA-24464,Honda,Mainstream,8,82600,1.8,152,Gasoline,Automatic,1,0,4,8800,9630
LA-24465,Toyota,Mainstream,8,115400,3.5,212,Gasoline,Automatic,5,0,3,7600,8400
LA-24466,Chevrolet,Mainstream,5,74900,5.0,336,Hybrid,Automatic,2,0,3,15900,17550
LA-24467,Nissan,Economy,11,102600,0.0,212,Electric,Automatic,1,1,2,1000,3590
LA-24468,Toyota,Mainstream,7,105300,3.5,220,Gasoline,Automatic,2,0,3,10200,9960
LA-24469,Chevrolet,Mainstream,3,43400,2.0,151,Gasoline,Automatic,1,0,3,21600,18910
LA-24470,Chevrolet,Mainstream,6,76600,1.8,136,Gasoline,Manual,1,0,4,14000,10720
LA-24471,Nissan,Economy,6,93100,2.0,146,Gasoline,Automatic,2,0,3,10200,9250
LA-24472,Honda,Mainstream,13,174000,1.8,135,Gasoline,Automatic,4,0,4,3300,3600
LA-24473,Mercedes,Luxury,5,54300,1.5,105,Gasoline,Automatic,2,0,4,25200,17050
LA-24474,Ford,Mainstream,13,128600,1.5,110,Gasoline,Automatic,5,0,3,3600,3520
LA-24475,Mercedes,Luxury,10,133400,1.5,118,Gasoline,Automatic,4,1,3,3400,4280
LA-24476,Mercedes,Luxury,7,115100,0.0,236,Electric,Automatic,4,0,3,15400,9030
LA-24477,Audi,Luxury,4,56200,2.5,187,Hybrid,Automatic,1,1,3,27000,19790
LA-24478,Honda,Mainstream,14,149900,1.5,131,Gasoline,Automatic,2,1,2,1700,3180
LA-24479,Mercedes,Luxury,9,115500,2.5,185,Gasoline,Automatic,3,0,4,8700,7080
LA-24480,Honda,Mainstream,13,102800,0.0,262,Electric,Automatic,2,1,3,2100,4240
LA-24481,Chevrolet,Mainstream,11,186200,1.8,140,Gasoline,Automatic,4,0,3,1400,3600
LA-24482,Honda,Mainstream,7,117600,2.0,168,Gasoline,Automatic,1,0,3,9800,9070
LA-24483,Chevrolet,Mainstream,4,73700,3.5,223,Gasoline,Automatic,3,0,4,18600,15520
LA-24484,Toyota,Mainstream,7,109100,1.8,133,Gasoline,Automatic,2,0,2,9700,8540
LA-24485,Lexus,Luxury,6,66000,3.5,252,Gasoline,Automatic,1,0,4,21100,17560
LA-24486,Toyota,Mainstream,6,78000,3.0,228,Gasoline,Automatic,2,0,3,13600,13110
LA-24487,Hyundai,Economy,1,11600,2.0,164,Gasoline,Automatic,1,0,5,22600,32780
LA-24488,Mercedes,Luxury,8,115000,2.0,143,Gasoline,Automatic,2,1,3,10300,6780
LA-24489,Toyota,Mainstream,8,132700,1.8,133,Gasoline,Automatic,3,0,3,6900,6840
LA-24490,Kia,Economy,1,12800,1.8,149,Hybrid,Automatic,1,1,4,20700,26970
LA-24491,Hyundai,Economy,8,109300,1.5,132,Gasoline,Automatic,3,0,4,6600,6020
LA-24492,BMW,Luxury,6,82400,0.0,243,Electric,Manual,5,1,4,19200,10310
LA-24493,Nissan,Economy,10,133700,1.8,133,Gasoline,Automatic,2,0,3,2300,4400
LA-24494,Mercedes,Luxury,13,186500,3.0,222,Gasoline,Automatic,3,0,3,4200,3410
LA-24495,BMW,Luxury,8,75200,1.8,148,Gasoline,Automatic,2,0,3,12600,9380
LA-24496,Kia,Economy,13,202800,2.5,183,Gasoline,Automatic,5,1,2,800,2420
LA-24497,Ford,Mainstream,13,170000,0.0,274,Electric,Automatic,3,0,3,3000,3380
LA-24498,Toyota,Mainstream,3,38800,2.0,165,Gasoline,Automatic,1,0,5,22600,24190
LA-24499,Honda,Mainstream,12,147400,2.5,190,Gasoline,Automatic,4,1,2,1600,3890
LA-24500,Mercedes,Luxury,3,32900,2.5,154,Gasoline,Automatic,1,0,4,33200,30000
LA-24501,Honda,Mainstream,2,31600,2.0,128,Hybrid,Automatic,1,0,4,24700,26460
LA-24502,Audi,Luxury,3,43700,2.5,165,Hybrid,Automatic,2,0,3,32500,26150
LA-24503,Ford,Mainstream,9,66100,1.8,122,Hybrid,Automatic,2,0,3,5700,7930
LA-24504,Toyota,Mainstream,1,16800,2.5,156,Gasoline,Automatic,2,0,3,27100,30710
LA-24505,Ford,Mainstream,10,104000,2.0,154,Gasoline,Automatic,4,0,3,3600,5720
LA-24506,Ford,Mainstream,9,110400,2.0,138,Gasoline,Automatic,3,0,3,5600,6220
LA-24507,Toyota,Mainstream,7,77600,0.0,293,Electric,Automatic,1,0,4,11500,11790
LA-24508,Chevrolet,Mainstream,1,13700,3.5,240,Gasoline,Automatic,1,0,5,28000,40030
LA-24509,BMW,Luxury,4,58600,1.8,157,Gasoline,Automatic,2,0,3,28400,20330
LA-24510,Chevrolet,Mainstream,8,134600,1.8,124,Hybrid,Automatic,3,0,3,6900,5880
LA-24511,Hyundai,Economy,3,30700,1.8,118,Gasoline,Automatic,1,0,4,17900,17070
LA-24512,Lexus,Luxury,9,113400,1.5,110,Hybrid,Automatic,3,0,3,8300,6180
LA-24513,Honda,Mainstream,11,108400,1.5,91,Gasoline,Automatic,2,0,3,3600,4790
LA-24514,Hyundai,Economy,11,144500,1.5,88,Gasoline,Manual,4,1,3,900,3170
LA-24515,Lexus,Luxury,1,17100,2.5,165,Gasoline,Automatic,2,0,5,41500,50680
LA-24516,Hyundai,Economy,7,118700,1.8,151,Gasoline,Automatic,3,0,4,7900,7070
LA-24517,Kia,Economy,8,84700,2.0,167,Gasoline,Automatic,4,0,4,7100,7750
LA-24518,Hyundai,Economy,5,79500,3.5,241,Gasoline,Automatic,1,0,4,12800,14110
LA-24519,Toyota,Mainstream,14,132500,2.0,144,Hybrid,Automatic,5,0,4,4000,4190
LA-24520,Nissan,Economy,6,63200,0.0,214,Electric,Automatic,2,0,5,11800,11930
LA-24521,Audi,Luxury,11,136300,0.0,224,Electric,Automatic,4,0,2,4800,3930
LA-24522,Audi,Luxury,10,66900,2.0,149,Hybrid,Automatic,5,0,3,5400,6700
LA-24523,Kia,Economy,3,27700,1.8,147,Gasoline,Automatic,2,0,4,17900,18000
LA-24524,Ford,Mainstream,1,20300,3.0,227,Gasoline,Automatic,1,0,4,27400,35540
LA-24525,Nissan,Economy,12,118400,2.0,143,Gasoline,Automatic,1,1,3,1400,3730
LA-24526,Lexus,Luxury,4,33700,2.5,165,Gasoline,Manual,1,0,3,28800,21940
LA-24527,Lexus,Luxury,10,74100,1.5,101,Gasoline,Automatic,3,1,2,3500,4700
LA-24528,Ford,Mainstream,7,88400,1.8,114,Gasoline,Manual,1,0,3,10900,8140
LA-24529,Audi,Luxury,11,116800,3.5,241,Gasoline,Automatic,5,0,3,5400,5290
LA-24530,Nissan,Economy,8,106900,5.0,329,Gasoline,Automatic,1,0,3,6300,8820
LA-24531,Mercedes,Luxury,4,14300,2.0,141,Gasoline,Automatic,1,0,3,28800,22400
LA-24532,Honda,Mainstream,3,31900,3.5,244,Gasoline,Manual,1,0,4,22300,26220
LA-24533,Lexus,Luxury,14,133900,2.5,141,Gasoline,Automatic,5,0,4,5800,3190
LA-24534,BMW,Luxury,10,147200,0.0,268,Electric,Automatic,2,0,4,4700,5430
LA-24535,Honda,Mainstream,10,150800,3.0,210,Gasoline,Automatic,5,0,4,2800,5690
LA-24536,Hyundai,Economy,9,129400,0.0,216,Electric,Automatic,5,1,3,2200,3960
LA-24537,Toyota,Mainstream,4,24900,2.0,121,Hybrid,Automatic,2,0,3,19200,18680
LA-24538,Nissan,Economy,4,64200,0.0,268,Electric,Automatic,1,0,5,15500,16200
LA-24539,Kia,Economy,5,88800,1.8,132,Gasoline,Manual,3,0,3,12000,8730
LA-24540,Hyundai,Economy,14,126600,3.0,198,Gasoline,Automatic,3,0,4,3300,3540
LA-24541,Mercedes,Luxury,3,44100,2.0,177,Hybrid,Automatic,1,0,4,32900,32240
LA-24542,BMW,Luxury,7,101400,0.0,204,Electric,Automatic,3,0,3,16000,8590
LA-24543,Toyota,Mainstream,1,10900,2.5,153,Hybrid,Automatic,1,0,4,27700,38570
LA-24544,BMW,Luxury,2,31200,1.8,117,Gasoline,Automatic,1,0,5,37400,34070
LA-24545,Hyundai,Economy,2,23800,2.5,197,Gasoline,Manual,1,0,5,20500,24220
LA-24546,Honda,Mainstream,11,140100,0.0,185,Electric,Manual,4,0,3,3300,4270
LA-24547,Ford,Mainstream,3,33600,1.5,102,Gasoline,Automatic,1,0,3,21900,16410
LA-24548,Hyundai,Economy,3,40200,3.5,224,Gasoline,Automatic,1,0,5,18200,23120
LA-24549,Mercedes,Luxury,13,246100,5.0,345,Gasoline,Automatic,3,0,3,1800,2900
LA-24550,Audi,Luxury,11,96600,1.5,102,Gasoline,Automatic,1,0,4,5800,4770
LA-24551,Toyota,Mainstream,9,147400,1.5,115,Gasoline,Automatic,1,0,3,4100,5530
LA-24552,Chevrolet,Mainstream,13,161600,1.5,136,Gasoline,Automatic,5,0,4,3800,3500
LA-24553,Mercedes,Luxury,7,91200,2.5,171,Gasoline,Automatic,1,0,2,16000,10150
LA-24554,Kia,Economy,8,40400,1.8,101,Gasoline,Manual,2,0,2,6300,6970
LA-24555,Mercedes,Luxury,8,127800,2.0,145,Gasoline,Automatic,2,0,2,10900,6620
LA-24556,Kia,Economy,13,107800,1.5,137,Gasoline,Automatic,4,0,3,2900,3650
LA-24557,Honda,Mainstream,14,118500,1.8,130,Gasoline,Automatic,4,0,4,4000,4250
LA-24558,Hyundai,Economy,5,67900,5.0,340,Gasoline,Automatic,1,1,1,10600,12160
LA-24559,Hyundai,Economy,6,70200,2.0,155,Gasoline,Automatic,2,0,5,11800,10330
LA-24560,Audi,Luxury,9,89400,0.0,246,Electric,Automatic,2,0,4,9000,7550
LA-24561,Ford,Mainstream,6,103700,2.5,198,Gasoline,Automatic,1,0,3,12500,10510
LA-24562,Honda,Mainstream,3,42000,0.0,244,Electric,Automatic,1,0,4,22100,23520
LA-24563,BMW,Luxury,3,66800,1.5,111,Gasoline,Automatic,1,0,5,32400,20860
LA-24564,Chevrolet,Mainstream,2,17900,1.5,104,Gasoline,Automatic,1,0,3,24600,20590
LA-24565,Chevrolet,Mainstream,3,29600,3.0,200,Gasoline,Automatic,2,0,3,21900,20970
LA-24566,Lexus,Luxury,12,229300,1.8,163,Gasoline,Automatic,5,0,3,2000,2710
LA-24567,Nissan,Economy,1,7700,1.5,117,Gasoline,Automatic,1,0,4,22200,28550
LA-24568,Nissan,Economy,10,133400,2.0,168,Gasoline,Automatic,3,0,3,2300,4920
LA-24569,Audi,Luxury,8,91100,2.0,143,Gasoline,Automatic,4,0,4,13000,8650
LA-24570,Nissan,Economy,14,158000,1.8,144,Gasoline,Automatic,5,0,1,2100,2660
LA-24571,Lexus,Luxury,8,58600,2.5,164,Gasoline,Automatic,2,0,3,12600,9690
LA-24572,Kia,Economy,13,132700,3.0,188,Gasoline,Automatic,4,0,3,2900,3290
LA-24573,Kia,Economy,8,154800,1.5,97,Gasoline,Automatic,2,0,3,4400,4380
LA-24574,Ford,Mainstream,13,167800,3.0,229,Gasoline,Automatic,5,1,3,1600,3490
LA-24575,Honda,Mainstream,11,195400,3.0,189,Gasoline,Automatic,4,0,3,1100,4160
LA-24576,Hyundai,Economy,9,90000,2.5,144,Hybrid,Automatic,5,0,3,4600,6000
LA-24577,Toyota,Mainstream,3,40800,2.5,159,Gasoline,Automatic,2,0,5,22500,24010
LA-24578,Honda,Mainstream,8,125200,1.8,171,Gasoline,Automatic,3,0,3,7200,7120
LA-24579,Nissan,Economy,9,130300,5.0,344,Gasoline,Automatic,2,0,4,4100,7360
LA-24580,Nissan,Economy,4,54300,5.0,310,Gasoline,Automatic,3,1,3,13600,16170
LA-24581,Toyota,Mainstream,14,170400,2.0,166,Gasoline,Automatic,5,0,3,3500,3420
LA-24582,Honda,Mainstream,3,52300,0.0,223,Electric,Automatic,3,0,4,21600,22220
LA-24583,Kia,Economy,9,120800,3.0,193,Hybrid,Automatic,3,0,3,4000,5760
LA-24584,Chevrolet,Mainstream,7,45700,3.0,174,Hybrid,Automatic,3,1,2,9200,9990
LA-24585,Kia,Economy,11,114800,2.5,182,Gasoline,Automatic,3,0,3,2900,4580
LA-24586,Toyota,Mainstream,9,79100,1.8,116,Gasoline,Automatic,1,0,4,6100,8310
LA-24587,Mercedes,Luxury,8,50500,1.5,154,Hybrid,Automatic,2,0,4,13000,12120
LA-24588,Honda,Mainstream,6,90000,3.5,237,Gasoline,Automatic,1,0,5,13900,14610
LA-24589,Ford,Mainstream,2,37300,0.0,173,Electric,Automatic,1,0,5,24900,25870
LA-24590,Chevrolet,Mainstream,14,138300,1.8,141,Gasoline,Automatic,3,1,2,1700,2990
LA-24591,Kia,Economy,14,158700,0.0,239,Electric,Automatic,4,1,2,1000,2280
LA-24592,Lexus,Luxury,12,235800,2.0,143,Gasoline,Automatic,5,1,1,800,2280
LA-24593,Honda,Mainstream,5,59400,3.0,203,Hybrid,Automatic,2,0,4,16900,18590
LA-24594,Honda,Mainstream,9,106900,1.8,142,Hybrid,Automatic,3,0,3,5700,7530
LA-24595,Honda,Mainstream,3,42300,3.0,213,Gasoline,Automatic,1,0,5,22400,28470
LA-24596,BMW,Luxury,6,106500,3.0,208,Gasoline,Automatic,1,0,4,19700,12250
LA-24597,Ford,Mainstream,9,127200,1.8,104,Gasoline,Automatic,2,0,4,5300,5800
LA-24598,Audi,Luxury,1,16600,2.0,156,Gasoline,Automatic,1,0,4,41200,46440
LA-24599,Toyota,Mainstream,2,23800,3.5,245,Gasoline,Automatic,1,0,4,25000,32970
LA-24600,Hyundai,Economy,13,198100,0.0,236,Electric,Automatic,3,0,3,1200,2660
LA-24601,BMW,Luxury,6,72400,1.8,121,Gasoline,Automatic,2,1,1,18400,9060
LA-24602,Hyundai,Economy,11,101700,2.0,133,Gasoline,Automatic,3,0,3,2900,4530
LA-24603,Chevrolet,Mainstream,8,117400,3.0,202,Gasoline,Automatic,3,0,4,7900,8020
LA-24604,Mercedes,Luxury,5,109100,1.8,141,Gasoline,Automatic,2,0,4,23200,13240
LA-24605,Hyundai,Economy,1,19700,2.5,183,Hybrid,Automatic,1,0,5,22300,33090
LA-24606,Audi,Luxury,3,50000,3.0,194,Gasoline,Automatic,1,0,4,32700,27530
LA-24607,Honda,Mainstream,13,149500,2.5,170,Hybrid,Automatic,3,0,3,3600,4550
LA-24608,Kia,Economy,11,80600,1.5,113,Gasoline,Automatic,3,0,3,2900,4460
LA-24609,Kia,Economy,4,57200,1.8,140,Gasoline,Manual,1,0,4,15400,14330
LA-24610,Audi,Luxury,8,78000,0.0,203,Electric,Automatic,2,0,3,12600,8330
LA-24611,Toyota,Mainstream,9,106200,2.0,179,Gasoline,Automatic,3,0,3,5700,8150
LA-24612,BMW,Luxury,10,192900,1.5,123,Gasoline,Automatic,3,1,3,1000,3460
LA-24613,Nissan,Economy,10,63400,2.0,146,Gasoline,Automatic,5,1,1,800,5090
LA-24614,Mercedes,Luxury,9,124800,1.8,115,Hybrid,Manual,2,0,3,7900,6540
LA-24615,Kia,Economy,6,86400,1.8,152,Gasoline,Automatic,1,0,4,10900,9100
LA-24616,Chevrolet,Mainstream,10,136500,1.5,109,Gasoline,Automatic,3,0,2,2500,4240
LA-24617,BMW,Luxury,13,136700,2.5,192,Gasoline,Automatic,5,0,3,5400,3550
LA-24618,Ford,Mainstream,2,34600,1.5,132,Hybrid,Automatic,1,0,4,24600,24020
LA-24619,Toyota,Mainstream,11,103800,2.5,149,Gasoline,Manual,3,0,3,3600,5760
LA-24620,BMW,Luxury,6,113200,1.5,107,Gasoline,Automatic,2,1,3,17600,7820
LA-24621,Mercedes,Luxury,10,133000,1.5,114,Gasoline,Manual,2,0,3,4900,5170
LA-24622,Mercedes,Luxury,7,121200,3.5,240,Hybrid,Automatic,2,0,3,15200,11060
LA-24623,Chevrolet,Mainstream,9,100800,2.5,174,Gasoline,Automatic,4,0,4,6100,7310
LA-24624,Nissan,Economy,10,154700,2.0,150,Gasoline,Automatic,4,0,4,1900,4670
LA-24625,Nissan,Economy,12,176200,2.0,117,Gasoline,Automatic,3,0,3,1600,3090
LA-24626,Ford,Mainstream,7,62800,1.8,139,Gasoline,Automatic,2,0,4,11500,10370
LA-24627,BMW,Luxury,2,32400,2.0,149,Gasoline,Manual,1,0,4,37000,31270
LA-24628,Lexus,Luxury,1,24600,0.0,224,Electric,Automatic,1,0,4,40800,53040
LA-24629,Ford,Mainstream,13,211300,1.8,130,Gasoline,Automatic,2,0,3,1400,2820
LA-24630,Ford,Mainstream,13,101300,2.5,155,Gasoline,Automatic,5,0,4,4000,4540
LA-24631,Kia,Economy,5,51000,2.5,195,Gasoline,Manual,5,0,4,13600,11900
LA-24632,Mercedes,Luxury,14,65400,1.8,141,Gasoline,Automatic,4,0,2,5000,3890
LA-24633,Kia,Economy,1,9400,2.5,176,Gasoline,Automatic,1,0,4,22200,31270
LA-24634,Lexus,Luxury,12,227700,1.8,130,Gasoline,Automatic,5,0,2,1700,2530
LA-24635,Audi,Luxury,6,101000,1.5,144,Hybrid,Automatic,1,1,4,18400,10500
LA-24636,Nissan,Economy,4,42800,1.5,126,Hybrid,Automatic,1,0,5,16200,15100
LA-24637,Nissan,Economy,5,43200,3.5,242,Gasoline,Automatic,4,0,3,13200,14350
LA-24638,Honda,Mainstream,12,120900,0.0,315,Electric,Automatic,4,0,3,3600,4650
LA-24639,Ford,Mainstream,14,229100,2.0,143,Gasoline,Automatic,2,1,1,800,2350
LA-24640,Mercedes,Luxury,3,43800,3.0,208,Gasoline,Automatic,2,1,3,31000,26060
LA-24641,Chevrolet,Mainstream,5,87600,3.0,191,Gasoline,Automatic,1,0,3,15400,12410
LA-24642,Honda,Mainstream,4,37900,3.0,203,Gasoline,Automatic,1,0,5,20000,24190
LA-24643,Toyota,Mainstream,5,64200,1.8,140,Gasoline,Automatic,1,0,5,17100,16340
LA-24644,Honda,Mainstream,4,41900,0.0,284,Electric,Automatic,3,0,4,19600,21810
LA-24645,Hyundai,Economy,12,136400,2.5,175,Gasoline,Automatic,5,0,3,2900,3630
LA-24646,Audi,Luxury,13,142100,0.0,260,Electric,Automatic,4,0,2,5000,3140
LA-24647,Chevrolet,Mainstream,12,134900,2.0,128,Hybrid,Automatic,2,0,3,3600,4390
LA-24648,BMW,Luxury,13,191100,2.5,191,Gasoline,Automatic,5,0,3,4000,2890
LA-24649,Toyota,Mainstream,7,76200,1.8,120,Gasoline,Automatic,1,0,4,11500,10030
LA-24650,Mercedes,Luxury,12,144000,2.5,192,Gasoline,Automatic,1,0,3,5400,4040
LA-24651,Audi,Luxury,13,117600,2.5,174,Hybrid,Automatic,4,0,3,5400,3830
LA-24652,Hyundai,Economy,7,118700,2.0,149,Gasoline,Automatic,3,1,3,6000,5700
LA-24653,Chevrolet,Mainstream,1,23800,3.0,194,Gasoline,Automatic,1,1,4,25700,29140
LA-24654,Audi,Luxury,12,227600,2.0,132,Gasoline,Automatic,2,0,3,2100,2760
LA-24655,Honda,Mainstream,11,167100,2.0,165,Gasoline,Automatic,4,0,3,2200,4240
LA-24656,Audi,Luxury,13,158800,2.0,143,Gasoline,Automatic,3,0,4,5700,3270
LA-24657,Audi,Luxury,2,22800,5.0,318,Gasoline,Automatic,1,0,4,37300,49070
LA-24658,Lexus,Luxury,14,120200,1.8,128,Gasoline,Automatic,4,0,3,5400,3000
LA-24659,Audi,Luxury,3,34500,2.0,139,Gasoline,Automatic,1,0,3,32800,25410
LA-24660,Hyundai,Economy,10,80200,0.0,291,Electric,Automatic,5,0,4,3300,5780
LA-24661,Nissan,Economy,14,215300,3.0,214,Gasoline,Automatic,1,0,3,1000,2710
LA-24662,Hyundai,Economy,13,177000,3.0,201,Gasoline,Automatic,3,0,2,1600,2910
LA-24663,Ford,Mainstream,14,106300,1.8,156,Gasoline,Automatic,5,1,3,2100,3380
LA-24664,Lexus,Luxury,14,160700,2.5,188,Hybrid,Automatic,4,0,3,5400,2930
LA-24665,Toyota,Mainstream,9,137000,1.5,91,Gasoline,Automatic,3,0,2,4100,5150
LA-24666,Honda,Mainstream,10,164600,2.5,162,Gasoline,Automatic,4,0,2,1400,4320
LA-24667,Audi,Luxury,7,94900,2.0,124,Gasoline,Automatic,2,0,3,16200,8920
LA-24668,Lexus,Luxury,6,92600,3.0,197,Gasoline,Manual,1,0,4,20300,13470
LA-24669,Ford,Mainstream,13,181900,0.0,174,Electric,Automatic,4,0,3,2600,2890
LA-24670,Lexus,Luxury,6,67000,2.0,164,Gasoline,Automatic,2,0,4,21100,14170
LA-24671,Mercedes,Luxury,6,85500,3.0,212,Gasoline,Automatic,1,0,4,20600,14810
LA-24672,BMW,Luxury,4,57700,1.5,139,Gasoline,Automatic,1,0,4,28800,24730
LA-24673,Hyundai,Economy,8,84500,3.0,198,Gasoline,Automatic,3,1,3,5200,6790
LA-24674,Chevrolet,Mainstream,14,182600,1.8,108,Gasoline,Automatic,4,1,3,1500,2390
LA-24675,Toyota,Mainstream,2,28000,5.0,332,Gasoline,Automatic,1,0,4,24800,40810
LA-24676,Ford,Mainstream,9,130600,3.0,230,Hybrid,Automatic,1,1,4,3700,6910
LA-24677,Ford,Mainstream,8,101500,3.0,191,Gasoline,Automatic,2,0,4,8600,8190
LA-24678,Toyota,Mainstream,11,143200,1.5,96,Gasoline,Automatic,3,0,3,3200,4090
LA-24679,Toyota,Mainstream,2,12600,1.8,142,Gasoline,Automatic,1,0,4,25000,27680
LA-24680,Honda,Mainstream,2,50400,2.5,171,Gasoline,Automatic,1,0,5,24300,30650
LA-24681,Hyundai,Economy,5,76200,1.5,119,Hybrid,Automatic,2,1,3,11100,9330
LA-24682,BMW,Luxury,8,111200,3.5,217,Gasoline,Automatic,4,0,4,12400,8290
LA-24683,Kia,Economy,4,75900,3.5,232,Gasoline,Automatic,1,0,4,14600,14070
LA-24684,Hyundai,Economy,9,143500,1.5,121,Gasoline,Automatic,1,0,4,3500,5000
LA-24685,BMW,Luxury,11,152100,2.5,184,Gasoline,Automatic,3,0,3,4600,4120
LA-24686,Mercedes,Luxury,1,15900,3.5,245,Gasoline,Automatic,1,0,4,41200,60060
LA-24687,Chevrolet,Mainstream,10,177400,1.8,145,Gasoline,Automatic,3,0,3,1300,4120
LA-24688,Kia,Economy,5,73400,1.8,125,Gasoline,Automatic,1,0,3,12700,10190
LA-24689,Audi,Luxury,12,96200,2.5,161,Gasoline,Automatic,5,1,3,3900,4160
LA-24690,Toyota,Mainstream,14,99900,2.5,138,Gasoline,Automatic,3,0,2,3200,4320
LA-24691,Kia,Economy,13,223300,2.5,164,Gasoline,Automatic,1,0,3,800,2600
LA-24692,BMW,Luxury,3,42800,2.0,145,Hybrid,Automatic,1,0,4,33000,28250
LA-24693,Chevrolet,Mainstream,2,29200,1.8,133,Gasoline,Automatic,1,1,4,23300,18950
LA-24694,BMW,Luxury,12,149900,5.0,330,Gasoline,Automatic,4,0,4,5600,4980
LA-24695,Mercedes,Luxury,14,201000,1.5,110,Gasoline,Automatic,3,0,2,3700,2380
LA-24696,BMW,Luxury,4,43400,2.0,122,Gasoline,Automatic,1,0,3,28800,21280
LA-24697,Hyundai,Economy,12,170400,2.5,200,Gasoline,Automatic,4,0,2,1400,3110
LA-24698,Nissan,Economy,9,44800,2.5,188,Gasoline,Automatic,2,0,3,4600,8590
LA-24699,Nissan,Economy,5,60000,5.0,334,Hybrid,Automatic,1,0,4,13600,17340
LA-24700,Ford,Mainstream,1,14900,2.5,171,Gasoline,Automatic,1,0,4,27600,31210
LA-24701,Toyota,Mainstream,8,99900,3.5,235,Gasoline,Automatic,1,0,3,8200,10050
LA-24702,Lexus,Luxury,9,122500,2.5,193,Gasoline,Automatic,1,1,3,6500,6070
LA-24703,Chevrolet,Mainstream,2,29900,1.8,119,Gasoline,Automatic,1,1,4,23300,19620
LA-24704,Ford,Mainstream,6,80000,1.8,135,Gasoline,Automatic,4,0,3,13500,9740
LA-24705,Honda,Mainstream,3,25800,0.0,242,Electric,Automatic,1,0,4,22300,28100
LA-24706,Chevrolet,Mainstream,2,24100,2.5,155,Gasoline,Automatic,1,0,3,24600,24160
LA-24707,Hyundai,Economy,5,60300,1.8,119,Gasoline,Manual,3,0,3,13200,10540
LA-24708,Hyundai,Economy,2,27900,2.0,128,Gasoline,Automatic,3,0,4,19900,20460
LA-24709,Ford,Mainstream,8,104800,3.0,210,Gasoline,Automatic,5,1,2,6100,6410
LA-24710,Toyota,Mainstream,12,76300,2.0,146,Hybrid,Automatic,2,0,3,3600,6830
LA-24711,Lexus,Luxury,2,36700,1.8,105,Gasoline,Automatic,1,1,3,34900,22240
LA-24712,Toyota,Mainstream,11,132800,3.0,207,Gasoline,Automatic,4,0,3,3600,5250
LA-24713,Audi,Luxury,14,259900,0.0,203,Electric,Automatic,5,0,3,1700,1850
LA-24714,Toyota,Mainstream,3,47600,2.0,145,Gasoline,Automatic,1,0,3,21400,19080
LA-24715,Hyundai,Economy,13,214600,1.5,110,Gasoline,Automatic,3,0,3,800,2420
LA-24716,BMW,Luxury,14,198000,1.8,152,Gasoline,Automatic,4,0,2,3800,2490
LA-24717,Nissan,Economy,6,71500,3.0,218,Gasoline,Automatic,2,0,3,11000,11040
LA-24718,Nissan,Economy,1,11200,2.5,179,Gasoline,Automatic,1,0,4,22200,31610
LA-24719,Toyota,Mainstream,12,186700,3.0,196,Hybrid,Automatic,5,0,3,1900,4050
LA-24720,Mercedes,Luxury,1,14800,1.5,148,Hybrid,Automatic,1,0,4,41200,55760
LA-24721,Kia,Economy,8,47600,2.0,158,Gasoline,Automatic,1,1,3,5200,7530
LA-24722,Lexus,Luxury,5,64800,1.8,134,Gasoline,Automatic,2,0,3,24600,15100
LA-24723,Lexus,Luxury,4,54200,1.8,135,Gasoline,Automatic,2,0,4,29000,19180
LA-24724,BMW,Luxury,7,96600,2.0,149,Gasoline,Automatic,3,0,3,16100,9200
LA-24725,BMW,Luxury,8,123500,1.5,131,Gasoline,Automatic,3,0,4,11900,6900
LA-24726,Lexus,Luxury,2,46400,1.5,129,Hybrid,Automatic,1,1,4,34900,30320
LA-24727,Nissan,Economy,2,19900,2.0,155,Gasoline,Automatic,1,1,4,18600,18850
LA-24728,Kia,Economy,14,263600,2.0,171,Gasoline,Automatic,5,1,2,800,1950
LA-24729,Hyundai,Economy,9,136000,2.5,176,Gasoline,Automatic,3,0,3,3400,5500
LA-24730,Hyundai,Economy,10,117900,2.0,129,Gasoline,Automatic,4,0,3,2900,4480
LA-24731,Kia,Economy,12,89400,2.0,143,Gasoline,Automatic,3,0,3,2900,4790
LA-24732,Kia,Economy,3,42600,2.5,173,Gasoline,Automatic,1,0,4,17700,18280
LA-24733,Toyota,Mainstream,1,11400,3.5,228,Gasoline,Automatic,1,0,4,27700,40070
LA-24734,Honda,Mainstream,6,76100,2.5,149,Gasoline,Automatic,2,1,3,12100,9330
LA-24735,Chevrolet,Mainstream,2,26100,5.0,346,Gasoline,Automatic,1,0,4,24900,33270
LA-24736,Ford,Mainstream,3,35000,3.0,223,Gasoline,Automatic,2,0,4,22300,24330
LA-24737,Nissan,Economy,4,38100,2.0,129,Gasoline,Automatic,2,0,3,15400,15830
LA-24738,Lexus,Luxury,2,31700,2.0,153,Gasoline,Automatic,1,0,4,37000,34240
LA-24739,Honda,Mainstream,3,45300,1.8,126,Gasoline,Automatic,2,0,4,21900,18780
LA-24740,Mercedes,Luxury,14,220400,1.8,127,Hybrid,Automatic,4,0,2,2900,2350
LA-24741,Ford,Mainstream,2,22100,1.5,146,Gasoline,Automatic,1,0,5,25400,26900
LA-24742,Nissan,Economy,4,65900,2.5,207,Hybrid,Automatic,1,1,3,13100,13880
LA-24743,Toyota,Mainstream,11,239200,1.5,114,Gasoline,Automatic,3,0,3,800,3210
LA-24744,Kia,Economy,3,42300,2.0,140,Gasoline,Automatic,1,0,3,17300,16490
LA-24745,Hyundai,Economy,4,67700,1.5,116,Gasoline,Automatic,1,0,4,15000,10690
LA-24746,Mercedes,Luxury,5,39600,1.5,129,Gasoline,Automatic,1,1,3,23300,16560
LA-24747,Toyota,Mainstream,11,230400,1.5,96,Gasoline,Automatic,4,1,3,800,2810
LA-24748,Hyundai,Economy,13,189800,3.0,210,Gasoline,Automatic,2,0,3,1500,3090
LA-24749,Mercedes,Luxury,5,87200,1.8,147,Hybrid,Automatic,1,0,4,24100,16170
LA-24750,Nissan,Economy,12,156400,3.0,209,Gasoline,Automatic,4,0,3,2400,3610
LA-24751,Honda,Mainstream,7,43500,3.5,243,Gasoline,Automatic,4,0,3,11100,13200
LA-24752,Mercedes,Luxury,11,159500,1.8,107,Gasoline,Automatic,3,1,3,2800,3500
LA-24753,Honda,Mainstream,11,136900,2.0,159,Hybrid,Automatic,1,0,2,3000,5020
LA-24754,Toyota,Mainstream,7,111800,2.0,133,Gasoline,Automatic,5,0,4,10400,8470
LA-24755,Toyota,Mainstream,13,126000,1.8,104,Gasoline,Automatic,5,1,2,1700,3310
LA-24756,BMW,Luxury,1,4500,2.0,112,Hybrid,Automatic,2,0,3,41000,39950
LA-24757,Mercedes,Luxury,7,88100,3.5,232,Gasoline,Automatic,2,0,3,16500,12520
LA-24758,Audi,Luxury,4,42200,2.0,149,Gasoline,Manual,2,0,4,29200,19340
LA-24759,BMW,Luxury,5,76800,3.5,233,Gasoline,Automatic,2,1,4,23000,16840
LA-24760,Audi,Luxury,5,49000,1.8,158,Gasoline,Automatic,2,1,3,23300,15780
LA-24761,Audi,Luxury,10,114000,5.0,322,Gasoline,Automatic,2,0,4,5800,7930
LA-24762,Hyundai,Economy,11,120800,2.5,150,Gasoline,Automatic,4,0,4,3300,4370
LA-24763,Kia,Economy,4,48100,3.5,218,Gasoline,Automatic,1,0,4,15800,16130
LA-24764,Lexus,Luxury,5,66500,1.5,137,Hybrid,Automatic,1,1,3,23000,13640
LA-24765,Hyundai,Economy,4,51500,2.0,144,Gasoline,Automatic,2,1,3,13700,10890
LA-24766,Honda,Mainstream,13,132800,2.0,144,Gasoline,Manual,2,1,2,1700,3580
LA-24767,Audi,Luxury,3,36000,0.0,268,Electric,Automatic,2,0,4,33200,29590
LA-24768,Toyota,Mainstream,13,149000,3.0,197,Gasoline,Automatic,4,0,4,4000,4350
LA-24769,Kia,Economy,4,71800,2.5,180,Gasoline,Automatic,1,0,3,14400,13540
LA-24770,Audi,Luxury,11,126100,3.5,219,Gasoline,Automatic,1,0,2,5000,4850
LA-24771,BMW,Luxury,8,81200,3.0,172,Hybrid,Automatic,2,0,4,13000,9940
LA-24772,Kia,Economy,1,18900,1.5,107,Gasoline,Automatic,2,0,4,22000,24730
LA-24773,Chevrolet,Mainstream,9,136000,3.0,236,Gasoline,Automatic,3,0,3,4600,6170
LA-24774,Ford,Mainstream,7,89600,1.5,110,Gasoline,Automatic,1,0,4,11300,8950
LA-24775,Hyundai,Economy,14,193200,2.0,160,Gasoline,Automatic,3,0,2,1500,2510
LA-24776,Nissan,Economy,5,77400,2.5,131,Hybrid,Automatic,5,0,3,12500,9760
LA-24777,Hyundai,Economy,5,78200,2.5,172,Gasoline,Automatic,1,0,4,12900,11420
LA-24778,BMW,Luxury,5,69700,0.0,255,Electric,Automatic,1,1,3,22900,15500
LA-24779,Lexus,Luxury,11,85500,3.0,216,Gasoline,Automatic,4,0,3,5400,6280
LA-24780,Kia,Economy,1,18000,3.5,210,Hybrid,Automatic,1,0,3,21600,31160
LA-24781,Nissan,Economy,9,94100,2.0,124,Hybrid,Automatic,1,0,3,4600,6150
LA-24782,Mercedes,Luxury,6,91200,2.5,164,Gasoline,Automatic,2,0,4,20300,13470
LA-24783,Hyundai,Economy,14,235200,5.0,310,Gasoline,Automatic,3,0,3,800,2660
LA-24784,Ford,Mainstream,7,77100,1.8,140,Hybrid,Automatic,3,0,4,11500,9880
LA-24785,BMW,Luxury,14,210700,1.8,129,Gasoline,Automatic,5,0,3,3700,2360
LA-24786,Mercedes,Luxury,14,188100,1.8,147,Gasoline,Automatic,4,0,3,4600,2630
LA-24787,Lexus,Luxury,7,82100,2.5,178,Gasoline,Automatic,3,0,4,17000,11460
LA-24788,Toyota,Mainstream,4,71600,1.8,118,Hybrid,Automatic,2,1,5,17600,14530
LA-24789,Hyundai,Economy,6,68500,0.0,216,Electric,Automatic,2,0,4,11400,10910
LA-24790,Toyota,Mainstream,4,44200,2.0,129,Gasoline,Automatic,2,0,3,19200,16640
LA-24791,Hyundai,Economy,12,114100,5.0,342,Hybrid,Automatic,4,0,3,2900,5380
LA-24792,Chevrolet,Mainstream,14,224700,2.0,141,Gasoline,Automatic,1,0,3,1300,2680
LA-24793,Honda,Mainstream,1,9600,0.0,281,Electric,Automatic,1,0,4,27700,47130
LA-24794,Lexus,Luxury,5,49700,1.8,115,Gasoline,Automatic,1,0,5,25600,17440
LA-24795,BMW,Luxury,11,178100,2.5,167,Hybrid,Automatic,2,0,3,3600,4080
LA-24796,Ford,Mainstream,13,177500,1.8,119,Gasoline,Automatic,5,0,3,2700,3080
LA-24797,BMW,Luxury,12,139600,1.8,152,Hybrid,Automatic,2,0,3,5400,3950
LA-24798,Honda,Mainstream,7,65700,1.8,121,Gasoline,Manual,1,1,3,9600,8740
LA-24799,Ford,Mainstream,13,170600,3.0,198,Gasoline,Manual,5,1,2,1100,3060
LA-24800,BMW,Luxury,10,83700,2.0,170,Gasoline,Automatic,2,0,3,5400,7120
LA-24801,Nissan,Economy,1,16400,0.0,307,Electric,Automatic,1,0,4,22100,38990
LA-24802,BMW,Luxury,12,157700,3.5,249,Gasoline,Automatic,5,1,2,3000,3600
LA-24803,Ford,Mainstream,9,106400,2.5,189,Hybrid,Automatic,4,0,3,5700,6960
LA-24804,Honda,Mainstream,14,177500,3.0,192,Gasoline,Automatic,3,1,2,1300,3120
LA-24805,Chevrolet,Mainstream,6,92100,1.5,109,Gasoline,Automatic,2,0,3,13000,9680
LA-24806,BMW,Luxury,4,26600,2.0,113,Gasoline,Automatic,2,0,3,28800,19860
LA-24807,Mercedes,Luxury,1,17300,3.5,244,Gasoline,Automatic,1,0,4,41100,57150
LA-24808,Audi,Luxury,2,29300,1.8,139,Gasoline,Automatic,1,0,5,37500,36070
LA-24809,Lexus,Luxury,12,144800,1.5,103,Hybrid,Manual,3,0,3,5400,3680
LA-24810,Ford,Mainstream,10,154600,2.5,178,Gasoline,Automatic,5,0,3,2200,4360
LA-24811,Mercedes,Luxury,6,108200,3.5,249,Gasoline,Automatic,2,0,4,19700,14430
LA-24812,Lexus,Luxury,9,162000,0.0,227,Electric,Automatic,1,0,3,6400,4860
LA-24813,Ford,Mainstream,9,149700,2.5,182,Gasoline,Automatic,3,0,2,3600,5230
LA-24814,Toyota,Mainstream,5,68600,3.5,220,Gasoline,Automatic,2,0,4,16600,16730
LA-24815,Honda,Mainstream,6,101800,3.0,189,Gasoline,Automatic,2,0,5,13400,11540
LA-24816,BMW,Luxury,2,23100,2.0,156,Hybrid,Automatic,1,0,3,36900,38170
LA-24817,BMW,Luxury,5,64000,5.0,308,Gasoline,Automatic,1,0,4,25000,21140
LA-24818,Honda,Mainstream,14,156300,0.0,299,Electric,Automatic,5,0,2,3200,3050
LA-24819,Lexus,Luxury,12,128000,1.5,120,Gasoline,Automatic,4,0,4,5800,3970
LA-24820,Honda,Mainstream,7,73200,2.5,190,Gasoline,Automatic,2,0,4,11500,12970
LA-24821,Nissan,Economy,12,165900,1.8,129,Hybrid,Automatic,3,0,4,2400,3600
LA-24822,Honda,Mainstream,5,42700,0.0,177,Electric,Manual,4,0,3,16500,13620
LA-24823,BMW,Luxury,3,17300,1.8,154,Gasoline,Automatic,1,0,3,32800,28850
LA-24824,Toyota,Mainstream,3,47600,1.8,151,Hybrid,Automatic,1,1,3,19900,19510
LA-24825,Kia,Economy,8,112000,2.5,190,Gasoline,Automatic,1,1,3,4600,6020
LA-24826,Ford,Mainstream,11,167900,0.0,184,Electric,Automatic,2,0,3,2200,3760
LA-24827,Kia,Economy,2,32000,2.0,130,Gasoline,Automatic,1,0,5,20200,22520
LA-24828,Audi,Luxury,14,197600,2.5,186,Hybrid,Automatic,2,0,3,4200,2880
LA-24829,Ford,Mainstream,2,25100,1.8,112,Gasoline,Automatic,1,0,4,25000,21160
LA-24830,Lexus,Luxury,3,32700,1.5,104,Gasoline,Automatic,2,1,3,31400,18400
LA-24831,Chevrolet,Mainstream,2,22600,0.0,292,Electric,Automatic,2,1,2,22700,20870
LA-24832,Chevrolet,Mainstream,10,194000,2.0,127,Gasoline,Automatic,1,0,3,800,4080
LA-24833,Honda,Mainstream,12,108900,1.5,126,Gasoline,Manual,3,0,3,3600,4740
LA-24834,Toyota,Mainstream,4,70500,1.8,151,Hybrid,Automatic,1,0,4,18700,17610
LA-24835,Toyota,Mainstream,11,85600,1.8,123,Gasoline,Manual,3,1,2,1700,4870
LA-24836,Mercedes,Luxury,3,29900,3.0,210,Gasoline,Automatic,3,0,3,32800,29800
LA-24837,Toyota,Mainstream,7,118700,1.5,123,Gasoline,Automatic,1,0,4,10100,8810
LA-24838,Kia,Economy,5,72400,2.0,135,Gasoline,Automatic,4,0,4,13100,10050
LA-24839,Kia,Economy,3,43300,3.0,203,Gasoline,Automatic,1,0,4,17600,21320
LA-24840,Kia,Economy,11,99600,3.0,181,Gasoline,Automatic,2,0,4,3300,5640
LA-24841,Chevrolet,Mainstream,1,23500,2.0,122,Gasoline,Automatic,1,0,4,27200,28740
LA-24842,Toyota,Mainstream,1,9600,3.5,226,Gasoline,Manual,2,0,4,27700,37200
LA-24843,Honda,Mainstream,2,29000,3.0,195,Hybrid,Automatic,1,0,4,24800,31960
LA-24844,Nissan,Economy,1,17000,0.0,257,Electric,Automatic,1,0,4,22000,35860
LA-24845,Audi,Luxury,13,234900,3.5,246,Hybrid,Automatic,2,1,2,800,2630
LA-24846,Chevrolet,Mainstream,3,42800,3.5,271,Gasoline,Manual,1,0,4,22000,23930
LA-24847,Chevrolet,Mainstream,5,87200,3.0,174,Hybrid,Automatic,1,0,5,16200,14520
LA-24848,Mercedes,Luxury,10,124700,2.5,144,Gasoline,Automatic,1,1,2,3300,4890
LA-24849,Toyota,Mainstream,2,27300,1.5,126,Hybrid,Automatic,1,0,4,24900,29180
LA-24850,Kia,Economy,3,23800,2.0,122,Gasoline,Automatic,1,0,3,17500,16280
LA-24851,Lexus,Luxury,13,169100,1.5,129,Gasoline,Automatic,5,0,3,4900,2800
LA-24852,Chevrolet,Mainstream,14,230900,1.8,129,Gasoline,Automatic,4,0,2,800,2410
LA-24853,Ford,Mainstream,13,182000,2.5,186,Gasoline,Manual,2,1,3,1100,3080
LA-24854,Ford,Mainstream,4,41300,3.0,220,Gasoline,Automatic,3,0,4,19600,18710
LA-24855,Hyundai,Economy,7,78600,1.8,132,Gasoline,Automatic,2,0,3,8900,7870
LA-24856,Audi,Luxury,9,93600,1.5,93,Gasoline,Automatic,4,0,3,8600,5700
LA-24857,Nissan,Economy,5,64700,5.0,329,Hybrid,Automatic,4,0,4,13400,16440
LA-24858,Ford,Mainstream,1,20200,0.0,197,Electric,Automatic,1,0,5,27800,36340
LA-24859,Ford,Mainstream,4,53700,1.5,110,Gasoline,Automatic,1,0,3,19000,14130
LA-24860,Kia,Economy,1,21400,1.8,163,Gasoline,Automatic,1,1,4,20400,24790
LA-24861,Kia,Economy,9,124500,1.5,99,Gasoline,Automatic,3,0,2,3500,4310
LA-24862,Toyota,Mainstream,14,122200,2.5,162,Gasoline,Manual,5,0,2,3200,3760
LA-24863,Hyundai,Economy,4,48400,3.0,172,Hybrid,Automatic,1,0,3,15300,15740
LA-24864,BMW,Luxury,1,4100,2.0,150,Gasoline,Automatic,1,0,5,41800,50170
LA-24865,Toyota,Mainstream,4,50500,3.5,234,Gasoline,Automatic,2,0,5,19900,21740
LA-24866,BMW,Luxury,9,125800,2.5,188,Gasoline,Automatic,4,0,3,7800,6260
LA-24867,Honda,Mainstream,14,134600,1.5,101,Gasoline,Automatic,4,0,4,4000,3580
LA-24868,Toyota,Mainstream,14,107300,2.0,124,Gasoline,Automatic,3,1,2,1700,3600
LA-24869,Hyundai,Economy,1,16200,5.0,338,Gasoline,Automatic,1,0,4,22100,38540
LA-24870,BMW,Luxury,2,27100,2.0,138,Gasoline,Automatic,1,0,4,37200,34190
LA-24871,Kia,Economy,3,52600,1.5,110,Gasoline,Automatic,1,1,3,15400,12140
LA-24872,Kia,Economy,5,50700,1.5,136,Hybrid,Automatic,5,0,3,13200,11040
LA-24873,Toyota,Mainstream,2,34900,2.5,187,Gasoline,Automatic,1,1,4,23100,24860
LA-24874,Hyundai,Economy,7,106200,0.0,206,Electric,Automatic,3,0,4,8400,6830
LA-24875,Hyundai,Economy,1,7000,2.5,155,Gasoline,Automatic,1,0,4,22200,27890
LA-24876,Toyota,Mainstream,14,144100,3.5,260,Gasoline,Manual,5,0,2,3200,3750
LA-24877,BMW,Luxury,2,25300,2.0,121,Gasoline,Automatic,1,0,5,37600,36800
LA-24878,Honda,Mainstream,9,107600,1.8,157,Gasoline,Automatic,3,0,4,6100,7810
LA-24879,Chevrolet,Mainstream,13,123000,2.0,127,Gasoline,Automatic,2,0,4,4000,4130
LA-24880,Chevrolet,Mainstream,8,48400,0.0,234,Electric,Automatic,2,0,3,8400,9090
LA-24881,Nissan,Economy,14,153800,2.0,111,Gasoline,Manual,4,0,3,2900,2640
LA-24882,Mercedes,Luxury,5,59800,3.5,235,Gasoline,Automatic,3,0,5,25600,20360
LA-24883,BMW,Luxury,14,203100,2.0,118,Gasoline,Automatic,4,0,3,4000,2290
LA-24884,Honda,Mainstream,2,29500,1.8,130,Gasoline,Automatic,2,0,4,24800,22740
LA-24885,Honda,Mainstream,5,45000,1.8,132,Gasoline,Automatic,1,1,3,15000,13380
LA-24886,Chevrolet,Mainstream,9,136200,3.0,230,Hybrid,Automatic,3,0,3,4600,6610
LA-24887,Ford,Mainstream,14,147200,2.0,169,Gasoline,Automatic,5,0,3,3600,3440
LA-24888,Nissan,Economy,13,199800,2.5,176,Gasoline,Automatic,5,0,3,1100,2880
LA-24889,Hyundai,Economy,13,140000,1.8,135,Gasoline,Automatic,5,0,3,2900,2980
LA-24890,Chevrolet,Mainstream,6,71900,0.0,248,Electric,Automatic,5,0,3,13800,10280
LA-24891,Kia,Economy,5,64100,1.8,149,Gasoline,Automatic,1,0,4,13400,12190
LA-24892,Ford,Mainstream,13,197600,1.5,119,Gasoline,Automatic,5,0,3,1900,2880
LA-24893,Mercedes,Luxury,9,118300,3.0,196,Gasoline,Automatic,2,0,3,8100,7480
LA-24894,BMW,Luxury,1,10100,2.5,189,Gasoline,Automatic,1,0,5,41800,52320
LA-24895,BMW,Luxury,9,142900,2.0,149,Gasoline,Automatic,3,0,3,7200,5960
LA-24896,Lexus,Luxury,9,91100,1.8,123,Gasoline,Automatic,3,0,3,8600,6020
LA-24897,Nissan,Economy,3,22200,2.0,133,Gasoline,Automatic,1,0,4,17900,19000
LA-24898,Kia,Economy,8,55300,3.5,237,Hybrid,Automatic,2,0,3,6700,10160
LA-24899,BMW,Luxury,11,184700,1.8,124,Gasoline,Automatic,2,1,3,1800,3490
LA-24900,Kia,Economy,9,162100,2.5,166,Gasoline,Automatic,3,0,4,2800,4570
LA-24901,Lexus,Luxury,9,94900,0.0,212,Electric,Automatic,1,0,4,9000,7630
LA-24902,Chevrolet,Mainstream,1,19300,2.5,184,Hybrid,Automatic,1,1,4,25900,31820
LA-24903,Ford,Mainstream,5,62800,2.0,145,Gasoline,Automatic,1,0,3,16400,13080
LA-24904,Toyota,Mainstream,9,70300,1.5,150,Gasoline,Automatic,4,0,3,5700,8400
LA-24905,Lexus,Luxury,11,144700,2.5,191,Gasoline,Automatic,1,0,3,4900,4650
LA-24906,Toyota,Mainstream,9,125400,2.5,179,Hybrid,Automatic,3,0,3,5000,7390
LA-24907,Audi,Luxury,7,76800,3.5,224,Hybrid,Automatic,1,0,3,16600,13010
LA-24908,Ford,Mainstream,12,157300,3.0,195,Gasoline,Automatic,1,0,4,3500,4510
LA-24909,Lexus,Luxury,2,28400,0.0,110,Electric,Automatic,1,0,4,37100,30870
LA-24910,Toyota,Mainstream,5,83300,2.0,145,Gasoline,Manual,1,0,3,15600,12180
LA-24911,Honda,Mainstream,6,57500,2.5,183,Gasoline,Automatic,1,0,4,14200,13620
LA-24912,BMW,Luxury,14,154200,2.0,166,Gasoline,Automatic,3,0,2,5000,2770
LA-24913,Ford,Mainstream,2,38500,2.0,131,Gasoline,Automatic,2,0,4,24400,21350
LA-24914,Chevrolet,Mainstream,9,113900,2.0,139,Gasoline,Automatic,3,0,3,5500,6490
LA-24915,Honda,Mainstream,6,123200,2.5,167,Gasoline,Automatic,1,1,3,10300,8740
LA-24916,Honda,Mainstream,3,43600,2.0,135,Gasoline,Automatic,1,0,3,21600,18820
LA-24917,Mercedes,Luxury,4,68300,0.0,252,Electric,Automatic,4,0,4,28400,20810
LA-24918,Kia,Economy,7,103700,2.0,136,Gasoline,Automatic,2,0,4,8500,7540
LA-24919,BMW,Luxury,2,23800,1.8,123,Gasoline,Automatic,1,0,4,37300,32990
LA-24920,Ford,Mainstream,9,142200,2.0,136,Gasoline,Automatic,4,1,2,2400,4660
LA-24921,Chevrolet,Mainstream,3,30200,0.0,188,Electric,Automatic,1,0,4,22300,22820
LA-24922,Audi,Luxury,11,78200,3.0,230,Gasoline,Automatic,2,0,4,5800,6420
LA-24923,Audi,Luxury,2,31800,5.0,336,Gasoline,Automatic,1,0,4,37000,47580
LA-24924,Kia,Economy,3,48000,1.8,116,Gasoline,Automatic,2,1,4,15900,12910
LA-24925,Nissan,Economy,11,182300,1.8,140,Gasoline,Automatic,4,0,2,800,3190
LA-24926,Toyota,Mainstream,10,137100,1.5,112,Hybrid,Automatic,3,0,3,2900,5120
LA-24927,Ford,Mainstream,13,156700,3.0,185,Gasoline,Automatic,2,0,4,4000,4210
LA-24928,Hyundai,Economy,4,45800,2.0,160,Gasoline,Automatic,3,0,4,15800,14230
LA-24929,Chevrolet,Mainstream,4,62700,1.5,121,Gasoline,Automatic,2,0,3,18600,13610
LA-24930,Ford,Mainstream,5,77900,3.5,237,Gasoline,Automatic,2,1,3,14300,12690
LA-24931,Nissan,Economy,6,78100,2.0,153,Gasoline,Automatic,3,1,4,9700,8750
LA-24932,Honda,Mainstream,14,205800,0.0,248,Electric,Automatic,3,0,2,1700,2760
LA-24933,Audi,Luxury,13,214800,1.8,171,Gasoline,Automatic,3,0,3,3000,2660
LA-24934,Honda,Mainstream,14,231500,2.0,137,Gasoline,Automatic,5,0,2,800,2630
LA-24935,Nissan,Economy,5,84600,1.8,158,Gasoline,Automatic,3,0,4,12600,10280
LA-24936,Hyundai,Economy,14,217900,2.5,181,Gasoline,Automatic,4,0,3,900,2420
LA-24937,Nissan,Economy,9,168900,3.5,241,Gasoline,Automatic,1,1,3,800,4930
LA-24938,Chevrolet,Mainstream,13,116200,2.5,173,Gasoline,Manual,5,1,3,2100,3770
LA-24939,Ford,Mainstream,11,202600,1.8,155,Hybrid,Manual,2,1,2,800,3140
LA-24940,Kia,Economy,12,148100,2.0,133,Gasoline,Automatic,4,0,2,2300,3190
LA-24941,Lexus,Luxury,9,66000,1.5,126,Gasoline,Manual,1,0,3,8600,7790
LA-24942,Nissan,Economy,14,180600,2.0,160,Hybrid,Automatic,3,1,2,800,2580
LA-24943,Toyota,Mainstream,14,195700,2.0,149,Gasoline,Automatic,5,0,3,2500,2850
LA-24944,Toyota,Mainstream,9,71100,3.5,230,Gasoline,Automatic,5,1,2,3800,7440
LA-24945,Honda,Mainstream,1,15700,3.0,235,Gasoline,Automatic,2,0,5,28000,41570
LA-24946,Ford,Mainstream,5,25000,3.0,199,Gasoline,Automatic,1,0,5,17300,19710
LA-24947,Honda,Mainstream,2,41900,2.0,157,Gasoline,Manual,1,0,3,23900,23260
LA-24948,Lexus,Luxury,14,161000,0.0,243,Electric,Automatic,5,0,2,5000,2470
LA-24949,Honda,Mainstream,14,173400,1.8,121,Gasoline,Automatic,4,0,3,3400,3060
LA-24950,Chevrolet,Mainstream,2,38500,1.5,134,Gasoline,Automatic,1,1,4,22900,19940
LA-24951,Honda,Mainstream,8,102100,1.8,127,Gasoline,Automatic,4,0,3,8200,6930
LA-24952,Ford,Mainstream,9,68100,1.8,112,Gasoline,Automatic,3,0,3,5700,7240
LA-24953,Hyundai,Economy,6,34300,2.0,151,Gasoline,Automatic,2,1,3,9500,10210
LA-24954,Chevrolet,Mainstream,7,104800,0.0,284,Electric,Automatic,2,0,3,10300,9190
LA-24955,Toyota,Mainstream,14,212700,3.0,198,Gasoline,Automatic,3,0,3,1800,3150
LA-24956,BMW,Luxury,3,32100,2.0,152,Gasoline,Automatic,3,1,4,31800,23150
LA-24957,Lexus,Luxury,13,72400,3.5,240,Gasoline,Automatic,2,0,4,5800,5360
LA-24958,Honda,Mainstream,7,95100,2.0,131,Gasoline,Automatic,2,0,4,11100,9930
LA-24959,Honda,Mainstream,13,162200,2.5,192,Gasoline,Automatic,5,0,3,3400,3930
LA-24960,BMW,Luxury,13,190800,1.5,122,Gasoline,Automatic,4,0,3,4000,2630
LA-24961,Chevrolet,Mainstream,1,11500,1.8,108,Gasoline,Automatic,1,1,4,26200,24500
LA-24962,Toyota,Mainstream,6,34300,2.0,127,Gasoline,Automatic,2,1,3,12300,12190
LA-24963,Toyota,Mainstream,6,68200,1.8,163,Hybrid,Automatic,1,0,3,13800,13060
LA-24964,Lexus,Luxury,5,78200,3.0,194,Gasoline,Automatic,4,0,4,24400,15160
LA-24965,Nissan,Economy,12,193900,2.0,157,Gasoline,Manual,3,0,3,900,2940
LA-24966,Hyundai,Economy,4,43800,1.5,115,Gasoline,Automatic,1,1,4,14300,12740
LA-24967,Honda,Mainstream,6,60800,0.0,268,Electric,Automatic,2,0,3,13800,15180
LA-24968,Audi,Luxury,10,62200,3.0,191,Gasoline,Automatic,2,0,3,5400,8260
LA-24969,Ford,Mainstream,10,160300,1.5,118,Gasoline,Manual,2,0,3,2000,4310
LA-24970,Ford,Mainstream,1,12700,1.8,126,Gasoline,Manual,1,0,5,28100,29470
LA-24971,BMW,Luxury,12,117800,2.5,176,Gasoline,Automatic,2,0,3,5400,4500
LA-24972,Mercedes,Luxury,14,130400,3.0,214,Gasoline,Automatic,4,0,3,5400,3440
LA-24973,Toyota,Mainstream,10,114300,1.5,121,Gasoline,Automatic,2,1,2,1700,4940
LA-24974,Hyundai,Economy,8,114700,3.5,227,Gasoline,Automatic,2,0,4,6400,7200
LA-24975,Ford,Mainstream,4,43000,3.5,232,Gasoline,Automatic,2,1,3,17700,17210
LA-24976,Lexus,Luxury,1,19900,1.8,111,Hybrid,Automatic,3,1,2,38700,33730
LA-24977,Ford,Mainstream,11,162300,2.5,179,Gasoline,Automatic,3,0,2,2000,4380
LA-24978,Ford,Mainstream,4,56100,3.0,214,Gasoline,Automatic,4,0,5,19700,19940
LA-24979,Kia,Economy,14,236800,1.8,125,Hybrid,Automatic,4,1,1,800,1990
LA-24980,Audi,Luxury,7,55600,2.5,179,Gasoline,Automatic,2,0,4,17000,14240
LA-24981,Kia,Economy,6,76200,3.5,266,Hybrid,Automatic,5,0,5,11700,12560
LA-24982,Hyundai,Economy,3,56500,2.0,123,Hybrid,Automatic,2,0,4,17100,16560
LA-24983,Toyota,Mainstream,5,77100,2.5,195,Gasoline,Automatic,2,0,4,16200,15220
LA-24984,Honda,Mainstream,14,151100,1.8,115,Gasoline,Manual,5,0,2,3200,3050
LA-24985,BMW,Luxury,9,77700,2.5,201,Gasoline,Automatic,2,1,3,7100,7420
LA-24986,Toyota,Mainstream,8,48200,1.5,109,Gasoline,Automatic,1,0,3,8400,9970
LA-24987,Lexus,Luxury,4,63200,1.5,120,Gasoline,Automatic,4,1,4,27100,14520
LA-24988,Lexus,Luxury,6,82200,1.8,162,Gasoline,Automatic,2,0,3,20300,12530
LA-24989,Kia,Economy,5,62000,2.0,134,Gasoline,Manual,1,0,3,13100,10860
LA-24990,Ford,Mainstream,12,164800,2.5,194,Hybrid,Automatic,5,0,3,2800,4180
LA-24991,Audi,Luxury,6,74000,1.5,112,Gasoline,Automatic,1,0,4,21000,12280
LA-24992,BMW,Luxury,7,68700,2.0,162,Gasoline,Automatic,2,0,4,17000,12030
LA-24993,Nissan,Economy,12,180800,2.5,184,Gasoline,Automatic,2,0,3,1400,3100
LA-24994,Honda,Mainstream,4,35200,2.0,142,Gasoline,Automatic,3,1,4,18100,16620
LA-24995,Kia,Economy,11,89300,2.5,146,Gasoline,Manual,4,0,3,2900,4340
LA-24996,Mercedes,Luxury,4,30000,3.0,214,Gasoline,Automatic,3,1,4,27700,23890
LA-24997,Honda,Mainstream,12,131200,1.5,118,Gasoline,Automatic,1,0,3,3600,4610
LA-24998,Honda,Mainstream,5,70100,3.5,246,Gasoline,Automatic,2,0,4,16500,17340
LA-24999,Chevrolet,Mainstream,1,13600,3.0,208,Gasoline,Automatic,2,1,4,26100,29820
LA-25000,BMW,Luxury,7,89700,1.8,124,Hybrid,Automatic,3,0,3,16400,10000
LA-25001,Toyota,Mainstream,3,55200,2.0,134,Gasoline,Automatic,1,0,4,21500,20970
LA-25002,Nissan,Economy,7,134800,0.0,263,Electric,Automatic,2,1,3,5300,6360
LA-25003,Hyundai,Economy,13,198400,2.5,157,Gasoline,Automatic,3,0,2,800,2610
LA-25004,Nissan,Economy,6,65200,2.0,153,Gasoline,Automatic,1,1,3,9500,9510
LA-25005,Honda,Mainstream,9,69700,1.8,131,Gasoline,Automatic,4,0,3,5700,7480
LA-25006,Lexus,Luxury,6,26400,3.5,211,Gasoline,Automatic,3,0,3,20700,18250
LA-25007,Honda,Mainstream,14,139600,1.8,140,Gasoline,Automatic,5,0,3,3600,3700
LA-25008,Mercedes,Luxury,7,91700,0.0,236,Electric,Manual,1,0,4,16700,10020
LA-25009,Toyota,Mainstream,6,68600,2.0,152,Gasoline,Automatic,2,0,4,14200,13790
LA-25010,Nissan,Economy,4,80200,2.5,181,Gasoline,Automatic,2,0,3,14100,13310
LA-25011,Ford,Mainstream,3,29700,3.0,223,Hybrid,Automatic,2,0,3,21900,22640
LA-25012,Ford,Mainstream,7,72200,2.5,188,Gasoline,Automatic,1,0,2,10700,9960
LA-25013,Mercedes,Luxury,10,39400,2.0,138,Gasoline,Automatic,3,0,2,5000,7350
LA-25014,Chevrolet,Mainstream,12,200100,1.8,123,Gasoline,Automatic,3,0,3,1400,3380
LA-25015,Hyundai,Economy,3,30900,1.5,104,Gasoline,Automatic,1,0,3,17500,14750
LA-25016,Kia,Economy,3,20000,2.0,167,Gasoline,Automatic,1,0,5,18300,18560
LA-25017,Toyota,Mainstream,4,50700,1.5,94,Gasoline,Automatic,2,0,4,19500,15420
LA-25018,Nissan,Economy,7,119600,3.0,200,Gasoline,Automatic,5,0,3,7500,6340
LA-25019,Lexus,Luxury,6,117000,3.0,215,Gasoline,Automatic,3,0,3,18900,10550
LA-25020,Chevrolet,Mainstream,3,34300,3.5,219,Gasoline,Automatic,1,1,3,20400,19030
LA-25021,Mercedes,Luxury,11,158100,2.5,161,Gasoline,Automatic,3,0,3,4400,4290
LA-25022,Honda,Mainstream,8,85200,2.0,122,Gasoline,Automatic,4,1,3,6900,6770
LA-25023,Hyundai,Economy,8,90200,2.0,150,Hybrid,Manual,2,1,4,5600,6690
LA-25024,Honda,Mainstream,1,16700,0.0,293,Electric,Automatic,1,0,4,27500,39500
LA-25025,Honda,Mainstream,8,145800,1.8,110,Hybrid,Automatic,2,0,3,6400,6280
LA-25026,Kia,Economy,9,90300,1.8,146,Gasoline,Automatic,2,0,3,4600,6460
LA-25027,Toyota,Mainstream,7,36800,2.0,114,Gasoline,Automatic,3,0,4,11500,11540
LA-25028,Lexus,Luxury,4,32600,3.0,196,Gasoline,Automatic,2,0,5,29600,29570
LA-25029,Nissan,Economy,14,134200,3.5,237,Gasoline,Automatic,2,0,2,2500,3580
LA-25030,Honda,Mainstream,10,128100,3.0,197,Gasoline,Automatic,5,1,3,1800,5040
LA-25031,Kia,Economy,14,143200,3.0,199,Gasoline,Automatic,5,0,2,2500,2940
LA-25032,Toyota,Mainstream,10,131400,0.0,288,Electric,Automatic,2,0,4,3500,5990
LA-25033,Nissan,Economy,8,108500,1.8,116,Gasoline,Automatic,3,0,4,6600,6260
LA-25034,Mercedes,Luxury,3,35900,2.0,152,Gasoline,Automatic,1,0,4,33200,28360
LA-25035,BMW,Luxury,8,118800,3.5,243,Gasoline,Automatic,3,0,3,11700,8160
LA-25036,Toyota,Mainstream,9,80900,3.0,195,Gasoline,Automatic,3,0,2,5300,8510
LA-25037,Honda,Mainstream,1,11900,2.0,156,Gasoline,Automatic,1,0,4,27700,37350
LA-25038,Kia,Economy,7,112200,3.0,195,Gasoline,Manual,2,1,3,6300,6720
LA-25039,Ford,Mainstream,11,135300,1.8,128,Gasoline,Automatic,2,0,4,3900,4550
LA-25040,Audi,Luxury,3,9500,2.0,137,Gasoline,Automatic,1,0,4,33200,29510
LA-25041,Hyundai,Economy,10,108300,5.0,318,Gasoline,Automatic,3,0,3,2900,6690
LA-25042,Hyundai,Economy,14,195900,3.5,239,Hybrid,Manual,3,0,3,1800,3050
LA-25043,BMW,Luxury,2,34800,5.0,299,Hybrid,Manual,1,0,4,36900,49990
LA-25044,Audi,Luxury,13,194500,2.5,164,Gasoline,Manual,2,0,3,3900,2880
LA-25045,Chevrolet,Mainstream,2,32600,1.8,125,Gasoline,Automatic,1,0,4,24700,22240
LA-25046,Hyundai,Economy,6,96400,2.0,153,Gasoline,Automatic,1,1,2,8200,7340
LA-25047,Toyota,Mainstream,1,19400,3.0,211,Gasoline,Manual,1,0,5,27800,39490
LA-25048,Audi,Luxury,12,198100,1.8,126,Gasoline,Automatic,3,1,3,1700,2600
LA-25049,Audi,Luxury,7,57200,1.5,136,Gasoline,Automatic,3,1,3,15200,9330
LA-25050,Toyota,Mainstream,7,85600,2.5,154,Gasoline,Automatic,4,0,3,11000,9340
LA-25051,Ford,Mainstream,8,60300,1.8,130,Gasoline,Automatic,4,0,3,8400,8390
LA-25052,Audi,Luxury,8,126900,1.5,114,Hybrid,Automatic,3,0,3,11400,6500
LA-25053,Kia,Economy,2,23900,1.5,94,Gasoline,Automatic,1,0,5,20500,20080
LA-25054,Ford,Mainstream,2,15000,5.0,310,Gasoline,Automatic,2,0,5,25400,36350
LA-25055,Ford,Mainstream,14,259800,2.0,147,Gasoline,Manual,2,0,3,800,2330
LA-25056,Nissan,Economy,9,77400,1.8,124,Gasoline,Automatic,4,0,4,5000,6520
LA-25057,Nissan,Economy,1,20300,2.5,189,Gasoline,Automatic,1,0,4,21900,31250
LA-25058,Honda,Mainstream,3,40500,2.5,167,Gasoline,Automatic,1,0,3,21700,21420
LA-25059,Chevrolet,Mainstream,3,36500,5.0,324,Gasoline,Automatic,1,0,4,22300,26540
LA-25060,Mercedes,Luxury,3,53200,1.8,151,Gasoline,Automatic,1,0,4,32600,26220
LA-25061,Mercedes,Luxury,12,173100,2.5,157,Gasoline,Automatic,4,0,1,3400,3080
LA-25062,Nissan,Economy,3,26500,1.8,132,Gasoline,Automatic,1,1,5,16800,17050
LA-25063,BMW,Luxury,10,150900,5.0,345,Gasoline,Automatic,5,0,4,4600,5830
LA-25064,Nissan,Economy,10,119200,0.0,307,Electric,Automatic,3,0,3,2900,5270
LA-25065,Mercedes,Luxury,12,124600,0.0,197,Electric,Automatic,3,1,3,3900,3310
LA-25066,Ford,Mainstream,10,139000,5.0,344,Gasoline,Automatic,2,0,3,2800,7040
LA-25067,Toyota,Mainstream,13,177500,2.5,149,Gasoline,Automatic,2,1,2,800,3100
LA-25068,Toyota,Mainstream,3,42300,0.0,163,Electric,Automatic,1,0,4,22000,21390
LA-25069,Kia,Economy,14,128900,2.0,131,Gasoline,Automatic,2,0,2,2500,2860
LA-25070,Toyota,Mainstream,7,93600,3.0,208,Hybrid,Automatic,3,0,4,11100,11530
LA-25071,Mercedes,Luxury,9,71900,3.5,231,Gasoline,Automatic,4,0,3,8600,9540
LA-25072,Honda,Mainstream,6,96000,2.5,165,Gasoline,Automatic,2,0,3,12800,10780
LA-25073,Mercedes,Luxury,9,100000,5.0,341,Gasoline,Automatic,2,0,3,8600,9670
LA-25074,Ford,Mainstream,9,108100,3.5,238,Gasoline,Automatic,3,0,4,6100,7880
LA-25075,Toyota,Mainstream,1,21900,1.5,119,Gasoline,Automatic,1,0,3,26900,27430
LA-25076,Ford,Mainstream,3,32800,3.0,217,Gasoline,Automatic,2,1,3,20400,20210
LA-25077,Toyota,Mainstream,7,96000,3.5,212,Gasoline,Manual,4,1,4,9500,8770
LA-25078,Honda,Mainstream,13,127700,1.5,108,Gasoline,Automatic,2,1,2,1700,3470
LA-25079,Honda,Mainstream,4,59900,1.8,128,Gasoline,Automatic,1,0,4,19100,16850
LA-25080,Lexus,Luxury,3,47300,1.5,124,Gasoline,Automatic,3,0,5,33200,25770
LA-25081,Chevrolet,Mainstream,1,11200,0.0,262,Electric,Automatic,2,0,5,28100,44790
LA-25082,Hyundai,Economy,14,144500,1.5,120,Gasoline,Automatic,3,0,3,2900,2920
LA-25083,Toyota,Mainstream,9,115300,1.8,149,Gasoline,Automatic,4,0,3,5400,7020
LA-25084,Toyota,Mainstream,10,121300,1.8,124,Gasoline,Automatic,1,0,3,3500,6350
LA-25085,Kia,Economy,1,16600,0.0,241,Electric,Automatic,1,0,4,22100,33980
LA-25086,Ford,Mainstream,7,113400,1.8,129,Hybrid,Automatic,5,0,4,10300,8550
LA-25087,Ford,Mainstream,9,117300,3.5,246,Gasoline,Automatic,3,1,3,3800,6430
LA-25088,Honda,Mainstream,14,194100,0.0,274,Electric,Automatic,2,0,2,2200,2800
LA-25089,BMW,Luxury,14,192700,2.5,181,Gasoline,Automatic,4,0,3,4400,2640
LA-25090,Lexus,Luxury,13,206500,2.0,171,Gasoline,Automatic,2,0,4,3800,2850
LA-25091,Ford,Mainstream,6,90500,1.5,102,Gasoline,Automatic,1,0,4,13500,9570
LA-25092,Ford,Mainstream,7,126600,1.8,146,Gasoline,Manual,2,0,3,9400,7010
LA-25093,Ford,Mainstream,10,166200,2.5,210,Gasoline,Automatic,5,0,3,1800,4480
LA-25094,Honda,Mainstream,14,139800,2.0,140,Gasoline,Automatic,2,0,2,3200,3510
LA-25095,Ford,Mainstream,1,19500,1.8,128,Gasoline,Automatic,2,0,5,27800,28240
LA-25096,Mercedes,Luxury,6,94300,2.0,139,Gasoline,Automatic,5,0,4,20200,10750
LA-25097,Toyota,Mainstream,5,70200,1.5,99,Hybrid,Automatic,2,0,4,16500,13580
LA-25098,Mercedes,Luxury,13,35200,1.5,94,Gasoline,Automatic,4,0,3,5400,4490
LA-25099,Toyota,Mainstream,2,36500,1.8,162,Gasoline,Automatic,1,0,5,24900,27690
LA-25100,Hyundai,Economy,4,58300,1.8,124,Gasoline,Automatic,3,1,3,13400,10780
LA-25101,BMW,Luxury,4,54200,1.8,148,Gasoline,Manual,2,1,4,27500,17280
LA-25102,Ford,Mainstream,2,32600,2.5,190,Gasoline,Automatic,1,0,5,25100,29530
LA-25103,Mercedes,Luxury,1,12600,1.5,128,Gasoline,Automatic,1,0,5,41700,43150
LA-25104,BMW,Luxury,7,87700,2.5,150,Gasoline,Automatic,4,0,4,16900,9850
LA-25105,Kia,Economy,7,80800,1.5,103,Gasoline,Automatic,1,1,2,7000,6110
LA-25106,Ford,Mainstream,1,11700,0.0,267,Electric,Automatic,1,1,4,26200,33160
LA-25107,Toyota,Mainstream,11,132500,1.5,114,Gasoline,Automatic,3,0,3,3600,4710
LA-25108,Kia,Economy,5,69100,2.5,178,Gasoline,Automatic,1,0,4,13200,12170
LA-25109,Honda,Mainstream,11,175600,3.0,202,Gasoline,Automatic,5,1,3,800,4060
LA-25110,Mercedes,Luxury,13,176600,1.5,95,Gasoline,Manual,5,0,2,4200,2600
LA-25111,Mercedes,Luxury,14,159700,1.8,136,Gasoline,Automatic,3,0,2,5000,2970
LA-25112,Hyundai,Economy,10,149100,2.0,138,Hybrid,Manual,2,1,3,800,3700
LA-25113,Nissan,Economy,13,208400,3.0,178,Gasoline,Manual,3,1,2,800,2410
LA-25114,Nissan,Economy,7,113000,2.0,140,Gasoline,Automatic,1,0,2,7300,7380
LA-25115,Ford,Mainstream,10,115500,1.8,116,Gasoline,Automatic,4,0,3,3600,5180
LA-25116,Honda,Mainstream,12,151300,2.5,195,Gasoline,Automatic,5,0,2,2900,4400
LA-25117,Chevrolet,Mainstream,11,123400,0.0,281,Electric,Automatic,1,0,2,3200,4910
LA-25118,Hyundai,Economy,8,165700,2.5,163,Gasoline,Manual,2,1,3,2400,4540
LA-25119,Nissan,Economy,9,141000,1.5,119,Gasoline,Automatic,5,0,3,3200,4490
LA-25120,Nissan,Economy,11,184400,2.0,131,Gasoline,Automatic,2,0,3,800,3520
LA-25121,Toyota,Mainstream,1,13200,2.0,170,Hybrid,Automatic,1,0,5,28100,39870
LA-25122,Audi,Luxury,14,190600,0.0,285,Electric,Automatic,3,0,3,4500,2490
LA-25123,Honda,Mainstream,11,193100,0.0,203,Electric,Automatic,5,0,4,1600,3650
LA-25124,Honda,Mainstream,14,112800,2.0,151,Hybrid,Manual,4,0,3,3600,4200
LA-25125,Toyota,Mainstream,9,104100,3.5,275,Gasoline,Automatic,2,0,3,5700,8860
LA-25126,Hyundai,Economy,9,47200,2.5,182,Gasoline,Automatic,5,0,3,4600,7630
LA-25127,Audi,Luxury,14,318000,2.0,153,Gasoline,Automatic,3,0,2,800,1870
LA-25128,Nissan,Economy,7,98300,1.5,116,Gasoline,Manual,3,1,2,6400,5180
LA-25129,Hyundai,Economy,3,40600,1.5,110,Gasoline,Automatic,2,0,4,17700,16390
LA-25130,Mercedes,Luxury,7,109200,1.5,139,Gasoline,Manual,3,0,4,16000,8480
LA-25131,Lexus,Luxury,14,153900,3.0,217,Gasoline,Automatic,3,0,2,5000,3130
LA-25132,Hyundai,Economy,4,58000,0.0,222,Electric,Automatic,1,1,3,13500,13520
LA-25133,BMW,Luxury,3,36400,2.0,129,Gasoline,Automatic,1,0,4,33200,27880
LA-25134,Lexus,Luxury,8,133500,2.0,148,Gasoline,Automatic,2,0,4,11500,6740
LA-25135,Toyota,Mainstream,1,11900,2.0,146,Gasoline,Automatic,2,0,5,28100,34510
LA-25136,Kia,Economy,9,117200,2.0,122,Gasoline,Automatic,4,0,4,4600,5090
LA-25137,Nissan,Economy,9,82400,3.0,189,Gasoline,Manual,3,0,4,5000,7430
LA-25138,Hyundai,Economy,5,72500,2.5,151,Gasoline,Automatic,2,0,3,12700,10010
LA-25139,Ford,Mainstream,5,68300,0.0,247,Electric,Automatic,2,1,3,14700,11640
LA-25140,Honda,Mainstream,3,34900,3.5,233,Hybrid,Automatic,1,0,4,22300,27720
LA-25141,Audi,Luxury,8,149300,2.5,154,Gasoline,Automatic,4,0,4,10900,6300
LA-25142,Audi,Luxury,1,8800,0.0,271,Electric,Automatic,1,0,5,41800,58000
LA-25143,Toyota,Mainstream,6,76700,1.5,118,Gasoline,Automatic,2,0,4,14000,10520
LA-25144,BMW,Luxury,2,31300,1.8,115,Gasoline,Automatic,1,0,5,37400,34930
LA-25145,Nissan,Economy,3,31800,2.0,129,Gasoline,Automatic,1,0,4,17900,19150
LA-25146,Chevrolet,Mainstream,4,36200,3.5,234,Hybrid,Automatic,1,1,4,18100,20050
LA-25147,Chevrolet,Mainstream,12,119300,1.5,117,Gasoline,Automatic,3,1,2,1700,3630
LA-25148,Ford,Mainstream,7,114600,1.5,98,Gasoline,Automatic,4,0,4,10300,7680
LA-25149,Nissan,Economy,12,111200,2.0,116,Gasoline,Automatic,5,0,2,2500,3680
LA-25150,Chevrolet,Mainstream,12,259200,1.8,146,Gasoline,Automatic,3,0,3,800,2730
LA-25151,Nissan,Economy,5,68700,0.0,211,Electric,Automatic,2,0,4,13300,12740
LA-25152,Nissan,Economy,3,41900,2.0,151,Gasoline,Automatic,1,0,3,17300,14990
LA-25153,Lexus,Luxury,5,69600,0.0,329,Electric,Automatic,2,0,2,24000,16480
LA-25154,Nissan,Economy,10,104500,1.8,127,Gasoline,Automatic,2,1,3,1400,4640
LA-25155,Toyota,Mainstream,11,135100,2.5,180,Gasoline,Automatic,2,0,3,3500,5370
LA-25156,Honda,Mainstream,12,121500,2.0,148,Gasoline,Automatic,5,0,3,3600,4720
LA-25157,Kia,Economy,7,88400,1.5,119,Gasoline,Automatic,1,0,4,9100,7690
LA-25158,Toyota,Mainstream,6,72000,3.5,250,Gasoline,Automatic,2,1,4,12700,13930
LA-25159,Chevrolet,Mainstream,10,174400,2.0,133,Gasoline,Automatic,3,0,2,1000,3880
LA-25160,Ford,Mainstream,10,137300,2.5,171,Gasoline,Automatic,3,0,3,2900,5490
LA-25161,Honda,Mainstream,13,161100,2.5,165,Hybrid,Automatic,5,0,3,3400,3550
LA-25162,Toyota,Mainstream,11,134400,1.8,124,Gasoline,Automatic,5,1,2,1600,4050
LA-25163,Toyota,Mainstream,12,119300,2.5,135,Hybrid,Automatic,3,1,3,2100,4440
LA-25164,Honda,Mainstream,7,67800,1.5,84,Gasoline,Automatic,2,0,3,11100,8770
LA-25165,Audi,Luxury,9,106900,1.8,142,Hybrid,Automatic,3,0,4,9000,7550
LA-25166,Ford,Mainstream,4,72800,3.5,219,Gasoline,Manual,1,0,5,19000,16580
LA-25167,Audi,Luxury,12,174900,1.5,100,Gasoline,Automatic,3,0,3,4200,3160
LA-25168,Toyota,Mainstream,10,100000,2.5,180,Gasoline,Automatic,4,0,4,4000,7450
LA-25169,Kia,Economy,3,35900,3.0,184,Gasoline,Automatic,1,0,3,17500,18340
LA-25170,Hyundai,Economy,6,69700,2.0,173,Hybrid,Automatic,5,0,3,11000,10070
LA-25171,Kia,Economy,12,193500,1.5,136,Gasoline,Automatic,1,0,3,900,2970
LA-25172,Mercedes,Luxury,10,161100,3.0,173,Gasoline,Automatic,5,0,3,3800,4740
LA-25173,Ford,Mainstream,4,45500,2.5,192,Hybrid,Automatic,2,0,3,19200,18120
LA-25174,Nissan,Economy,12,122200,2.0,157,Gasoline,Automatic,4,0,3,2900,3820
LA-25175,Honda,Mainstream,6,87400,1.5,127,Gasoline,Automatic,3,1,4,12100,9490
LA-25176,BMW,Luxury,10,96700,2.5,151,Gasoline,Automatic,5,0,2,5000,5780
LA-25177,Hyundai,Economy,9,107300,3.0,201,Hybrid,Automatic,5,1,3,3100,5370
LA-25178,Toyota,Mainstream,3,52600,1.8,136,Gasoline,Automatic,3,0,4,21600,20710
LA-25179,Ford,Mainstream,5,52900,1.5,110,Gasoline,Manual,3,0,2,16100,10860
LA-25180,Toyota,Mainstream,13,170600,0.0,212,Electric,Automatic,5,0,3,3000,3060
LA-25181,BMW,Luxury,12,147900,3.5,237,Gasoline,Automatic,3,1,3,3700,4050
LA-25182,Chevrolet,Mainstream,2,31700,2.0,162,Gasoline,Automatic,1,0,3,24300,23300
LA-25183,Hyundai,Economy,9,120300,1.5,88,Hybrid,Automatic,3,0,3,4100,4760
LA-25184,Kia,Economy,11,80100,2.5,187,Gasoline,Manual,4,0,2,2500,4670
LA-25185,Ford,Mainstream,14,124600,2.0,157,Hybrid,Automatic,4,0,2,3200,3740
LA-25186,Lexus,Luxury,8,116500,2.0,167,Gasoline,Automatic,5,0,3,11800,7190
LA-25187,BMW,Luxury,4,50800,2.0,113,Hybrid,Automatic,1,0,4,29100,21280
LA-25188,Kia,Economy,12,130800,0.0,204,Electric,Automatic,3,0,2,2500,3240
LA-25189,Honda,Mainstream,10,77700,0.0,199,Electric,Manual,5,0,2,3200,5800
LA-25190,Ford,Mainstream,13,170600,1.8,142,Hybrid,Automatic,4,0,3,3000,3460
LA-25191,Ford,Mainstream,3,34500,3.0,195,Hybrid,Automatic,1,0,4,22300,24570
LA-25192,Nissan,Economy,7,103000,3.5,263,Gasoline,Automatic,1,1,2,6200,7680
LA-25193,Toyota,Mainstream,3,40200,2.0,127,Hybrid,Automatic,1,0,4,22100,22700
LA-25194,Toyota,Mainstream,1,14800,0.0,248,Electric,Automatic,1,0,4,27600,41450
LA-25195,BMW,Luxury,8,63500,1.8,135,Gasoline,Automatic,3,0,3,12600,8980
LA-25196,Ford,Mainstream,10,103300,1.5,129,Gasoline,Automatic,2,0,3,3600,5960
LA-25197,Ford,Mainstream,13,179700,1.5,118,Gasoline,Automatic,4,0,3,2700,3050
LA-25198,Toyota,Mainstream,7,101200,2.0,134,Gasoline,Manual,2,0,4,10800,8660
LA-25199,Toyota,Mainstream,7,39000,3.0,170,Gasoline,Automatic,3,1,4,10000,12480
LA-25200,Chevrolet,Mainstream,8,136400,1.8,130,Gasoline,Automatic,4,1,3,5300,4950
LA-25201,Chevrolet,Mainstream,8,112200,3.0,235,Gasoline,Manual,3,0,3,7800,7610
LA-25202,Lexus,Luxury,5,58000,2.5,166,Gasoline,Automatic,1,0,3,24800,16880
LA-25203,Nissan,Economy,14,77700,2.5,173,Gasoline,Automatic,4,0,3,2900,4050
LA-25204,Honda,Mainstream,12,105400,2.5,188,Gasoline,Automatic,3,1,3,2100,5090
LA-25205,Nissan,Economy,3,48400,1.8,116,Gasoline,Automatic,2,0,5,17800,17260
LA-25206,Toyota,Mainstream,14,176400,3.5,239,Gasoline,Automatic,5,0,2,2900,3430
LA-25207,BMW,Luxury,12,154600,2.5,187,Gasoline,Automatic,5,0,3,5000,3620
LA-25208,Ford,Mainstream,10,117400,5.0,321,Gasoline,Automatic,2,0,2,3200,6790
LA-25209,Nissan,Economy,11,116600,2.5,184,Gasoline,Automatic,3,0,4,3300,4840
LA-25210,Lexus,Luxury,10,114300,1.5,115,Gasoline,Automatic,5,0,3,5400,4690
LA-25211,Lexus,Luxury,10,157600,2.5,174,Hybrid,Automatic,1,0,3,3900,5510
LA-25212,Hyundai,Economy,8,124100,1.5,127,Gasoline,Automatic,2,0,4,6000,5910
LA-25213,Toyota,Mainstream,6,95600,2.0,106,Gasoline,Manual,2,1,4,11800,7970
LA-25214,Toyota,Mainstream,2,32300,2.0,142,Gasoline,Automatic,3,0,5,25100,27580
LA-25215,Ford,Mainstream,13,182700,1.5,131,Gasoline,Automatic,2,0,3,2500,3240
LA-25216,Toyota,Mainstream,6,104800,3.0,221,Gasoline,Automatic,1,1,3,11000,11020
LA-25217,Ford,Mainstream,14,214300,1.5,115,Gasoline,Automatic,2,0,3,1700,2690
LA-25218,Audi,Luxury,14,241100,2.5,190,Gasoline,Automatic,3,0,3,2500,2360
LA-25219,Ford,Mainstream,6,47800,2.0,165,Gasoline,Automatic,1,0,5,14600,14160
LA-25220,Ford,Mainstream,12,61900,2.5,162,Gasoline,Automatic,2,0,3,3600,6710
LA-25221,Mercedes,Luxury,6,94000,2.0,162,Gasoline,Automatic,2,0,3,19800,12030
LA-25222,BMW,Luxury,7,91300,1.5,111,Gasoline,Automatic,1,0,4,16800,9450
LA-25223,Ford,Mainstream,11,3900,2.5,186,Gasoline,Automatic,4,0,3,3600,7810
LA-25224,Hyundai,Economy,14,213000,2.5,165,Gasoline,Manual,3,0,3,1100,2400
LA-25225,Hyundai,Economy,8,132000,2.0,152,Gasoline,Automatic,2,0,3,5300,5510
LA-25226,Nissan,Economy,12,163000,0.0,197,Electric,Automatic,5,1,2,800,2610
LA-25227,Toyota,Mainstream,3,42800,1.8,116,Gasoline,Automatic,1,0,3,21600,17860
LA-25228,BMW,Luxury,5,36500,1.5,117,Gasoline,Automatic,2,0,3,24800,16830
LA-25229,Toyota,Mainstream,13,209200,2.0,179,Gasoline,Automatic,3,0,3,1500,3350
LA-25230,Kia,Economy,14,297600,3.5,241,Gasoline,Automatic,3,0,3,800,2130
LA-25231,Lexus,Luxury,10,222000,0.0,273,Electric,Automatic,1,0,4,1700,3850
LA-25232,Honda,Mainstream,4,54900,1.5,120,Hybrid,Automatic,1,0,3,18900,15770
LA-25233,BMW,Luxury,7,93400,2.0,146,Hybrid,Automatic,2,0,3,16300,10350
LA-25234,Chevrolet,Mainstream,8,126300,5.0,337,Gasoline,Automatic,1,0,4,7600,9060
LA-25235,Honda,Mainstream,6,57700,2.5,162,Hybrid,Automatic,2,0,4,14200,15390
LA-25236,Hyundai,Economy,8,89500,1.8,97,Gasoline,Automatic,3,0,4,7100,6010
LA-25237,Honda,Mainstream,9,132300,1.5,140,Gasoline,Automatic,4,0,3,4700,5990
LA-25238,Chevrolet,Mainstream,3,48700,2.5,158,Gasoline,Automatic,2,0,3,21400,16770
LA-25239,Kia,Economy,5,58100,1.5,134,Gasoline,Manual,1,1,4,12100,9400
LA-25240,BMW,Luxury,11,130300,1.5,107,Gasoline,Automatic,4,0,3,5400,3710
LA-25241,Mercedes,Luxury,9,74100,1.8,125,Gasoline,Manual,4,1,3,7100,6530
LA-25242,Audi,Luxury,2,19200,0.0,173,Electric,Manual,3,0,4,37300,31700
LA-25243,Chevrolet,Mainstream,2,33900,5.0,315,Gasoline,Automatic,1,0,4,24600,31320
LA-25244,Audi,Luxury,8,83300,2.5,157,Gasoline,Manual,3,0,4,13000,8410
LA-25245,Audi,Luxury,6,62500,2.0,154,Gasoline,Automatic,2,0,3,20700,12940
LA-25246,Chevrolet,Mainstream,5,56100,3.5,246,Gasoline,Automatic,1,0,3,16500,15910
LA-25247,Toyota,Mainstream,12,100000,3.0,188,Gasoline,Automatic,3,0,3,3600,6060
LA-25248,Ford,Mainstream,10,147400,5.0,350,Hybrid,Automatic,2,1,3,1000,6050
LA-25249,BMW,Luxury,2,18800,2.5,174,Gasoline,Automatic,1,0,4,37300,40820
LA-25250,Hyundai,Economy,1,12900,1.5,111,Gasoline,Automatic,2,0,5,22600,26850
LA-25251,Honda,Mainstream,10,135900,0.0,187,Electric,Automatic,4,0,4,3400,5170
LA-25252,Mercedes,Luxury,12,67900,2.0,152,Gasoline,Automatic,4,0,4,5800,5650
LA-25253,Kia,Economy,10,180900,2.5,188,Gasoline,Automatic,1,0,4,800,4080
LA-25254,Toyota,Mainstream,11,188200,1.5,126,Hybrid,Automatic,4,1,3,800,3640
LA-25255,Mercedes,Luxury,11,134100,2.5,149,Gasoline,Automatic,1,0,2,4900,4540
LA-25256,Hyundai,Economy,8,137600,3.5,250,Gasoline,Manual,1,0,3,5100,6250
LA-25257,Ford,Mainstream,1,13000,3.5,262,Gasoline,Automatic,1,0,4,27700,40430
LA-25258,Hyundai,Economy,5,78400,1.8,130,Gasoline,Automatic,2,0,3,12500,10240
LA-25259,Hyundai,Economy,12,202300,1.8,148,Gasoline,Automatic,2,0,3,800,3060
LA-25260,Lexus,Luxury,7,147000,3.0,184,Gasoline,Automatic,4,1,2,12200,6060
LA-25261,Nissan,Economy,4,60100,0.0,255,Electric,Manual,3,0,3,14900,14040
LA-25262,Ford,Mainstream,10,213500,2.0,147,Hybrid,Automatic,3,0,3,800,3850
LA-25263,Chevrolet,Mainstream,3,50100,2.5,198,Gasoline,Automatic,1,0,3,21300,18710
LA-25264,Toyota,Mainstream,3,54100,2.5,174,Gasoline,Automatic,2,1,3,19700,18570
LA-25265,Ford,Mainstream,2,22400,1.5,98,Gasoline,Manual,1,0,4,25000,20360
LA-25266,BMW,Luxury,13,182400,3.5,215,Gasoline,Automatic,5,0,3,4300,3170
LA-25267,Chevrolet,Mainstream,9,187700,1.8,123,Gasoline,Automatic,5,0,3,2500,3910
LA-25268,BMW,Luxury,4,45800,1.5,120,Hybrid,Automatic,2,0,3,28800,21750
LA-25269,Ford,Mainstream,11,92900,2.5,190,Gasoline,Automatic,3,0,2,3200,5850
LA-25270,Kia,Economy,2,47900,3.5,230,Gasoline,Automatic,1,0,4,19100,24080
LA-25271,Toyota,Mainstream,9,51000,2.5,157,Gasoline,Automatic,2,0,4,6100,9790
LA-25272,Toyota,Mainstream,7,109000,5.0,363,Gasoline,Automatic,4,0,4,10500,12510
LA-25273,Chevrolet,Mainstream,13,128000,0.0,277,Electric,Automatic,5,0,2,3200,3600
LA-25274,Audi,Luxury,8,100300,2.0,142,Gasoline,Automatic,2,0,4,12800,7960
LA-25275,Nissan,Economy,6,40600,2.0,143,Gasoline,Automatic,1,1,2,9100,9280
LA-25276,Honda,Mainstream,9,102900,1.5,125,Gasoline,Automatic,3,0,2,5300,6510
LA-25277,Ford,Mainstream,2,22600,3.0,191,Hybrid,Automatic,1,0,3,24600,25380
LA-25278,Toyota,Mainstream,8,98000,2.0,139,Gasoline,Automatic,1,0,3,8300,8380
LA-25279,Kia,Economy,5,76000,2.0,137,Hybrid,Automatic,2,0,3,12600,11190
LA-25280,Lexus,Luxury,4,30700,2.5,153,Gasoline,Manual,1,0,4,29200,21710
LA-25281,Kia,Economy,3,54200,0.0,246,Electric,Automatic,3,1,4,15700,13840
LA-25282,BMW,Luxury,7,113700,2.5,171,Gasoline,Automatic,3,0,4,15900,9660
LA-25283,Ford,Mainstream,11,53000,3.5,244,Gasoline,Automatic,3,0,3,3600,8330
LA-25284,BMW,Luxury,3,33600,0.0,277,Electric,Automatic,1,0,4,33200,34140
LA-25285,Chevrolet,Mainstream,11,110600,2.5,176,Hybrid,Automatic,2,0,4,4000,6350
LA-25286,Nissan,Economy,9,227200,1.8,139,Gasoline,Automatic,2,0,3,800,3420
LA-25287,Honda,Mainstream,7,85600,2.5,189,Gasoline,Automatic,3,0,3,11000,11000
LA-25288,Nissan,Economy,13,93300,3.5,244,Gasoline,Automatic,3,0,2,2500,4840
LA-25289,Honda,Mainstream,4,53400,2.0,155,Gasoline,Automatic,2,0,3,19000,17500
LA-25290,Ford,Mainstream,1,10900,1.5,119,Hybrid,Manual,1,0,5,28100,30460
LA-25291,Ford,Mainstream,7,66000,1.8,132,Gasoline,Automatic,3,0,3,11100,9800
LA-25292,Chevrolet,Mainstream,2,42700,2.0,140,Gasoline,Manual,2,0,3,23900,18900
LA-25293,Honda,Mainstream,10,121700,1.8,113,Gasoline,Automatic,1,0,2,3100,5350
LA-25294,Kia,Economy,3,38300,0.0,232,Electric,Automatic,1,1,4,16300,17420
LA-25295,Kia,Economy,3,46500,2.5,167,Gasoline,Automatic,4,0,5,17900,17670
LA-25296,Honda,Mainstream,14,272000,1.5,97,Gasoline,Automatic,3,1,2,800,2110
LA-25297,BMW,Luxury,8,109500,1.8,135,Gasoline,Automatic,1,0,4,12500,7990
LA-25298,Nissan,Economy,9,79900,2.0,143,Gasoline,Automatic,4,0,1,3800,5700
LA-25299,Lexus,Luxury,4,50100,1.5,142,Hybrid,Automatic,2,0,4,29100,22110
LA-25300,Mercedes,Luxury,9,122800,2.5,172,Gasoline,Automatic,5,1,3,6500,5750
LA-25301,Lexus,Luxury,11,130900,2.0,158,Hybrid,Automatic,2,0,2,5000,4470
LA-25302,Audi,Luxury,9,134400,2.5,188,Hybrid,Automatic,1,0,3,7500,6400
LA-25303,Audi,Luxury,8,78600,1.5,102,Gasoline,Manual,5,0,3,12600,7140
LA-25304,Lexus,Luxury,5,95600,3.5,250,Hybrid,Automatic,1,0,3,23300,17270
LA-25305,Lexus,Luxury,7,102000,5.0,316,Gasoline,Automatic,3,1,3,14400,10140
LA-25306,Ford,Mainstream,3,26300,2.5,169,Gasoline,Automatic,1,1,5,21200,20170
LA-25307,Toyota,Mainstream,8,109000,2.0,135,Gasoline,Automatic,5,1,3,6400,6470
LA-25308,Audi,Luxury,6,89100,2.5,177,Gasoline,Automatic,1,0,4,20400,12920
LA-25309,Ford,Mainstream,5,69600,1.8,108,Hybrid,Automatic,3,0,3,16100,12030
LA-25310,Mercedes,Luxury,6,109900,2.5,203,Gasoline,Automatic,1,0,3,19200,12560
LA-25311,Lexus,Luxury,12,107800,2.0,151,Gasoline,Automatic,4,0,3,5400,4190
LA-25312,Kia,Economy,12,83100,0.0,198,Electric,Automatic,2,0,4,3300,4370
LA-25313,Ford,Mainstream,1,17300,0.0,272,Electric,Automatic,1,0,5,27900,42350
LA-25314,Nissan,Economy,9,101800,1.8,152,Gasoline,Automatic,4,0,4,5000,6030
LA-25315,Mercedes,Luxury,4,43100,2.0,141,Gasoline,Automatic,2,0,3,28800,20550
LA-25316,Honda,Mainstream,4,63500,1.8,131,Gasoline,Automatic,2,0,3,18600,15800
LA-25317,Mercedes,Luxury,5,44500,3.5,237,Gasoline,Automatic,3,1,3,23300,18940
LA-25318,Nissan,Economy,6,44600,3.5,224,Gasoline,Automatic,3,0,4,11400,12110
LA-25319,Audi,Luxury,3,23900,1.8,140,Hybrid,Automatic,2,0,4,33200,27150
LA-25320,Ford,Mainstream,10,148200,2.5,158,Gasoline,Manual,2,0,4,2900,5220
LA-25321,Audi,Luxury,10,117100,1.8,122,Gasoline,Manual,4,0,3,5400,4920
LA-25322,Honda,Mainstream,13,121500,2.0,138,Gasoline,Automatic,3,0,3,3600,4080
LA-25323,Nissan,Economy,1,4100,2.5,203,Gasoline,Automatic,1,0,4,22200,31690
LA-25324,Audi,Luxury,2,30700,2.5,176,Gasoline,Automatic,1,0,4,37000,36170
LA-25325,Hyundai,Economy,9,79200,3.5,240,Gasoline,Automatic,3,1,2,2700,6170
LA-25326,Honda,Mainstream,7,101100,2.0,125,Gasoline,Automatic,3,1,4,9300,7750
LA-25327,Lexus,Luxury,11,120800,0.0,231,Electric,Automatic,5,1,2,3500,3710
LA-25328,Kia,Economy,8,108600,2.5,166,Gasoline,Automatic,2,0,3,6200,6180
LA-25329,Ford,Mainstream,4,43300,2.0,126,Gasoline,Automatic,1,0,3,19200,14550
LA-25330,Audi,Luxury,1,12200,3.5,250,Gasoline,Automatic,1,0,4,41300,55780
LA-25331,Mercedes,Luxury,4,19300,3.0,195,Gasoline,Automatic,1,0,5,29600,27730
LA-25332,Audi,Luxury,1,15000,2.0,159,Gasoline,Automatic,1,1,5,40100,44740
LA-25333,Kia,Economy,7,107300,2.5,181,Gasoline,Manual,1,1,3,6400,6580
LA-25334,Honda,Mainstream,5,88900,1.5,89,Gasoline,Automatic,3,0,4,15700,10460
LA-25335,Kia,Economy,5,67400,2.5,157,Gasoline,Automatic,1,0,4,13300,12010
LA-25336,Hyundai,Economy,12,119200,3.5,233,Gasoline,Automatic,3,0,3,2900,4560
LA-25337,Hyundai,Economy,4,47200,3.0,202,Gasoline,Automatic,1,0,5,16200,17930
LA-25338,Toyota,Mainstream,13,165100,2.0,144,Gasoline,Automatic,4,0,3,3200,3480
LA-25339,Honda,Mainstream,10,79000,3.5,231,Gasoline,Automatic,4,0,4,4000,8420
LA-25340,Honda,Mainstream,10,159300,2.5,194,Gasoline,Automatic,3,1,3,800,4940
LA-25341,Toyota,Mainstream,4,84000,3.0,201,Gasoline,Automatic,3,1,2,15900,13760
LA-25342,Ford,Mainstream,13,143800,0.0,161,Electric,Automatic,1,0,2,3200,3190
LA-25343,Chevrolet,Mainstream,10,48500,1.8,155,Gasoline,Automatic,4,0,3,3600,7770
LA-25344,Nissan,Economy,11,107100,2.5,205,Gasoline,Automatic,3,0,3,2900,5470
LA-25345,Hyundai,Economy,6,73200,2.5,188,Gasoline,Automatic,1,0,3,11000,10760
LA-25346,Chevrolet,Mainstream,2,23700,0.0,220,Electric,Automatic,1,0,3,24600,27440
LA-25347,Honda,Mainstream,12,201700,3.5,256,Gasoline,Automatic,2,1,3,800,3710
LA-25348,Honda,Mainstream,2,34900,3.5,243,Gasoline,Automatic,1,0,4,24600,32050
LA-25349,Ford,Mainstream,14,125400,1.5,97,Gasoline,Automatic,2,1,2,1700,2860
LA-25350,Honda,Mainstream,12,192400,1.5,125,Gasoline,Automatic,2,0,3,1700,3600
LA-25351,Honda,Mainstream,11,204000,2.5,184,Hybrid,Manual,5,0,3,800,3740
LA-25352,Chevrolet,Mainstream,7,45700,1.5,110,Gasoline,Automatic,2,0,3,11100,10170
LA-25353,Honda,Mainstream,5,57800,0.0,244,Electric,Automatic,2,0,3,16500,15680
LA-25354,Honda,Mainstream,8,104300,1.5,93,Gasoline,Automatic,2,0,3,8100,6940
LA-25355,BMW,Luxury,9,158800,2.0,159,Gasoline,Automatic,2,1,3,5000,5110
LA-25356,Ford,Mainstream,4,26600,0.0,248,Electric,Automatic,2,0,4,19600,18280
LA-25357,Ford,Mainstream,11,119900,3.5,222,Hybrid,Automatic,1,1,2,1700,5460
LA-25358,BMW,Luxury,11,111000,2.0,112,Gasoline,Automatic,3,0,2,5000,4390
LA-25359,BMW,Luxury,6,54200,5.0,338,Gasoline,Automatic,3,0,4,21100,20520
LA-25360,Nissan,Economy,12,139800,2.5,200,Gasoline,Automatic,5,0,3,2900,3780
LA-25361,Kia,Economy,8,121700,0.0,279,Electric,Automatic,4,1,3,4200,5190
LA-25362,Toyota,Mainstream,4,60100,2.0,154,Gasoline,Automatic,1,0,4,19100,17670
LA-25363,Mercedes,Luxury,2,36700,2.0,126,Hybrid,Automatic,2,0,4,36800,36300
LA-25364,Kia,Economy,7,75300,1.8,162,Gasoline,Automatic,3,1,4,7800,7870
LA-25365,Lexus,Luxury,7,91400,2.5,175,Gasoline,Automatic,2,0,3,16400,10260
LA-25366,Honda,Mainstream,12,167200,1.5,129,Gasoline,Automatic,4,0,2,2300,3610
LA-25367,Toyota,Mainstream,6,106700,2.0,179,Gasoline,Manual,3,1,3,10900,9190
LA-25368,Audi,Luxury,8,76100,3.0,187,Hybrid,Automatic,4,0,4,13000,11170
LA-25369,Ford,Mainstream,4,57000,1.8,112,Gasoline,Automatic,3,0,4,19200,13610
LA-25370,Lexus,Luxury,13,119000,2.0,177,Gasoline,Automatic,5,0,3,5400,3630
LA-25371,BMW,Luxury,4,50200,2.0,141,Hybrid,Automatic,1,1,3,27200,18050
LA-25372,Honda,Mainstream,7,52200,1.5,116,Gasoline,Automatic,2,0,4,11500,11640
LA-25373,Kia,Economy,2,19400,1.8,120,Gasoline,Automatic,1,0,5,20500,19750
LA-25374,Ford,Mainstream,11,133800,0.0,282,Electric,Manual,2,0,3,3500,4470
LA-25375,Mercedes,Luxury,2,19300,2.0,127,Gasoline,Automatic,4,0,4,37300,32410
LA-25376,Kia,Economy,4,60300,1.5,131,Gasoline,Automatic,2,0,3,14900,12420
LA-25377,Nissan,Economy,1,13500,1.5,117,Gasoline,Manual,1,0,5,22600,27390
LA-25378,Ford,Mainstream,3,13900,2.5,167,Gasoline,Automatic,1,1,2,20000,19200
LA-25379,Toyota,Mainstream,2,20400,2.0,145,Gasoline,Automatic,1,0,3,24600,27910
LA-25380,Chevrolet,Mainstream,8,130000,1.5,113,Gasoline,Automatic,2,0,3,7000,5840
LA-25381,Nissan,Economy,14,190600,2.5,190,Gasoline,Automatic,2,0,3,2000,2950
LA-25382,Audi,Luxury,8,112800,2.5,171,Gasoline,Automatic,2,0,3,11900,7450
LA-25383,Ford,Mainstream,3,5400,3.5,245,Gasoline,Automatic,1,1,3,20400,20240
LA-25384,Chevrolet,Mainstream,4,41500,1.8,142,Gasoline,Automatic,1,0,5,20000,17040
LA-25385,Audi,Luxury,6,89300,2.5,185,Hybrid,Automatic,3,0,3,20000,13150
LA-25386,Honda,Mainstream,6,63400,1.5,110,Gasoline,Automatic,2,0,3,13800,11380
LA-25387,Nissan,Economy,14,209200,2.0,142,Gasoline,Automatic,2,0,2,800,2440
LA-25388,Audi,Luxury,6,93600,3.0,185,Gasoline,Automatic,1,0,3,19800,14020
LA-25389,Kia,Economy,6,65700,1.5,111,Gasoline,Manual,3,0,4,11400,8690
LA-25390,Toyota,Mainstream,10,163800,0.0,196,Electric,Automatic,5,0,2,1400,3990
LA-25391,Kia,Economy,13,232400,2.0,152,Gasoline,Automatic,5,1,3,800,2280
LA-25392,Toyota,Mainstream,1,21800,1.5,109,Gasoline,Automatic,1,0,4,27300,30320
LA-25393,Ford,Mainstream,4,63400,2.0,120,Gasoline,Automatic,1,0,4,19000,14000
LA-25394,Audi,Luxury,11,87500,1.8,117,Gasoline,Automatic,5,0,2,5000,4490
LA-25395,Nissan,Economy,14,180400,2.5,149,Gasoline,Automatic,5,1,2,800,2350
LA-25396,Honda,Mainstream,5,73400,1.8,130,Gasoline,Automatic,3,0,4,16400,13080
LA-25397,Nissan,Economy,7,64400,5.0,332,Gasoline,Automatic,4,0,4,9300,11690
LA-25398,Hyundai,Economy,4,46300,3.0,208,Gasoline,Automatic,1,0,4,15800,17070
LA-25399,BMW,Luxury,10,100500,3.0,186,Hybrid,Automatic,2,0,2,5000,6190
LA-25400,Nissan,Economy,12,204100,2.0,139,Gasoline,Automatic,1,0,4,900,2950
LA-25401,Mercedes,Luxury,5,42000,3.5,250,Gasoline,Automatic,3,0,4,25200,23430
LA-25402,Nissan,Economy,2,35100,1.5,90,Gasoline,Automatic,1,1,3,17700,14630
LA-25403,Toyota,Mainstream,3,38600,1.8,136,Gasoline,Automatic,2,0,5,22600,23070
LA-25404,Chevrolet,Mainstream,7,100500,1.8,135,Gasoline,Automatic,2,1,3,8900,7150
LA-25405,Toyota,Mainstream,3,37900,2.5,163,Gasoline,Automatic,1,0,4,22200,22710
LA-25406,Ford,Mainstream,12,110500,1.8,138,Gasoline,Automatic,1,0,3,3600,4850
LA-25407,Ford,Mainstream,4,55700,2.0,159,Gasoline,Manual,5,0,3,18900,12570
LA-25408,Chevrolet,Mainstream,13,250400,2.5,141,Gasoline,Automatic,3,0,3,800,2660
LA-25409,Ford,Mainstream,8,111800,1.5,100,Gasoline,Automatic,4,0,3,7800,6050
LA-25410,Honda,Mainstream,11,173000,1.8,143,Hybrid,Automatic,4,0,2,1600,4100
LA-25411,Mercedes,Luxury,8,52600,2.5,193,Gasoline,Automatic,1,0,4,13000,12130
LA-25412,Toyota,Mainstream,5,92700,2.5,150,Hybrid,Automatic,2,0,3,15200,12990
LA-25413,Chevrolet,Mainstream,10,162000,1.5,119,Gasoline,Automatic,3,0,3,1900,4360
LA-25414,Kia,Economy,11,133000,2.5,172,Hybrid,Automatic,3,0,3,2800,4490
LA-25415,Honda,Mainstream,6,92200,2.0,152,Gasoline,Manual,2,0,3,13000,10740
LA-25416,Chevrolet,Mainstream,12,215700,0.0,243,Electric,Automatic,4,1,5,800,2900
LA-25417,Ford,Mainstream,2,23900,0.0,266,Electric,Automatic,2,1,3,23100,24220
LA-25418,Mercedes,Luxury,1,15100,2.5,182,Gasoline,Automatic,1,0,4,41200,52580
LA-25419,Toyota,Mainstream,9,139700,1.5,119,Gasoline,Automatic,2,1,3,2900,4820
LA-25420,Toyota,Mainstream,2,30000,2.5,196,Gasoline,Manual,1,0,4,24800,27720
LA-25421,Chevrolet,Mainstream,2,28800,1.8,131,Gasoline,Automatic,2,0,3,24400,21860
LA-25422,Nissan,Economy,4,40200,3.0,201,Gasoline,Automatic,3,0,4,15800,17450
LA-25423,Mercedes,Luxury,14,90800,1.5,120,Gasoline,Automatic,2,0,3,5400,3650
LA-25424,Hyundai,Economy,13,139000,2.5,205,Gasoline,Automatic,4,0,3,2900,3540
LA-25425,Lexus,Luxury,11,152400,5.0,325,Gasoline,Automatic,4,0,2,4200,4830
LA-25426,Nissan,Economy,14,121200,1.5,126,Gasoline,Automatic,5,1,2,1000,2740
LA-25427,Lexus,Luxury,9,163800,1.5,120,Gasoline,Automatic,2,0,3,6300,4710
LA-25428,Mercedes,Luxury,3,19600,2.5,184,Hybrid,Automatic,1,0,4,33200,35090
LA-25429,Audi,Luxury,2,23500,0.0,243,Electric,Manual,1,1,4,35800,34450
LA-25430,Toyota,Mainstream,7,97700,1.8,127,Gasoline,Manual,2,1,3,9100,7640
LA-25431,Audi,Luxury,7,92800,1.8,144,Gasoline,Automatic,2,0,4,16700,9910
LA-25432,Kia,Economy,7,108700,1.5,116,Gasoline,Automatic,4,1,3,6400,5620
LA-25433,Honda,Mainstream,3,35900,3.0,237,Gasoline,Automatic,3,1,3,20400,18340
LA-25434,Toyota,Mainstream,4,71300,3.0,203,Gasoline,Automatic,1,0,3,18300,18730
LA-25435,Toyota,Mainstream,14,149600,2.5,157,Gasoline,Automatic,3,0,2,3200,3420
LA-25436,Chevrolet,Mainstream,5,74900,1.8,141,Gasoline,Automatic,2,0,4,16300,12190
LA-25437,Toyota,Mainstream,6,60600,3.5,220,Gasoline,Automatic,5,0,3,13800,13180
LA-25438,Chevrolet,Mainstream,10,162400,2.0,154,Gasoline,Automatic,2,1,3,800,4110
LA-25439,Honda,Mainstream,10,119000,2.0,147,Gasoline,Automatic,2,1,3,2100,5170
LA-25440,Toyota,Mainstream,10,113900,3.0,194,Gasoline,Automatic,2,0,3,3600,6770
LA-25441,Toyota,Mainstream,2,26700,1.8,134,Gasoline,Automatic,2,0,4,24900,24870
LA-25442,Toyota,Mainstream,5,54100,2.0,129,Gasoline,Automatic,2,0,3,16500,14580
LA-25443,Audi,Luxury,6,67100,3.5,261,Gasoline,Automatic,2,0,2,20300,13850
LA-25444,Kia,Economy,7,46300,0.0,221,Electric,Automatic,5,0,4,9300,9450
LA-25445,Kia,Economy,3,40400,1.5,118,Gasoline,Manual,1,0,3,17300,14160
LA-25446,Lexus,Luxury,2,24500,3.0,201,Gasoline,Automatic,2,0,4,37300,38400
LA-25447,Hyundai,Economy,9,130200,1.5,110,Gasoline,Automatic,2,0,4,4100,5080
LA-25448,Audi,Luxury,12,131200,1.5,92,Hybrid,Automatic,4,0,3,5400,3720
LA-25449,Kia,Economy,14,113400,1.8,128,Hybrid,Automatic,5,0,2,2500,3060
LA-25450,Chevrolet,Mainstream,1,14400,1.5,107,Gasoline,Manual,1,0,5,28000,24770
LA-25451,Nissan,Economy,7,66800,2.0,154,Hybrid,Automatic,2,0,4,9300,10510
LA-25452,Chevrolet,Mainstream,13,121400,0.0,272,Electric,Automatic,3,0,3,3600,3890
LA-25453,Honda,Mainstream,10,184800,1.8,132,Hybrid,Automatic,2,0,4,1400,4990
LA-25454,Toyota,Mainstream,4,51500,2.0,121,Gasoline,Automatic,2,0,4,19500,17520
LA-25455,Audi,Luxury,2,49800,5.0,311,Gasoline,Automatic,1,0,5,36700,46110
LA-25456,Ford,Mainstream,4,50800,5.0,311,Gasoline,Automatic,2,0,3,19100,20850
LA-25457,Mercedes,Luxury,4,37400,1.5,119,Gasoline,Automatic,1,0,4,29200,21470
LA-25458,Chevrolet,Mainstream,14,154200,2.5,181,Gasoline,Automatic,5,0,2,3200,3190
LA-25459,Toyota,Mainstream,2,21900,3.5,226,Gasoline,Automatic,1,0,4,25000,33530
LA-25460,Hyundai,Economy,4,67300,2.5,177,Gasoline,Automatic,1,0,5,15400,13740
LA-25461,Toyota,Mainstream,3,40000,3.5,230,Gasoline,Automatic,2,0,4,22100,26760
LA-25462,Nissan,Economy,11,140900,5.0,331,Gasoline,Automatic,5,0,2,2100,4520
LA-25463,Chevrolet,Mainstream,3,49200,3.5,235,Gasoline,Automatic,1,0,4,21800,23370
LA-25464,BMW,Luxury,3,35600,3.5,248,Gasoline,Automatic,1,0,4,33200,32560
LA-25465,Toyota,Mainstream,10,136000,2.5,176,Gasoline,Automatic,4,0,2,2600,5290
LA-25466,Toyota,Mainstream,6,60700,2.0,147,Gasoline,Automatic,3,0,3,13800,12020
LA-25467,Toyota,Mainstream,7,111400,0.0,271,Electric,Automatic,4,0,3,10000,8850
LA-25468,Lexus,Luxury,11,200900,0.0,285,Electric,Automatic,5,1,2,800,2980
LA-25469,Ford,Mainstream,9,107600,2.0,140,Gasoline,Automatic,4,0,3,5700,6000
LA-25470,Kia,Economy,13,118300,1.8,108,Gasoline,Manual,1,0,3,2900,3520
LA-25471,Chevrolet,Mainstream,9,125300,2.5,179,Gasoline,Automatic,3,0,3,5000,6770
LA-25472,Honda,Mainstream,2,45000,3.5,277,Gasoline,Automatic,1,0,5,24600,32640
LA-25473,Honda,Mainstream,5,60800,2.0,145,Gasoline,Automatic,1,0,4,16900,15580
LA-25474,Kia,Economy,4,72100,3.5,242,Gasoline,Automatic,1,0,3,14400,14270
LA-25475,Chevrolet,Mainstream,12,109100,2.5,190,Gasoline,Automatic,3,0,3,3600,5080
LA-25476,Lexus,Luxury,7,87000,5.0,343,Gasoline,Automatic,2,0,4,16900,13460
LA-25477,Mercedes,Luxury,8,124600,2.5,196,Gasoline,Automatic,3,1,3,10000,7020
LA-25478,Mercedes,Luxury,12,156500,3.0,215,Gasoline,Automatic,4,0,3,4900,4060
LA-25479,Toyota,Mainstream,13,141000,1.8,131,Gasoline,Automatic,5,0,3,3600,3860
LA-25480,Chevrolet,Mainstream,9,169100,1.5,115,Gasoline,Automatic,5,0,3,3300,4280
LA-25481,Toyota,Mainstream,12,146800,2.0,142,Hybrid,Automatic,1,0,3,3500,4700
LA-25482,Mercedes,Luxury,1,18500,2.5,169,Gasoline,Automatic,1,0,5,41500,50840
LA-25483,Honda,Mainstream,10,115200,2.0,173,Gasoline,Automatic,1,1,3,2100,6050
LA-25484,Chevrolet,Mainstream,7,72500,2.5,181,Gasoline,Automatic,3,1,3,9600,8320
LA-25485,Honda,Mainstream,8,107700,2.0,150,Gasoline,Automatic,3,0,4,8300,8080
LA-25486,Toyota,Mainstream,13,219100,0.0,329,Electric,Automatic,1,0,2,800,3220
LA-25487,Lexus,Luxury,12,141500,1.5,134,Gasoline,Automatic,2,0,2,5000,3730
LA-25488,Hyundai,Economy,3,58900,1.5,120,Gasoline,Automatic,1,0,4,17000,15730
LA-25489,Chevrolet,Mainstream,10,93600,1.5,93,Gasoline,Automatic,5,0,4,4000,5500
LA-25490,BMW,Luxury,6,76400,2.0,168,Gasoline,Automatic,1,1,3,19000,10960
LA-25491,Chevrolet,Mainstream,11,164700,2.5,159,Gasoline,Automatic,2,0,3,2300,4330
LA-25492,Mercedes,Luxury,3,44000,3.0,180,Gasoline,Automatic,2,0,5,33300,31190
LA-25493,Mercedes,Luxury,1,22700,2.0,144,Hybrid,Automatic,1,0,4,40900,51800
LA-25494,Toyota,Mainstream,4,23800,1.8,131,Gasoline,Automatic,1,0,5,20000,20220
LA-25495,Chevrolet,Mainstream,6,69400,1.5,116,Hybrid,Automatic,1,0,4,14200,11530
LA-25496,Toyota,Mainstream,14,213000,1.8,127,Gasoline,Automatic,1,0,3,1800,2860
LA-25497,Ford,Mainstream,10,141400,2.0,150,Gasoline,Manual,5,0,4,3100,4640
LA-25498,Ford,Mainstream,14,170600,1.8,141,Gasoline,Automatic,5,1,2,1600,2560
LA-25499,BMW,Luxury,1,26700,2.0,169,Hybrid,Manual,2,0,5,41200,48750
LA-25500,Honda,Mainstream,2,21500,2.0,174,Gasoline,Automatic,1,0,4,25000,27850
LA-25501,Kia,Economy,8,111800,0.0,266,Electric,Automatic,1,0,5,6900,6860
LA-25502,Chevrolet,Mainstream,7,126300,2.5,158,Gasoline,Automatic,2,1,2,7500,6410
LA-25503,Mercedes,Luxury,8,147700,2.0,169,Gasoline,Automatic,3,0,4,10900,7160
LA-25504,Mercedes,Luxury,7,133400,1.8,123,Gasoline,Automatic,4,0,3,14700,6950
LA-25505,Toyota,Mainstream,4,33300,2.0,167,Gasoline,Automatic,2,0,4,19600,20630
LA-25506,BMW,Luxury,9,99300,2.0,146,Gasoline,Automatic,1,1,4,7500,6510
LA-25507,Honda,Mainstream,5,70800,2.0,143,Gasoline,Automatic,1,0,4,16500,14250
LA-25508,Kia,Economy,1,21300,2.5,172,Gasoline,Automatic,1,0,4,21900,29350
LA-25509,Toyota,Mainstream,11,95700,2.0,149,Hybrid,Automatic,4,0,2,3200,6060
LA-25510,Toyota,Mainstream,7,103200,1.8,136,Gasoline,Automatic,3,0,4,10700,8760
LA-25511,Audi,Luxury,2,21900,2.5,166,Gasoline,Automatic,1,0,5,37700,40470
LA-25512,Mercedes,Luxury,12,151100,2.0,155,Gasoline,Automatic,5,1,3,3600,3300
LA-25513,Chevrolet,Mainstream,1,15300,5.0,315,Gasoline,Manual,1,0,4,27600,38130
LA-25514,Honda,Mainstream,6,90800,1.5,97,Gasoline,Automatic,2,0,4,13400,8890
LA-25515,Honda,Mainstream,14,83800,1.5,108,Gasoline,Manual,4,1,2,1700,3480
LA-25516,Ford,Mainstream,6,88200,2.5,181,Hybrid,Automatic,1,0,3,13200,12090
LA-25517,Ford,Mainstream,10,86400,2.0,176,Gasoline,Automatic,3,0,3,3600,7010
LA-25518,Toyota,Mainstream,10,89100,0.0,202,Electric,Automatic,3,0,3,3600,6720
LA-25519,Ford,Mainstream,8,114700,1.8,127,Gasoline,Automatic,2,1,2,5800,5400
LA-25520,Toyota,Mainstream,9,118500,1.5,107,Gasoline,Automatic,3,1,2,3400,5080
LA-25521,Toyota,Mainstream,11,89500,2.0,139,Gasoline,Automatic,2,0,2,3200,6260
LA-25522,Mercedes,Luxury,5,23000,2.0,128,Gasoline,Automatic,4,0,4,25200,17860
LA-25523,Nissan,Economy,4,51100,0.0,259,Electric,Manual,2,0,4,15600,16200
LA-25524,BMW,Luxury,3,40300,5.0,329,Gasoline,Automatic,2,0,4,33100,34320
LA-25525,Nissan,Economy,10,71900,1.5,123,Hybrid,Automatic,4,0,3,2900,5780
LA-25526,Ford,Mainstream,3,58500,1.8,152,Gasoline,Automatic,1,0,3,21000,18200
LA-25527,Nissan,Economy,9,140100,1.5,100,Gasoline,Automatic,3,0,3,3300,4440
LA-25528,Audi,Luxury,13,91400,2.0,129,Gasoline,Automatic,1,0,3,5400,4260
LA-25529,Audi,Luxury,5,76200,5.0,315,Gasoline,Automatic,1,0,3,24100,21630
LA-25530,Chevrolet,Mainstream,1,13200,1.5,119,Gasoline,Automatic,1,1,2,25400,21820
LA-25531,Audi,Luxury,5,87600,3.5,248,Gasoline,Automatic,2,1,4,22500,14820
LA-25532,BMW,Luxury,11,204100,2.0,118,Gasoline,Automatic,4,1,3,1000,3060
LA-25533,Honda,Mainstream,7,132600,1.5,131,Gasoline,Automatic,1,0,3,9200,7780
LA-25534,Hyundai,Economy,4,37300,1.8,139,Gasoline,Automatic,2,1,3,13900,12060
LA-25535,Ford,Mainstream,2,28400,1.5,107,Gasoline,Automatic,3,1,4,23300,18330
LA-25536,Honda,Mainstream,3,22000,2.0,161,Gasoline,Manual,2,0,3,21900,21400
LA-25537,Hyundai,Economy,11,95100,2.0,146,Hybrid,Automatic,4,0,3,2900,5060
LA-25538,Kia,Economy,6,112200,3.5,264,Gasoline,Automatic,4,0,4,9800,9330
LA-25539,Toyota,Mainstream,13,162300,2.0,156,Gasoline,Automatic,1,0,3,3300,4040
LA-25540,Ford,Mainstream,1,11700,1.8,129,Hybrid,Automatic,1,0,3,27300,31140
LA-25541,Ford,Mainstream,13,154600,1.5,123,Gasoline,Automatic,5,0,4,4000,3550
LA-25542,Honda,Mainstream,3,32800,1.5,122,Gasoline,Automatic,1,0,3,21900,19460
LA-25543,Nissan,Economy,9,89500,2.0,141,Gasoline,Automatic,2,1,2,2700,5140
LA-25544,Honda,Mainstream,12,172700,1.8,116,Gasoline,Automatic,3,1,3,1000,3440
LA-25545,Kia,Economy,3,34900,3.0,208,Gasoline,Automatic,1,0,4,17900,19460
LA-25546,Mercedes,Luxury,6,68600,3.0,212,Gasoline,Automatic,4,0,2,20300,14080
LA-25547,Audi,Luxury,1,15400,1.8,118,Gasoline,Automatic,1,0,5,41600,43910
LA-25548,Honda,Mainstream,9,114600,3.0,226,Gasoline,Automatic,4,0,2,5000,7410
LA-25549,Honda,Mainstream,8,99000,1.5,92,Gasoline,Automatic,2,1,2,6400,6050
LA-25550,Ford,Mainstream,6,61100,1.5,110,Gasoline,Automatic,3,1,4,12700,9260
LA-25551,Ford,Mainstream,4,47800,2.0,145,Gasoline,Automatic,2,0,4,19600,16300
LA-25552,Ford,Mainstream,1,21700,0.0,318,Electric,Manual,1,0,5,27700,37870
LA-25553,Nissan,Economy,5,56900,2.5,183,Gasoline,Automatic,3,1,3,11700,11800
LA-25554,Chevrolet,Mainstream,1,13300,3.0,210,Gasoline,Automatic,1,1,4,26100,31470
LA-25555,Toyota,Mainstream,10,97500,5.0,330,Gasoline,Automatic,3,0,4,4000,8920
LA-25556,Honda,Mainstream,9,109900,2.5,152,Gasoline,Automatic,2,0,4,6000,7840
LA-25557,Honda,Mainstream,2,32700,1.5,101,Gasoline,Automatic,1,0,4,24700,23430
LA-25558,BMW,Luxury,4,27400,3.5,246,Gasoline,Automatic,1,0,4,29200,30180
LA-25559,Toyota,Mainstream,9,111500,2.5,202,Gasoline,Automatic,1,0,3,5600,8560
LA-25560,Toyota,Mainstream,12,180100,2.5,140,Gasoline,Automatic,3,0,3,2200,4130
LA-25561,Kia,Economy,11,139800,1.8,127,Gasoline,Automatic,2,0,3,2600,3820
LA-25562,Toyota,Mainstream,14,141100,1.8,133,Gasoline,Automatic,3,0,3,3600,3660
LA-25563,Nissan,Economy,1,21000,2.5,177,Gasoline,Automatic,2,1,5,20800,25940
LA-25564,Honda,Mainstream,8,123400,3.0,206,Gasoline,Automatic,1,0,3,7300,9100
LA-25565,Kia,Economy,8,76000,2.0,155,Gasoline,Automatic,4,1,3,5200,5990
LA-25566,Ford,Mainstream,1,15300,1.8,119,Gasoline,Automatic,1,0,5,28000,31370
LA-25567,Toyota,Mainstream,11,146100,0.0,204,Electric,Automatic,4,0,2,2600,4020
LA-25568,Nissan,Economy,5,24800,1.8,124,Hybrid,Manual,2,0,3,13200,12670
LA-25569,Toyota,Mainstream,7,94900,3.5,225,Gasoline,Automatic,2,0,2,10300,10850
LA-25570,BMW,Luxury,2,19600,5.0,336,Gasoline,Automatic,2,0,4,37300,46770
LA-25571,Audi,Luxury,5,62800,2.0,155,Gasoline,Automatic,4,0,3,24600,15500
LA-25572,Honda,Mainstream,1,11200,2.0,136,Gasoline,Automatic,1,0,5,28100,32840
LA-25573,Chevrolet,Mainstream,3,45100,1.8,134,Gasoline,Automatic,1,0,4,21900,19890
LA-25574,Nissan,Economy,4,89100,2.0,145,Gasoline,Automatic,3,0,4,14100,12040
LA-25575,Ford,Mainstream,14,143300,2.0,139,Gasoline,Automatic,3,0,2,3200,3500
LA-25576,Kia,Economy,2,21900,1.5,113,Gasoline,Automatic,2,0,3,19700,17840
LA-25577,Toyota,Mainstream,6,48900,3.5,263,Gasoline,Automatic,2,0,4,14200,17200
LA-25578,Ford,Mainstream,9,80300,1.5,106,Gasoline,Automatic,2,0,3,5700,6520
LA-25579,Ford,Mainstream,3,49100,2.0,135,Gasoline,Automatic,2,1,3,19900,15090
LA-25580,Nissan,Economy,13,167300,0.0,270,Electric,Manual,5,1,2,800,2400
LA-25581,Kia,Economy,1,8700,1.5,133,Gasoline,Automatic,1,0,4,22200,27050
LA-25582,Nissan,Economy,4,47400,2.0,155,Gasoline,Automatic,1,0,4,15800,15810
LA-25583,Mercedes,Luxury,4,43500,1.5,113,Gasoline,Automatic,2,0,4,29200,18810
LA-25584,Audi,Luxury,9,130500,3.5,240,Gasoline,Automatic,3,0,2,7300,6150
LA-25585,Toyota,Mainstream,12,129100,2.5,184,Gasoline,Automatic,3,0,3,3600,4950
LA-25586,Kia,Economy,8,105600,1.5,122,Gasoline,Automatic,2,0,3,6300,5620
LA-25587,Ford,Mainstream,3,38400,3.0,203,Gasoline,Automatic,3,0,3,21800,19410
LA-25588,Ford,Mainstream,1,5200,3.5,246,Gasoline,Manual,1,0,4,27700,41390
LA-25589,Mercedes,Luxury,10,91200,1.5,123,Gasoline,Automatic,3,0,4,5800,6250
LA-25590,Hyundai,Economy,14,236300,2.5,187,Gasoline,Automatic,4,1,2,800,2090
LA-25591,Chevrolet,Mainstream,13,180400,2.0,109,Gasoline,Automatic,3,0,4,3000,2920
LA-25592,Honda,Mainstream,13,168100,2.5,181,Hybrid,Automatic,3,1,3,1600,3560
LA-25593,BMW,Luxury,6,70300,1.8,121,Gasoline,Automatic,1,0,3,20700,12770
LA-25594,Mercedes,Luxury,14,89900,2.5,170,Gasoline,Automatic,3,0,3,5400,3930
LA-25595,Nissan,Economy,8,102500,1.8,112,Gasoline,Automatic,2,0,3,6500,5800
LA-25596,Nissan,Economy,14,193000,2.5,151,Gasoline,Automatic,3,0,2,1500,2570
LA-25597,Toyota,Mainstream,3,51000,2.5,177,Gasoline,Automatic,1,0,3,21300,21740
LA-25598,Ford,Mainstream,5,79700,2.0,175,Gasoline,Automatic,4,0,4,16100,11690
LA-25599,Chevrolet,Mainstream,4,56200,1.8,138,Hybrid,Automatic,1,0,4,19300,15860
LA-25600,BMW,Luxury,8,119400,2.0,161,Gasoline,Automatic,2,0,3,11700,7960
LA-25601,Toyota,Mainstream,6,68400,5.0,319,Gasoline,Automatic,2,0,4,14200,16360
LA-25602,Honda,Mainstream,8,143500,1.5,127,Gasoline,Automatic,3,0,3,6500,6480
LA-25603,Lexus,Luxury,10,87300,1.8,124,Gasoline,Automatic,2,0,3,5400,6190
LA-25604,Honda,Mainstream,6,78300,0.0,298,Electric,Manual,1,1,2,11600,10300
LA-25605,Nissan,Economy,7,77500,2.0,147,Hybrid,Automatic,1,0,3,8900,9290
LA-25606,Chevrolet,Mainstream,11,183200,1.8,125,Gasoline,Automatic,2,0,3,1600,3650
LA-25607,Mercedes,Luxury,12,141900,1.8,143,Gasoline,Automatic,5,0,2,5000,3580
LA-25608,Toyota,Mainstream,9,137500,5.0,332,Hybrid,Automatic,3,0,3,4500,8770
LA-25609,Nissan,Economy,11,104000,1.5,94,Hybrid,Automatic,2,1,3,1400,4040
LA-25610,Lexus,Luxury,13,211300,2.5,187,Gasoline,Automatic,2,0,3,3200,2820
LA-25611,Nissan,Economy,8,128500,0.0,256,Electric,Automatic,1,0,4,5800,6380
LA-25612,Ford,Mainstream,1,21500,3.5,233,Gasoline,Automatic,2,0,4,27300,39280
LA-25613,Lexus,Luxury,7,80600,0.0,236,Electric,Automatic,2,0,3,16600,10510
LA-25614,BMW,Luxury,14,224200,1.8,90,Gasoline,Automatic,5,0,4,3600,2090
LA-25615,Nissan,Economy,8,118000,5.0,331,Gasoline,Manual,3,0,3,5800,7660
LA-25616,Honda,Mainstream,13,217600,1.8,110,Gasoline,Automatic,1,0,2,800,2840
LA-25617,BMW,Luxury,7,107700,1.5,118,Gasoline,Automatic,1,0,4,16100,8740
LA-25618,Audi,Luxury,11,144300,2.5,167,Hybrid,Automatic,4,0,2,4500,4160
LA-25619,Kia,Economy,7,115500,0.0,242,Electric,Manual,3,0,5,8400,6600
LA-25620,Ford,Mainstream,3,7000,5.0,319,Gasoline,Automatic,1,0,4,22300,30360
LA-25621,Lexus,Luxury,5,55300,1.5,138,Gasoline,Automatic,2,0,3,24800,16190
LA-25622,Toyota,Mainstream,4,39600,3.5,247,Hybrid,Automatic,1,0,4,19600,23420
LA-25623,Ford,Mainstream,3,50000,1.8,111,Gasoline,Automatic,1,0,4,21700,17820
LA-25624,Lexus,Luxury,3,36200,3.0,211,Gasoline,Automatic,2,1,3,31300,26500
LA-25625,Kia,Economy,14,211600,2.5,199,Hybrid,Automatic,4,0,2,800,2470
LA-25626,Toyota,Mainstream,10,135400,2.0,153,Hybrid,Automatic,3,0,3,3000,5980
LA-25627,Hyundai,Economy,1,21400,1.5,89,Gasoline,Automatic,1,0,5,22300,25980
LA-25628,Lexus,Luxury,1,19100,1.8,129,Hybrid,Automatic,1,0,4,41100,47390
LA-25629,Audi,Luxury,1,13000,1.5,122,Gasoline,Automatic,2,1,3,39400,36580
LA-25630,Ford,Mainstream,4,59300,5.0,344,Hybrid,Automatic,2,1,3,17200,18140
LA-25631,Honda,Mainstream,2,29300,1.5,106,Gasoline,Manual,2,0,5,25200,23550
LA-25632,Honda,Mainstream,12,130200,2.0,150,Gasoline,Automatic,1,0,3,3600,5200
LA-25633,Honda,Mainstream,6,89500,1.5,121,Hybrid,Automatic,2,1,3,11600,9780
LA-25634,Honda,Mainstream,9,163600,2.5,189,Gasoline,Automatic,1,1,4,2400,5470
LA-25635,Ford,Mainstream,8,128100,3.5,255,Gasoline,Automatic,1,0,3,7100,8500
LA-25636,BMW,Luxury,8,89000,2.5,178,Hybrid,Automatic,2,0,3,12600,9560
LA-25637,Hyundai,Economy,5,81000,1.5,126,Hybrid,Automatic,3,0,4,12800,10980
LA-25638,Honda,Mainstream,8,80900,1.8,117,Hybrid,Manual,4,0,3,8400,7860
LA-25639,Mercedes,Luxury,11,22200,3.0,197,Gasoline,Automatic,4,1,3,3900,7380
LA-25640,Chevrolet,Mainstream,2,24100,3.5,240,Gasoline,Automatic,1,0,4,25000,28840
LA-25641,Honda,Mainstream,6,78500,2.0,126,Gasoline,Automatic,5,0,4,13900,10990
LA-25642,Kia,Economy,10,75700,1.5,94,Gasoline,Automatic,1,0,3,2900,5230
LA-25643,Toyota,Mainstream,2,24000,0.0,270,Electric,Automatic,2,0,5,25400,36430
LA-25644,Toyota,Mainstream,1,25500,1.5,123,Gasoline,Automatic,1,0,4,27200,30300
LA-25645,BMW,Luxury,6,78800,1.5,106,Gasoline,Automatic,1,0,4,20800,12360
LA-25646,Ford,Mainstream,2,28300,2.5,199,Gasoline,Manual,1,0,4,24800,26840
LA-25647,Kia,Economy,7,87300,0.0,344,Electric,Automatic,5,1,5,8000,7340
LA-25648,Chevrolet,Mainstream,11,48000,1.8,111,Gasoline,Automatic,2,0,3,3600,6010
LA-25649,Lexus,Luxury,8,110500,1.8,126,Hybrid,Automatic,2,0,2,11600,7390
LA-25650,Toyota,Mainstream,4,42700,2.5,174,Gasoline,Automatic,1,0,4,19600,19680
LA-25651,Lexus,Luxury,5,69300,3.5,216,Gasoline,Automatic,3,0,4,24800,17960
LA-25652,Nissan,Economy,14,81100,2.5,178,Gasoline,Automatic,3,0,3,2900,4130
LA-25653,Lexus,Luxury,6,79700,1.8,125,Gasoline,Automatic,2,0,3,20400,10800
LA-25654,Honda,Mainstream,6,85000,2.0,132,Gasoline,Automatic,3,1,3,11800,9950
LA-25655,Ford,Mainstream,5,93300,3.5,244,Gasoline,Automatic,1,0,3,15200,14020
LA-25656,Toyota,Mainstream,13,172600,5.0,318,Gasoline,Automatic,3,0,3,2900,4590
LA-25657,Lexus,Luxury,3,29400,2.5,182,Gasoline,Automatic,1,0,4,33200,28330
LA-25658,Ford,Mainstream,12,151800,3.0,219,Gasoline,Automatic,3,0,4,3700,4950
LA-25659,Honda,Mainstream,5,33600,2.0,139,Hybrid,Automatic,3,0,4,16900,17840
LA-25660,Hyundai,Economy,8,43300,2.0,124,Gasoline,Automatic,4,0,3,6700,7920
LA-25661,Audi,Luxury,10,137300,3.0,211,Hybrid,Manual,1,0,4,5100,6210
LA-25662,Hyundai,Economy,8,118900,0.0,247,Electric,Automatic,3,0,4,6200,6600
LA-25663,Toyota,Mainstream,14,183600,1.8,104,Gasoline,Automatic,3,0,2,2600,2700
LA-25664,Ford,Mainstream,11,186900,0.0,269,Electric,Automatic,2,0,3,1400,3940
LA-25665,Kia,Economy,7,111600,2.0,139,Gasoline,Automatic,3,1,3,6300,5590
LA-25666,Chevrolet,Mainstream,4,61300,0.0,233,Electric,Automatic,1,0,4,19100,16610
LA-25667,Honda,Mainstream,7,51900,3.5,248,Gasoline,Automatic,4,0,3,11100,13770
LA-25668,Ford,Mainstream,7,70200,2.5,172,Gasoline,Automatic,2,0,4,11500,10970
LA-25669,Chevrolet,Mainstream,4,52400,5.0,342,Gasoline,Automatic,1,0,4,19400,22890
LA-25670,Toyota,Mainstream,4,28100,2.0,149,Hybrid,Automatic,1,0,5,20000,22080
LA-25671,Kia,Economy,6,53200,2.5,185,Gasoline,Automatic,2,0,4,11400,11380
LA-25672,Mercedes,Luxury,10,73200,0.0,255,Electric,Automatic,3,0,4,5800,7470
LA-25673,Honda,Mainstream,13,127000,5.0,342,Gasoline,Automatic,4,0,3,3600,5470
LA-25674,BMW,Luxury,6,82900,3.0,214,Gasoline,Automatic,2,0,4,20700,14230
LA-25675,Chevrolet,Mainstream,3,55900,2.5,170,Hybrid,Automatic,2,0,4,21500,20700
LA-25676,Honda,Mainstream,4,59400,3.5,246,Gasoline,Automatic,2,0,4,19100,19300
LA-25677,Hyundai,Economy,7,80700,5.0,345,Gasoline,Automatic,5,0,4,9300,12030
LA-25678,Honda,Mainstream,14,128500,2.0,137,Gasoline,Automatic,2,0,2,3200,3870
LA-25679,Ford,Mainstream,14,234600,0.0,259,Electric,Automatic,3,0,2,800,2280
LA-25680,Mercedes,Luxury,9,125600,2.5,139,Gasoline,Automatic,4,1,3,6300,5420
LA-25681,Chevrolet,Mainstream,10,154500,1.8,147,Gasoline,Automatic,4,1,3,800,4050
LA-25682,Lexus,Luxury,3,29000,1.8,129,Gasoline,Automatic,4,0,5,33600,23780
LA-25683,Ford,Mainstream,9,76800,2.5,160,Gasoline,Automatic,4,1,3,4200,6410
LA-25684,Honda,Mainstream,14,180800,2.0,122,Gasoline,Automatic,3,0,2,2700,2960
LA-25685,Hyundai,Economy,8,105100,3.5,225,Gasoline,Automatic,1,0,3,6400,7770
LA-25686,BMW,Luxury,3,54700,5.0,300,Gasoline,Automatic,2,0,4,32500,33980
LA-25687,BMW,Luxury,1,14200,1.8,151,Gasoline,Automatic,2,0,5,41700,51420
LA-25688,Honda,Mainstream,2,29200,1.8,136,Gasoline,Automatic,1,0,3,24400,25310
LA-25689,Honda,Mainstream,8,89300,2.0,120,Gasoline,Automatic,2,1,2,6500,6770
LA-25690,Ford,Mainstream,11,174000,2.0,123,Hybrid,Automatic,3,1,2,800,3460
LA-25691,Chevrolet,Mainstream,5,52200,2.0,153,Gasoline,Automatic,2,0,4,16900,13400
LA-25692,Honda,Mainstream,6,91400,5.0,358,Gasoline,Automatic,3,0,3,13000,14250
LA-25693,Honda,Mainstream,3,43600,2.0,154,Gasoline,Automatic,2,0,3,21600,19200
LA-25694,BMW,Luxury,4,61500,1.8,129,Gasoline,Automatic,2,0,4,28700,17800
LA-25695,Ford,Mainstream,6,108700,1.8,155,Hybrid,Automatic,2,0,3,12300,10190
LA-25696,Audi,Luxury,1,25500,2.5,174,Gasoline,Automatic,1,0,4,40800,48070
LA-25697,Hyundai,Economy,7,140500,1.5,107,Gasoline,Automatic,4,0,3,6600,5120
LA-25698,Toyota,Mainstream,12,158500,3.0,195,Gasoline,Automatic,5,0,3,3000,4270
LA-25699,Nissan,Economy,11,64200,0.0,217,Electric,Automatic,3,0,3,2900,5660
LA-25700,Honda,Mainstream,4,58100,1.8,121,Gasoline,Automatic,4,0,4,19200,15950
LA-25701,Chevrolet,Mainstream,9,108000,2.0,159,Gasoline,Automatic,2,0,3,5700,6720
LA-25702,Chevrolet,Mainstream,10,95800,1.8,143,Hybrid,Automatic,4,0,3,3600,6730
LA-25703,Toyota,Mainstream,4,49800,3.0,215,Gasoline,Automatic,3,0,5,19900,19730
LA-25704,Audi,Luxury,5,52100,2.0,163,Gasoline,Automatic,3,0,4,25200,16750
LA-25705,Ford,Mainstream,9,124600,5.0,320,Gasoline,Automatic,3,0,3,5000,7900
LA-25706,Kia,Economy,4,58000,2.5,160,Gasoline,Automatic,3,0,4,15400,12660
LA-25707,Honda,Mainstream,7,109700,1.5,94,Hybrid,Automatic,2,0,2,9700,7270
LA-25708,Kia,Economy,4,64800,1.8,115,Gasoline,Automatic,4,1,3,13200,9150
LA-25709,Mercedes,Luxury,6,91200,1.8,125,Hybrid,Automatic,2,0,5,20700,13380
LA-25710,Honda,Mainstream,4,30100,2.0,172,Gasoline,Automatic,2,0,4,19600,20940
LA-25711,Chevrolet,Mainstream,9,101200,3.5,278,Gasoline,Automatic,3,1,3,4200,7090
LA-25712,Hyundai,Economy,7,47200,2.5,142,Gasoline,Automatic,4,1,3,7400,7900
LA-25713,Toyota,Mainstream,7,105600,3.5,222,Hybrid,Automatic,3,0,4,10600,11280
LA-25714,Kia,Economy,8,103300,1.8,130,Gasoline,Automatic,3,0,3,6400,5980
LA-25715,Lexus,Luxury,10,133300,1.8,118,Hybrid,Automatic,4,1,3,3400,4160
LA-25716,BMW,Luxury,5,61800,2.5,170,Gasoline,Automatic,1,0,4,25100,17480
LA-25717,Hyundai,Economy,13,168800,1.5,111,Gasoline,Manual,3,1,2,800,2320
LA-25718,Honda,Mainstream,10,55900,2.5,159,Gasoline,Automatic,1,0,3,3600,8910
LA-25719,Toyota,Mainstream,8,109900,3.5,239,Gasoline,Automatic,2,0,3,7800,8890
LA-25720,Mercedes,Luxury,8,153400,3.0,195,Gasoline,Automatic,3,0,2,9900,6590
LA-25721,Nissan,Economy,9,128800,0.0,243,Electric,Automatic,2,0,4,4100,5480
LA-25722,BMW,Luxury,1,15000,2.5,170,Gasoline,Automatic,1,0,4,41200,48840
LA-25723,Chevrolet,Mainstream,4,72300,2.0,147,Gasoline,Automatic,2,1,2,16300,10720
LA-25724,Toyota,Mainstream,2,33900,1.5,111,Gasoline,Automatic,2,1,4,23100,19180
LA-25725,Hyundai,Economy,5,69800,3.0,189,Gasoline,Automatic,1,0,3,12800,12390
LA-25726,Hyundai,Economy,6,120900,2.0,171,Gasoline,Automatic,1,0,4,9500,7970
LA-25727,Toyota,Mainstream,2,25800,2.0,146,Gasoline,Automatic,2,1,3,23000,20190
LA-25728,Ford,Mainstream,4,45000,0.0,257,Electric,Automatic,4,0,3,19200,18490
LA-25729,Kia,Economy,9,85100,2.0,150,Gasoline,Manual,2,0,3,4600,6240
LA-25730,Toyota,Mainstream,12,196100,2.5,168,Gasoline,Automatic,1,0,2,1100,3540
LA-25731,Ford,Mainstream,5,32700,2.0,140,Gasoline,Automatic,4,1,3,15000,12060
LA-25732,Honda,Mainstream,5,52900,2.0,127,Hybrid,Manual,1,0,3,16500,14960
LA-25733,Nissan,Economy,4,40800,2.0,140,Gasoline,Automatic,2,1,4,14300,13030
LA-25734,Ford,Mainstream,8,128100,2.0,164,Hybrid,Automatic,5,0,3,7100,6660
LA-25735,Kia,Economy,14,159800,3.0,177,Gasoline,Automatic,3,1,2,1000,2610
LA-25736,Chevrolet,Mainstream,6,75400,3.0,209,Gasoline,Automatic,3,0,3,13700,11160
LA-25737,Chevrolet,Mainstream,5,37400,1.5,122,Hybrid,Automatic,2,0,4,16900,14740
LA-25738,Toyota,Mainstream,13,139000,2.5,160,Gasoline,Manual,4,0,3,3600,3970
LA-25739,Chevrolet,Mainstream,4,48800,1.5,124,Gasoline,Manual,1,0,5,20000,14670
LA-25740,Lexus,Luxury,11,133200,1.5,110,Gasoline,Automatic,2,0,2,5000,3750
LA-25741,BMW,Luxury,4,51700,1.8,123,Gasoline,Automatic,1,0,4,29100,19990
LA-25742,Nissan,Economy,8,117900,2.0,137,Gasoline,Manual,4,0,3,5800,5560
LA-25743,BMW,Luxury,9,117000,1.5,111,Gasoline,Automatic,1,0,4,8600,5970
LA-25744,Toyota,Mainstream,10,168600,1.8,119,Gasoline,Automatic,3,0,4,2100,4680
LA-25745,BMW,Luxury,8,87500,1.5,109,Gasoline,Automatic,4,0,4,13000,8390
LA-25746,BMW,Luxury,6,81600,1.5,108,Gasoline,Automatic,2,1,3,18800,10030
LA-25747,Kia,Economy,8,89800,1.8,138,Gasoline,Automatic,3,1,2,4800,5100
LA-25748,Audi,Luxury,5,91500,2.0,138,Hybrid,Manual,3,0,4,23900,13150
LA-25749,Toyota,Mainstream,5,82300,3.5,231,Gasoline,Automatic,2,1,3,14100,13530
LA-25750,Toyota,Mainstream,14,108500,3.5,216,Gasoline,Automatic,3,0,3,3600,4960
LA-25751,Audi,Luxury,14,106000,5.0,343,Gasoline,Automatic,3,0,3,5400,4350
LA-25752,Chevrolet,Mainstream,14,219500,0.0,198,Electric,Automatic,4,0,2,1100,2260
LA-25753,Lexus,Luxury,5,81500,1.5,141,Gasoline,Automatic,3,1,3,22400,11230
LA-25754,Chevrolet,Mainstream,7,99000,3.5,242,Gasoline,Automatic,3,1,3,9000,8510
LA-25755,Chevrolet,Mainstream,2,21500,2.0,146,Gasoline,Automatic,2,0,4,25000,24320
LA-25756,BMW,Luxury,2,23500,0.0,227,Electric,Automatic,1,0,3,36900,38850
LA-25757,Chevrolet,Mainstream,9,89600,3.5,235,Gasoline,Automatic,1,0,2,5300,7910
LA-25758,Honda,Mainstream,12,137100,1.5,120,Gasoline,Automatic,3,0,3,3600,4630
LA-25759,Chevrolet,Mainstream,13,158500,2.0,127,Gasoline,Automatic,3,0,2,3100,3370
LA-25760,Honda,Mainstream,13,87200,3.5,255,Hybrid,Automatic,5,0,4,4000,6300
LA-25761,Audi,Luxury,3,33500,0.0,300,Electric,Automatic,2,0,4,33200,33860
LA-25762,Mercedes,Luxury,13,129900,2.0,160,Gasoline,Automatic,4,0,3,5400,3630
LA-25763,Toyota,Mainstream,3,23100,1.5,105,Gasoline,Automatic,1,0,3,21900,20540
LA-25764,Ford,Mainstream,11,196700,0.0,213,Electric,Automatic,3,0,4,1400,3490
LA-25765,Mercedes,Luxury,1,22200,0.0,294,Electric,Automatic,2,0,4,40900,58790
LA-25766,Toyota,Mainstream,12,111900,3.5,236,Gasoline,Automatic,3,0,2,3200,5720
LA-25767,Toyota,Mainstream,13,135500,2.0,154,Hybrid,Automatic,4,0,3,3600,4340
LA-25768,Honda,Mainstream,4,44900,1.8,131,Gasoline,Automatic,1,1,4,18100,15490
LA-25769,Audi,Luxury,8,74200,5.0,344,Hybrid,Automatic,3,1,3,11100,10520
LA-25770,Chevrolet,Mainstream,4,59200,2.5,195,Gasoline,Automatic,2,1,3,17300,14680
LA-25771,Honda,Mainstream,11,91000,0.0,224,Electric,Automatic,4,0,3,3600,5430
LA-25772,Honda,Mainstream,9,137600,1.8,118,Gasoline,Automatic,1,0,2,4100,5570
LA-25773,Toyota,Mainstream,14,202000,1.8,128,Gasoline,Automatic,4,1,3,800,2680
LA-25774,Hyundai,Economy,14,174400,1.5,91,Hybrid,Automatic,2,1,2,800,2280
LA-25775,Honda,Mainstream,12,231100,2.0,157,Gasoline,Automatic,2,0,4,800,3480
LA-25776,Kia,Economy,5,76400,1.8,119,Gasoline,Automatic,2,1,3,11000,8060
LA-25777,Lexus,Luxury,9,103400,3.0,217,Gasoline,Automatic,4,0,4,9000,8050
LA-25778,Kia,Economy,13,156300,1.8,119,Gasoline,Automatic,4,1,2,1000,2610
LA-25779,Honda,Mainstream,4,64100,5.0,311,Gasoline,Automatic,1,0,4,19000,23610
LA-25780,Honda,Mainstream,9,83200,2.0,122,Gasoline,Automatic,2,0,3,5700,7400
LA-25781,Ford,Mainstream,2,26000,1.8,107,Hybrid,Automatic,1,0,4,24900,22650
LA-25782,Chevrolet,Mainstream,9,136000,3.5,274,Gasoline,Automatic,2,0,3,4600,6590
LA-25783,Honda,Mainstream,5,79600,3.0,215,Hybrid,Automatic,5,0,3,15700,14060
LA-25784,Toyota,Mainstream,11,105700,0.0,257,Electric,Automatic,3,0,3,3600,5520
LA-25785,BMW,Luxury,1,23900,1.8,141,Gasoline,Automatic,1,1,4,39400,45370
LA-25786,Hyundai,Economy,8,91000,3.5,254,Gasoline,Automatic,2,1,4,5600,7920
LA-25787,Nissan,Economy,12,188000,2.0,148,Gasoline,Automatic,3,0,3,1100,3070
LA-25788,Chevrolet,Mainstream,14,200100,2.5,185,Hybrid,Automatic,5,0,4,2700,3170
LA-25789,Honda,Mainstream,11,103400,1.5,111,Gasoline,Automatic,2,0,3,3600,5500
LA-25790,Kia,Economy,13,155900,3.0,188,Gasoline,Automatic,3,0,2,2500,3070
LA-25791,Chevrolet,Mainstream,10,37300,2.0,141,Gasoline,Automatic,1,0,4,4000,8660
LA-25792,Ford,Mainstream,13,207500,3.0,208,Gasoline,Automatic,4,0,2,1100,3230
LA-25793,Mercedes,Luxury,8,104400,1.8,133,Hybrid,Automatic,2,1,2,10400,7040
LA-25794,Lexus,Luxury,1,16900,0.0,294,Electric,Automatic,1,0,5,41600,62590
LA-25795,BMW,Luxury,9,90200,1.8,128,Gasoline,Automatic,4,0,4,9000,6720
LA-25796,Audi,Luxury,4,49000,3.5,263,Gasoline,Automatic,2,1,3,27300,18810
LA-25797,Kia,Economy,7,56000,2.5,159,Gasoline,Manual,1,1,3,7400,8120
LA-25798,Honda,Mainstream,10,101200,2.0,138,Hybrid,Automatic,2,0,4,4000,6960
LA-25799,Mercedes,Luxury,1,17700,0.0,144,Electric,Automatic,1,0,4,41100,45560
