member_id,home_club,age,tenure_months,contract_type,months_to_contract_end,plan_tier,monthly_fee,joined_on_promo,family_plan,personal_trainer,distance_km,app_user,visits_last_30d,visits_prev_30d,days_since_last_visit,classes_last_30d,payment_failures_12m,locker_rental,referral_source,complaints_12m,cancelled_90d
RW-100001,Northgate,42,25,Annual,10,Plus,44,0,0,0,11.7,1,8,21,6,1,0,0,Walk-in,1,0
RW-100002,Lakeview,32,21,Annual,11,Premium,74,0,0,0,7.3,1,13,18,7,1,0,1,Corporate,0,0
RW-100003,Downtown,72,10,Annual,2,Basic,24,0,0,0,13.1,1,10,6,1,4,1,0,Corporate,0,0
RW-100004,Riverside,23,5,Monthly,0,Premium,79,0,0,1,3.2,0,3,10,2,0,0,0,Corporate,0,0
RW-100005,Riverside,55,1,Annual,4,Premium,74,0,1,0,19.2,1,2,0,10,0,0,0,Walk-in,0,0
RW-100006,Westfield,42,36,Monthly,0,Premium,79,0,0,0,4.5,1,8,4,6,0,0,1,Online ad,1,0
RW-100007,Hillcrest,22,9,Monthly,0,Basic,29,0,0,0,9.2,0,2,3,9,1,0,1,Friend,0,1
RW-100008,Northgate,22,18,Annual,10,Basic,24,0,0,0,12.5,1,5,7,1,0,0,0,Walk-in,0,0
RW-100009,Lakeview,37,18,Annual,11,Basic,24,0,0,0,3.8,1,4,6,3,0,0,0,Friend,1,0
RW-100010,Riverside,37,38,Monthly,0,Plus,49,0,0,0,9.5,1,11,11,7,0,0,0,Online ad,0,0
RW-100011,Hillcrest,38,44,Annual,4,Basic,24,0,0,0,6.6,0,4,3,10,0,0,0,Online ad,0,0
RW-100012,Hillcrest,43,14,Annual,11,Basic,24,0,0,0,2.3,1,4,4,0,0,0,0,Walk-in,0,0
RW-100013,Lakeview,74,45,Monthly,0,Premium,79,0,1,0,4.7,1,1,10,16,1,0,1,Online ad,0,0
RW-100014,Westfield,38,63,Monthly,0,Premium,79,0,0,1,9.8,0,21,27,1,0,0,0,Online ad,0,0
RW-100015,Downtown,36,20,Monthly,0,Plus,49,0,0,0,5.4,0,2,5,5,1,1,0,Online ad,0,0
RW-100016,Westfield,37,5,Annual,3,Plus,44,1,0,0,7.1,1,5,3,2,0,0,0,Online ad,1,0
RW-100017,Downtown,29,8,Monthly,0,Basic,29,0,0,1,3.1,1,23,27,5,4,0,0,Walk-in,0,0
RW-100018,Riverside,41,45,Monthly,0,Premium,79,0,0,0,1.5,0,1,6,9,0,0,0,Online ad,0,0
RW-100019,Riverside,27,11,Annual,2,Basic,24,0,0,0,1.7,0,3,8,6,2,0,1,Online ad,0,0
RW-100020,Riverside,38,8,Monthly,0,Basic,29,0,0,0,7.0,0,8,5,6,0,0,0,Walk-in,0,0
RW-100021,Downtown,29,70,Monthly,0,Plus,49,0,0,0,5.3,0,3,2,9,0,0,0,Online ad,0,0
RW-100022,Downtown,19,42,Annual,2,Plus,34,1,0,0,4.4,0,10,4,8,6,0,1,Online ad,1,0
RW-100023,Lakeview,40,28,Annual,1,Basic,14,1,0,0,6.5,0,5,8,2,0,2,0,Online ad,0,1
RW-100024,Northgate,36,22,Monthly,0,Basic,29,0,0,0,7.7,1,12,8,0,2,0,1,Friend,0,0
RW-100025,Downtown,25,9,Annual,10,Premium,74,0,0,1,2.3,1,16,15,0,0,1,0,Online ad,1,0
RW-100026,Riverside,36,4,Monthly,0,Premium,79,0,0,0,4.9,0,7,11,6,1,0,1,Online ad,0,0
RW-100027,Northgate,25,8,Monthly,0,Plus,44,1,1,0,7.1,1,10,15,6,1,0,0,Online ad,0,0
RW-100028,Lakeview,45,7,Annual,9,Plus,44,0,1,0,13.2,1,3,8,9,0,0,1,Online ad,0,0
RW-100029,Downtown,37,11,Annual,8,Plus,44,0,0,0,4.5,0,1,2,1,0,0,0,Online ad,0,0
RW-100030,Riverside,32,10,Annual,11,Premium,74,0,0,1,1.5,0,21,9,5,10,0,0,Online ad,1,0
RW-100031,Riverside,27,19,Monthly,0,Plus,44,1,0,0,4.0,1,12,16,4,1,0,0,Online ad,0,0
RW-100032,Hillcrest,49,41,Annual,2,Basic,14,1,0,0,3.7,0,10,9,6,1,1,0,Friend,0,1
RW-100033,Westfield,23,2,Monthly,0,Plus,49,1,0,0,6.8,1,1,3,19,0,0,0,Walk-in,1,1
RW-100034,Lakeview,34,6,Monthly,0,Premium,79,0,0,1,3.3,1,2,4,4,0,0,0,Corporate,1,1
RW-100035,Riverside,54,5,Annual,9,Plus,44,0,0,0,2.5,1,2,2,14,0,0,0,Walk-in,0,0
RW-100036,Hillcrest,26,80,Monthly,0,Plus,49,0,0,0,11.3,1,6,9,3,1,0,0,Corporate,0,0
RW-100037,Downtown,50,77,Monthly,0,Basic,29,0,0,0,2.2,1,12,7,5,0,0,0,Online ad,0,0
RW-100038,Downtown,28,22,Monthly,0,Basic,29,0,0,0,2.3,0,7,8,1,2,0,0,Friend,1,0
RW-100039,Hillcrest,22,6,Annual,8,Basic,24,0,0,0,5.0,1,1,7,1,0,1,0,Online ad,0,1
RW-100040,Riverside,27,6,Monthly,0,Premium,79,0,0,1,2.7,1,13,16,8,0,0,0,Online ad,0,0
RW-100041,Lakeview,42,19,Annual,10,Plus,39,1,1,0,3.7,0,1,5,18,0,0,0,Online ad,0,0
RW-100042,Riverside,69,20,Monthly,0,Basic,29,1,0,0,12.6,0,11,15,4,0,0,1,Walk-in,0,0
RW-100043,Riverside,47,57,Annual,11,Plus,44,0,0,1,2.6,0,7,28,9,0,1,0,Friend,0,0
RW-100044,Lakeview,33,3,Monthly,0,Plus,39,1,0,0,6.9,1,16,8,2,0,0,0,Friend,0,0
RW-100045,Riverside,27,4,Monthly,0,Plus,49,0,1,0,3.9,1,23,11,3,9,0,0,Online ad,0,0
RW-100046,Downtown,54,15,Monthly,0,Premium,79,0,0,0,3.8,1,10,20,6,5,0,0,Corporate,0,0
RW-100047,Lakeview,52,14,Monthly,0,Basic,29,1,0,0,3.5,1,2,3,17,2,0,1,Friend,0,0
RW-100048,Northgate,32,53,Annual,6,Basic,24,0,0,1,1.2,0,3,6,14,2,1,0,Online ad,0,0
RW-100049,Westfield,57,25,Monthly,0,Basic,29,0,1,0,3.4,1,6,9,8,4,1,1,Friend,1,0
RW-100050,Downtown,29,55,Monthly,0,Premium,79,0,0,1,2.3,1,0,20,37,0,0,0,Friend,0,1
RW-100051,Lakeview,34,3,Monthly,0,Premium,79,0,0,0,1.5,0,2,3,6,0,0,0,Online ad,0,1
RW-100052,Riverside,30,13,Monthly,0,Basic,29,0,0,0,6.9,1,21,17,1,1,1,0,Walk-in,0,1
RW-100053,Downtown,28,5,Monthly,0,Basic,29,0,0,0,5.9,1,7,12,10,3,1,0,Online ad,1,1
RW-100054,Downtown,27,10,Monthly,0,Plus,49,0,1,0,3.4,0,8,9,2,0,1,0,Online ad,0,0
RW-100055,Downtown,29,2,Monthly,0,Basic,29,0,0,0,10.4,1,6,3,9,0,0,1,Corporate,0,0
RW-100056,Lakeview,22,10,Annual,3,Plus,44,0,1,0,1.2,1,3,4,7,0,0,0,Corporate,0,0
RW-100057,Downtown,42,33,Monthly,0,Plus,49,0,0,0,25.4,0,7,4,5,2,0,0,Walk-in,0,0
RW-100058,Downtown,36,3,Monthly,0,Basic,29,0,0,0,8.8,0,1,1,19,0,1,0,Online ad,1,0
RW-100059,Northgate,53,5,Monthly,0,Basic,29,1,0,0,8.7,1,6,5,8,3,0,1,Online ad,0,0
RW-100060,Westfield,45,2,Annual,11,Basic,24,0,0,0,4.0,1,4,5,6,4,0,0,Walk-in,2,0
RW-100061,Downtown,38,4,Annual,10,Basic,24,0,0,0,7.1,1,5,12,11,1,0,0,Walk-in,0,0
RW-100062,Riverside,40,31,Monthly,0,Plus,49,0,0,0,4.2,1,13,18,1,0,0,0,Online ad,0,0
RW-100063,Downtown,44,1,Annual,8,Basic,14,1,0,0,3.0,0,12,0,3,0,0,0,Friend,0,0
RW-100064,Northgate,42,14,Annual,9,Plus,44,0,0,0,1.8,0,9,4,3,0,2,0,Corporate,0,0
RW-100065,Hillcrest,51,13,Annual,5,Basic,24,0,0,0,2.0,1,16,16,2,7,0,1,Online ad,2,0
RW-100066,Hillcrest,28,4,Annual,1,Plus,44,1,0,0,6.4,0,2,8,4,0,0,1,Online ad,0,1
RW-100067,Northgate,35,9,Monthly,0,Basic,19,1,1,0,4.9,1,15,17,5,6,0,0,Friend,0,0
RW-100068,Riverside,37,2,Annual,4,Basic,24,0,0,0,9.3,0,2,5,13,0,1,0,Walk-in,0,0
RW-100069,Westfield,29,2,Monthly,0,Plus,49,0,0,0,5.9,0,5,4,4,0,0,1,Walk-in,0,0
RW-100070,Riverside,31,33,Annual,9,Basic,24,0,0,0,6.6,0,28,27,3,3,0,0,Walk-in,0,0
RW-100071,Downtown,31,1,Annual,5,Basic,19,1,0,0,3.9,0,6,0,8,2,0,0,Walk-in,0,0
RW-100072,Downtown,26,8,Monthly,0,Plus,49,0,0,1,4.5,1,3,13,13,0,1,0,Online ad,0,1
RW-100073,Westfield,40,13,Monthly,0,Premium,79,0,0,0,3.1,0,19,20,6,6,0,1,Corporate,0,0
RW-100074,Hillcrest,33,11,Monthly,0,Basic,24,1,0,0,9.7,0,3,13,11,2,0,0,Friend,0,1
RW-100075,Hillcrest,43,9,Annual,8,Plus,44,0,0,0,2.4,1,10,8,4,0,1,0,Walk-in,0,0
RW-100076,Lakeview,51,2,Monthly,0,Basic,29,0,0,0,6.0,1,3,10,4,0,0,0,Walk-in,0,1
RW-100077,Northgate,34,23,Monthly,0,Basic,19,1,0,0,5.9,1,3,7,14,1,1,0,Friend,0,0
RW-100078,Hillcrest,50,2,Monthly,0,Plus,49,0,0,0,8.1,1,11,16,6,7,1,1,Online ad,0,0
RW-100079,Northgate,30,31,Monthly,0,Basic,29,0,0,0,2.2,0,6,5,11,0,0,0,Online ad,1,1
RW-100080,Riverside,23,34,Annual,2,Premium,74,0,0,1,5.8,1,12,11,2,4,0,0,Online ad,0,0
RW-100081,Riverside,35,65,Annual,2,Premium,74,0,0,0,3.3,0,6,6,3,0,1,0,Corporate,0,0
RW-100082,Lakeview,28,3,Monthly,0,Premium,79,0,0,0,4.0,1,7,13,4,4,0,0,Corporate,1,0
RW-100083,Downtown,44,32,Annual,6,Basic,19,1,0,0,5.7,1,4,3,12,0,1,0,Online ad,0,0
RW-100084,Northgate,27,15,Monthly,0,Basic,29,0,0,0,3.3,0,2,4,14,0,1,0,Online ad,0,0
RW-100085,Northgate,33,88,Annual,6,Basic,24,0,0,0,22.9,1,15,12,1,5,0,0,Walk-in,0,0
RW-100086,Lakeview,29,19,Annual,11,Basic,24,0,0,0,3.1,1,9,5,0,0,0,0,Online ad,0,0
RW-100087,Downtown,28,22,Monthly,0,Plus,39,1,0,0,8.5,1,13,14,3,0,0,0,Online ad,1,1
RW-100088,Lakeview,31,6,Annual,9,Plus,44,0,0,1,14.9,0,4,5,3,3,0,0,Walk-in,0,0
RW-100089,Downtown,47,41,Monthly,0,Plus,49,1,1,0,7.2,0,3,4,12,0,1,0,Friend,0,0
RW-100090,Hillcrest,36,23,Annual,6,Basic,19,1,0,0,12.3,0,6,10,11,0,1,0,Friend,0,0
RW-100091,Hillcrest,27,5,Annual,0,Plus,44,0,0,0,2.1,0,11,15,1,0,0,0,Friend,0,1
RW-100092,Northgate,53,2,Annual,1,Basic,24,1,0,0,6.8,1,19,25,3,14,0,0,Friend,0,1
RW-100093,Hillcrest,29,8,Annual,11,Plus,44,0,0,0,6.5,1,28,28,2,4,0,0,Online ad,0,0
RW-100094,Westfield,35,108,Monthly,0,Plus,49,0,0,0,7.9,1,14,24,2,0,0,1,Online ad,0,0
RW-100095,Lakeview,35,8,Monthly,0,Basic,29,0,1,0,8.4,0,20,17,3,13,1,0,Online ad,0,0
RW-100096,Lakeview,28,1,Annual,2,Premium,74,0,1,0,5.7,1,11,0,8,1,0,0,Walk-in,0,0
RW-100097,Downtown,20,10,Annual,7,Plus,44,0,0,0,4.4,1,4,8,8,2,0,0,Friend,0,0
RW-100098,Hillcrest,41,4,Monthly,0,Basic,19,1,1,0,2.6,1,6,9,10,1,1,1,Walk-in,0,0
RW-100099,Riverside,23,120,Monthly,0,Premium,74,1,0,0,3.2,1,28,20,1,0,0,1,Online ad,1,0
RW-100100,Lakeview,73,17,Monthly,0,Premium,74,1,0,0,9.9,0,6,7,2,3,0,1,Corporate,1,0
RW-100101,Westfield,52,6,Monthly,0,Basic,29,0,0,0,6.0,1,9,2,3,0,0,0,Walk-in,0,0
RW-100102,Northgate,69,2,Annual,7,Basic,19,1,0,1,4.5,0,3,10,14,2,1,0,Online ad,0,0
RW-100103,Lakeview,26,24,Annual,2,Basic,14,1,1,0,4.5,1,12,7,2,2,0,0,Online ad,0,0
RW-100104,Downtown,57,19,Annual,6,Plus,44,0,0,0,1.4,1,9,18,7,0,1,1,Online ad,0,0
RW-100105,Westfield,38,75,Monthly,0,Plus,44,1,1,0,2.2,1,9,9,7,0,0,0,Online ad,0,0
RW-100106,Northgate,28,2,Monthly,0,Basic,29,0,0,0,5.5,0,5,12,3,0,0,0,Friend,0,0
RW-100107,Lakeview,32,23,Monthly,0,Plus,49,0,0,0,2.8,0,1,8,11,0,0,0,Friend,0,0
RW-100108,Westfield,24,21,Annual,11,Plus,44,0,1,0,10.5,1,8,4,8,2,0,0,Corporate,0,0
RW-100109,Lakeview,26,37,Monthly,0,Basic,19,1,0,0,23.0,1,5,3,5,0,0,0,Friend,0,1
RW-100110,Riverside,34,25,Annual,5,Basic,24,0,0,0,5.6,1,13,11,1,11,1,0,Walk-in,1,0
RW-100111,Lakeview,56,3,Monthly,0,Plus,49,0,0,0,5.4,1,9,10,3,1,0,0,Corporate,0,0
RW-100112,Riverside,49,36,Monthly,0,Premium,79,0,0,0,3.1,1,12,9,2,4,0,0,Friend,0,0
RW-100113,Lakeview,39,19,Annual,2,Basic,19,1,0,0,3.1,1,10,8,3,3,0,0,Online ad,1,0
RW-100114,Northgate,64,15,Annual,2,Basic,19,1,0,0,7.5,1,9,10,9,0,0,0,Walk-in,0,0
RW-100115,Riverside,32,2,Annual,0,Plus,44,0,0,0,18.1,0,0,1,40,0,0,0,Walk-in,0,1
RW-100116,Northgate,32,17,Annual,2,Basic,14,1,0,0,3.3,0,7,4,4,3,1,1,Walk-in,0,0
RW-100117,Northgate,28,26,Annual,11,Plus,44,0,0,0,8.8,1,15,13,6,2,0,0,Online ad,1,0
RW-100118,Downtown,40,18,Annual,5,Basic,24,0,0,0,6.6,1,12,8,7,1,0,0,Friend,0,0
RW-100119,Riverside,48,6,Annual,4,Basic,24,0,0,0,3.7,0,6,6,2,1,0,0,Friend,0,0
RW-100120,Downtown,20,34,Annual,1,Basic,14,1,1,0,1.9,1,10,4,5,0,0,0,Corporate,0,1
RW-100121,Lakeview,22,8,Monthly,0,Plus,49,0,0,0,7.6,1,6,9,6,0,0,0,Online ad,0,0
RW-100122,Hillcrest,44,15,Annual,0,Basic,24,0,0,0,3.3,0,4,7,11,1,0,0,Corporate,0,1
RW-100123,Riverside,32,48,Monthly,0,Plus,49,0,0,1,7.9,0,16,12,3,0,0,1,Friend,0,0
RW-100124,Riverside,22,67,Monthly,0,Plus,49,0,0,0,1.2,1,14,15,4,0,0,0,Online ad,1,1
RW-100125,Riverside,54,63,Monthly,0,Premium,79,0,0,0,2.6,1,8,6,8,1,0,0,Corporate,0,0
RW-100126,Northgate,37,14,Monthly,0,Plus,49,0,1,0,5.1,1,3,12,10,0,0,0,Walk-in,0,0
RW-100127,Lakeview,37,58,Monthly,0,Premium,79,0,0,0,12.2,1,9,3,0,0,0,0,Walk-in,0,0
RW-100128,Westfield,46,1,Monthly,0,Premium,79,0,0,0,7.8,0,0,0,34,0,2,0,Friend,0,1
RW-100129,Downtown,34,65,Annual,3,Premium,74,0,0,0,6.0,1,11,8,2,0,1,1,Walk-in,0,0
RW-100130,Downtown,33,24,Annual,9,Premium,74,1,0,1,4.9,1,8,16,7,5,0,0,Walk-in,0,0
RW-100131,Hillcrest,39,24,Annual,1,Basic,24,1,0,0,19.6,0,1,4,21,0,0,0,Online ad,0,1
RW-100132,Lakeview,31,120,Annual,0,Basic,24,0,1,0,3.5,0,3,3,4,1,0,0,Walk-in,0,0
RW-100133,Westfield,35,4,Monthly,0,Basic,29,0,0,0,6.0,1,2,1,6,0,0,0,Walk-in,1,0
RW-100134,Hillcrest,27,16,Monthly,0,Plus,49,1,0,0,4.7,1,16,21,3,0,0,0,Friend,0,0
RW-100135,Riverside,40,36,Annual,11,Premium,74,0,0,0,6.3,0,4,6,0,2,0,1,Online ad,0,0
RW-100136,Lakeview,48,1,Annual,10,Plus,44,1,0,0,18.4,0,0,0,56,0,0,0,Friend,0,0
RW-100137,Lakeview,42,25,Monthly,0,Plus,49,0,0,0,10.2,1,9,4,9,3,0,1,Friend,0,0
RW-100138,Westfield,32,8,Monthly,0,Plus,44,1,0,0,3.6,1,3,3,4,0,1,0,Walk-in,0,0
RW-100139,Riverside,32,50,Monthly,0,Plus,49,0,0,0,6.6,0,6,9,5,7,0,0,Online ad,0,0
RW-100140,Lakeview,41,18,Annual,7,Basic,24,0,1,0,3.9,1,9,3,5,3,0,0,Walk-in,0,0
RW-100141,Lakeview,35,19,Annual,2,Basic,24,0,1,1,4.0,1,8,11,4,0,2,0,Online ad,0,0
RW-100142,Downtown,35,75,Monthly,0,Basic,29,0,0,0,32.7,1,6,4,10,2,0,1,Friend,0,0
RW-100143,Northgate,41,4,Monthly,0,Plus,49,0,0,0,5.1,0,12,12,2,10,1,0,Online ad,0,0
RW-100144,Riverside,40,5,Monthly,0,Basic,29,0,0,0,5.4,0,3,9,6,0,0,0,Online ad,1,1
RW-100145,Hillcrest,31,16,Annual,1,Basic,14,1,0,0,13.8,1,15,9,4,1,0,0,Corporate,0,0
RW-100146,Riverside,59,6,Annual,5,Premium,69,1,0,0,5.5,1,15,11,7,0,0,0,Walk-in,0,0
RW-100147,Northgate,23,47,Monthly,0,Premium,79,0,1,0,14.2,1,7,13,7,5,3,0,Friend,0,0
RW-100148,Riverside,30,4,Monthly,0,Plus,44,1,0,0,4.9,1,2,6,10,0,0,0,Walk-in,0,1
RW-100149,Northgate,44,1,Annual,5,Basic,19,1,0,0,3.6,0,3,0,7,0,0,0,Friend,0,0
RW-100150,Riverside,34,7,Monthly,0,Plus,49,0,0,0,8.8,1,28,25,4,17,0,0,Online ad,1,0
RW-100151,Hillcrest,32,6,Monthly,0,Premium,79,0,1,0,10.0,0,0,2,34,0,0,0,Friend,1,1
RW-100152,Riverside,66,39,Monthly,0,Plus,49,0,1,0,5.7,0,1,22,4,0,1,1,Online ad,0,0
RW-100153,Lakeview,23,33,Annual,8,Basic,24,0,1,0,1.4,0,10,8,6,3,1,0,Friend,0,0
RW-100154,Riverside,29,6,Annual,1,Plus,44,0,0,0,2.8,1,15,13,4,9,0,1,Online ad,0,0
RW-100155,Lakeview,27,3,Monthly,0,Basic,29,0,0,0,4.5,0,0,5,41,0,0,1,Corporate,0,1
RW-100156,Northgate,40,59,Monthly,0,Plus,49,0,0,0,10.5,1,2,6,13,0,0,0,Walk-in,0,1
RW-100157,Westfield,38,11,Annual,7,Basic,24,0,0,1,6.3,0,6,3,3,3,0,0,Walk-in,0,0
RW-100158,Downtown,36,120,Annual,9,Basic,24,0,0,0,5.1,0,18,14,3,0,0,0,Friend,0,0
RW-100159,Northgate,37,6,Annual,4,Basic,24,0,0,0,12.6,1,8,15,8,3,1,0,Corporate,1,0
RW-100160,Westfield,28,13,Monthly,0,Basic,29,0,0,0,13.7,1,5,2,2,0,2,0,Online ad,0,1
RW-100161,Downtown,45,51,Annual,8,Basic,14,1,0,0,8.5,1,9,8,2,6,0,0,Friend,0,0
RW-100162,Downtown,40,53,Annual,2,Basic,24,0,0,0,4.5,1,11,17,5,9,1,0,Friend,0,0
RW-100163,Riverside,49,24,Monthly,0,Basic,29,0,0,0,2.7,0,20,17,2,0,0,0,Friend,1,0
RW-100164,Westfield,28,58,Monthly,0,Premium,69,1,0,0,15.1,1,3,6,2,2,0,0,Online ad,0,1
RW-100165,Riverside,36,22,Monthly,0,Basic,29,0,1,0,2.1,1,10,10,4,5,0,0,Walk-in,0,0
RW-100166,Northgate,25,1,Monthly,0,Premium,79,0,0,0,6.8,1,4,0,7,4,1,1,Walk-in,0,0
RW-100167,Hillcrest,45,2,Monthly,0,Basic,29,0,0,1,7.1,0,5,2,11,0,2,0,Walk-in,0,1
RW-100168,Northgate,27,3,Monthly,0,Basic,29,0,0,0,6.3,1,3,4,4,1,0,1,Friend,0,0
RW-100169,Northgate,33,15,Annual,1,Plus,44,1,0,0,22.3,1,4,5,4,4,0,0,Friend,0,0
RW-100170,Downtown,22,18,Annual,5,Premium,74,0,0,0,2.2,0,16,11,4,0,0,0,Online ad,0,0
RW-100171,Riverside,61,24,Monthly,0,Plus,49,0,0,0,8.2,1,7,6,2,2,0,0,Friend,0,0
RW-100172,Riverside,22,30,Monthly,0,Plus,49,0,0,0,3.1,1,4,4,4,0,0,1,Friend,1,0
RW-100173,Downtown,25,19,Annual,5,Plus,44,0,0,0,6.3,1,17,26,6,1,0,0,Online ad,0,0
RW-100174,Hillcrest,38,72,Annual,10,Plus,44,0,0,1,7.0,1,11,7,7,0,1,0,Online ad,0,0
RW-100175,Hillcrest,56,30,Monthly,0,Plus,49,0,0,1,2.6,1,3,3,14,0,0,1,Friend,0,0
RW-100176,Northgate,48,10,Annual,9,Plus,44,0,0,0,2.4,0,20,18,5,7,0,0,Friend,0,0
RW-100177,Westfield,27,14,Annual,5,Plus,44,0,0,0,5.8,1,9,10,0,1,0,0,Online ad,0,0
RW-100178,Northgate,30,9,Annual,2,Basic,24,0,0,0,4.8,1,12,11,1,0,0,0,Friend,0,0
RW-100179,Westfield,43,8,Annual,6,Plus,44,0,0,0,2.0,1,28,14,2,12,0,0,Friend,0,0
RW-100180,Riverside,21,6,Annual,2,Basic,24,0,0,0,9.4,0,5,7,11,0,1,0,Walk-in,0,0
RW-100181,Lakeview,56,3,Monthly,0,Basic,29,0,0,0,4.2,0,9,18,3,4,0,0,Walk-in,0,0
RW-100182,Lakeview,37,88,Monthly,0,Plus,49,0,1,0,3.4,1,10,17,3,7,0,1,Friend,0,0
RW-100183,Westfield,40,29,Monthly,0,Plus,49,0,0,0,6.8,0,19,19,5,1,0,1,Corporate,1,1
RW-100184,Hillcrest,64,7,Monthly,0,Basic,29,0,0,0,7.1,0,13,7,7,1,1,0,Walk-in,0,1
RW-100185,Riverside,36,14,Monthly,0,Plus,49,0,0,0,14.3,0,5,8,3,0,0,1,Online ad,0,1
RW-100186,Lakeview,33,9,Annual,11,Premium,74,0,0,1,7.0,1,1,3,1,0,1,1,Friend,1,0
RW-100187,Westfield,19,76,Annual,8,Plus,44,0,0,0,9.3,0,10,11,0,2,0,1,Corporate,0,0
RW-100188,Northgate,45,17,Annual,9,Plus,44,0,0,0,4.2,0,7,5,0,3,0,0,Friend,0,0
RW-100189,Lakeview,29,33,Monthly,0,Basic,29,0,1,1,2.5,1,4,2,6,0,0,0,Friend,0,0
RW-100190,Riverside,21,6,Monthly,0,Basic,29,0,0,0,4.6,0,4,6,4,0,0,0,Walk-in,0,0
RW-100191,Northgate,35,19,Annual,6,Plus,44,0,1,0,5.2,1,3,13,11,3,0,1,Online ad,0,0
RW-100192,Downtown,41,7,Monthly,0,Premium,79,0,1,1,8.4,1,19,27,0,1,0,0,Online ad,0,1
RW-100193,Downtown,78,7,Monthly,0,Plus,49,0,0,0,0.9,1,2,14,16,2,1,1,Online ad,0,1
RW-100194,Downtown,24,19,Monthly,0,Basic,29,1,1,0,10.3,1,7,9,9,1,1,0,Friend,0,0
RW-100195,Lakeview,58,46,Annual,11,Premium,74,0,0,1,1.6,0,6,5,2,0,1,0,Corporate,0,0
RW-100196,Downtown,29,25,Monthly,0,Plus,49,0,0,0,2.4,1,0,3,40,0,0,0,Online ad,0,1
RW-100197,Hillcrest,55,14,Annual,7,Plus,44,0,1,0,4.0,0,2,5,3,0,0,0,Online ad,0,0
RW-100198,Northgate,45,56,Annual,7,Plus,44,0,0,0,7.7,1,7,9,4,0,0,0,Online ad,0,0
RW-100199,Riverside,23,8,Monthly,0,Basic,19,1,0,1,6.5,0,22,11,3,2,0,0,Online ad,1,0
RW-100200,Riverside,33,26,Monthly,0,Basic,29,0,0,0,3.0,1,13,13,7,0,0,0,Online ad,0,0
RW-100201,Westfield,39,18,Annual,9,Basic,24,0,0,0,10.7,1,5,4,3,0,1,0,Friend,0,0
RW-100202,Lakeview,26,13,Monthly,0,Premium,79,1,1,0,11.3,0,5,10,4,0,0,0,Walk-in,0,0
RW-100203,Riverside,59,68,Monthly,0,Basic,29,1,0,0,2.7,0,9,8,6,0,0,0,Friend,0,0
RW-100204,Westfield,29,15,Monthly,0,Plus,49,1,0,0,5.0,1,15,5,7,0,0,0,Walk-in,0,0
RW-100205,Westfield,33,3,Annual,9,Premium,74,0,0,0,5.3,0,17,20,3,1,0,1,Online ad,0,0
RW-100206,Westfield,25,34,Annual,0,Basic,24,0,1,0,3.8,1,8,23,7,0,0,0,Walk-in,0,1
RW-100207,Northgate,37,9,Monthly,0,Plus,49,0,0,1,3.5,0,10,13,6,0,0,1,Online ad,1,1
RW-100208,Riverside,30,2,Annual,6,Basic,24,0,1,0,4.0,0,8,1,3,0,0,1,Friend,1,0
RW-100209,Hillcrest,33,10,Annual,11,Premium,74,0,0,1,9.2,1,2,6,16,1,0,0,Online ad,0,0
RW-100210,Hillcrest,41,13,Monthly,0,Plus,49,0,0,0,9.9,0,11,7,4,11,1,1,Online ad,2,0
RW-100211,Riverside,46,12,Monthly,0,Premium,79,0,0,1,3.7,1,9,13,4,5,0,0,Online ad,0,0
RW-100212,Downtown,40,63,Monthly,0,Basic,29,0,0,0,3.9,1,2,5,10,0,1,0,Online ad,0,0
RW-100213,Riverside,34,32,Monthly,0,Basic,29,0,1,1,3.7,0,2,5,0,0,0,0,Online ad,0,0
RW-100214,Downtown,33,2,Annual,6,Plus,44,0,0,0,9.1,1,5,0,1,7,0,0,Walk-in,0,0
RW-100215,Northgate,25,5,Monthly,0,Premium,74,1,0,1,2.4,0,1,1,5,0,0,0,Walk-in,1,1
RW-100216,Riverside,35,5,Annual,1,Basic,24,1,0,0,4.7,1,3,1,0,4,0,0,Corporate,0,1
RW-100217,Riverside,29,7,Annual,9,Premium,74,0,0,0,6.2,1,18,16,2,4,1,1,Friend,0,0
RW-100218,Hillcrest,29,33,Monthly,0,Plus,49,0,0,0,9.4,1,3,2,12,1,0,0,Friend,0,0
RW-100219,Lakeview,47,46,Annual,9,Premium,74,1,0,1,4.2,1,4,12,11,0,0,1,Online ad,0,0
RW-100220,Northgate,67,59,Annual,0,Basic,24,0,0,0,4.2,0,3,2,2,2,0,0,Friend,1,1
RW-100221,Downtown,27,50,Monthly,0,Basic,29,0,1,0,10.1,0,5,3,8,0,1,0,Online ad,0,0
RW-100222,Downtown,24,7,Monthly,0,Basic,29,0,0,0,3.3,1,10,11,7,0,0,0,Corporate,0,0
RW-100223,Lakeview,32,51,Monthly,0,Plus,49,0,1,0,9.1,0,4,9,6,0,0,0,Online ad,0,0
RW-100224,Downtown,37,13,Annual,9,Premium,74,0,0,0,10.4,1,5,9,9,2,0,0,Online ad,0,0
RW-100225,Downtown,33,2,Monthly,0,Plus,49,0,0,0,4.6,1,2,7,13,2,0,0,Corporate,1,1
RW-100226,Riverside,61,1,Annual,1,Plus,34,1,0,0,3.5,1,3,0,5,3,0,0,Friend,2,1
RW-100227,Downtown,31,5,Annual,11,Basic,24,0,1,0,1.7,0,7,7,6,5,0,0,Friend,0,0
RW-100228,Hillcrest,25,69,Monthly,0,Plus,49,0,0,0,3.5,0,16,16,3,1,0,0,Walk-in,0,0
RW-100229,Downtown,21,18,Monthly,0,Plus,49,1,0,0,6.8,1,23,14,0,1,1,0,Walk-in,0,0
RW-100230,Hillcrest,32,30,Monthly,0,Plus,49,0,0,0,3.7,1,1,4,18,0,1,0,Corporate,0,0
RW-100231,Northgate,39,19,Monthly,0,Basic,29,0,0,0,4.0,1,12,5,6,1,0,0,Walk-in,0,0
RW-100232,Riverside,24,32,Monthly,0,Basic,29,0,0,0,9.4,1,9,9,3,0,0,0,Corporate,0,0
RW-100233,Hillcrest,41,5,Monthly,0,Plus,49,0,0,0,5.8,0,15,9,6,0,1,1,Friend,0,1
RW-100234,Downtown,34,1,Annual,6,Plus,44,0,0,0,11.6,0,4,0,13,3,0,0,Online ad,0,0
RW-100235,Downtown,25,4,Monthly,0,Plus,49,0,0,0,7.3,1,11,7,5,5,0,0,Online ad,0,0
RW-100236,Riverside,28,24,Monthly,0,Plus,49,0,1,0,1.9,0,3,6,14,0,1,1,Online ad,1,0
RW-100237,Riverside,37,74,Annual,5,Basic,24,0,0,0,9.9,0,3,3,2,0,0,0,Corporate,0,0
RW-100238,Lakeview,35,12,Monthly,0,Premium,74,1,1,0,7.0,1,2,5,5,2,0,0,Online ad,0,0
RW-100239,Riverside,32,20,Annual,9,Basic,24,0,0,0,4.2,1,8,9,5,4,0,0,Corporate,0,0
RW-100240,Downtown,30,2,Annual,11,Basic,24,0,0,0,2.4,0,2,10,15,0,0,0,Online ad,0,0
RW-100241,Westfield,46,23,Annual,4,Plus,44,0,0,0,14.8,0,12,10,8,2,0,0,Walk-in,1,0
RW-100242,Hillcrest,38,119,Annual,8,Premium,74,0,0,0,2.1,1,5,3,1,4,0,0,Online ad,0,0
RW-100243,Hillcrest,37,44,Monthly,0,Plus,49,0,0,0,1.5,1,5,4,7,0,0,1,Corporate,1,0
RW-100244,Downtown,34,12,Monthly,0,Basic,29,0,0,1,2.2,1,7,5,2,0,0,1,Walk-in,0,0
RW-100245,Northgate,27,53,Monthly,0,Plus,49,0,0,0,4.1,1,9,5,5,4,0,0,Friend,0,0
RW-100246,Northgate,26,63,Annual,5,Plus,39,1,0,1,1.6,1,10,10,5,3,0,0,Walk-in,0,0
RW-100247,Downtown,37,10,Monthly,0,Basic,29,0,1,0,2.1,1,1,6,18,1,0,0,Friend,0,0
RW-100248,Northgate,32,8,Annual,9,Plus,44,0,0,0,8.4,0,11,5,7,1,0,0,Friend,0,0
RW-100249,Northgate,59,37,Annual,10,Basic,24,0,1,1,7.5,0,6,8,9,3,0,0,Walk-in,1,0
RW-100250,Riverside,77,10,Monthly,0,Basic,29,0,0,0,2.1,1,15,6,6,1,0,0,Corporate,1,0
RW-100251,Hillcrest,26,45,Annual,5,Premium,74,0,0,0,9.3,1,0,5,120,0,2,0,Friend,0,1
RW-100252,Northgate,46,2,Monthly,0,Basic,29,1,0,0,9.0,1,7,5,4,0,0,0,Online ad,1,1
RW-100253,Northgate,78,40,Monthly,0,Basic,19,1,0,0,1.2,1,7,16,4,3,0,0,Corporate,0,0
RW-100254,Hillcrest,47,16,Monthly,0,Plus,39,1,0,1,4.3,1,12,8,3,7,0,1,Walk-in,0,0
RW-100255,Lakeview,26,56,Annual,7,Plus,39,1,0,0,6.0,0,5,4,2,2,0,1,Corporate,0,0
RW-100256,Westfield,43,14,Monthly,0,Basic,29,0,1,0,2.8,1,11,21,0,0,1,1,Friend,0,0
RW-100257,Riverside,61,12,Annual,8,Basic,19,1,0,1,5.2,0,8,3,8,2,0,0,Online ad,0,0
RW-100258,Hillcrest,49,25,Monthly,0,Premium,79,1,0,1,6.2,1,2,12,9,0,1,0,Walk-in,0,0
RW-100259,Hillcrest,42,6,Monthly,0,Basic,29,0,0,0,1.8,1,5,9,0,0,1,0,Online ad,0,0
RW-100260,Downtown,26,32,Monthly,0,Plus,49,1,1,0,3.7,1,5,15,4,3,0,0,Walk-in,0,0
RW-100261,Hillcrest,29,27,Annual,0,Plus,44,0,0,0,1.7,1,17,24,1,7,0,0,Walk-in,0,0
RW-100262,Downtown,26,15,Annual,2,Basic,24,0,0,0,4.5,0,4,4,3,5,0,0,Friend,0,0
RW-100263,Downtown,31,6,Monthly,0,Basic,29,0,0,0,7.1,1,9,5,3,0,1,0,Online ad,0,0
RW-100264,Westfield,48,9,Monthly,0,Plus,44,1,0,0,11.3,1,3,2,12,0,1,0,Online ad,0,1
RW-100265,Lakeview,28,3,Monthly,0,Plus,49,1,1,0,7.4,0,9,5,1,5,0,0,Friend,0,1
RW-100266,Riverside,42,50,Annual,7,Plus,34,1,1,0,2.5,1,11,13,8,0,0,0,Walk-in,0,0
RW-100267,Downtown,48,2,Monthly,0,Basic,29,0,0,0,8.0,0,4,10,7,0,0,0,Walk-in,0,0
RW-100268,Northgate,24,17,Monthly,0,Plus,49,1,0,0,3.6,0,2,9,2,0,0,1,Friend,0,1
RW-100269,Hillcrest,42,1,Annual,4,Basic,24,0,0,0,6.8,1,6,0,1,4,0,0,Walk-in,0,0
RW-100270,Downtown,39,25,Annual,4,Plus,44,0,0,0,7.4,1,6,2,3,5,0,1,Online ad,0,0
RW-100271,Northgate,26,37,Annual,2,Basic,24,0,1,0,4.6,0,5,8,4,0,0,0,Online ad,0,0
RW-100272,Hillcrest,39,2,Monthly,0,Basic,29,1,0,0,2.5,1,5,6,9,0,1,0,Corporate,0,1
RW-100273,Hillcrest,52,7,Annual,3,Basic,24,0,0,0,6.0,1,6,5,1,1,1,0,Online ad,0,0
RW-100274,Westfield,24,14,Monthly,0,Plus,49,0,0,0,3.0,0,0,5,44,0,0,0,Online ad,0,1
RW-100275,Downtown,20,8,Monthly,0,Plus,49,0,0,0,18.9,1,8,6,9,1,0,0,Friend,0,0
RW-100276,Lakeview,21,11,Monthly,0,Premium,74,1,0,0,2.8,0,1,9,21,0,0,1,Corporate,0,1
RW-100277,Northgate,78,8,Monthly,0,Premium,79,0,0,0,6.2,1,17,8,5,7,0,0,Friend,0,0
RW-100278,Northgate,21,46,Monthly,0,Premium,79,0,1,0,2.8,0,3,8,0,1,1,0,Walk-in,0,1
RW-100279,Riverside,32,25,Monthly,0,Basic,24,1,1,0,1.6,1,5,10,10,1,0,0,Online ad,0,0
RW-100280,Downtown,52,4,Monthly,0,Basic,29,0,0,0,7.0,1,2,5,6,0,1,0,Corporate,1,0
RW-100281,Westfield,33,30,Monthly,0,Plus,49,0,0,0,7.6,0,0,24,87,0,0,1,Corporate,0,1
RW-100282,Northgate,33,8,Annual,1,Basic,24,0,0,0,6.2,1,1,4,4,0,0,0,Corporate,0,1
RW-100283,Northgate,33,26,Monthly,0,Basic,29,0,0,1,5.6,0,2,9,5,2,0,0,Online ad,0,0
RW-100284,Lakeview,32,9,Annual,4,Premium,69,1,0,0,5.1,1,9,4,8,3,0,0,Friend,0,0
RW-100285,Hillcrest,29,17,Annual,5,Plus,34,1,0,0,3.8,0,11,18,4,5,0,0,Online ad,0,0
RW-100286,Hillcrest,29,77,Annual,0,Plus,34,1,0,0,3.9,1,10,13,3,0,0,1,Online ad,0,0
RW-100287,Westfield,29,9,Annual,6,Premium,64,1,0,1,11.7,0,7,11,10,0,0,0,Friend,0,0
RW-100288,Hillcrest,42,33,Annual,1,Plus,39,1,0,0,3.8,1,28,28,1,4,0,0,Online ad,1,0
RW-100289,Downtown,46,21,Monthly,0,Basic,19,1,1,0,2.9,1,1,3,11,0,0,0,Online ad,0,0
RW-100290,Westfield,35,14,Monthly,0,Premium,79,0,0,0,3.7,1,3,5,8,2,0,0,Corporate,0,1
RW-100291,Downtown,24,13,Monthly,0,Plus,49,0,0,1,8.0,0,0,5,51,0,0,0,Walk-in,0,1
RW-100292,Riverside,33,8,Monthly,0,Basic,29,0,0,0,8.9,1,2,5,1,1,0,0,Online ad,1,0
RW-100293,Hillcrest,55,10,Annual,4,Premium,74,0,0,0,2.4,1,0,6,40,0,0,0,Friend,0,0
RW-100294,Downtown,27,7,Monthly,0,Plus,49,0,0,0,9.1,1,6,15,1,6,0,0,Online ad,0,0
RW-100295,Westfield,42,120,Annual,7,Basic,19,1,0,0,3.3,1,3,2,12,0,1,0,Walk-in,0,0
RW-100296,Downtown,41,2,Annual,3,Basic,24,0,0,0,5.4,1,5,14,0,5,1,0,Friend,0,0
RW-100297,Northgate,29,36,Monthly,0,Plus,49,0,0,0,3.9,0,8,14,2,0,0,0,Online ad,1,0
RW-100298,Northgate,21,23,Annual,11,Premium,74,0,0,1,4.6,0,5,3,7,0,0,0,Online ad,0,0
RW-100299,Downtown,25,58,Annual,7,Plus,44,1,1,0,5.9,1,5,7,3,1,0,0,Online ad,0,0
RW-100300,Lakeview,35,9,Annual,3,Plus,44,0,0,0,3.2,1,6,1,8,0,0,1,Online ad,0,0
RW-100301,Westfield,41,11,Monthly,0,Premium,79,1,0,1,4.5,1,3,8,2,2,0,1,Corporate,0,0
RW-100302,Riverside,31,21,Annual,9,Plus,44,1,0,0,3.0,1,10,6,4,8,0,0,Friend,1,0
RW-100303,Northgate,31,34,Annual,2,Premium,74,0,0,1,8.3,1,8,6,5,5,1,0,Friend,0,0
RW-100304,Downtown,30,11,Monthly,0,Premium,79,0,0,1,2.2,0,15,12,0,1,0,0,Friend,0,0
RW-100305,Northgate,22,44,Annual,9,Plus,44,0,0,0,1.3,1,11,24,7,4,0,0,Walk-in,0,0
RW-100306,Riverside,23,2,Monthly,0,Basic,29,0,0,0,5.4,1,11,8,4,1,1,0,Friend,0,1
RW-100307,Downtown,29,7,Monthly,0,Plus,49,0,1,0,7.6,0,9,7,2,7,1,0,Friend,2,1
RW-100308,Downtown,26,21,Monthly,0,Basic,29,0,0,0,8.9,0,12,16,2,5,1,0,Online ad,0,1
RW-100309,Downtown,24,59,Annual,5,Basic,24,0,0,0,6.2,1,3,19,2,1,0,0,Online ad,0,0
RW-100310,Northgate,22,69,Monthly,0,Basic,24,1,1,1,2.5,1,9,14,0,1,2,1,Online ad,1,0
RW-100311,Northgate,40,22,Annual,3,Plus,34,1,0,0,1.2,1,3,5,4,0,1,0,Friend,0,0
RW-100312,Westfield,23,6,Monthly,0,Basic,24,1,0,0,18.9,1,4,8,5,3,0,0,Walk-in,0,1
RW-100313,Downtown,34,31,Monthly,0,Basic,29,0,0,0,5.5,0,8,6,2,1,0,0,Walk-in,0,0
RW-100314,Hillcrest,47,23,Annual,4,Plus,44,0,0,0,7.3,1,7,8,0,0,0,0,Friend,0,0
RW-100315,Westfield,36,95,Monthly,0,Plus,49,0,0,0,7.6,1,7,12,6,2,0,0,Online ad,0,0
RW-100316,Northgate,58,11,Monthly,0,Plus,49,0,0,0,24.1,1,3,1,4,0,1,0,Online ad,0,1
RW-100317,Downtown,69,6,Annual,10,Plus,44,0,0,0,2.8,1,28,27,5,1,0,0,Walk-in,0,0
RW-100318,Downtown,28,3,Monthly,0,Basic,29,0,0,0,7.5,1,8,13,3,0,0,1,Online ad,0,0
RW-100319,Northgate,39,26,Monthly,0,Basic,29,0,0,0,2.6,1,3,12,2,0,1,0,Online ad,1,0
RW-100320,Northgate,43,112,Annual,4,Basic,24,0,0,0,3.6,0,12,7,4,8,0,1,Walk-in,0,0
RW-100321,Westfield,32,7,Monthly,0,Premium,79,0,0,0,6.3,1,13,6,2,0,0,1,Walk-in,0,0
RW-100322,Westfield,31,72,Monthly,0,Basic,29,0,1,0,5.1,0,12,14,0,1,0,0,Walk-in,0,0
RW-100323,Downtown,60,24,Monthly,0,Basic,19,1,0,0,6.2,1,5,12,3,2,0,0,Friend,0,0
RW-100324,Lakeview,41,78,Annual,6,Basic,24,0,0,0,4.0,0,2,5,8,0,0,0,Walk-in,1,1
RW-100325,Downtown,30,92,Monthly,0,Plus,44,1,0,0,0.7,0,3,4,12,2,0,0,Walk-in,1,1
RW-100326,Westfield,45,25,Annual,2,Plus,39,1,0,0,1.8,0,26,22,3,14,0,0,Online ad,0,0
RW-100327,Riverside,37,4,Monthly,0,Plus,49,0,1,0,2.8,0,12,12,5,5,0,1,Friend,0,0
RW-100328,Downtown,45,32,Monthly,0,Plus,49,1,0,0,1.3,1,1,10,7,0,0,0,Friend,1,1
RW-100329,Hillcrest,28,26,Monthly,0,Basic,29,0,0,0,3.4,1,9,17,5,7,0,0,Online ad,0,0
RW-100330,Westfield,33,16,Monthly,0,Plus,49,0,0,0,4.7,1,3,8,10,0,0,1,Corporate,0,0
RW-100331,Riverside,20,36,Monthly,0,Plus,44,1,1,0,5.0,1,14,11,4,4,1,0,Online ad,1,0
RW-100332,Hillcrest,29,8,Monthly,0,Basic,29,1,0,0,2.1,1,3,4,6,0,0,0,Online ad,1,0
RW-100333,Downtown,74,58,Annual,7,Plus,44,0,0,0,3.5,1,6,3,0,1,0,0,Friend,1,0
RW-100334,Lakeview,48,11,Annual,9,Plus,44,0,1,0,21.8,1,15,14,3,0,0,1,Walk-in,0,0
RW-100335,Lakeview,27,15,Monthly,0,Basic,29,0,1,0,4.1,0,7,9,5,4,0,1,Online ad,1,0
RW-100336,Downtown,37,12,Monthly,0,Basic,29,0,1,0,2.4,0,26,16,0,7,0,0,Corporate,0,0
RW-100337,Westfield,78,11,Annual,2,Basic,24,0,0,0,10.8,0,0,6,96,0,0,0,Walk-in,1,0
RW-100338,Downtown,25,18,Annual,8,Plus,44,0,1,0,11.0,1,13,13,1,0,0,0,Walk-in,1,0
RW-100339,Hillcrest,26,52,Monthly,0,Premium,79,0,0,0,3.6,1,14,15,7,6,0,0,Online ad,0,1
RW-100340,Hillcrest,19,4,Monthly,0,Basic,29,0,0,0,3.0,0,0,10,39,0,0,0,Walk-in,0,1
RW-100341,Hillcrest,32,3,Monthly,0,Premium,79,0,0,0,2.8,1,4,6,0,3,1,1,Friend,0,0
RW-100342,Hillcrest,48,25,Monthly,0,Basic,29,0,0,0,9.5,0,5,5,11,4,0,0,Online ad,0,1
RW-100343,Northgate,34,7,Monthly,0,Plus,49,0,0,1,2.0,1,16,12,5,1,0,0,Friend,0,0
RW-100344,Lakeview,26,3,Monthly,0,Plus,49,0,0,0,13.5,1,1,2,0,1,0,0,Online ad,0,1
RW-100345,Westfield,30,15,Monthly,0,Basic,29,0,0,0,5.3,1,7,6,1,3,0,0,Friend,0,0
RW-100346,Downtown,31,3,Annual,7,Premium,74,0,0,1,10.1,1,28,28,2,4,0,0,Walk-in,1,0
RW-100347,Downtown,53,12,Annual,9,Premium,64,1,0,0,5.8,0,9,3,2,0,0,0,Online ad,1,0
RW-100348,Riverside,47,26,Monthly,0,Basic,29,0,0,0,6.6,0,8,6,7,0,1,1,Corporate,0,0
RW-100349,Northgate,33,25,Annual,6,Basic,24,0,0,0,4.9,0,5,8,1,0,0,0,Online ad,0,0
RW-100350,Westfield,61,6,Annual,7,Plus,39,1,0,0,3.6,1,8,13,9,0,0,0,Walk-in,0,0
RW-100351,Northgate,45,13,Monthly,0,Basic,24,1,0,0,5.6,1,24,21,2,0,0,0,Walk-in,0,0
RW-100352,Westfield,23,19,Monthly,0,Basic,29,0,0,0,6.1,1,2,10,15,1,0,0,Online ad,0,1
RW-100353,Northgate,27,3,Annual,3,Plus,44,0,0,0,17.3,0,1,4,1,0,1,0,Friend,1,1
RW-100354,Downtown,26,9,Annual,9,Plus,44,0,1,1,3.4,1,3,14,4,0,0,0,Online ad,0,0
RW-100355,Northgate,58,7,Annual,4,Plus,44,0,1,1,1.7,0,3,13,0,2,0,0,Online ad,0,0
RW-100356,Lakeview,44,7,Monthly,0,Basic,29,0,0,0,3.4,1,5,15,6,1,0,1,Online ad,0,0
RW-100357,Riverside,31,12,Annual,0,Basic,24,0,0,0,3.4,1,18,11,1,5,0,0,Walk-in,0,0
RW-100358,Downtown,25,35,Monthly,0,Basic,29,0,0,0,8.3,1,1,16,10,0,0,0,Online ad,1,1
RW-100359,Riverside,31,49,Monthly,0,Premium,79,0,0,0,7.7,1,6,8,0,0,0,0,Online ad,0,0
RW-100360,Downtown,26,7,Annual,7,Basic,24,0,0,0,2.5,0,5,0,1,3,0,0,Online ad,0,0
RW-100361,Lakeview,55,73,Annual,4,Basic,24,0,0,0,6.8,1,8,5,0,2,0,0,Online ad,1,0
RW-100362,Northgate,50,25,Annual,10,Basic,24,0,0,0,3.2,0,8,5,6,0,2,0,Online ad,0,0
RW-100363,Westfield,25,22,Annual,4,Plus,44,0,0,0,7.7,1,2,3,3,0,0,0,Online ad,0,0
RW-100364,Westfield,36,104,Annual,8,Basic,24,1,0,0,1.9,1,2,7,14,0,0,0,Online ad,0,0
RW-100365,Hillcrest,55,3,Annual,2,Basic,14,1,0,0,2.1,0,4,3,6,0,0,0,Walk-in,0,1
RW-100366,Downtown,23,3,Annual,6,Plus,44,0,0,0,3.8,1,4,14,10,0,0,0,Walk-in,0,0
RW-100367,Hillcrest,29,24,Annual,11,Plus,34,1,0,0,7.2,0,9,11,0,0,0,0,Friend,0,0
RW-100368,Northgate,34,2,Monthly,0,Basic,19,1,0,0,2.4,1,9,14,1,2,0,0,Online ad,0,1
RW-100369,Hillcrest,30,31,Monthly,0,Plus,49,0,0,0,2.3,0,0,4,68,0,0,0,Corporate,0,1
RW-100370,Riverside,21,16,Monthly,0,Premium,79,0,0,0,8.1,0,6,5,1,2,0,1,Online ad,0,1
RW-100371,Riverside,35,42,Monthly,0,Basic,29,0,1,0,5.8,0,8,4,8,1,0,0,Walk-in,0,0
RW-100372,Northgate,47,14,Annual,5,Plus,39,1,0,0,5.5,1,6,20,1,3,0,0,Walk-in,0,0
RW-100373,Westfield,47,29,Annual,8,Basic,14,1,0,0,2.2,1,14,25,3,1,0,1,Friend,0,0
RW-100374,Downtown,56,29,Monthly,0,Plus,49,0,0,0,3.9,0,0,4,32,0,0,0,Online ad,0,1
RW-100375,Hillcrest,43,3,Annual,1,Basic,24,1,0,0,6.2,0,4,7,3,5,0,0,Walk-in,0,1
RW-100376,Northgate,35,31,Annual,1,Basic,24,0,1,1,6.7,0,7,6,6,2,0,0,Walk-in,1,0
RW-100377,Hillcrest,33,36,Monthly,0,Premium,79,0,0,0,11.9,1,5,9,4,4,0,1,Friend,0,0
RW-100378,Riverside,43,9,Annual,8,Plus,44,0,0,0,7.0,0,3,3,8,1,0,1,Friend,0,0
RW-100379,Riverside,28,4,Annual,3,Plus,44,0,0,0,1.5,1,6,17,6,0,0,0,Friend,0,0
RW-100380,Lakeview,22,10,Monthly,0,Plus,49,0,0,0,16.2,1,7,7,0,2,1,0,Friend,0,0
RW-100381,Northgate,22,3,Annual,5,Plus,44,0,0,0,6.1,1,5,0,5,5,0,0,Walk-in,0,0
RW-100382,Downtown,36,87,Monthly,0,Basic,29,1,0,0,1.2,1,19,16,3,1,1,0,Friend,0,0
RW-100383,Downtown,40,18,Annual,3,Plus,34,1,0,0,1.8,1,2,6,12,0,1,0,Friend,0,0
RW-100384,Northgate,29,19,Monthly,0,Plus,44,1,1,0,3.2,1,13,9,6,2,0,0,Friend,0,0
RW-100385,Downtown,34,35,Annual,2,Plus,44,0,0,0,5.6,0,0,3,78,0,0,0,Walk-in,0,0
RW-100386,Riverside,27,2,Monthly,0,Basic,29,0,0,0,3.1,0,21,24,6,7,2,0,Friend,0,1
RW-100387,Riverside,22,4,Annual,11,Plus,44,0,0,0,3.3,0,2,2,11,0,0,0,Walk-in,0,0
RW-100388,Hillcrest,38,6,Monthly,0,Plus,49,1,1,0,3.6,0,6,6,7,0,1,0,Online ad,0,1
RW-100389,Lakeview,44,23,Annual,8,Plus,44,0,1,0,1.7,0,11,16,7,0,0,0,Online ad,0,0
RW-100390,Northgate,74,9,Annual,5,Basic,19,1,1,0,9.6,0,6,9,2,4,0,0,Friend,0,0
RW-100391,Westfield,35,9,Monthly,0,Basic,29,0,1,0,9.4,1,8,5,6,0,0,0,Online ad,0,0
RW-100392,Riverside,30,5,Annual,4,Basic,24,0,1,0,2.9,1,2,5,13,0,0,0,Corporate,0,0
RW-100393,Lakeview,39,38,Monthly,0,Plus,49,0,0,0,6.9,1,3,9,2,0,0,0,Walk-in,1,0
RW-100394,Riverside,48,42,Annual,4,Basic,24,0,0,0,5.4,0,11,8,3,2,0,0,Online ad,0,0
RW-100395,Lakeview,39,17,Annual,11,Plus,44,0,0,0,8.0,1,7,12,3,0,0,0,Friend,0,0
RW-100396,Lakeview,40,71,Monthly,0,Basic,29,0,0,0,4.2,1,22,11,3,8,0,0,Friend,0,0
RW-100397,Riverside,25,18,Monthly,0,Basic,29,0,0,0,11.3,0,9,7,4,2,2,0,Friend,1,1
RW-100398,Westfield,29,15,Monthly,0,Basic,29,0,1,0,7.2,0,12,9,5,0,0,1,Online ad,0,0
RW-100399,Lakeview,23,10,Annual,2,Plus,44,0,0,0,4.8,1,10,6,2,2,0,0,Friend,0,0
RW-100400,Lakeview,23,1,Annual,5,Basic,24,0,0,0,1.5,1,16,0,2,0,1,0,Online ad,0,0
RW-100401,Riverside,40,1,Annual,7,Plus,44,0,0,0,3.3,1,3,0,8,0,0,1,Corporate,0,0
RW-100402,Riverside,21,7,Annual,4,Plus,44,0,1,0,8.6,0,6,5,9,1,0,0,Walk-in,0,0
RW-100403,Downtown,30,5,Monthly,0,Basic,29,0,0,0,4.5,1,18,21,2,7,1,0,Friend,0,0
RW-100404,Northgate,48,1,Annual,0,Basic,24,0,0,0,2.3,0,6,0,10,1,0,0,Online ad,0,0
RW-100405,Northgate,39,18,Annual,6,Basic,24,0,0,0,8.2,0,4,5,11,3,0,0,Walk-in,0,0
RW-100406,Lakeview,53,12,Annual,5,Basic,24,0,1,0,5.1,0,0,4,41,0,0,1,Walk-in,0,0
RW-100407,Riverside,28,20,Annual,10,Basic,24,0,0,0,1.9,1,2,3,12,0,1,1,Friend,0,0
RW-100408,Westfield,32,18,Annual,3,Plus,34,1,0,0,3.0,0,1,5,8,0,0,0,Friend,0,0
RW-100409,Northgate,31,14,Annual,11,Plus,39,1,0,0,2.3,0,6,13,0,0,0,1,Friend,0,0
RW-100410,Westfield,52,15,Monthly,0,Plus,44,1,1,0,4.5,0,4,14,0,2,1,0,Friend,0,0
RW-100411,Riverside,36,29,Annual,0,Plus,44,0,0,1,7.9,1,28,25,1,16,0,0,Online ad,0,0
RW-100412,Hillcrest,21,81,Monthly,0,Plus,49,0,0,0,7.2,0,4,4,13,1,2,0,Online ad,0,1
RW-100413,Hillcrest,24,14,Monthly,0,Basic,29,0,0,0,7.9,0,3,1,8,1,0,1,Online ad,0,1
RW-100414,Lakeview,21,9,Annual,6,Basic,24,0,0,0,3.5,1,1,10,20,0,0,1,Online ad,0,0
RW-100415,Downtown,42,4,Monthly,0,Basic,29,0,1,0,7.2,1,20,15,1,0,0,0,Corporate,0,0
RW-100416,Northgate,28,27,Monthly,0,Basic,29,0,0,0,1.4,0,3,2,6,1,0,1,Online ad,2,0
RW-100417,Westfield,22,9,Monthly,0,Plus,49,0,0,0,8.3,1,3,17,14,2,0,0,Walk-in,0,0
RW-100418,Downtown,47,21,Monthly,0,Plus,44,1,0,0,3.2,1,6,5,5,0,0,0,Online ad,0,0
RW-100419,Northgate,53,12,Monthly,0,Premium,79,0,1,1,2.8,1,16,12,3,2,1,0,Online ad,0,0
RW-100420,Downtown,46,19,Monthly,0,Plus,49,0,0,0,14.7,0,6,9,2,0,0,0,Friend,0,1
RW-100421,Northgate,37,22,Monthly,0,Basic,29,0,0,0,10.1,0,0,1,109,0,0,1,Walk-in,0,1
RW-100422,Downtown,48,22,Annual,3,Basic,24,0,0,0,10.9,1,0,8,95,0,0,0,Walk-in,1,0
RW-100423,Lakeview,36,8,Annual,7,Plus,44,1,0,0,5.3,0,9,7,1,5,0,0,Friend,0,0
RW-100424,Westfield,24,4,Annual,8,Plus,44,0,0,0,2.4,1,3,14,14,0,0,1,Friend,0,0
RW-100425,Riverside,19,12,Annual,9,Basic,24,0,0,0,7.3,1,1,5,19,0,0,0,Walk-in,0,1
RW-100426,Riverside,44,17,Monthly,0,Basic,29,0,0,0,6.8,1,14,16,4,0,0,0,Corporate,0,0
RW-100427,Riverside,36,51,Annual,2,Basic,19,1,0,0,4.3,0,6,4,0,0,0,1,Online ad,0,0
RW-100428,Northgate,33,15,Monthly,0,Plus,49,0,0,0,2.8,1,6,3,11,1,0,0,Walk-in,1,0
RW-100429,Hillcrest,47,11,Annual,3,Plus,39,1,1,0,3.7,1,2,12,8,0,1,0,Online ad,0,0
RW-100430,Hillcrest,23,18,Annual,1,Basic,24,0,0,1,2.5,1,1,2,10,0,0,1,Friend,1,1
RW-100431,Lakeview,49,45,Monthly,0,Basic,29,0,0,0,2.7,1,6,6,2,0,0,0,Online ad,0,0
RW-100432,Northgate,53,15,Annual,10,Basic,24,0,0,0,8.6,1,10,15,0,0,0,0,Online ad,0,0
RW-100433,Northgate,51,30,Annual,5,Plus,44,0,0,1,3.7,1,7,7,6,7,1,0,Walk-in,0,0
RW-100434,Hillcrest,30,17,Monthly,0,Plus,49,0,0,0,6.7,0,3,7,2,0,0,1,Online ad,0,1
RW-100435,Northgate,52,6,Annual,2,Basic,24,0,0,0,1.5,1,6,7,9,3,0,0,Online ad,1,0
RW-100436,Northgate,23,2,Annual,1,Basic,14,1,0,0,3.9,0,18,8,6,1,0,1,Walk-in,3,1
RW-100437,Westfield,27,7,Annual,6,Premium,74,0,0,0,2.1,0,1,7,18,0,0,0,Online ad,1,0
RW-100438,Riverside,24,22,Monthly,0,Plus,49,0,0,0,3.7,0,21,26,5,2,0,1,Corporate,0,0
RW-100439,Downtown,27,9,Monthly,0,Basic,29,0,0,0,5.1,1,5,6,4,0,0,0,Friend,0,0
RW-100440,Downtown,27,53,Monthly,0,Basic,29,0,0,0,6.7,1,7,20,1,3,0,0,Friend,0,0
RW-100441,Lakeview,30,12,Monthly,0,Basic,29,0,0,0,7.5,1,1,9,4,0,0,0,Online ad,0,1
RW-100442,Downtown,34,64,Monthly,0,Plus,44,1,1,0,11.8,0,11,21,5,1,0,1,Friend,1,0
RW-100443,Westfield,31,15,Annual,6,Plus,39,1,0,0,2.6,1,7,10,2,1,0,0,Friend,0,0
RW-100444,Downtown,33,5,Annual,0,Plus,44,0,0,0,2.6,1,9,12,5,0,0,0,Online ad,0,1
RW-100445,Riverside,44,6,Monthly,0,Premium,79,0,0,1,6.0,1,5,7,11,3,0,0,Online ad,0,0
RW-100446,Northgate,34,2,Annual,3,Basic,24,0,0,0,3.3,0,11,13,6,0,1,1,Online ad,0,0
RW-100447,Westfield,30,7,Annual,1,Premium,74,0,0,0,11.2,1,4,5,8,3,1,1,Online ad,0,1
RW-100448,Riverside,33,7,Monthly,0,Plus,49,0,0,0,7.9,1,25,28,1,2,1,0,Friend,1,0
RW-100449,Lakeview,53,4,Monthly,0,Basic,29,0,0,0,2.1,1,8,8,9,3,0,0,Online ad,0,0
RW-100450,Lakeview,36,27,Monthly,0,Plus,49,0,0,0,3.1,0,6,12,3,1,1,0,Friend,0,0
RW-100451,Hillcrest,63,37,Monthly,0,Plus,49,0,0,0,2.9,0,26,26,2,11,0,0,Online ad,0,0
RW-100452,Northgate,34,6,Monthly,0,Plus,49,0,0,1,4.7,0,4,14,5,1,1,0,Walk-in,0,0
RW-100453,Riverside,29,27,Monthly,0,Premium,79,0,0,1,5.4,1,14,19,0,7,0,0,Walk-in,0,0
RW-100454,Lakeview,20,89,Monthly,0,Basic,29,0,0,0,1.8,0,17,17,6,9,0,0,Online ad,0,0
RW-100455,Riverside,43,5,Monthly,0,Premium,79,0,0,1,2.5,0,10,6,5,5,2,0,Friend,0,0
RW-100456,Northgate,20,9,Monthly,0,Basic,29,0,0,0,3.9,1,2,11,1,0,0,0,Friend,0,1
RW-100457,Hillcrest,31,23,Monthly,0,Plus,49,0,0,0,9.6,0,10,12,4,2,0,0,Online ad,1,0
RW-100458,Westfield,20,3,Monthly,0,Basic,29,0,1,0,1.7,0,7,5,9,0,0,0,Walk-in,0,0
RW-100459,Riverside,49,43,Monthly,0,Plus,49,0,0,0,6.4,0,15,9,1,1,0,1,Online ad,0,0
RW-100460,Northgate,48,8,Monthly,0,Plus,49,0,1,0,4.4,1,6,11,3,0,0,0,Walk-in,1,0
RW-100461,Westfield,33,17,Annual,6,Plus,44,0,1,0,6.8,1,1,5,11,2,0,1,Online ad,0,0
RW-100462,Downtown,41,15,Monthly,0,Basic,29,0,1,0,3.1,0,1,6,16,0,0,0,Walk-in,1,0
RW-100463,Hillcrest,29,13,Annual,9,Premium,69,1,0,1,7.7,1,17,26,5,7,1,0,Online ad,0,0
RW-100464,Downtown,23,4,Monthly,0,Plus,49,0,0,0,5.6,1,11,9,1,5,0,0,Online ad,1,0
RW-100465,Riverside,21,10,Annual,5,Plus,44,0,0,0,2.6,0,9,11,3,4,2,0,Online ad,0,0
RW-100466,Northgate,32,9,Annual,0,Basic,24,1,0,0,3.0,1,5,5,10,0,0,0,Friend,0,1
RW-100467,Downtown,30,2,Monthly,0,Basic,29,0,0,0,3.4,0,7,8,7,3,1,1,Friend,0,1
RW-100468,Lakeview,33,8,Monthly,0,Premium,79,0,0,0,11.4,1,4,10,12,0,0,0,Online ad,0,0
RW-100469,Northgate,24,23,Monthly,0,Premium,79,0,0,0,6.3,0,5,6,3,0,1,0,Friend,0,0
RW-100470,Downtown,23,26,Monthly,0,Basic,29,0,0,0,3.6,1,14,11,1,0,1,0,Online ad,0,0
RW-100471,Downtown,48,1,Annual,1,Basic,24,0,0,0,6.0,1,1,0,0,0,0,0,Corporate,0,0
RW-100472,Lakeview,35,49,Monthly,0,Plus,39,1,0,0,2.9,1,3,12,10,0,1,0,Corporate,0,0
RW-100473,Northgate,40,30,Monthly,0,Premium,69,1,0,1,4.6,0,10,10,6,1,0,1,Walk-in,0,0
RW-100474,Hillcrest,32,13,Monthly,0,Plus,44,1,0,0,6.5,0,17,19,2,1,0,0,Friend,1,0
RW-100475,Riverside,32,30,Monthly,0,Basic,29,0,0,0,4.2,1,18,12,1,9,0,0,Walk-in,0,0
RW-100476,Westfield,32,35,Monthly,0,Basic,29,1,0,0,40.0,0,8,13,0,0,0,0,Walk-in,0,0
RW-100477,Westfield,40,8,Annual,4,Basic,24,0,0,0,16.5,0,3,7,10,0,0,0,Friend,0,1
RW-100478,Hillcrest,32,29,Monthly,0,Basic,29,0,1,0,5.0,1,5,9,8,0,0,0,Walk-in,1,0
RW-100479,Riverside,45,7,Monthly,0,Basic,29,0,0,0,16.0,1,4,14,4,0,1,1,Friend,1,0
RW-100480,Westfield,26,19,Annual,10,Premium,74,0,1,0,4.9,0,1,3,11,0,0,0,Friend,0,0
RW-100481,Riverside,22,17,Monthly,0,Basic,24,1,0,0,8.6,0,6,2,8,0,0,0,Online ad,0,0
RW-100482,Downtown,29,28,Monthly,0,Plus,39,1,0,0,13.8,1,6,11,10,0,0,0,Online ad,0,1
RW-100483,Northgate,47,13,Annual,8,Basic,24,0,0,0,0.9,0,7,14,5,0,0,0,Friend,0,0
RW-100484,Downtown,36,3,Monthly,0,Plus,49,0,1,0,11.3,0,1,10,6,1,0,0,Friend,0,1
RW-100485,Northgate,21,51,Annual,2,Plus,39,1,0,0,4.5,0,23,16,5,8,0,0,Online ad,0,0
RW-100486,Hillcrest,40,47,Annual,0,Basic,24,0,0,0,3.7,1,2,6,7,0,0,0,Walk-in,0,1
RW-100487,Northgate,31,39,Annual,8,Basic,24,0,0,0,8.4,1,15,7,2,0,0,0,Walk-in,0,0
RW-100488,Downtown,22,5,Monthly,0,Premium,69,1,0,1,3.7,0,13,22,0,3,1,0,Friend,0,0
RW-100489,Westfield,41,1,Annual,8,Plus,44,0,0,0,3.3,1,28,0,3,14,1,0,Friend,0,0
RW-100490,Northgate,26,4,Annual,0,Basic,14,1,0,0,8.1,0,8,6,7,4,1,0,Online ad,0,1
RW-100491,Lakeview,40,3,Monthly,0,Basic,24,1,1,0,9.3,0,11,8,8,2,0,0,Online ad,0,1
RW-100492,Downtown,33,32,Annual,2,Plus,44,0,0,0,3.9,0,11,5,4,5,1,0,Walk-in,0,0
RW-100493,Westfield,27,5,Monthly,0,Premium,69,1,0,1,12.6,1,18,26,6,6,0,0,Friend,0,0
RW-100494,Lakeview,28,42,Monthly,0,Plus,44,1,0,0,2.8,1,23,15,3,11,0,0,Online ad,0,0
RW-100495,Westfield,21,120,Annual,3,Basic,24,0,0,0,11.7,0,5,5,11,0,2,0,Online ad,0,0
RW-100496,Westfield,34,11,Annual,3,Basic,24,0,0,1,4.5,1,6,6,8,0,1,0,Corporate,1,0
RW-100497,Lakeview,31,5,Monthly,0,Plus,49,0,1,0,1.5,0,0,9,39,0,0,0,Walk-in,0,0
RW-100498,Riverside,31,11,Monthly,0,Basic,29,0,0,0,9.8,0,0,12,46,0,0,0,Corporate,0,1
RW-100499,Northgate,31,8,Annual,8,Basic,14,1,0,1,0.9,1,5,19,0,0,0,0,Online ad,0,0
RW-100500,Northgate,33,17,Annual,3,Premium,74,1,0,0,7.0,1,6,8,9,1,0,0,Walk-in,0,0
RW-100501,Hillcrest,26,14,Monthly,0,Basic,29,0,0,0,10.6,0,11,14,8,1,1,0,Walk-in,0,0
RW-100502,Riverside,21,20,Monthly,0,Premium,79,0,0,0,13.5,1,6,3,9,0,0,0,Walk-in,0,0
RW-100503,Hillcrest,34,3,Monthly,0,Basic,29,0,0,1,1.9,0,8,9,0,1,2,1,Corporate,0,0
RW-100504,Riverside,42,14,Monthly,0,Plus,49,0,0,0,2.0,1,11,12,6,0,1,0,Walk-in,1,0
RW-100505,Northgate,45,5,Monthly,0,Premium,79,0,0,1,30.6,1,12,7,6,4,0,0,Friend,1,0
RW-100506,Riverside,56,5,Annual,11,Plus,44,0,0,0,9.4,1,1,21,17,0,0,0,Online ad,0,0
RW-100507,Downtown,43,19,Monthly,0,Plus,49,0,0,0,9.0,1,0,12,55,0,0,0,Friend,0,0
RW-100508,Northgate,34,4,Monthly,0,Basic,29,0,0,0,1.8,1,6,8,5,3,0,1,Corporate,0,1
RW-100509,Downtown,34,8,Annual,6,Basic,24,0,0,0,5.0,1,2,8,8,0,0,0,Walk-in,0,0
RW-100510,Westfield,25,92,Annual,8,Basic,24,0,0,0,1.7,1,11,19,2,4,0,0,Friend,0,0
RW-100511,Downtown,24,6,Annual,4,Premium,74,0,0,1,2.7,0,6,7,4,3,0,0,Walk-in,0,0
RW-100512,Downtown,44,38,Monthly,0,Premium,79,0,0,0,3.7,1,13,26,2,5,0,0,Friend,0,0
RW-100513,Hillcrest,39,14,Annual,0,Basic,24,0,0,0,17.2,1,5,5,2,0,0,0,Corporate,0,1
RW-100514,Riverside,23,8,Annual,6,Basic,24,0,1,0,7.2,1,8,8,4,4,0,1,Online ad,0,0
RW-100515,Downtown,39,9,Monthly,0,Plus,49,0,0,0,5.3,1,5,5,7,2,0,0,Corporate,0,0
RW-100516,Hillcrest,33,23,Monthly,0,Premium,69,1,1,0,4.8,1,0,12,39,0,0,0,Online ad,0,1
RW-100517,Downtown,26,14,Monthly,0,Plus,49,0,0,0,8.4,0,15,12,2,8,0,1,Online ad,0,1
RW-100518,Lakeview,39,9,Monthly,0,Basic,29,1,0,0,6.7,0,3,6,9,0,2,0,Friend,0,1
RW-100519,Downtown,27,50,Annual,8,Basic,24,0,0,1,8.7,0,2,15,15,0,0,0,Friend,0,0
RW-100520,Northgate,37,10,Monthly,0,Basic,29,0,0,0,17.9,0,1,3,14,0,0,0,Friend,0,1
RW-100521,Lakeview,35,11,Monthly,0,Plus,44,1,1,0,7.3,1,7,4,10,3,0,1,Online ad,0,0
RW-100522,Hillcrest,23,22,Monthly,0,Premium,79,1,1,0,4.8,1,9,28,2,0,0,0,Walk-in,0,0
RW-100523,Hillcrest,30,12,Annual,10,Basic,24,0,0,0,5.5,1,0,3,45,0,0,0,Walk-in,1,0
RW-100524,Lakeview,38,3,Monthly,0,Basic,29,0,1,0,3.1,0,3,6,2,0,0,0,Online ad,0,0
RW-100525,Riverside,48,43,Monthly,0,Plus,49,0,0,0,9.3,0,3,5,6,2,1,0,Corporate,0,0
RW-100526,Lakeview,34,10,Monthly,0,Plus,49,0,1,0,3.5,0,3,10,7,0,0,0,Walk-in,2,1
RW-100527,Hillcrest,45,8,Annual,1,Basic,19,1,0,0,5.4,0,18,12,5,0,0,1,Online ad,0,0
RW-100528,Hillcrest,25,5,Annual,0,Basic,24,0,1,0,4.9,1,8,9,4,0,0,0,Corporate,1,0
RW-100529,Riverside,39,2,Monthly,0,Plus,49,0,1,0,1.9,1,5,12,10,2,0,0,Walk-in,0,1
RW-100530,Hillcrest,28,21,Annual,3,Basic,24,1,0,1,8.4,1,11,5,3,0,0,0,Online ad,0,0
RW-100531,Westfield,46,19,Monthly,0,Basic,29,0,0,0,4.6,0,6,8,8,0,1,0,Online ad,0,0
RW-100532,Hillcrest,50,16,Monthly,0,Plus,49,0,0,1,6.5,1,1,1,18,1,0,0,Online ad,0,0
RW-100533,Northgate,63,7,Annual,0,Plus,44,0,0,0,2.6,0,19,10,1,10,0,0,Online ad,0,1
RW-100534,Hillcrest,56,18,Annual,9,Basic,24,0,0,0,2.5,1,6,4,5,0,0,0,Friend,0,0
RW-100535,Westfield,30,6,Monthly,0,Premium,79,0,1,1,3.2,1,16,19,5,1,0,0,Walk-in,1,0
RW-100536,Northgate,19,4,Annual,7,Basic,24,1,0,0,4.1,0,10,8,0,7,0,0,Online ad,0,1
RW-100537,Downtown,38,35,Annual,5,Premium,74,0,0,0,1.5,0,11,12,5,1,1,0,Online ad,0,0
RW-100538,Northgate,36,8,Monthly,0,Basic,29,0,0,0,7.3,1,15,14,7,8,0,0,Walk-in,0,0
RW-100539,Westfield,59,58,Annual,9,Basic,24,0,0,0,3.1,0,1,3,3,0,0,1,Walk-in,0,0
RW-100540,Lakeview,31,9,Monthly,0,Premium,79,0,0,0,6.2,0,2,12,10,0,1,0,Walk-in,0,0
RW-100541,Downtown,34,7,Annual,7,Basic,19,1,0,0,7.1,1,11,5,3,0,0,0,Walk-in,0,0
RW-100542,Westfield,33,11,Monthly,0,Plus,49,0,1,0,1.8,0,9,7,7,7,0,0,Online ad,0,0
RW-100543,Westfield,46,4,Annual,10,Plus,44,0,0,0,2.6,1,0,4,32,0,0,0,Friend,0,0
RW-100544,Northgate,39,38,Monthly,0,Plus,49,0,0,0,5.1,1,9,10,1,0,0,0,Walk-in,0,0
RW-100545,Westfield,33,27,Annual,8,Basic,24,0,0,0,15.5,1,10,4,0,3,1,0,Online ad,0,0
RW-100546,Downtown,42,3,Monthly,0,Basic,29,0,0,0,2.1,0,6,6,9,1,0,0,Friend,0,0
RW-100547,Northgate,52,23,Monthly,0,Basic,29,0,0,0,4.5,1,17,12,1,11,0,0,Corporate,0,0
RW-100548,Riverside,26,63,Monthly,0,Basic,29,1,0,0,9.6,0,2,5,14,0,0,0,Online ad,0,0
RW-100549,Downtown,22,7,Monthly,0,Plus,49,0,1,0,5.4,1,19,25,4,0,0,0,Walk-in,0,0
RW-100550,Westfield,33,3,Annual,3,Plus,44,0,0,0,14.6,1,0,5,66,0,0,0,Walk-in,1,1
RW-100551,Hillcrest,28,2,Monthly,0,Plus,39,1,0,0,11.2,1,12,6,5,7,0,0,Walk-in,0,1
RW-100552,Northgate,21,62,Annual,5,Plus,44,0,0,0,1.3,1,5,6,7,0,0,0,Walk-in,0,0
RW-100553,Downtown,40,41,Monthly,0,Basic,29,0,0,1,8.3,0,0,7,84,0,1,1,Walk-in,0,1
RW-100554,Westfield,46,2,Monthly,0,Plus,49,0,0,0,4.6,1,11,16,8,0,0,0,Walk-in,0,0
RW-100555,Lakeview,39,16,Annual,7,Basic,24,0,1,0,3.0,0,6,8,2,0,0,0,Friend,0,0
RW-100556,Westfield,27,7,Monthly,0,Plus,49,0,0,0,14.7,0,11,6,5,6,0,0,Online ad,0,0
RW-100557,Lakeview,48,6,Monthly,0,Plus,49,0,0,1,2.3,0,6,7,6,1,0,0,Online ad,0,0
RW-100558,Riverside,21,54,Annual,5,Plus,44,0,0,0,0.9,1,12,14,1,0,1,1,Online ad,0,0
RW-100559,Downtown,24,28,Monthly,0,Premium,79,0,0,0,5.7,1,13,17,6,1,0,1,Online ad,1,0
RW-100560,Downtown,52,35,Annual,6,Plus,44,0,1,0,2.3,1,4,1,1,0,1,0,Friend,0,0
RW-100561,Hillcrest,39,7,Monthly,0,Premium,79,0,0,0,2.7,0,20,11,3,9,0,0,Corporate,0,0
RW-100562,Riverside,44,8,Monthly,0,Basic,29,0,0,0,1.6,0,10,11,4,4,0,0,Corporate,0,0
RW-100563,Riverside,46,12,Monthly,0,Premium,79,0,0,0,6.5,0,3,0,12,2,1,0,Online ad,0,0
RW-100564,Westfield,38,41,Annual,3,Basic,24,0,0,0,3.2,1,14,21,6,2,0,0,Walk-in,1,0
RW-100565,Downtown,24,8,Monthly,0,Basic,29,0,0,0,6.6,1,2,4,13,0,0,0,Walk-in,0,1
RW-100566,Downtown,29,3,Annual,0,Plus,34,1,0,0,1.5,1,14,13,5,5,0,0,Online ad,1,1
RW-100567,Hillcrest,29,6,Monthly,0,Plus,49,0,0,0,3.1,0,1,10,11,0,0,0,Online ad,0,1
RW-100568,Lakeview,27,13,Monthly,0,Plus,49,0,1,0,2.1,0,2,6,8,3,1,0,Online ad,1,1
RW-100569,Lakeview,40,18,Monthly,0,Basic,19,1,1,0,3.1,1,6,3,4,3,0,0,Walk-in,0,0
RW-100570,Hillcrest,34,8,Annual,11,Premium,74,0,0,1,3.6,1,14,14,3,1,0,0,Online ad,1,0
RW-100571,Lakeview,48,7,Monthly,0,Premium,79,0,0,1,5.1,0,10,8,7,3,0,0,Friend,0,0
RW-100572,Hillcrest,28,28,Annual,8,Premium,74,0,1,0,2.4,0,14,8,1,1,0,0,Walk-in,1,0
RW-100573,Lakeview,40,11,Monthly,0,Premium,79,0,0,0,6.1,0,7,7,2,3,0,0,Corporate,0,0
RW-100574,Lakeview,47,2,Annual,1,Premium,74,0,0,0,6.8,1,15,14,2,8,1,0,Online ad,0,0
RW-100575,Riverside,20,120,Annual,1,Basic,19,1,0,0,9.4,0,3,5,2,1,0,0,Friend,1,1
RW-100576,Riverside,35,66,Monthly,0,Premium,79,0,0,0,13.6,0,6,7,6,5,0,1,Walk-in,0,0
RW-100577,Downtown,60,15,Annual,0,Basic,24,1,1,1,3.3,0,5,7,10,0,1,0,Online ad,0,0
RW-100578,Northgate,18,25,Monthly,0,Premium,79,0,1,0,2.2,1,12,18,6,1,0,0,Online ad,0,0
RW-100579,Northgate,25,44,Monthly,0,Basic,29,0,0,0,3.1,0,1,21,8,0,1,0,Online ad,0,1
RW-100580,Lakeview,33,7,Annual,5,Plus,44,0,0,0,5.6,0,18,8,2,3,1,0,Corporate,0,0
RW-100581,Lakeview,27,4,Annual,9,Basic,19,1,0,0,13.0,0,10,7,5,0,0,0,Online ad,0,0
RW-100582,Northgate,35,48,Monthly,0,Plus,49,0,0,0,11.4,0,8,9,0,5,0,0,Walk-in,0,0
RW-100583,Northgate,36,44,Monthly,0,Premium,79,0,1,0,2.6,0,3,7,4,0,0,0,Friend,0,0
RW-100584,Lakeview,44,7,Annual,11,Plus,44,0,0,0,6.3,1,6,11,3,0,0,0,Walk-in,0,0
RW-100585,Downtown,34,20,Monthly,0,Basic,29,1,0,0,9.3,0,13,13,0,6,0,1,Walk-in,0,0
RW-100586,Lakeview,54,88,Monthly,0,Basic,29,0,0,0,3.6,1,15,10,0,1,0,0,Walk-in,1,0
RW-100587,Northgate,34,24,Monthly,0,Plus,39,1,0,0,3.6,1,16,14,0,7,0,0,Friend,0,0
RW-100588,Hillcrest,25,27,Monthly,0,Premium,69,1,1,1,6.0,0,6,7,3,1,0,0,Friend,0,0
RW-100589,Riverside,26,4,Annual,2,Plus,34,1,0,0,5.4,0,5,12,2,0,0,0,Friend,0,0
RW-100590,Riverside,28,11,Monthly,0,Premium,79,0,0,0,6.9,0,3,3,2,0,0,0,Friend,0,1
RW-100591,Downtown,56,2,Annual,1,Premium,74,0,0,1,5.6,0,2,22,0,0,1,1,Friend,0,1
RW-100592,Lakeview,25,8,Annual,5,Premium,74,1,0,1,6.8,0,3,6,14,0,0,0,Online ad,0,0
RW-100593,Hillcrest,29,10,Monthly,0,Plus,49,0,0,0,16.0,0,9,11,2,0,0,0,Friend,0,0
RW-100594,Riverside,36,34,Annual,6,Plus,44,0,0,0,7.1,0,6,8,6,4,0,1,Walk-in,0,0
RW-100595,Northgate,32,2,Monthly,0,Premium,79,0,0,0,12.8,1,16,15,2,8,0,0,Online ad,0,0
RW-100596,Northgate,44,14,Monthly,0,Premium,79,1,0,1,5.3,1,8,6,3,0,0,1,Walk-in,0,0
RW-100597,Westfield,26,9,Monthly,0,Basic,29,0,1,0,11.2,0,5,3,6,1,2,1,Online ad,0,1
RW-100598,Downtown,33,8,Monthly,0,Basic,29,0,0,0,2.7,0,9,8,3,7,0,1,Friend,0,0
RW-100599,Hillcrest,31,10,Annual,5,Plus,44,0,0,0,0.9,0,4,3,10,0,0,0,Online ad,0,0
RW-100600,Northgate,29,4,Annual,9,Plus,39,1,0,0,2.2,0,1,4,18,0,1,0,Online ad,0,1
RW-100601,Downtown,23,4,Monthly,0,Basic,29,0,0,0,2.9,1,7,10,5,5,1,1,Friend,0,0
RW-100602,Westfield,48,7,Annual,8,Plus,44,0,0,0,2.7,1,5,10,7,1,0,0,Friend,0,0
RW-100603,Downtown,28,1,Monthly,0,Plus,49,0,0,0,3.1,1,5,0,1,0,1,0,Walk-in,1,0
RW-100604,Downtown,26,11,Annual,4,Premium,74,0,0,1,5.8,1,20,12,0,11,1,0,Online ad,1,0
RW-100605,Westfield,29,19,Monthly,0,Basic,19,1,1,0,3.6,0,11,11,4,0,0,0,Corporate,0,0
RW-100606,Downtown,21,67,Monthly,0,Plus,39,1,1,0,18.5,0,7,6,1,2,0,0,Online ad,0,0
RW-100607,Hillcrest,25,6,Monthly,0,Basic,29,0,0,0,3.5,0,3,4,2,0,0,0,Friend,0,1
RW-100608,Riverside,44,3,Monthly,0,Plus,49,0,0,0,1.7,0,19,10,5,1,0,0,Walk-in,0,0
RW-100609,Lakeview,27,25,Annual,2,Basic,24,0,0,1,4.3,0,12,11,4,0,0,0,Friend,0,0
RW-100610,Lakeview,52,27,Monthly,0,Plus,49,0,0,0,18.3,1,6,5,8,0,1,0,Online ad,0,0
RW-100611,Hillcrest,25,23,Annual,6,Basic,24,0,0,0,16.3,0,8,4,7,1,0,0,Corporate,0,0
RW-100612,Northgate,21,6,Annual,10,Premium,74,0,0,1,15.0,0,8,4,5,3,0,0,Walk-in,0,0
RW-100613,Westfield,53,36,Annual,10,Plus,44,0,0,0,2.1,1,8,11,8,7,1,0,Friend,0,0
RW-100614,Lakeview,23,2,Monthly,0,Plus,49,0,0,0,3.0,1,1,4,6,0,0,0,Online ad,0,0
RW-100615,Hillcrest,21,32,Monthly,0,Basic,29,0,0,0,8.2,1,12,10,0,6,0,0,Online ad,0,0
RW-100616,Lakeview,27,8,Monthly,0,Plus,49,0,0,0,7.3,1,14,10,1,6,0,1,Online ad,0,0
RW-100617,Downtown,49,14,Annual,11,Plus,44,0,1,0,3.8,0,7,20,10,1,0,0,Friend,1,0
RW-100618,Westfield,40,49,Monthly,0,Premium,79,1,0,1,18.9,1,14,11,7,2,0,0,Friend,0,0
RW-100619,Riverside,30,20,Monthly,0,Basic,29,0,0,0,6.3,1,10,17,5,3,0,0,Friend,0,0
RW-100620,Northgate,41,1,Monthly,0,Plus,49,0,0,0,5.5,1,3,0,8,0,0,0,Walk-in,2,1
RW-100621,Westfield,22,7,Monthly,0,Plus,44,1,1,1,4.3,0,15,9,4,1,0,1,Friend,0,0
RW-100622,Westfield,20,18,Annual,10,Basic,24,0,0,0,2.4,1,7,14,4,0,0,0,Friend,1,0
RW-100623,Westfield,27,10,Monthly,0,Basic,19,1,0,0,7.8,0,7,6,4,5,1,0,Friend,0,0
RW-100624,Downtown,29,36,Annual,5,Plus,44,0,0,0,1.6,0,5,5,8,0,1,0,Online ad,0,0
RW-100625,Westfield,33,42,Annual,4,Plus,44,0,1,0,7.4,0,15,12,5,7,1,1,Friend,0,0
RW-100626,Lakeview,29,23,Monthly,0,Basic,29,0,0,0,3.6,1,2,2,1,0,0,0,Corporate,0,1
RW-100627,Riverside,37,11,Monthly,0,Basic,29,0,0,0,4.0,1,26,9,5,2,1,0,Online ad,0,0
RW-100628,Westfield,51,5,Monthly,0,Premium,79,1,0,1,7.3,1,11,11,8,8,0,1,Walk-in,0,0
RW-100629,Hillcrest,32,36,Monthly,0,Plus,49,0,0,0,3.3,0,11,8,1,0,0,0,Walk-in,0,0
RW-100630,Riverside,32,71,Monthly,0,Basic,29,0,0,0,5.4,1,7,10,1,2,1,1,Online ad,0,0
RW-100631,Riverside,42,14,Monthly,0,Premium,79,0,0,0,1.6,0,15,27,0,1,0,0,Online ad,0,0
RW-100632,Lakeview,31,45,Annual,8,Basic,24,0,0,0,3.4,1,9,11,3,0,0,0,Walk-in,0,0
RW-100633,Hillcrest,29,15,Monthly,0,Premium,79,0,1,1,10.8,1,2,8,11,0,1,0,Online ad,0,1
RW-100634,Lakeview,34,25,Annual,4,Plus,44,0,0,0,8.2,1,4,4,8,0,0,0,Online ad,0,0
RW-100635,Hillcrest,26,29,Monthly,0,Basic,29,0,1,0,3.1,0,3,10,13,0,0,0,Online ad,0,1
RW-100636,Hillcrest,20,79,Annual,1,Basic,24,0,0,0,3.2,0,5,4,11,0,1,1,Walk-in,0,0
RW-100637,Lakeview,45,7,Annual,7,Plus,44,0,0,0,10.7,1,3,8,0,1,0,0,Walk-in,1,0
RW-100638,Lakeview,47,68,Annual,10,Premium,74,0,0,1,22.0,1,3,7,14,0,0,0,Friend,0,0
RW-100639,Northgate,27,10,Annual,10,Basic,24,0,1,1,10.8,0,5,3,2,0,0,0,Friend,1,0
RW-100640,Riverside,61,14,Monthly,0,Basic,19,1,1,1,4.0,0,10,11,5,6,1,0,Corporate,1,0
RW-100641,Westfield,32,8,Monthly,0,Plus,49,0,0,0,7.3,0,3,9,11,1,0,0,Walk-in,2,1
RW-100642,Downtown,35,12,Monthly,0,Basic,19,1,0,0,4.3,1,18,16,3,0,0,0,Online ad,1,0
RW-100643,Riverside,43,26,Monthly,0,Plus,49,0,0,0,7.4,0,5,7,0,0,0,0,Online ad,0,0
RW-100644,Northgate,30,43,Monthly,0,Premium,79,0,0,0,2.2,1,1,4,18,0,1,1,Walk-in,0,0
RW-100645,Riverside,24,2,Monthly,0,Plus,49,0,0,0,5.3,1,13,6,6,0,0,0,Friend,0,0
RW-100646,Downtown,37,2,Monthly,0,Plus,49,0,0,0,5.7,0,12,7,4,4,0,0,Online ad,0,0
RW-100647,Hillcrest,21,20,Monthly,0,Plus,49,1,0,0,11.4,1,0,5,60,0,2,0,Walk-in,1,1
RW-100648,Downtown,29,15,Annual,7,Basic,24,0,0,0,6.3,1,1,14,6,0,0,0,Online ad,0,0
RW-100649,Westfield,25,23,Monthly,0,Premium,69,1,0,1,0.8,0,6,14,6,1,0,0,Walk-in,0,0
RW-100650,Northgate,32,27,Annual,8,Plus,44,1,0,0,6.1,1,7,12,8,0,0,0,Online ad,0,0
RW-100651,Westfield,39,14,Monthly,0,Basic,29,1,1,0,3.5,1,12,26,2,6,1,0,Corporate,0,0
RW-100652,Hillcrest,47,8,Annual,10,Plus,44,0,0,0,4.1,0,20,13,0,1,0,0,Online ad,1,0
RW-100653,Downtown,29,7,Annual,7,Plus,44,0,0,0,6.1,1,17,16,6,0,0,1,Walk-in,0,0
RW-100654,Downtown,44,10,Monthly,0,Basic,29,0,1,0,6.6,0,12,6,5,0,1,0,Friend,0,0
RW-100655,Hillcrest,28,30,Annual,1,Basic,24,0,0,0,16.4,1,7,6,9,2,0,0,Online ad,1,1
RW-100656,Riverside,49,40,Annual,11,Plus,44,0,0,1,8.2,1,20,14,4,0,0,0,Online ad,0,0
RW-100657,Hillcrest,23,31,Monthly,0,Premium,79,1,0,1,12.4,1,11,10,2,0,1,0,Walk-in,0,0
RW-100658,Hillcrest,55,2,Monthly,0,Basic,29,0,0,0,2.2,1,0,10,56,0,0,0,Online ad,0,0
RW-100659,Hillcrest,47,10,Annual,10,Plus,44,0,0,0,5.4,1,5,10,7,1,0,1,Friend,0,0
RW-100660,Hillcrest,42,30,Monthly,0,Basic,29,0,0,0,7.3,0,8,4,9,5,0,0,Walk-in,0,0
RW-100661,Downtown,30,4,Annual,8,Plus,44,0,0,0,15.5,0,7,6,3,5,0,0,Walk-in,0,0
RW-100662,Lakeview,27,2,Annual,2,Plus,44,0,0,0,5.1,1,3,3,8,2,0,0,Online ad,0,0
RW-100663,Downtown,43,43,Monthly,0,Basic,29,0,0,0,4.8,0,18,27,6,9,0,1,Online ad,0,1
RW-100664,Riverside,25,25,Annual,9,Plus,44,0,0,0,3.8,0,10,19,7,0,0,0,Friend,1,0
RW-100665,Hillcrest,50,7,Monthly,0,Plus,49,0,1,0,7.7,0,4,1,13,3,0,0,Walk-in,0,0
RW-100666,Northgate,40,54,Monthly,0,Basic,29,0,0,0,14.7,1,6,3,3,0,0,1,Friend,0,0
RW-100667,Riverside,78,2,Monthly,0,Basic,19,1,0,0,11.2,1,3,6,4,0,0,0,Online ad,0,1
RW-100668,Hillcrest,40,5,Annual,3,Plus,44,0,0,0,8.0,0,2,12,3,0,0,0,Corporate,0,0
RW-100669,Hillcrest,25,35,Monthly,0,Basic,29,1,0,0,3.0,1,20,14,2,2,0,0,Online ad,2,1
RW-100670,Riverside,34,59,Monthly,0,Plus,49,0,1,0,3.2,1,6,1,11,3,0,0,Corporate,0,0
RW-100671,Hillcrest,28,40,Annual,0,Plus,34,1,0,1,3.4,1,15,16,0,0,0,0,Walk-in,0,0
RW-100672,Westfield,19,23,Monthly,0,Basic,19,1,0,0,7.3,1,5,10,6,1,1,0,Walk-in,0,0
RW-100673,Westfield,36,16,Monthly,0,Plus,49,0,0,0,4.9,0,14,8,4,5,0,0,Online ad,1,0
RW-100674,Downtown,27,13,Monthly,0,Basic,29,0,0,0,19.8,0,3,5,14,1,0,0,Walk-in,1,1
RW-100675,Downtown,32,14,Monthly,0,Plus,49,0,0,0,5.7,1,8,7,1,0,1,0,Corporate,0,1
RW-100676,Northgate,46,2,Monthly,0,Plus,39,1,0,0,3.1,0,7,12,5,1,0,1,Online ad,0,1
RW-100677,Riverside,30,23,Annual,1,Basic,24,0,0,0,3.5,1,4,15,3,1,0,0,Walk-in,0,1
RW-100678,Riverside,36,35,Monthly,0,Basic,29,0,0,0,2.3,0,0,2,36,0,0,1,Online ad,0,1
RW-100679,Northgate,33,5,Annual,11,Premium,64,1,0,0,9.5,1,6,10,10,0,0,0,Walk-in,0,0
RW-100680,Northgate,32,6,Monthly,0,Basic,29,0,1,0,7.8,0,4,4,11,1,0,0,Online ad,0,0
RW-100681,Riverside,61,8,Annual,0,Basic,24,0,0,0,3.5,1,6,11,6,0,0,0,Walk-in,1,0
RW-100682,Downtown,28,46,Monthly,0,Premium,79,0,0,1,4.3,1,18,18,3,9,1,0,Corporate,1,0
RW-100683,Westfield,77,8,Annual,7,Premium,74,0,0,1,6.3,0,10,6,7,1,0,0,Online ad,0,0
RW-100684,Lakeview,34,6,Monthly,0,Basic,29,0,0,0,7.2,0,1,5,13,0,0,0,Walk-in,0,0
RW-100685,Downtown,42,1,Annual,10,Basic,24,0,0,0,4.3,1,4,0,11,1,0,0,Walk-in,0,0
RW-100686,Westfield,30,45,Monthly,0,Plus,49,0,0,0,2.9,0,10,6,7,0,0,0,Walk-in,0,0
RW-100687,Westfield,26,12,Annual,4,Premium,74,0,0,1,5.5,1,9,7,7,1,0,0,Corporate,0,0
RW-100688,Downtown,45,27,Monthly,0,Basic,29,0,0,0,8.8,1,11,7,6,0,0,0,Walk-in,0,1
RW-100689,Lakeview,56,19,Annual,0,Basic,24,0,0,0,2.5,0,14,7,4,2,0,1,Walk-in,0,1
RW-100690,Hillcrest,57,87,Annual,2,Premium,74,0,1,0,11.2,0,2,4,7,0,0,0,Online ad,0,0
RW-100691,Northgate,55,3,Annual,2,Plus,44,1,0,0,6.1,0,2,4,8,1,0,1,Friend,0,0
RW-100692,Lakeview,44,48,Monthly,0,Plus,49,0,0,0,7.4,0,1,7,9,1,0,0,Corporate,0,0
RW-100693,Westfield,41,29,Monthly,0,Basic,29,0,0,0,3.9,1,4,11,10,1,0,0,Walk-in,0,0
RW-100694,Downtown,43,3,Annual,5,Basic,24,0,0,0,6.2,1,1,4,20,0,1,0,Online ad,0,0
RW-100695,Westfield,21,12,Monthly,0,Basic,29,0,1,0,5.8,0,28,28,3,0,0,0,Walk-in,1,1
RW-100696,Westfield,23,38,Annual,9,Premium,74,0,0,0,33.9,1,2,2,9,0,0,0,Walk-in,0,0
RW-100697,Westfield,23,2,Annual,7,Basic,24,0,0,0,8.6,0,6,4,9,1,0,0,Walk-in,1,0
RW-100698,Downtown,33,12,Monthly,0,Basic,29,0,0,0,10.7,1,4,14,7,1,0,0,Online ad,0,1
RW-100699,Westfield,36,96,Monthly,0,Premium,79,1,0,1,9.9,1,6,16,8,0,0,0,Friend,0,0
RW-100700,Lakeview,34,38,Annual,0,Basic,19,1,0,0,8.4,0,2,6,11,0,0,0,Online ad,0,1
RW-100701,Downtown,25,10,Annual,2,Premium,74,0,0,0,5.4,1,7,12,2,1,0,0,Walk-in,0,0
RW-100702,Northgate,31,6,Annual,7,Basic,24,0,0,0,3.5,0,4,6,4,0,0,0,Walk-in,0,0
RW-100703,Hillcrest,29,62,Monthly,0,Premium,79,0,0,1,2.2,1,3,28,8,1,0,0,Friend,0,0
RW-100704,Downtown,42,4,Monthly,0,Plus,49,0,0,0,4.2,0,0,10,63,0,0,1,Online ad,1,1
RW-100705,Riverside,28,14,Annual,9,Plus,44,0,0,0,5.5,1,5,4,7,1,1,0,Walk-in,0,0
RW-100706,Riverside,20,16,Monthly,0,Plus,49,0,0,0,4.0,0,1,1,6,0,0,0,Walk-in,0,0
RW-100707,Downtown,41,28,Monthly,0,Basic,29,0,0,0,14.9,0,8,5,3,5,0,1,Online ad,1,0
RW-100708,Downtown,44,2,Annual,6,Basic,24,0,0,0,8.1,1,2,2,10,0,1,1,Walk-in,1,0
RW-100709,Downtown,20,19,Annual,9,Basic,24,0,0,0,7.2,0,9,0,7,7,0,0,Corporate,0,0
RW-100710,Downtown,32,42,Annual,11,Plus,44,0,0,0,7.2,1,6,7,3,1,0,0,Friend,1,0
RW-100711,Northgate,35,2,Monthly,0,Plus,49,0,1,0,2.2,1,3,2,0,1,0,0,Online ad,0,0
RW-100712,Hillcrest,29,43,Monthly,0,Basic,29,0,0,0,3.4,1,0,11,39,0,0,0,Walk-in,0,1
RW-100713,Northgate,54,21,Monthly,0,Basic,29,0,0,0,4.4,1,7,4,8,2,0,1,Online ad,0,1
RW-100714,Hillcrest,53,37,Annual,6,Plus,44,1,0,0,7.8,0,12,7,3,0,2,0,Walk-in,0,0
RW-100715,Northgate,29,13,Monthly,0,Plus,49,0,0,0,2.2,0,19,10,5,0,0,1,Walk-in,0,0
RW-100716,Downtown,33,39,Annual,7,Basic,24,0,0,0,5.4,1,3,8,14,1,0,0,Walk-in,0,0
RW-100717,Westfield,78,9,Monthly,0,Premium,79,0,0,0,5.1,0,5,9,4,0,0,0,Online ad,0,0
RW-100718,Lakeview,36,3,Annual,0,Basic,24,0,1,0,15.2,1,9,9,1,0,0,0,Walk-in,0,1
RW-100719,Lakeview,49,13,Monthly,0,Basic,24,1,1,0,0.7,1,2,9,13,0,0,0,Online ad,0,0
RW-100720,Northgate,25,45,Monthly,0,Basic,29,0,0,0,2.7,1,10,17,2,0,0,0,Walk-in,0,0
RW-100721,Hillcrest,36,7,Monthly,0,Plus,49,0,0,0,4.4,1,7,7,4,2,0,0,Friend,0,0
RW-100722,Lakeview,46,3,Monthly,0,Plus,49,1,0,0,4.0,0,0,1,83,0,0,0,Friend,0,1
RW-100723,Hillcrest,32,33,Monthly,0,Basic,29,0,0,0,11.1,1,7,1,3,1,1,0,Friend,1,1
RW-100724,Hillcrest,27,52,Monthly,0,Basic,29,0,0,0,5.1,1,18,17,7,7,1,0,Walk-in,0,0
RW-100725,Westfield,58,13,Monthly,0,Basic,19,1,0,0,7.8,0,11,13,7,4,1,1,Online ad,0,0
RW-100726,Westfield,24,21,Monthly,0,Basic,24,1,1,0,3.1,0,4,8,12,5,1,0,Online ad,0,1
RW-100727,Hillcrest,36,7,Monthly,0,Plus,49,0,1,0,3.3,1,5,8,11,2,0,0,Walk-in,0,0
RW-100728,Lakeview,41,8,Monthly,0,Basic,29,0,0,0,15.7,0,0,4,49,0,0,0,Online ad,0,1
RW-100729,Lakeview,34,15,Monthly,0,Basic,29,0,0,0,3.3,1,6,7,2,1,0,0,Online ad,0,0
RW-100730,Downtown,27,10,Monthly,0,Plus,49,0,0,0,5.7,1,4,10,0,1,0,1,Friend,1,0
RW-100731,Downtown,27,7,Annual,1,Plus,44,1,0,0,9.6,0,4,3,9,3,1,1,Friend,0,0
RW-100732,Lakeview,33,51,Annual,11,Plus,44,0,0,0,3.6,1,6,17,4,3,0,1,Online ad,0,0
RW-100733,Lakeview,26,103,Monthly,0,Basic,29,0,1,0,2.7,0,9,16,7,2,1,1,Walk-in,0,0
RW-100734,Northgate,68,39,Annual,9,Premium,74,0,1,1,3.3,0,17,22,4,0,0,0,Online ad,0,0
RW-100735,Northgate,44,4,Monthly,0,Basic,29,0,0,0,10.0,1,5,7,4,1,0,0,Online ad,0,0
RW-100736,Downtown,55,6,Monthly,0,Basic,29,0,0,0,2.2,0,4,7,8,0,0,0,Friend,0,0
RW-100737,Riverside,30,8,Monthly,0,Basic,29,0,0,0,2.2,0,9,5,7,8,0,0,Online ad,0,0
RW-100738,Lakeview,46,2,Monthly,0,Basic,29,0,0,0,1.5,1,2,7,1,1,0,1,Online ad,0,1
RW-100739,Hillcrest,26,120,Annual,4,Plus,44,0,0,0,7.6,1,3,6,10,0,0,0,Friend,0,0
RW-100740,Riverside,41,11,Monthly,0,Premium,79,0,0,0,6.4,0,5,2,2,2,0,1,Online ad,0,0
RW-100741,Westfield,49,15,Annual,4,Basic,24,0,0,0,1.6,1,9,18,2,1,0,1,Online ad,0,0
RW-100742,Riverside,22,32,Monthly,0,Plus,49,0,0,0,6.1,0,2,3,4,3,0,1,Friend,1,0
RW-100743,Westfield,28,4,Monthly,0,Plus,49,0,0,0,2.4,1,19,12,6,4,1,0,Online ad,0,0
RW-100744,Northgate,20,26,Monthly,0,Basic,29,0,0,0,9.9,0,2,11,1,0,0,0,Walk-in,0,1
RW-100745,Lakeview,42,16,Monthly,0,Plus,49,0,0,0,7.0,0,7,9,3,1,0,0,Online ad,1,0
RW-100746,Downtown,21,34,Annual,4,Basic,24,0,0,0,7.0,0,4,9,1,0,0,0,Walk-in,1,0
RW-100747,Westfield,68,7,Annual,8,Plus,34,1,0,0,7.7,0,8,8,0,0,0,0,Online ad,0,0
RW-100748,Northgate,36,6,Monthly,0,Basic,29,0,0,0,3.5,1,19,12,3,4,0,1,Walk-in,0,0
RW-100749,Downtown,30,4,Monthly,0,Plus,49,0,0,0,3.3,1,4,4,8,2,0,0,Friend,0,0
RW-100750,Hillcrest,33,24,Annual,5,Premium,74,0,0,1,6.9,0,8,14,6,0,0,1,Walk-in,1,0
RW-100751,Lakeview,32,13,Monthly,0,Plus,49,0,0,0,12.6,0,11,27,4,0,0,0,Online ad,0,0
RW-100752,Northgate,36,10,Monthly,0,Plus,49,0,1,0,5.6,1,0,3,38,0,0,0,Online ad,0,0
RW-100753,Westfield,27,9,Annual,8,Premium,74,1,0,1,5.6,1,12,11,2,4,0,0,Walk-in,0,0
RW-100754,Riverside,37,49,Monthly,0,Basic,29,1,0,0,2.0,0,21,13,3,8,0,0,Friend,0,0
RW-100755,Northgate,51,32,Monthly,0,Premium,79,0,0,0,5.3,1,13,20,4,0,0,0,Walk-in,0,1
RW-100756,Northgate,39,11,Annual,10,Plus,44,1,0,0,2.8,1,10,11,8,4,1,1,Friend,1,0
RW-100757,Westfield,26,7,Annual,5,Basic,24,0,1,0,4.5,0,13,9,5,0,0,1,Friend,0,0
RW-100758,Westfield,49,5,Monthly,0,Plus,44,1,0,0,2.6,0,4,4,4,0,0,0,Online ad,0,1
RW-100759,Hillcrest,34,21,Monthly,0,Basic,29,0,0,0,4.8,0,19,18,6,1,0,0,Walk-in,0,1
RW-100760,Westfield,34,37,Monthly,0,Plus,49,0,0,0,5.9,0,25,17,1,13,1,0,Friend,0,0
RW-100761,Hillcrest,45,31,Monthly,0,Basic,19,1,0,0,6.7,1,21,17,3,8,1,0,Corporate,0,0
RW-100762,Hillcrest,25,19,Monthly,0,Basic,29,0,1,0,6.2,0,5,4,12,0,0,1,Walk-in,0,0
RW-100763,Downtown,24,37,Monthly,0,Premium,79,0,0,1,10.2,1,19,19,6,8,0,1,Online ad,1,0
RW-100764,Lakeview,40,16,Annual,8,Basic,19,1,0,0,4.5,1,6,4,6,0,0,1,Online ad,0,0
RW-100765,Hillcrest,27,76,Monthly,0,Plus,39,1,0,0,3.1,1,21,27,3,12,0,0,Walk-in,0,1
RW-100766,Downtown,35,7,Monthly,0,Basic,29,0,1,0,4.1,1,9,14,9,3,0,0,Walk-in,0,0
RW-100767,Riverside,51,28,Monthly,0,Basic,29,0,1,0,6.5,0,12,10,4,0,0,0,Online ad,0,0
RW-100768,Hillcrest,54,10,Monthly,0,Basic,29,0,0,0,4.3,0,7,7,3,1,1,0,Friend,0,0
RW-100769,Northgate,43,9,Monthly,0,Basic,29,0,0,0,3.8,1,7,5,7,2,0,0,Online ad,0,0
RW-100770,Lakeview,33,28,Annual,5,Premium,74,0,1,0,20.0,1,6,5,2,1,2,0,Walk-in,0,0
RW-100771,Hillcrest,30,2,Monthly,0,Basic,29,0,0,0,4.6,1,3,5,8,1,0,0,Corporate,1,0
RW-100772,Westfield,41,4,Monthly,0,Basic,19,1,0,0,2.7,1,4,4,4,0,0,0,Online ad,0,1
RW-100773,Lakeview,27,29,Monthly,0,Basic,29,0,0,0,4.6,0,9,12,4,1,0,1,Walk-in,0,0
RW-100774,Downtown,50,35,Monthly,0,Basic,29,0,0,0,7.7,0,17,19,7,0,0,0,Walk-in,0,1
RW-100775,Riverside,34,29,Annual,8,Plus,44,0,0,0,4.9,0,8,9,8,0,0,0,Walk-in,0,0
RW-100776,Downtown,38,20,Annual,4,Premium,74,0,0,0,1.2,1,1,8,5,0,0,1,Walk-in,1,1
RW-100777,Westfield,45,5,Monthly,0,Premium,69,1,0,0,3.2,1,1,4,11,0,0,0,Corporate,0,1
RW-100778,Downtown,24,62,Annual,3,Basic,24,0,0,0,11.7,0,10,10,1,2,0,1,Friend,0,0
RW-100779,Westfield,25,12,Annual,11,Plus,44,0,0,1,1.2,1,8,13,0,1,1,0,Online ad,0,0
RW-100780,Hillcrest,61,2,Annual,9,Basic,24,0,1,0,6.1,1,9,9,5,6,0,0,Walk-in,1,0
RW-100781,Lakeview,40,5,Annual,4,Basic,24,0,0,0,4.1,1,7,16,8,1,0,0,Friend,0,0
RW-100782,Lakeview,24,25,Annual,8,Plus,44,0,0,0,14.6,1,5,14,2,2,1,1,Online ad,1,0
RW-100783,Westfield,52,10,Monthly,0,Basic,29,1,0,0,2.5,0,8,12,1,0,0,0,Online ad,0,0
RW-100784,Downtown,41,14,Monthly,0,Premium,79,0,0,0,5.4,0,16,20,3,2,2,0,Online ad,1,0
RW-100785,Riverside,24,7,Monthly,0,Plus,49,0,1,0,2.7,1,12,15,7,1,0,0,Corporate,1,0
RW-100786,Westfield,78,9,Monthly,0,Plus,49,0,1,0,2.8,1,13,22,7,10,0,0,Walk-in,0,0
RW-100787,Westfield,26,21,Monthly,0,Basic,29,0,0,0,7.6,1,3,4,2,0,0,0,Online ad,1,1
RW-100788,Hillcrest,32,12,Monthly,0,Premium,79,0,0,0,8.3,0,11,4,2,1,0,0,Walk-in,0,1
RW-100789,Northgate,37,8,Monthly,0,Plus,49,0,0,0,7.6,0,8,16,10,0,0,0,Walk-in,0,1
RW-100790,Downtown,33,4,Monthly,0,Plus,49,0,0,0,3.3,0,2,4,5,0,0,0,Friend,1,0
RW-100791,Northgate,66,11,Monthly,0,Plus,49,0,0,0,3.4,0,0,7,39,0,1,0,Friend,1,1
RW-100792,Downtown,25,42,Monthly,0,Plus,49,0,0,0,5.7,1,13,5,2,4,0,0,Walk-in,0,0
RW-100793,Downtown,29,16,Monthly,0,Plus,49,0,0,0,5.3,0,0,3,30,0,0,0,Online ad,0,1
RW-100794,Riverside,40,29,Monthly,0,Basic,29,0,0,0,7.9,0,5,10,7,4,0,0,Online ad,0,0
RW-100795,Hillcrest,41,27,Monthly,0,Plus,44,1,0,0,3.5,1,1,19,16,0,2,1,Friend,0,1
RW-100796,Westfield,29,33,Monthly,0,Basic,29,1,0,0,2.8,1,9,26,4,0,0,0,Friend,1,1
RW-100797,Downtown,25,3,Monthly,0,Plus,49,0,0,0,6.6,1,8,6,6,1,0,0,Friend,0,0
RW-100798,Westfield,38,12,Annual,8,Basic,24,0,0,0,3.3,0,5,4,2,0,0,0,Online ad,1,0
RW-100799,Riverside,34,19,Annual,11,Premium,64,1,1,0,10.0,0,4,7,5,0,0,0,Walk-in,1,0
RW-100800,Riverside,40,6,Monthly,0,Basic,29,0,0,0,7.6,0,17,5,3,0,1,0,Walk-in,0,0
RW-100801,Westfield,46,38,Monthly,0,Basic,29,0,1,0,4.1,0,12,11,6,1,0,0,Friend,0,0
RW-100802,Lakeview,25,54,Annual,7,Plus,44,0,1,0,3.3,1,15,7,3,1,0,0,Online ad,0,0
RW-100803,Westfield,45,13,Annual,8,Basic,24,0,0,0,1.7,1,10,15,1,0,1,0,Walk-in,0,0
RW-100804,Downtown,26,21,Monthly,0,Basic,19,1,0,0,5.4,1,4,3,0,2,1,0,Corporate,1,0
RW-100805,Northgate,28,11,Monthly,0,Basic,24,1,0,0,9.0,0,2,20,2,0,0,0,Online ad,0,1
RW-100806,Downtown,51,97,Annual,3,Basic,19,1,0,0,9.0,0,14,21,1,6,0,1,Online ad,0,0
RW-100807,Westfield,35,10,Monthly,0,Plus,49,0,0,0,10.2,1,8,2,8,3,0,0,Walk-in,2,0
RW-100808,Westfield,29,37,Monthly,0,Premium,79,0,0,0,10.9,0,28,27,4,6,0,0,Online ad,0,0
RW-100809,Hillcrest,46,13,Annual,3,Basic,24,0,0,0,15.2,0,10,24,2,5,0,0,Online ad,0,0
RW-100810,Hillcrest,40,1,Monthly,0,Premium,79,0,0,0,7.2,0,1,0,0,0,1,0,Walk-in,0,1
RW-100811,Riverside,54,6,Annual,9,Basic,24,1,1,0,6.0,1,4,3,10,1,1,1,Online ad,0,0
RW-100812,Westfield,38,2,Annual,7,Basic,24,0,1,0,3.6,1,9,8,3,0,0,0,Friend,0,0
RW-100813,Hillcrest,51,50,Annual,1,Basic,24,0,0,1,4.6,1,5,11,6,0,0,0,Walk-in,0,0
RW-100814,Riverside,36,74,Monthly,0,Basic,19,1,0,1,1.2,0,5,5,7,0,0,0,Walk-in,0,0
RW-100815,Northgate,38,65,Monthly,0,Plus,49,0,0,1,4.5,0,2,15,10,0,0,1,Online ad,0,0
RW-100816,Northgate,57,5,Monthly,0,Plus,44,1,1,0,4.0,1,16,3,4,5,1,0,Walk-in,0,0
RW-100817,Westfield,27,3,Monthly,0,Basic,29,0,0,0,3.5,1,10,5,7,5,0,1,Online ad,0,0
RW-100818,Westfield,57,37,Monthly,0,Plus,49,0,1,0,1.2,1,3,20,5,0,1,0,Friend,0,0
RW-100819,Riverside,30,24,Monthly,0,Plus,49,0,0,0,4.4,0,0,4,35,0,0,0,Corporate,0,1
RW-100820,Hillcrest,20,1,Annual,10,Plus,44,0,0,0,1.1,0,7,0,8,0,0,1,Online ad,0,0
RW-100821,Riverside,44,32,Annual,0,Premium,74,0,1,1,9.7,0,0,8,61,0,1,1,Friend,1,1
RW-100822,Westfield,23,49,Annual,10,Plus,44,0,0,0,7.0,0,6,10,8,0,0,0,Online ad,0,0
RW-100823,Northgate,34,43,Monthly,0,Plus,49,0,0,0,6.0,1,16,6,0,1,0,1,Online ad,0,0
RW-100824,Westfield,51,6,Monthly,0,Basic,29,0,0,0,3.1,0,1,7,10,0,0,0,Friend,0,0
RW-100825,Northgate,31,12,Annual,4,Plus,44,0,0,0,4.2,0,5,4,9,5,1,0,Corporate,0,0
RW-100826,Lakeview,39,2,Annual,11,Plus,44,0,0,0,5.8,1,6,5,9,2,0,0,Online ad,0,0
RW-100827,Riverside,45,3,Annual,1,Premium,74,0,0,1,10.8,1,22,15,1,14,0,0,Walk-in,0,0
RW-100828,Lakeview,42,30,Annual,1,Basic,24,0,0,0,2.9,1,27,28,5,2,0,1,Online ad,1,0
RW-100829,Hillcrest,33,24,Annual,4,Basic,19,1,0,0,4.0,0,11,5,6,5,0,0,Online ad,0,0
RW-100830,Riverside,26,13,Monthly,0,Basic,19,1,0,0,6.4,1,5,2,11,3,1,0,Friend,0,0
RW-100831,Hillcrest,49,78,Monthly,0,Premium,74,1,0,0,3.9,1,14,4,2,0,0,0,Walk-in,1,0
RW-100832,Downtown,26,32,Monthly,0,Plus,49,0,0,0,11.5,1,8,9,8,3,0,1,Friend,3,0
RW-100833,Downtown,26,116,Monthly,0,Basic,29,1,0,0,9.1,0,10,10,7,5,0,0,Online ad,0,0
RW-100834,Riverside,57,88,Monthly,0,Basic,29,0,0,0,5.0,0,8,5,3,4,0,1,Online ad,0,0
RW-100835,Northgate,33,5,Monthly,0,Premium,79,0,0,0,11.7,0,1,0,10,0,0,0,Online ad,0,0
RW-100836,Northgate,40,23,Monthly,0,Basic,19,1,1,0,1.7,1,13,13,2,1,0,0,Online ad,1,0
RW-100837,Westfield,30,7,Annual,5,Basic,24,0,1,0,20.1,0,9,6,3,8,0,0,Online ad,0,0
RW-100838,Northgate,54,13,Monthly,0,Plus,39,1,1,0,9.4,1,8,7,7,1,0,0,Walk-in,1,0
RW-100839,Lakeview,34,2,Annual,8,Plus,44,0,1,0,19.6,1,3,4,11,0,0,0,Friend,0,0
RW-100840,Lakeview,35,2,Annual,11,Plus,44,0,0,0,5.9,1,18,14,6,1,0,0,Walk-in,2,0
RW-100841,Lakeview,41,14,Annual,2,Basic,24,0,0,0,5.0,0,8,13,7,1,0,0,Walk-in,0,0
RW-100842,Downtown,36,68,Monthly,0,Plus,39,1,1,0,6.9,0,6,11,3,0,0,0,Corporate,0,0
RW-100843,Northgate,27,10,Monthly,0,Basic,19,1,0,0,5.0,1,1,7,8,0,0,0,Online ad,0,0
RW-100844,Northgate,33,4,Monthly,0,Basic,29,1,1,0,9.3,1,13,10,3,4,0,0,Friend,0,0
RW-100845,Lakeview,30,17,Monthly,0,Basic,19,1,0,0,2.7,0,11,13,3,4,0,1,Friend,2,0
RW-100846,Hillcrest,26,24,Monthly,0,Plus,49,0,0,1,4.9,0,25,21,1,12,0,0,Walk-in,0,0
RW-100847,Downtown,78,1,Annual,5,Plus,44,0,0,0,6.7,0,0,0,53,0,0,1,Corporate,1,0
RW-100848,Downtown,42,38,Annual,4,Basic,24,0,0,0,3.1,0,8,3,3,0,0,0,Online ad,0,0
RW-100849,Westfield,24,16,Annual,1,Basic,24,1,0,0,1.1,0,3,11,14,1,0,0,Online ad,0,1
RW-100850,Northgate,78,12,Monthly,0,Plus,49,0,0,1,9.7,1,7,6,6,1,0,0,Online ad,0,0
RW-100851,Lakeview,20,3,Annual,3,Plus,44,0,0,0,3.6,0,3,9,13,0,0,0,Online ad,0,0
RW-100852,Hillcrest,34,12,Annual,1,Premium,64,1,0,0,12.1,1,5,3,5,0,0,0,Walk-in,0,1
RW-100853,Downtown,36,26,Annual,8,Basic,24,0,1,0,3.0,1,9,11,2,3,0,1,Friend,0,0
RW-100854,Riverside,25,44,Annual,8,Plus,44,0,0,0,15.2,1,11,8,5,3,2,1,Friend,0,0
RW-100855,Riverside,39,7,Annual,11,Plus,44,0,0,0,3.7,0,27,25,3,1,0,0,Online ad,1,0
RW-100856,Downtown,26,6,Monthly,0,Basic,24,1,0,0,4.8,1,6,9,11,0,1,0,Online ad,0,0
RW-100857,Hillcrest,55,22,Monthly,0,Basic,29,0,0,0,2.4,1,3,13,0,1,0,0,Friend,0,0
RW-100858,Westfield,31,80,Monthly,0,Plus,49,0,0,1,5.1,0,4,1,8,0,0,0,Online ad,1,0
RW-100859,Riverside,47,10,Monthly,0,Plus,49,0,0,0,11.5,1,10,12,3,4,0,0,Online ad,0,0
RW-100860,Downtown,50,21,Monthly,0,Basic,29,0,0,0,3.5,0,5,10,11,3,0,1,Online ad,0,0
RW-100861,Lakeview,33,21,Annual,6,Basic,24,1,0,0,17.2,1,4,5,11,0,0,0,Walk-in,0,0
RW-100862,Lakeview,35,21,Monthly,0,Basic,29,1,1,0,7.6,1,8,6,1,4,0,0,Walk-in,0,0
RW-100863,Northgate,33,4,Monthly,0,Plus,49,0,1,0,5.2,1,12,15,7,0,0,0,Online ad,0,0
RW-100864,Downtown,35,12,Annual,9,Plus,44,0,0,0,10.0,1,3,13,12,0,0,0,Friend,1,0
RW-100865,Westfield,34,28,Monthly,0,Premium,69,1,0,0,2.8,0,10,10,0,0,0,0,Online ad,0,0
RW-100866,Northgate,52,22,Annual,5,Premium,69,1,0,0,9.4,1,13,10,1,1,0,0,Online ad,0,0
RW-100867,Westfield,21,4,Annual,11,Premium,74,0,0,1,2.7,1,9,10,4,3,0,0,Online ad,0,0
RW-100868,Northgate,36,18,Monthly,0,Basic,29,0,0,0,20.7,1,13,9,2,0,2,1,Online ad,0,0
RW-100869,Northgate,25,4,Monthly,0,Plus,49,0,1,0,3.6,0,6,5,10,2,0,0,Corporate,0,0
RW-100870,Downtown,52,11,Monthly,0,Plus,49,0,0,0,7.5,0,10,16,6,1,0,0,Online ad,1,0
RW-100871,Westfield,31,19,Monthly,0,Basic,24,1,0,0,4.5,1,4,8,11,1,0,0,Friend,0,0
RW-100872,Lakeview,31,63,Monthly,0,Basic,29,0,1,0,8.6,1,5,6,8,0,0,0,Online ad,0,0
RW-100873,Lakeview,51,4,Annual,8,Plus,44,0,0,1,2.2,1,12,14,2,8,0,0,Corporate,0,0
RW-100874,Northgate,25,22,Annual,1,Premium,69,1,0,1,2.8,1,2,7,0,2,0,0,Online ad,0,1
RW-100875,Downtown,32,4,Monthly,0,Plus,49,0,0,0,4.3,1,26,26,1,15,0,0,Walk-in,1,0
RW-100876,Downtown,24,22,Monthly,0,Premium,79,0,1,1,11.5,0,11,17,0,0,0,0,Walk-in,0,0
RW-100877,Northgate,24,46,Annual,1,Basic,24,0,0,1,6.1,1,28,15,0,0,1,0,Walk-in,0,0
RW-100878,Westfield,28,13,Annual,7,Basic,24,0,0,0,9.8,1,2,9,6,2,0,0,Online ad,0,0
RW-100879,Riverside,37,85,Monthly,0,Basic,29,0,0,0,16.2,0,7,4,1,3,0,0,Online ad,0,1
RW-100880,Downtown,23,10,Annual,5,Basic,24,0,0,0,8.0,1,1,8,16,0,0,0,Corporate,0,0
RW-100881,Downtown,53,41,Monthly,0,Plus,49,0,0,0,6.9,1,11,22,8,1,0,0,Walk-in,0,1
RW-100882,Lakeview,28,39,Annual,5,Basic,24,1,0,0,2.3,0,2,4,17,1,1,1,Online ad,0,0
RW-100883,Hillcrest,46,47,Monthly,0,Premium,79,0,0,1,4.2,0,11,17,8,0,0,0,Walk-in,0,0
RW-100884,Westfield,27,4,Annual,10,Basic,24,0,0,1,4.4,0,3,13,4,2,0,0,Walk-in,0,0
RW-100885,Riverside,23,15,Annual,11,Basic,24,0,0,0,6.8,0,12,3,2,0,0,0,Online ad,0,0
RW-100886,Riverside,26,75,Monthly,0,Plus,49,0,0,0,3.8,0,7,4,3,0,0,0,Walk-in,0,0
RW-100887,Downtown,26,7,Annual,2,Plus,39,1,0,0,8.3,1,0,3,36,0,1,0,Corporate,0,1
RW-100888,Riverside,40,2,Monthly,0,Basic,29,0,0,1,7.9,0,8,10,7,4,2,1,Online ad,0,0
RW-100889,Lakeview,45,34,Annual,3,Plus,44,0,0,0,12.3,1,18,12,4,6,0,0,Walk-in,0,0
RW-100890,Downtown,31,20,Annual,6,Basic,14,1,0,0,3.2,0,10,11,7,2,0,0,Online ad,0,0
RW-100891,Downtown,23,4,Annual,0,Basic,24,0,0,0,17.6,1,9,9,4,0,0,0,Online ad,0,0
RW-100892,Lakeview,28,26,Monthly,0,Premium,74,1,0,0,3.1,0,16,8,0,0,0,0,Friend,0,0
RW-100893,Downtown,29,23,Annual,7,Basic,24,0,0,0,6.7,0,21,18,1,4,0,0,Walk-in,0,0
RW-100894,Westfield,35,22,Monthly,0,Plus,49,0,0,0,2.6,1,28,28,4,3,0,0,Corporate,0,0
RW-100895,Westfield,28,3,Monthly,0,Basic,29,0,0,0,3.2,0,5,6,8,0,0,0,Online ad,0,0
RW-100896,Westfield,36,3,Monthly,0,Basic,29,0,0,0,5.3,1,4,5,5,0,0,0,Online ad,0,0
RW-100897,Hillcrest,27,7,Monthly,0,Basic,29,0,0,0,12.2,0,0,9,86,0,0,0,Friend,0,1
RW-100898,Lakeview,35,81,Annual,3,Basic,24,0,0,0,4.6,1,1,8,12,0,0,0,Walk-in,0,0
RW-100899,Lakeview,45,23,Annual,0,Premium,74,1,0,1,9.2,0,6,7,9,0,0,0,Online ad,0,1
RW-100900,Westfield,23,34,Annual,4,Basic,24,0,1,0,5.6,0,0,5,64,0,0,0,Online ad,0,0
RW-100901,Lakeview,50,38,Monthly,0,Premium,79,0,1,0,3.0,1,12,12,1,2,0,0,Friend,0,0
RW-100902,Hillcrest,43,33,Monthly,0,Plus,49,0,0,0,5.2,0,0,14,57,0,0,0,Friend,0,1
RW-100903,Downtown,39,35,Monthly,0,Basic,29,0,0,0,1.4,0,10,8,1,4,0,0,Walk-in,0,0
RW-100904,Riverside,41,18,Annual,5,Basic,24,0,0,0,2.7,1,8,10,1,4,0,0,Walk-in,0,0
RW-100905,Northgate,25,8,Annual,5,Plus,44,0,0,0,10.6,0,3,1,14,0,0,0,Online ad,0,0
RW-100906,Hillcrest,47,6,Monthly,0,Basic,29,0,0,0,14.2,1,19,13,3,0,0,1,Walk-in,0,0
RW-100907,Northgate,38,26,Annual,11,Plus,44,0,0,0,10.5,0,0,8,34,0,0,0,Walk-in,0,0
RW-100908,Hillcrest,73,75,Monthly,0,Plus,44,1,0,0,2.4,1,1,2,8,0,1,0,Online ad,1,0
RW-100909,Riverside,39,2,Monthly,0,Plus,44,1,0,0,3.0,0,5,6,10,2,0,0,Online ad,0,1
RW-100910,Hillcrest,29,15,Annual,0,Plus,44,0,1,0,3.7,0,6,4,6,0,0,0,Friend,0,1
RW-100911,Northgate,29,1,Monthly,0,Plus,49,0,0,0,2.3,0,3,0,3,0,0,0,Friend,0,1
RW-100912,Riverside,51,13,Monthly,0,Basic,29,0,0,0,2.3,1,5,2,7,0,0,0,Online ad,0,0
RW-100913,Westfield,42,34,Monthly,0,Basic,24,1,0,0,3.6,0,3,10,10,1,0,0,Walk-in,1,0
RW-100914,Downtown,29,5,Annual,4,Basic,24,0,0,0,3.0,1,4,10,11,0,0,0,Online ad,0,0
RW-100915,Downtown,37,7,Monthly,0,Basic,29,0,1,0,4.7,1,15,8,0,4,0,0,Online ad,0,0
RW-100916,Riverside,37,56,Monthly,0,Plus,49,0,0,0,4.5,1,19,21,1,0,0,0,Walk-in,0,0
RW-100917,Northgate,28,4,Monthly,0,Plus,49,0,1,0,6.3,1,9,21,8,0,1,0,Online ad,0,0
RW-100918,Westfield,33,28,Annual,7,Basic,24,0,0,0,3.6,1,14,19,7,0,0,0,Friend,0,0
RW-100919,Lakeview,29,15,Monthly,0,Basic,29,0,0,0,5.5,0,14,7,5,5,0,0,Online ad,1,0
RW-100920,Westfield,26,64,Monthly,0,Plus,49,0,0,0,4.4,1,4,7,4,0,0,0,Walk-in,1,0
RW-100921,Riverside,30,4,Monthly,0,Basic,29,0,0,0,2.9,1,5,11,0,0,1,0,Friend,0,0
RW-100922,Downtown,28,2,Annual,2,Basic,19,1,0,0,4.9,1,10,5,5,3,0,0,Online ad,0,0
RW-100923,Hillcrest,29,4,Monthly,0,Basic,29,1,0,0,24.4,0,3,5,5,0,0,0,Walk-in,0,1
RW-100924,Hillcrest,20,76,Annual,3,Plus,44,0,0,0,5.5,0,28,28,2,2,1,0,Walk-in,1,0
RW-100925,Lakeview,54,16,Monthly,0,Basic,19,1,0,0,8.5,1,2,0,9,1,0,0,Online ad,0,0
RW-100926,Lakeview,20,20,Monthly,0,Basic,29,0,0,0,6.1,0,6,4,5,0,0,1,Friend,1,0
RW-100927,Northgate,38,55,Annual,10,Plus,44,0,0,0,2.7,1,11,10,4,3,0,0,Walk-in,0,0
RW-100928,Riverside,30,22,Monthly,0,Plus,49,0,0,0,17.0,1,5,15,4,0,1,0,Walk-in,1,1
RW-100929,Downtown,27,16,Monthly,0,Plus,49,0,0,0,4.4,1,11,4,0,4,0,1,Friend,0,0
RW-100930,Downtown,26,16,Monthly,0,Premium,79,0,0,0,8.8,0,8,10,0,0,1,0,Friend,0,0
RW-100931,Riverside,26,45,Annual,3,Premium,74,0,0,0,7.1,0,10,7,0,1,1,0,Online ad,0,0
RW-100932,Lakeview,26,17,Annual,5,Basic,24,0,0,0,3.0,1,13,10,1,0,0,0,Online ad,1,0
RW-100933,Riverside,32,9,Monthly,0,Basic,29,0,0,0,5.4,0,16,11,0,7,0,0,Walk-in,0,0
RW-100934,Hillcrest,37,15,Monthly,0,Plus,49,0,0,1,30.3,0,6,4,1,0,1,1,Online ad,0,0
RW-100935,Riverside,32,22,Annual,6,Plus,44,0,0,0,2.8,1,1,7,18,2,1,0,Corporate,0,0
RW-100936,Lakeview,25,24,Annual,7,Premium,74,0,0,1,4.4,1,12,6,1,0,1,0,Online ad,0,0
RW-100937,Downtown,29,34,Annual,1,Plus,44,0,0,0,21.1,0,0,10,36,0,0,0,Walk-in,0,1
RW-100938,Westfield,66,2,Monthly,0,Basic,29,0,0,0,2.5,0,2,2,7,0,0,0,Walk-in,0,0
RW-100939,Downtown,26,48,Monthly,0,Basic,29,0,0,0,7.9,0,8,11,3,0,0,0,Online ad,0,0
RW-100940,Riverside,65,2,Monthly,0,Plus,49,0,0,0,1.7,0,1,4,6,1,0,0,Walk-in,0,0
RW-100941,Lakeview,51,3,Annual,7,Basic,24,0,0,0,8.3,1,3,5,7,0,0,0,Friend,0,0
RW-100942,Hillcrest,43,61,Annual,2,Premium,74,0,1,0,9.8,0,6,4,5,1,0,0,Friend,1,0
RW-100943,Lakeview,59,7,Annual,1,Basic,24,0,0,0,15.7,1,5,10,11,3,1,0,Online ad,1,1
RW-100944,Northgate,26,22,Annual,1,Plus,44,0,0,0,5.3,0,4,6,3,0,0,0,Friend,0,0
RW-100945,Northgate,35,21,Annual,0,Basic,24,0,0,0,2.9,1,27,28,0,15,1,0,Walk-in,0,0
RW-100946,Riverside,36,64,Annual,9,Premium,74,0,0,0,2.3,1,7,16,4,4,0,1,Online ad,0,0
RW-100947,Riverside,33,20,Monthly,0,Premium,79,0,0,1,3.9,1,0,7,40,0,1,0,Online ad,0,1
RW-100948,Northgate,25,2,Monthly,0,Basic,29,0,0,0,3.1,1,22,10,6,3,0,0,Online ad,0,0
RW-100949,Hillcrest,44,29,Monthly,0,Basic,24,1,0,0,2.8,1,14,23,3,8,0,0,Friend,0,0
RW-100950,Riverside,42,15,Monthly,0,Basic,29,0,0,0,2.0,0,15,11,4,5,0,0,Walk-in,0,0
RW-100951,Downtown,29,8,Monthly,0,Premium,79,0,0,0,3.4,1,9,10,4,0,0,0,Friend,0,0
RW-100952,Northgate,23,2,Monthly,0,Plus,49,0,1,0,9.9,1,16,11,3,9,0,0,Walk-in,0,0
RW-100953,Riverside,23,13,Monthly,0,Plus,39,1,0,0,14.7,0,6,2,5,7,0,1,Friend,0,1
RW-100954,Downtown,27,6,Annual,1,Plus,44,0,0,0,3.2,1,2,5,10,0,1,1,Corporate,0,1
RW-100955,Downtown,30,20,Annual,3,Plus,39,1,1,0,4.9,0,0,1,66,0,0,0,Online ad,0,0
RW-100956,Northgate,42,28,Monthly,0,Basic,24,1,0,0,4.2,0,1,8,15,1,0,0,Friend,0,0
RW-100957,Westfield,30,20,Annual,6,Plus,44,0,0,0,1.7,0,1,2,6,0,0,0,Walk-in,0,0
RW-100958,Hillcrest,25,14,Monthly,0,Plus,49,1,0,0,6.2,0,8,13,1,0,0,0,Walk-in,0,0
RW-100959,Riverside,25,2,Annual,3,Basic,24,0,0,1,3.4,0,10,11,2,4,0,1,Online ad,0,0
RW-100960,Riverside,29,4,Monthly,0,Plus,44,1,1,0,5.0,1,21,22,1,4,1,1,Friend,0,0
RW-100961,Westfield,25,6,Annual,8,Plus,44,0,0,1,3.0,0,13,12,6,0,0,0,Walk-in,1,1
RW-100962,Downtown,24,2,Annual,1,Basic,24,1,0,0,1.9,1,1,3,1,0,1,0,Online ad,1,1
RW-100963,Northgate,29,4,Monthly,0,Plus,49,0,0,0,2.5,1,15,9,4,1,0,0,Friend,0,0
RW-100964,Northgate,29,25,Monthly,0,Basic,29,0,0,0,4.3,1,4,5,5,3,0,0,Online ad,1,0
RW-100965,Hillcrest,22,39,Annual,9,Basic,24,0,0,0,8.3,0,5,4,11,0,0,0,Friend,0,0
RW-100966,Westfield,49,10,Monthly,0,Premium,79,0,0,1,8.1,1,19,15,1,9,0,0,Corporate,0,0
RW-100967,Downtown,39,111,Monthly,0,Basic,19,1,0,0,0.6,0,10,9,7,1,0,0,Corporate,0,0
RW-100968,Northgate,52,35,Monthly,0,Basic,29,0,1,0,1.2,0,1,4,12,0,0,1,Friend,0,0
RW-100969,Hillcrest,28,4,Annual,4,Plus,44,1,1,1,3.9,0,5,6,2,0,1,1,Corporate,0,0
RW-100970,Riverside,50,26,Annual,7,Plus,34,1,0,0,4.6,0,2,18,7,0,0,0,Friend,1,0
RW-100971,Riverside,32,4,Monthly,0,Basic,29,0,0,0,6.5,1,17,19,3,11,0,0,Online ad,0,1
RW-100972,Westfield,40,36,Monthly,0,Basic,29,0,0,1,10.3,0,2,4,1,0,0,0,Walk-in,0,0
RW-100973,Westfield,22,53,Monthly,0,Basic,29,0,0,0,2.4,1,5,17,2,1,0,0,Walk-in,0,0
RW-100974,Northgate,28,90,Annual,11,Premium,64,1,0,1,40.0,1,6,12,2,0,0,0,Friend,0,0
RW-100975,Downtown,37,58,Monthly,0,Premium,79,0,1,0,8.9,0,3,2,8,2,0,0,Online ad,1,0
RW-100976,Riverside,35,18,Monthly,0,Plus,49,0,0,0,6.1,0,15,20,6,1,0,0,Friend,1,0
RW-100977,Hillcrest,40,1,Annual,7,Basic,24,0,0,0,2.7,1,6,0,4,5,0,0,Online ad,0,0
RW-100978,Riverside,61,15,Annual,1,Plus,44,0,0,0,2.0,0,6,9,7,2,0,0,Walk-in,0,1
RW-100979,Riverside,41,19,Annual,0,Basic,24,1,1,0,4.3,1,1,10,8,1,0,0,Walk-in,0,1
RW-100980,Lakeview,37,44,Annual,3,Basic,24,0,0,0,6.4,1,25,17,2,13,1,0,Walk-in,2,0
RW-100981,Hillcrest,44,41,Annual,5,Basic,24,0,0,0,3.8,0,12,23,6,4,0,0,Online ad,1,0
RW-100982,Lakeview,44,2,Monthly,0,Plus,49,0,1,0,1.6,0,7,1,1,1,0,0,Friend,0,0
RW-100983,Downtown,28,17,Monthly,0,Plus,49,0,0,0,2.5,1,17,19,4,3,0,0,Friend,0,0
RW-100984,Northgate,44,8,Annual,11,Plus,44,0,0,1,4.5,0,15,12,1,0,1,0,Friend,0,0
RW-100985,Riverside,25,17,Monthly,0,Premium,79,0,0,0,2.8,0,8,28,5,9,0,0,Online ad,0,1
RW-100986,Westfield,19,29,Annual,2,Premium,74,0,0,0,3.8,0,1,4,12,0,0,0,Corporate,0,0
RW-100987,Northgate,42,1,Annual,9,Basic,24,1,0,1,1.4,0,7,0,10,2,0,0,Online ad,0,0
RW-100988,Hillcrest,38,2,Monthly,0,Premium,79,0,0,1,11.2,1,17,16,1,1,0,0,Walk-in,0,0
RW-100989,Hillcrest,27,15,Annual,5,Basic,19,1,1,0,2.4,1,5,2,1,2,1,0,Online ad,1,0
RW-100990,Lakeview,43,10,Monthly,0,Basic,29,0,0,0,5.0,0,13,10,1,2,0,0,Online ad,0,1
RW-100991,Riverside,28,49,Monthly,0,Plus,49,0,0,0,3.3,1,27,17,4,13,0,0,Online ad,0,0
RW-100992,Hillcrest,51,28,Monthly,0,Plus,49,0,0,0,1.3,1,20,17,1,8,1,1,Corporate,0,1
RW-100993,Westfield,35,2,Monthly,0,Plus,49,0,0,1,9.1,1,7,7,9,0,0,1,Online ad,1,0
RW-100994,Westfield,29,31,Annual,4,Plus,34,1,0,0,6.3,0,9,19,0,5,0,1,Online ad,0,0
RW-100995,Northgate,34,14,Annual,10,Basic,24,0,0,1,4.1,0,23,26,5,12,0,0,Walk-in,0,0
RW-100996,Lakeview,61,2,Annual,3,Plus,44,1,0,0,13.0,1,4,1,13,2,0,0,Corporate,0,1
RW-100997,Westfield,24,12,Monthly,0,Basic,29,0,0,0,4.1,0,22,12,4,6,0,0,Walk-in,1,1
RW-100998,Riverside,39,44,Monthly,0,Basic,24,1,0,0,2.6,1,3,9,8,1,0,0,Online ad,0,0
RW-100999,Riverside,23,4,Monthly,0,Premium,79,0,1,1,9.9,0,9,5,9,5,0,1,Friend,0,0
RW-101000,Downtown,37,23,Monthly,0,Plus,49,0,1,0,2.5,0,4,16,9,1,0,0,Walk-in,0,0
RW-101001,Westfield,47,21,Monthly,0,Basic,24,1,0,0,2.2,1,12,15,6,0,0,0,Walk-in,0,0
RW-101002,Northgate,19,27,Monthly,0,Plus,49,0,0,0,8.6,1,8,12,1,6,0,0,Online ad,0,0
RW-101003,Lakeview,35,4,Monthly,0,Plus,49,0,0,0,9.3,1,2,6,9,1,0,0,Walk-in,0,0
RW-101004,Downtown,40,15,Annual,4,Plus,44,0,0,0,5.8,0,13,8,6,9,0,0,Friend,0,0
RW-101005,Lakeview,23,27,Annual,1,Basic,24,1,0,0,2.0,0,28,16,3,15,0,0,Walk-in,0,0
RW-101006,Northgate,25,1,Annual,10,Basic,24,0,0,0,4.9,0,14,0,2,0,0,0,Online ad,0,0
RW-101007,Hillcrest,39,78,Monthly,0,Plus,49,0,0,0,10.3,1,9,4,0,0,0,0,Walk-in,0,0
RW-101008,Northgate,47,30,Monthly,0,Premium,69,1,0,0,3.2,0,7,9,6,1,0,0,Walk-in,1,0
RW-101009,Westfield,47,13,Annual,2,Basic,24,0,0,0,2.4,0,7,0,4,1,0,0,Online ad,1,0
RW-101010,Northgate,24,13,Monthly,0,Plus,49,0,0,0,5.0,1,7,11,2,4,0,0,Walk-in,1,0
RW-101011,Lakeview,45,38,Annual,2,Plus,34,1,0,0,4.7,0,13,12,1,1,0,0,Online ad,0,0
RW-101012,Riverside,25,15,Annual,4,Basic,14,1,0,0,4.7,1,3,11,3,1,0,0,Walk-in,0,0
RW-101013,Riverside,50,1,Monthly,0,Plus,49,0,0,0,3.3,1,2,0,9,0,0,0,Online ad,0,0
RW-101014,Hillcrest,34,50,Monthly,0,Premium,74,1,0,0,2.3,0,2,4,7,1,1,0,Online ad,0,1
RW-101015,Downtown,28,120,Annual,10,Premium,74,0,0,0,2.8,1,6,7,4,3,0,0,Friend,0,0
RW-101016,Downtown,32,12,Monthly,0,Basic,29,0,0,0,2.1,1,3,5,1,0,0,0,Friend,0,0
RW-101017,Lakeview,54,20,Annual,2,Basic,24,0,0,1,5.0,1,6,10,3,3,0,0,Friend,1,0
RW-101018,Northgate,33,35,Monthly,0,Basic,29,0,0,0,4.7,1,21,11,5,2,0,1,Online ad,0,0
RW-101019,Lakeview,42,42,Annual,5,Premium,74,0,0,0,6.0,1,28,28,1,2,0,0,Walk-in,0,0
RW-101020,Hillcrest,31,17,Monthly,0,Basic,29,0,0,0,3.3,1,26,24,4,0,0,0,Walk-in,0,0
RW-101021,Downtown,35,36,Monthly,0,Plus,49,0,1,1,15.3,0,5,11,12,1,0,0,Corporate,0,0
RW-101022,Westfield,30,6,Annual,3,Plus,44,0,0,0,3.9,1,9,17,9,5,1,0,Friend,0,0
RW-101023,Riverside,23,74,Monthly,0,Basic,29,0,0,0,13.0,0,2,5,16,1,1,0,Walk-in,0,1
RW-101024,Downtown,32,17,Monthly,0,Plus,49,0,0,0,0.7,0,28,15,5,15,0,0,Walk-in,2,1
RW-101025,Riverside,24,38,Monthly,0,Plus,39,1,0,0,3.6,1,19,16,2,0,1,0,Online ad,0,1
RW-101026,Riverside,34,51,Monthly,0,Basic,29,0,0,0,11.1,1,0,5,47,0,1,0,Friend,0,1
RW-101027,Lakeview,24,23,Annual,0,Premium,74,0,0,0,9.1,1,18,21,1,1,0,0,Friend,2,1
RW-101028,Northgate,78,66,Monthly,0,Plus,44,1,0,0,1.0,1,15,19,5,3,1,0,Walk-in,0,0
RW-101029,Hillcrest,27,6,Annual,5,Premium,74,0,0,0,2.2,1,10,11,9,0,0,0,Walk-in,0,0
RW-101030,Lakeview,38,16,Annual,0,Plus,44,0,0,0,6.1,0,2,4,16,0,0,1,Walk-in,0,1
RW-101031,Riverside,28,15,Annual,2,Basic,24,0,0,0,4.3,1,16,14,0,0,1,0,Corporate,0,0
RW-101032,Lakeview,27,3,Monthly,0,Basic,29,0,0,0,5.8,0,0,1,30,0,1,0,Friend,0,1
RW-101033,Northgate,42,29,Annual,6,Premium,74,0,0,1,3.2,0,7,8,0,0,1,0,Friend,0,0
RW-101034,Lakeview,64,5,Annual,1,Premium,74,0,0,1,3.7,1,2,4,10,1,0,1,Walk-in,0,1
RW-101035,Westfield,33,17,Monthly,0,Basic,29,0,1,0,3.4,1,15,15,0,0,0,1,Walk-in,0,0
RW-101036,Westfield,33,30,Monthly,0,Basic,29,0,0,0,3.6,1,14,12,4,0,0,0,Walk-in,0,1
RW-101037,Northgate,47,19,Annual,10,Plus,44,0,0,0,2.8,1,0,3,80,0,0,0,Online ad,0,0
RW-101038,Northgate,32,60,Monthly,0,Basic,29,1,0,0,13.3,1,11,12,7,0,1,0,Online ad,0,0
RW-101039,Lakeview,37,13,Monthly,0,Plus,49,0,0,0,6.4,1,9,6,7,0,3,1,Friend,0,0
RW-101040,Riverside,50,41,Annual,4,Premium,74,0,1,0,4.4,0,5,5,2,0,0,0,Friend,0,0
RW-101041,Hillcrest,32,4,Annual,0,Basic,24,0,0,0,1.8,1,2,7,12,1,0,0,Friend,0,1
RW-101042,Downtown,24,4,Monthly,0,Plus,49,0,1,0,12.6,1,9,16,6,5,0,0,Online ad,0,0
RW-101043,Downtown,44,5,Annual,10,Basic,24,0,0,0,3.5,0,5,2,7,2,0,0,Friend,0,0
RW-101044,Westfield,24,50,Monthly,0,Plus,49,0,1,0,5.9,1,11,28,1,0,0,0,Online ad,0,0
RW-101045,Hillcrest,78,16,Monthly,0,Premium,79,0,0,1,4.7,0,10,8,5,0,2,1,Corporate,0,0
RW-101046,Downtown,31,8,Annual,11,Basic,24,0,0,0,2.7,0,0,3,36,0,1,0,Corporate,0,0
RW-101047,Downtown,36,25,Annual,10,Plus,44,0,0,0,4.1,0,7,7,4,0,0,0,Walk-in,0,0
RW-101048,Northgate,23,17,Annual,11,Basic,24,0,0,1,13.8,0,7,3,1,0,0,0,Online ad,0,0
RW-101049,Hillcrest,52,84,Monthly,0,Basic,29,0,1,0,8.3,0,4,4,9,0,0,0,Online ad,0,0
RW-101050,Hillcrest,22,66,Monthly,0,Plus,49,0,0,0,6.0,0,12,2,4,1,0,0,Walk-in,2,0
RW-101051,Northgate,35,4,Annual,11,Plus,44,0,0,0,1.8,0,15,13,2,2,0,0,Online ad,0,1
RW-101052,Riverside,38,19,Monthly,0,Plus,49,0,0,0,1.3,0,4,7,0,1,0,0,Online ad,0,0
RW-101053,Hillcrest,49,13,Monthly,0,Premium,79,0,0,0,3.7,0,3,5,6,0,0,1,Walk-in,0,1
RW-101054,Lakeview,24,7,Monthly,0,Plus,49,0,1,0,5.3,1,6,5,1,0,0,1,Online ad,0,0
RW-101055,Riverside,38,53,Monthly,0,Plus,49,0,0,0,3.3,1,16,11,5,6,0,0,Friend,0,0
RW-101056,Riverside,41,17,Annual,10,Premium,74,0,0,1,4.5,1,2,3,0,0,0,0,Corporate,1,0
RW-101057,Lakeview,36,5,Annual,8,Basic,24,0,0,1,5.3,0,4,11,0,0,0,0,Corporate,1,0
RW-101058,Lakeview,36,30,Annual,10,Basic,24,0,0,1,6.2,1,3,9,13,3,0,0,Walk-in,0,0
RW-101059,Northgate,33,50,Monthly,0,Basic,29,0,0,0,1.7,0,6,10,4,0,0,0,Walk-in,2,1
RW-101060,Downtown,31,12,Monthly,0,Basic,29,0,0,0,12.0,1,2,4,8,0,2,0,Online ad,0,1
RW-101061,Westfield,25,64,Monthly,0,Basic,19,1,0,0,6.6,1,0,8,43,0,0,0,Friend,0,0
RW-101062,Westfield,52,25,Monthly,0,Plus,39,1,0,0,2.5,0,1,4,8,0,1,0,Friend,0,0
RW-101063,Lakeview,61,16,Annual,10,Premium,74,0,0,0,2.6,1,5,6,7,4,0,0,Friend,1,0
RW-101064,Westfield,34,103,Monthly,0,Plus,49,0,0,0,4.5,1,9,14,8,1,0,0,Online ad,0,0
RW-101065,Lakeview,64,8,Annual,3,Plus,44,0,0,0,4.0,0,2,4,10,0,1,0,Walk-in,1,0
RW-101066,Westfield,38,7,Annual,0,Premium,74,0,1,0,13.1,0,7,5,4,2,0,0,Online ad,1,0
RW-101067,Riverside,19,11,Monthly,0,Basic,24,1,0,0,8.5,1,21,10,5,1,0,0,Walk-in,0,0
RW-101068,Northgate,27,7,Monthly,0,Plus,49,0,0,0,9.6,1,2,11,1,2,0,0,Online ad,0,0
RW-101069,Northgate,60,11,Annual,10,Premium,74,0,0,0,5.5,1,7,7,9,0,0,0,Walk-in,0,0
RW-101070,Lakeview,30,14,Annual,2,Basic,24,0,0,0,2.4,1,17,13,3,3,0,1,Online ad,0,0
RW-101071,Northgate,29,49,Monthly,0,Plus,49,0,0,0,18.3,0,7,10,5,0,0,0,Walk-in,0,0
RW-101072,Westfield,26,11,Annual,4,Basic,24,0,0,0,8.9,1,1,4,12,0,0,0,Walk-in,0,0
RW-101073,Northgate,28,46,Annual,5,Plus,44,0,1,0,3.0,1,12,10,3,1,1,0,Friend,1,0
RW-101074,Westfield,41,2,Monthly,0,Plus,49,0,0,0,4.1,1,10,12,8,2,0,1,Online ad,0,0
RW-101075,Riverside,51,14,Monthly,0,Basic,29,0,0,0,6.6,0,6,4,1,3,0,1,Friend,0,0
RW-101076,Northgate,60,31,Monthly,0,Basic,29,0,0,0,6.6,0,2,10,8,1,0,0,Corporate,0,0
RW-101077,Riverside,31,47,Annual,9,Basic,24,0,0,0,1.4,1,18,10,3,0,0,0,Friend,0,0
RW-101078,Northgate,29,13,Monthly,0,Basic,29,0,0,0,2.6,1,11,26,5,2,1,0,Online ad,0,0
RW-101079,Riverside,40,12,Monthly,0,Plus,49,0,0,0,2.4,1,1,11,17,0,2,0,Online ad,0,1
RW-101080,Northgate,26,18,Monthly,0,Premium,79,0,0,0,5.8,1,3,4,6,1,0,0,Walk-in,0,1
RW-101081,Hillcrest,44,48,Annual,6,Plus,44,0,0,0,10.6,1,7,6,3,2,0,0,Walk-in,1,0
RW-101082,Downtown,27,76,Monthly,0,Basic,29,0,0,0,5.8,1,24,18,6,7,0,0,Friend,0,0
RW-101083,Downtown,36,30,Monthly,0,Premium,79,1,0,0,3.9,1,9,9,3,0,0,0,Friend,0,1
RW-101084,Northgate,47,4,Monthly,0,Basic,29,1,0,1,3.0,1,13,22,4,0,0,0,Corporate,0,0
RW-101085,Northgate,51,50,Monthly,0,Basic,29,0,0,0,7.1,1,7,10,1,0,0,1,Walk-in,0,0
RW-101086,Lakeview,46,12,Monthly,0,Plus,49,0,0,0,7.5,0,14,13,4,0,0,0,Online ad,0,0
RW-101087,Riverside,28,4,Annual,5,Plus,39,1,0,0,4.2,0,5,6,7,4,0,0,Walk-in,0,0
RW-101088,Riverside,58,10,Monthly,0,Plus,49,0,0,0,1.6,0,8,9,1,1,0,0,Online ad,0,0
RW-101089,Northgate,33,34,Monthly,0,Plus,49,0,0,0,10.9,0,6,16,5,2,0,0,Friend,0,0
RW-101090,Westfield,40,17,Annual,7,Plus,44,1,1,1,4.4,1,7,10,2,6,0,0,Walk-in,0,0
RW-101091,Hillcrest,23,33,Annual,2,Basic,19,1,0,0,13.8,1,1,8,0,0,0,0,Online ad,0,0
RW-101092,Riverside,24,18,Annual,9,Plus,44,0,0,0,1.9,1,28,28,0,0,0,0,Friend,0,0
RW-101093,Riverside,72,1,Annual,7,Basic,24,0,0,0,1.9,0,6,0,8,3,0,0,Corporate,0,0
RW-101094,Riverside,30,9,Monthly,0,Basic,29,0,0,0,3.6,0,8,5,4,3,0,0,Online ad,0,0
RW-101095,Northgate,50,18,Annual,2,Basic,24,0,1,0,3.9,0,2,3,0,0,0,0,Friend,0,0
RW-101096,Riverside,32,1,Annual,4,Basic,24,0,0,0,4.0,0,1,0,13,0,0,0,Online ad,0,0
RW-101097,Westfield,35,24,Monthly,0,Premium,69,1,0,1,6.6,0,2,13,11,0,0,0,Walk-in,0,0
RW-101098,Northgate,38,4,Monthly,0,Basic,29,0,0,0,1.8,1,8,12,10,0,0,0,Online ad,0,1
RW-101099,Westfield,38,15,Monthly,0,Basic,29,0,0,0,5.1,1,8,15,2,5,0,0,Online ad,0,0
RW-101100,Northgate,29,47,Monthly,0,Premium,79,1,0,0,5.5,0,6,11,9,4,0,0,Corporate,0,0
RW-101101,Downtown,27,22,Monthly,0,Basic,29,0,0,0,3.2,1,7,8,4,0,0,1,Online ad,0,0
RW-101102,Westfield,28,6,Monthly,0,Premium,79,0,0,0,4.7,1,13,8,6,1,0,0,Online ad,0,0
RW-101103,Riverside,41,18,Annual,5,Basic,24,0,0,0,7.2,1,21,26,3,10,0,1,Online ad,0,0
RW-101104,Hillcrest,38,22,Annual,8,Basic,24,0,0,0,2.0,1,7,11,0,2,1,0,Walk-in,1,0
RW-101105,Westfield,34,34,Annual,7,Plus,44,0,0,0,1.6,1,22,18,6,12,0,0,Friend,0,0
RW-101106,Lakeview,36,18,Annual,10,Basic,24,0,1,0,3.6,1,13,19,0,2,1,0,Friend,0,0
RW-101107,Riverside,32,37,Monthly,0,Plus,49,0,0,0,3.5,1,11,11,2,1,0,0,Corporate,0,0
RW-101108,Northgate,53,7,Annual,5,Basic,24,0,0,0,3.8,0,3,15,3,0,0,0,Online ad,0,0
RW-101109,Lakeview,39,8,Monthly,0,Basic,29,0,0,0,3.8,0,4,2,8,1,1,1,Walk-in,0,1
RW-101110,Riverside,38,19,Monthly,0,Premium,74,1,1,0,9.4,0,4,15,6,2,0,1,Corporate,0,1
RW-101111,Hillcrest,40,41,Annual,8,Basic,24,0,0,0,2.0,0,1,2,12,0,0,0,Online ad,0,0
RW-101112,Hillcrest,34,49,Monthly,0,Plus,49,0,1,0,3.4,1,2,14,2,0,0,0,Online ad,1,0
RW-101113,Downtown,33,23,Annual,7,Plus,44,0,0,0,0.8,0,4,7,9,0,0,0,Online ad,0,0
RW-101114,Lakeview,47,43,Monthly,0,Basic,29,0,0,0,7.2,0,13,7,2,1,1,0,Online ad,0,0
RW-101115,Westfield,28,6,Monthly,0,Plus,49,0,0,0,7.1,1,1,10,6,0,0,0,Online ad,1,1
RW-101116,Riverside,38,1,Monthly,0,Basic,29,0,0,0,4.0,1,12,0,0,1,0,0,Online ad,0,0
RW-101117,Northgate,23,35,Monthly,0,Basic,29,0,0,0,8.3,0,6,12,11,0,0,1,Corporate,0,0
RW-101118,Downtown,26,8,Annual,1,Basic,14,1,0,0,6.8,1,3,4,6,1,0,1,Corporate,0,1
RW-101119,Downtown,21,15,Monthly,0,Premium,79,0,0,0,2.3,1,2,11,2,0,0,0,Online ad,0,1
RW-101120,Lakeview,48,13,Monthly,0,Plus,49,0,0,0,5.8,0,2,3,2,0,0,0,Friend,0,0
RW-101121,Lakeview,21,39,Annual,2,Basic,24,0,1,0,6.9,1,0,3,34,0,0,0,Walk-in,0,0
RW-101122,Northgate,37,2,Annual,10,Plus,44,0,0,0,3.5,1,2,4,15,0,0,0,Online ad,0,0
RW-101123,Hillcrest,44,15,Monthly,0,Plus,49,0,0,1,6.0,0,14,18,1,8,0,1,Online ad,0,0
RW-101124,Riverside,31,57,Monthly,0,Plus,49,0,1,0,16.3,1,2,16,1,1,0,0,Friend,0,0
RW-101125,Riverside,35,54,Monthly,0,Basic,29,0,0,0,8.0,1,2,7,10,1,0,0,Walk-in,0,1
RW-101126,Northgate,30,21,Annual,3,Premium,74,0,1,0,8.6,1,2,1,8,0,0,0,Walk-in,0,0
RW-101127,Downtown,50,11,Monthly,0,Basic,29,0,0,0,4.1,1,8,11,2,4,1,0,Walk-in,0,0
RW-101128,Hillcrest,29,22,Monthly,0,Basic,29,0,0,1,15.9,1,9,12,3,0,0,0,Walk-in,0,0
RW-101129,Lakeview,41,61,Annual,5,Premium,74,0,0,1,9.6,1,3,5,8,0,0,0,Friend,0,0
RW-101130,Downtown,42,62,Monthly,0,Basic,29,0,0,0,11.6,1,4,11,9,0,0,0,Online ad,0,0
RW-101131,Westfield,37,3,Monthly,0,Basic,19,1,0,0,2.0,0,7,11,7,1,0,0,Friend,0,1
RW-101132,Hillcrest,21,22,Monthly,0,Basic,29,0,1,0,1.5,0,5,1,11,6,0,0,Online ad,1,0
RW-101133,Downtown,43,29,Annual,11,Premium,74,0,0,0,1.6,1,5,8,9,1,0,0,Walk-in,0,0
RW-101134,Westfield,40,23,Annual,5,Premium,74,0,0,0,4.7,1,0,10,68,0,0,0,Online ad,0,1
RW-101135,Hillcrest,35,7,Annual,3,Premium,74,0,0,0,2.5,1,1,11,16,1,0,0,Online ad,0,0
RW-101136,Northgate,29,5,Monthly,0,Plus,49,0,1,0,7.5,0,3,6,14,0,0,0,Walk-in,1,0
RW-101137,Lakeview,38,89,Monthly,0,Premium,79,0,0,0,11.2,0,4,7,2,1,0,0,Walk-in,0,0
RW-101138,Lakeview,45,4,Annual,7,Basic,14,1,0,0,5.9,0,1,10,9,0,0,0,Walk-in,0,0
RW-101139,Downtown,27,20,Monthly,0,Plus,49,0,0,0,6.7,1,8,12,2,0,1,0,Walk-in,0,1
RW-101140,Riverside,39,38,Annual,9,Basic,24,0,0,0,2.4,1,15,9,2,0,0,0,Online ad,0,0
RW-101141,Riverside,59,7,Monthly,0,Basic,29,0,0,0,3.8,0,9,2,7,0,0,0,Online ad,0,1
RW-101142,Hillcrest,35,3,Annual,10,Premium,69,1,0,1,13.2,1,1,8,11,0,0,0,Friend,1,1
RW-101143,Hillcrest,57,15,Monthly,0,Basic,29,0,0,0,1.9,0,10,11,7,2,0,0,Walk-in,2,1
RW-101144,Northgate,33,20,Monthly,0,Plus,49,0,0,0,2.9,0,4,14,0,2,0,0,Walk-in,0,0
RW-101145,Westfield,51,25,Annual,7,Basic,24,0,0,0,4.7,0,7,8,8,0,0,0,Friend,1,0
RW-101146,Lakeview,32,3,Annual,0,Basic,24,1,0,0,2.8,1,4,4,11,0,0,1,Corporate,0,1
RW-101147,Downtown,50,12,Monthly,0,Basic,24,1,0,0,2.2,0,5,5,3,1,0,0,Friend,1,0
RW-101148,Downtown,41,23,Annual,4,Plus,39,1,0,0,7.5,1,3,14,7,0,0,1,Walk-in,0,0
RW-101149,Riverside,55,29,Annual,0,Basic,14,1,0,0,3.2,1,28,28,0,14,0,0,Friend,0,0
RW-101150,Lakeview,23,28,Monthly,0,Basic,29,0,1,0,2.3,0,15,11,6,7,0,0,Walk-in,0,0
RW-101151,Downtown,28,46,Annual,11,Plus,44,0,0,0,2.0,0,0,10,52,0,1,0,Online ad,0,0
RW-101152,Lakeview,23,3,Monthly,0,Basic,29,0,0,0,8.6,0,1,6,0,0,0,1,Online ad,0,0
RW-101153,Lakeview,30,24,Monthly,0,Basic,29,0,0,0,6.4,1,8,14,5,0,1,1,Friend,0,0
RW-101154,Hillcrest,36,51,Annual,7,Basic,24,0,1,0,2.3,1,14,21,4,6,1,0,Online ad,0,0
RW-101155,Lakeview,29,13,Monthly,0,Basic,29,0,1,0,1.4,1,13,6,0,11,0,0,Online ad,1,0
RW-101156,Northgate,32,5,Annual,7,Basic,24,0,0,0,1.0,1,8,9,5,3,0,0,Friend,1,0
RW-101157,Riverside,21,37,Monthly,0,Basic,29,0,0,0,5.7,0,22,23,2,1,0,1,Friend,1,0
RW-101158,Lakeview,53,50,Monthly,0,Premium,74,1,0,0,8.9,0,2,7,14,0,0,0,Friend,1,1
RW-101159,Northgate,37,3,Monthly,0,Premium,79,0,0,0,2.7,0,5,8,11,0,1,1,Friend,0,1
RW-101160,Downtown,27,8,Monthly,0,Basic,29,1,0,0,4.3,1,6,10,3,0,0,0,Walk-in,0,0
RW-101161,Riverside,38,3,Monthly,0,Premium,79,0,0,0,7.1,0,2,2,1,0,0,0,Walk-in,1,0
RW-101162,Northgate,56,69,Annual,8,Plus,44,0,0,0,8.3,1,8,2,1,1,0,0,Walk-in,0,0
RW-101163,Northgate,28,47,Monthly,0,Basic,29,0,0,0,0.9,0,10,12,7,3,0,1,Online ad,0,0
RW-101164,Northgate,24,4,Annual,1,Plus,44,0,1,0,11.7,0,1,7,1,0,0,0,Online ad,0,1
RW-101165,Northgate,34,38,Monthly,0,Basic,24,1,0,0,9.5,0,5,6,11,4,0,0,Friend,0,0
RW-101166,Hillcrest,40,11,Annual,9,Basic,24,0,0,0,2.8,1,23,23,4,1,0,0,Friend,1,0
RW-101167,Riverside,31,100,Annual,4,Basic,24,1,0,0,2.1,1,1,4,20,3,1,0,Online ad,0,0
RW-101168,Hillcrest,26,19,Monthly,0,Plus,44,1,1,0,3.9,1,28,25,5,2,1,1,Online ad,0,0
RW-101169,Northgate,35,18,Annual,11,Plus,44,0,0,0,3.4,1,19,5,5,7,0,0,Walk-in,0,0
RW-101170,Lakeview,29,68,Monthly,0,Basic,29,0,0,0,3.9,0,1,1,16,0,0,0,Online ad,0,0
RW-101171,Downtown,25,49,Monthly,0,Basic,29,0,0,0,7.8,0,1,3,5,1,0,0,Friend,0,1
RW-101172,Lakeview,22,81,Monthly,0,Basic,29,0,0,0,10.4,0,8,9,4,0,0,0,Online ad,1,0
RW-101173,Westfield,26,6,Annual,11,Basic,24,0,0,0,1.2,1,2,7,2,0,1,0,Friend,0,0
RW-101174,Downtown,27,14,Monthly,0,Premium,79,0,0,0,2.6,1,10,17,9,0,2,0,Online ad,1,1
RW-101175,Lakeview,58,25,Annual,0,Premium,74,0,0,0,15.2,1,8,19,8,1,1,1,Friend,0,1
RW-101176,Riverside,20,23,Annual,5,Premium,74,0,0,0,12.4,1,2,3,1,1,2,1,Walk-in,0,0
RW-101177,Westfield,59,33,Annual,2,Plus,44,0,0,0,6.6,0,11,8,8,0,0,0,Friend,0,0
RW-101178,Downtown,43,26,Monthly,0,Basic,29,0,0,0,3.6,0,5,9,2,1,0,0,Friend,0,0
RW-101179,Northgate,37,9,Monthly,0,Premium,79,0,0,1,2.1,0,3,17,6,1,0,0,Walk-in,0,1
RW-101180,Riverside,26,31,Monthly,0,Plus,49,0,1,0,5.6,1,10,16,5,0,0,0,Friend,0,0
RW-101181,Northgate,28,10,Annual,6,Basic,24,0,0,0,3.7,0,2,2,9,0,0,0,Online ad,0,0
RW-101182,Westfield,70,13,Annual,4,Basic,24,0,1,1,4.6,0,16,18,2,2,0,0,Corporate,0,0
RW-101183,Downtown,59,7,Monthly,0,Basic,29,0,1,0,5.2,1,5,3,4,2,0,0,Friend,1,0
RW-101184,Downtown,46,37,Monthly,0,Premium,79,0,0,1,5.6,1,18,23,3,1,0,0,Online ad,0,0
RW-101185,Lakeview,24,6,Annual,2,Premium,74,0,0,0,5.0,0,6,4,5,0,0,0,Online ad,0,0
RW-101186,Riverside,57,14,Annual,0,Basic,24,1,0,0,2.2,1,15,20,6,9,0,0,Corporate,1,1
RW-101187,Hillcrest,20,7,Annual,9,Plus,44,0,0,0,3.4,0,8,17,9,5,0,1,Walk-in,2,0
RW-101188,Westfield,78,96,Monthly,0,Basic,29,0,1,0,3.2,0,4,4,5,0,0,0,Walk-in,0,0
RW-101189,Lakeview,23,6,Monthly,0,Plus,49,0,0,0,4.4,0,2,7,3,0,0,0,Friend,0,0
RW-101190,Northgate,28,29,Monthly,0,Plus,44,1,0,0,10.9,0,1,1,6,1,0,0,Walk-in,1,0
RW-101191,Riverside,19,34,Monthly,0,Basic,29,0,0,0,11.5,1,14,11,6,1,0,0,Walk-in,0,0
RW-101192,Riverside,25,1,Monthly,0,Basic,29,0,0,0,5.1,0,8,0,6,0,0,1,Online ad,0,0
RW-101193,Lakeview,34,17,Monthly,0,Basic,29,0,1,0,12.1,0,10,13,3,0,1,0,Online ad,1,0
RW-101194,Northgate,42,5,Annual,11,Basic,19,1,0,0,4.3,1,2,7,5,0,1,1,Friend,0,0
RW-101195,Northgate,33,14,Monthly,0,Premium,69,1,0,0,5.6,1,7,6,0,4,0,0,Walk-in,0,0
RW-101196,Westfield,43,10,Annual,8,Basic,24,0,0,0,3.2,1,9,8,8,3,1,0,Online ad,0,0
RW-101197,Downtown,36,66,Monthly,0,Basic,29,0,0,0,5.0,1,28,19,4,5,0,0,Online ad,0,0
RW-101198,Riverside,44,28,Monthly,0,Plus,49,1,1,0,17.6,1,6,5,5,0,0,0,Walk-in,0,0
RW-101199,Northgate,18,24,Annual,7,Basic,24,0,0,0,7.6,1,20,19,6,11,0,0,Walk-in,0,0
RW-101200,Northgate,27,8,Annual,7,Basic,24,1,0,0,3.2,0,11,6,1,0,0,0,Walk-in,0,0
RW-101201,Downtown,42,20,Monthly,0,Basic,29,0,0,0,9.8,1,7,6,1,0,0,0,Online ad,0,0
RW-101202,Downtown,26,18,Monthly,0,Basic,29,1,0,0,3.8,1,5,13,2,1,0,1,Corporate,0,0
RW-101203,Hillcrest,34,30,Monthly,0,Plus,39,1,0,0,6.9,1,11,8,2,0,0,1,Online ad,1,0
RW-101204,Lakeview,42,2,Monthly,0,Premium,79,0,0,0,3.1,1,6,10,0,1,1,0,Walk-in,0,1
RW-101205,Riverside,24,11,Annual,4,Premium,69,1,0,0,19.0,1,4,2,7,2,0,0,Online ad,0,0
RW-101206,Lakeview,31,4,Annual,11,Basic,24,0,0,0,6.0,1,2,3,1,0,0,0,Online ad,0,0
RW-101207,Northgate,52,5,Monthly,0,Premium,79,0,0,0,10.2,1,1,7,7,0,0,0,Online ad,0,1
RW-101208,Westfield,30,9,Monthly,0,Plus,49,0,0,0,15.0,0,1,5,6,0,0,1,Walk-in,0,1
RW-101209,Riverside,37,36,Monthly,0,Basic,29,0,0,0,5.8,1,7,10,6,6,0,0,Walk-in,0,0
RW-101210,Lakeview,39,5,Annual,4,Basic,24,1,1,1,12.7,1,9,7,1,1,1,0,Friend,0,0
RW-101211,Hillcrest,40,7,Annual,5,Basic,24,1,0,0,1.3,0,13,11,6,7,0,0,Online ad,0,0
RW-101212,Hillcrest,31,36,Annual,9,Basic,24,0,1,0,12.3,1,23,12,5,0,0,0,Walk-in,0,0
RW-101213,Downtown,23,26,Annual,8,Basic,24,0,1,0,4.0,0,3,3,10,0,1,1,Walk-in,0,0
RW-101214,Northgate,42,25,Annual,1,Basic,24,0,0,1,5.7,0,6,5,5,0,0,0,Online ad,0,0
RW-101215,Northgate,33,3,Annual,3,Premium,74,0,0,0,7.4,1,14,25,4,6,0,0,Online ad,1,0
RW-101216,Riverside,46,9,Monthly,0,Plus,44,1,0,0,2.7,1,4,4,7,1,0,0,Walk-in,0,0
RW-101217,Northgate,32,10,Monthly,0,Plus,49,1,0,0,3.7,0,0,0,46,0,0,0,Friend,0,1
RW-101218,Riverside,35,13,Monthly,0,Plus,49,1,0,0,3.3,0,2,5,5,1,1,1,Walk-in,1,0
RW-101219,Hillcrest,32,6,Monthly,0,Plus,49,0,0,0,7.1,1,7,5,10,3,0,0,Online ad,0,1
RW-101220,Riverside,33,4,Monthly,0,Premium,79,1,0,0,2.2,0,11,23,0,9,0,0,Online ad,2,1
RW-101221,Riverside,38,5,Annual,8,Basic,24,0,0,0,2.4,1,19,6,0,0,0,0,Walk-in,0,0
RW-101222,Westfield,49,23,Monthly,0,Basic,29,0,1,0,8.9,1,4,6,6,0,0,0,Online ad,0,0
RW-101223,Westfield,50,27,Monthly,0,Premium,79,0,0,1,4.7,1,15,20,4,1,0,1,Online ad,0,0
RW-101224,Riverside,38,24,Monthly,0,Plus,49,0,1,0,2.4,0,4,6,0,0,0,0,Walk-in,0,0
RW-101225,Downtown,27,21,Monthly,0,Plus,44,1,0,0,4.9,1,5,5,7,0,0,0,Online ad,0,0
RW-101226,Downtown,33,59,Annual,8,Basic,24,1,0,0,7.2,1,16,23,1,1,0,0,Corporate,1,0
RW-101227,Westfield,32,5,Monthly,0,Basic,29,0,0,0,5.4,1,4,5,1,0,0,0,Friend,0,0
RW-101228,Northgate,34,11,Monthly,0,Plus,39,1,0,0,5.6,1,11,14,4,7,0,0,Friend,0,0
RW-101229,Westfield,30,32,Monthly,0,Basic,29,0,0,0,4.3,1,11,14,3,3,2,0,Friend,0,1
RW-101230,Northgate,46,3,Annual,5,Basic,24,0,0,0,7.1,0,4,9,13,1,2,0,Walk-in,0,1
RW-101231,Lakeview,26,24,Monthly,0,Premium,79,0,1,1,5.0,1,2,22,9,0,1,0,Friend,0,1
RW-101232,Hillcrest,28,32,Annual,3,Basic,24,0,0,1,8.1,1,4,8,8,0,0,0,Friend,0,0
RW-101233,Northgate,54,9,Monthly,0,Plus,49,0,0,0,3.6,0,16,13,1,1,0,0,Online ad,0,0
RW-101234,Westfield,63,54,Monthly,0,Basic,29,0,0,0,4.0,1,3,2,12,0,0,0,Walk-in,1,0
RW-101235,Downtown,22,13,Annual,10,Plus,44,1,0,0,6.5,0,4,7,7,0,0,1,Online ad,0,0
RW-101236,Riverside,59,1,Annual,1,Basic,24,0,0,0,4.3,0,4,0,4,1,1,0,Walk-in,0,1
RW-101237,Downtown,24,27,Monthly,0,Basic,19,1,0,0,5.3,0,12,11,7,1,1,0,Walk-in,0,0
RW-101238,Northgate,31,4,Monthly,0,Plus,39,1,0,0,5.2,1,10,5,5,1,0,0,Corporate,0,1
RW-101239,Downtown,23,55,Monthly,0,Basic,29,0,0,0,9.4,0,2,2,12,1,0,0,Walk-in,0,0
RW-101240,Lakeview,41,31,Annual,4,Premium,74,0,0,0,3.4,0,11,15,5,7,0,0,Online ad,0,0
RW-101241,Westfield,41,13,Annual,2,Plus,39,1,0,0,16.1,1,16,15,7,6,0,0,Walk-in,0,0
RW-101242,Westfield,30,30,Monthly,0,Basic,29,0,1,0,2.7,1,6,11,3,0,0,0,Friend,0,0
RW-101243,Hillcrest,19,7,Annual,6,Basic,24,0,0,0,10.4,1,1,3,13,0,0,0,Online ad,1,0
RW-101244,Downtown,35,21,Monthly,0,Basic,29,0,0,0,4.4,1,2,7,5,1,0,0,Online ad,1,0
RW-101245,Hillcrest,34,5,Annual,6,Basic,14,1,0,0,4.5,1,6,25,10,0,0,1,Friend,2,0
RW-101246,Hillcrest,22,3,Monthly,0,Plus,49,0,1,0,3.9,0,23,19,5,12,0,1,Friend,0,0
RW-101247,Downtown,45,15,Annual,8,Basic,24,0,0,0,2.6,0,6,9,9,2,1,1,Friend,0,0
RW-101248,Northgate,31,2,Monthly,0,Premium,79,0,1,0,5.7,1,15,13,2,4,0,0,Friend,0,0
RW-101249,Riverside,51,9,Annual,6,Plus,44,0,1,0,5.4,1,2,3,4,0,0,0,Friend,0,0
RW-101250,Westfield,36,33,Annual,4,Plus,44,0,0,0,10.6,1,11,12,8,0,0,0,Walk-in,1,0
RW-101251,Downtown,23,8,Annual,3,Premium,74,1,0,1,3.9,0,28,28,2,14,0,0,Online ad,0,0
RW-101252,Northgate,24,19,Monthly,0,Plus,49,1,1,0,5.7,0,18,11,4,7,0,1,Friend,0,0
RW-101253,Hillcrest,36,7,Monthly,0,Plus,49,0,1,0,2.8,0,7,7,6,6,0,0,Friend,1,0
RW-101254,Lakeview,35,6,Annual,11,Plus,44,0,0,0,5.4,1,7,8,4,0,0,1,Friend,0,0
RW-101255,Northgate,35,40,Annual,0,Basic,24,0,0,0,5.4,1,0,5,66,0,0,0,Friend,1,1
RW-101256,Westfield,54,7,Annual,10,Plus,34,1,0,0,8.3,1,0,4,39,0,1,0,Corporate,1,0
RW-101257,Downtown,37,35,Monthly,0,Premium,79,0,1,0,13.2,1,11,16,3,1,0,1,Walk-in,0,1
RW-101258,Riverside,76,1,Annual,10,Premium,74,0,1,0,9.5,1,10,0,1,0,0,0,Online ad,0,0
RW-101259,Downtown,36,30,Monthly,0,Premium,79,0,0,0,9.5,0,8,10,0,0,0,0,Online ad,0,0
RW-101260,Downtown,38,13,Monthly,0,Plus,49,1,0,1,9.3,0,14,12,4,0,1,0,Friend,0,1
RW-101261,Hillcrest,49,1,Monthly,0,Premium,79,0,0,0,4.6,1,8,0,0,0,0,0,Online ad,0,0
RW-101262,Lakeview,64,28,Monthly,0,Basic,29,0,0,0,6.6,0,5,5,1,2,0,0,Online ad,0,0
RW-101263,Riverside,25,49,Monthly,0,Basic,29,0,0,1,16.3,0,13,7,5,0,0,0,Friend,0,0
RW-101264,Downtown,33,20,Monthly,0,Basic,19,1,0,0,8.2,0,9,1,4,9,0,0,Online ad,0,0
RW-101265,Northgate,21,1,Annual,7,Basic,24,0,0,0,8.9,0,0,0,53,0,0,0,Friend,0,0
RW-101266,Riverside,50,54,Annual,11,Plus,44,0,0,0,1.7,0,7,10,5,0,0,0,Online ad,0,0
RW-101267,Westfield,41,40,Monthly,0,Basic,29,0,0,0,8.4,0,10,11,4,0,1,1,Corporate,0,0
RW-101268,Downtown,31,23,Annual,5,Plus,44,0,0,0,2.9,0,17,14,7,4,0,1,Online ad,0,0
RW-101269,Westfield,36,5,Monthly,0,Basic,29,1,1,0,5.2,0,11,10,8,4,0,0,Walk-in,0,0
RW-101270,Riverside,71,40,Annual,8,Plus,44,0,0,0,7.1,1,24,13,3,1,0,1,Walk-in,0,0
RW-101271,Lakeview,31,7,Monthly,0,Basic,24,1,1,0,5.4,1,2,9,0,0,0,0,Walk-in,0,0
RW-101272,Northgate,49,8,Monthly,0,Plus,44,1,0,0,1.7,1,2,5,5,0,1,0,Walk-in,0,0
RW-101273,Northgate,37,11,Annual,11,Basic,24,0,0,0,14.8,0,18,4,4,11,0,0,Friend,0,0
RW-101274,Downtown,36,10,Annual,9,Premium,74,0,0,0,9.2,1,3,5,6,2,0,0,Online ad,0,0
RW-101275,Hillcrest,21,57,Monthly,0,Plus,49,0,0,0,8.1,0,8,8,10,0,0,0,Online ad,1,1
RW-101276,Lakeview,27,40,Annual,11,Plus,44,0,0,0,5.2,1,17,19,4,0,0,0,Online ad,0,0
RW-101277,Riverside,20,22,Annual,9,Premium,74,1,0,1,3.9,1,8,14,3,7,0,0,Online ad,0,0
RW-101278,Riverside,38,4,Annual,8,Premium,64,1,1,1,0.7,1,8,6,10,0,1,0,Walk-in,0,0
RW-101279,Northgate,62,8,Annual,5,Basic,24,0,0,0,3.0,0,3,2,0,0,0,0,Friend,0,0
RW-101280,Lakeview,21,7,Annual,10,Basic,14,1,0,0,10.7,0,5,6,7,0,0,0,Corporate,0,0
RW-101281,Hillcrest,59,7,Annual,4,Premium,74,0,0,0,7.0,1,3,0,2,0,0,0,Online ad,0,0
RW-101282,Lakeview,34,10,Monthly,0,Basic,29,1,0,0,2.6,1,8,8,2,1,0,1,Friend,0,1
RW-101283,Westfield,28,13,Annual,6,Premium,69,1,0,0,0.9,1,12,7,5,1,0,0,Friend,0,0
RW-101284,Riverside,24,33,Annual,3,Basic,24,0,0,0,12.7,0,4,3,8,0,0,0,Online ad,0,0
RW-101285,Westfield,68,21,Annual,2,Basic,24,0,0,0,4.2,0,16,19,1,5,0,0,Online ad,0,0
RW-101286,Downtown,49,10,Annual,6,Basic,19,1,0,0,8.5,1,4,6,9,0,0,0,Friend,0,0
RW-101287,Lakeview,32,38,Annual,4,Plus,44,0,0,0,4.4,0,5,4,10,0,0,0,Online ad,0,0
RW-101288,Riverside,43,31,Monthly,0,Premium,79,0,0,1,6.5,1,4,8,12,0,0,0,Corporate,0,0
RW-101289,Lakeview,23,1,Annual,11,Plus,44,0,0,1,7.2,0,9,0,9,0,0,0,Online ad,2,0
RW-101290,Riverside,23,27,Monthly,0,Basic,24,1,0,0,3.5,0,4,8,4,0,2,1,Online ad,1,0
RW-101291,Riverside,32,4,Annual,6,Premium,74,0,0,0,8.7,1,5,21,2,1,1,0,Online ad,0,0
RW-101292,Riverside,36,7,Annual,0,Plus,34,1,0,0,6.5,1,1,4,18,0,0,1,Online ad,0,1
RW-101293,Downtown,31,41,Annual,1,Plus,44,0,0,0,4.5,1,12,16,2,5,0,0,Online ad,0,0
RW-101294,Riverside,45,30,Annual,8,Basic,24,0,0,0,1.3,1,9,6,3,1,0,0,Walk-in,0,0
RW-101295,Lakeview,23,42,Monthly,0,Plus,49,0,0,0,3.8,1,11,16,3,1,0,0,Friend,0,0
RW-101296,Lakeview,29,9,Monthly,0,Premium,79,1,1,0,5.0,1,14,6,4,4,0,0,Online ad,0,0
RW-101297,Riverside,55,16,Annual,4,Plus,44,0,1,1,1.5,0,2,7,5,2,0,0,Walk-in,0,0
RW-101298,Westfield,29,42,Annual,9,Plus,44,0,1,0,8.1,0,1,9,15,0,1,0,Walk-in,1,0
RW-101299,Lakeview,46,15,Monthly,0,Basic,29,0,0,0,2.6,1,11,18,7,1,0,0,Walk-in,0,0
RW-101300,Hillcrest,46,8,Annual,5,Plus,44,0,0,0,3.4,0,11,5,6,1,0,0,Online ad,0,0
RW-101301,Hillcrest,31,32,Monthly,0,Plus,49,0,0,0,4.0,1,11,6,3,7,0,0,Online ad,1,0
RW-101302,Hillcrest,40,13,Monthly,0,Plus,49,0,1,0,3.9,1,15,11,2,4,0,0,Walk-in,0,0
RW-101303,Hillcrest,28,18,Annual,10,Basic,19,1,0,1,2.3,0,10,14,2,0,1,1,Walk-in,0,0
RW-101304,Hillcrest,44,29,Monthly,0,Plus,49,0,0,1,7.2,1,18,10,2,2,0,1,Walk-in,0,0
RW-101305,Hillcrest,40,50,Monthly,0,Basic,29,0,0,0,5.2,0,7,7,7,3,0,1,Walk-in,0,0
RW-101306,Hillcrest,24,15,Monthly,0,Premium,79,0,0,0,2.6,1,13,19,7,1,0,0,Corporate,0,0
RW-101307,Riverside,22,1,Monthly,0,Premium,79,0,0,0,3.5,1,28,0,3,10,1,0,Online ad,0,0
RW-101308,Northgate,40,39,Annual,7,Basic,24,0,0,0,8.0,0,4,0,12,0,1,0,Online ad,0,0
RW-101309,Hillcrest,32,2,Monthly,0,Basic,24,1,0,0,5.3,1,21,15,2,3,0,1,Online ad,0,1
RW-101310,Riverside,57,72,Annual,4,Plus,44,0,1,0,11.4,0,0,3,44,0,0,0,Friend,0,0
RW-101311,Hillcrest,48,55,Annual,5,Basic,24,0,1,0,8.7,1,8,5,3,0,0,0,Walk-in,0,0
RW-101312,Hillcrest,26,9,Monthly,0,Plus,49,0,0,0,3.9,0,2,6,13,2,0,0,Walk-in,0,1
RW-101313,Lakeview,23,71,Annual,0,Plus,44,0,0,0,3.8,1,8,7,8,4,1,0,Corporate,0,0
RW-101314,Riverside,25,3,Monthly,0,Plus,49,0,0,0,3.6,1,12,13,7,1,0,1,Friend,1,0
RW-101315,Lakeview,46,1,Monthly,0,Basic,29,0,0,0,31.6,1,1,0,8,0,0,0,Online ad,0,1
RW-101316,Westfield,28,16,Monthly,0,Basic,24,1,0,0,3.8,0,6,28,8,0,0,0,Friend,1,0
RW-101317,Northgate,42,11,Annual,8,Premium,74,0,0,0,6.8,1,1,6,4,0,0,1,Corporate,1,1
RW-101318,Hillcrest,32,39,Annual,3,Premium,69,1,0,1,4.0,1,15,28,5,4,0,1,Online ad,0,0
RW-101319,Lakeview,22,34,Monthly,0,Plus,49,0,0,0,6.3,1,15,17,0,0,0,1,Walk-in,0,0
RW-101320,Hillcrest,27,6,Annual,10,Basic,24,0,0,0,4.6,1,3,9,8,0,0,1,Online ad,0,0
RW-101321,Riverside,41,1,Monthly,0,Basic,19,1,0,0,12.5,1,2,0,5,1,0,1,Online ad,0,1
RW-101322,Hillcrest,20,38,Annual,9,Premium,74,0,0,0,2.0,1,6,1,3,4,2,0,Friend,0,0
RW-101323,Northgate,46,5,Annual,6,Basic,24,0,0,0,1.4,1,13,28,2,1,0,0,Online ad,1,0
RW-101324,Westfield,50,10,Monthly,0,Basic,29,0,0,1,8.9,0,4,4,13,0,1,0,Walk-in,0,0
RW-101325,Hillcrest,44,8,Annual,7,Basic,24,0,0,0,5.7,1,3,3,2,0,0,0,Online ad,1,0
RW-101326,Downtown,34,2,Monthly,0,Plus,49,0,0,0,2.1,0,3,4,6,3,1,0,Friend,0,0
RW-101327,Northgate,33,120,Annual,8,Basic,24,1,0,0,2.8,0,5,4,11,1,1,0,Online ad,0,0
RW-101328,Hillcrest,32,6,Annual,9,Basic,24,0,0,0,3.4,1,9,6,2,0,0,0,Friend,0,0
RW-101329,Lakeview,25,6,Monthly,0,Basic,29,0,0,0,2.3,1,21,15,4,1,0,0,Walk-in,0,0
RW-101330,Riverside,19,25,Monthly,0,Premium,79,0,0,0,3.3,0,6,8,1,3,0,0,Online ad,0,1
RW-101331,Hillcrest,32,34,Monthly,0,Plus,44,1,0,1,14.7,0,5,10,4,2,1,0,Walk-in,0,1
RW-101332,Westfield,26,13,Monthly,0,Plus,39,1,1,0,2.0,1,2,10,8,0,0,0,Friend,0,0
RW-101333,Hillcrest,41,7,Monthly,0,Plus,49,0,0,0,4.7,0,18,12,5,0,0,0,Online ad,0,0
RW-101334,Lakeview,32,26,Annual,2,Plus,44,0,0,0,3.5,0,4,8,1,0,0,0,Corporate,0,0
RW-101335,Riverside,44,11,Annual,4,Basic,24,0,0,0,6.2,0,0,7,41,0,0,0,Friend,1,1
RW-101336,Lakeview,23,5,Monthly,0,Basic,29,0,0,0,6.1,0,14,6,5,6,1,0,Walk-in,0,0
RW-101337,Downtown,22,27,Monthly,0,Basic,29,0,0,0,4.3,0,12,10,7,0,0,0,Online ad,0,0
RW-101338,Downtown,24,22,Monthly,0,Premium,79,0,0,0,14.7,1,7,6,1,3,0,0,Friend,0,0
RW-101339,Northgate,19,2,Annual,11,Basic,24,0,1,0,2.2,1,3,5,6,0,0,0,Friend,0,0
RW-101340,Riverside,21,6,Monthly,0,Basic,29,0,0,0,7.0,1,10,10,7,1,0,1,Corporate,0,0
RW-101341,Riverside,34,17,Monthly,0,Plus,49,0,0,1,17.2,1,16,10,2,2,0,1,Walk-in,0,0
RW-101342,Northgate,61,8,Annual,4,Plus,44,0,1,0,2.8,0,6,1,7,0,0,0,Friend,0,0
RW-101343,Riverside,36,41,Monthly,0,Plus,49,1,0,0,3.1,1,1,8,5,0,1,1,Friend,0,0
RW-101344,Downtown,51,10,Annual,1,Plus,44,0,0,0,5.2,1,7,12,8,5,0,1,Walk-in,0,0
RW-101345,Lakeview,27,47,Monthly,0,Premium,79,0,0,0,5.8,0,3,1,14,4,0,0,Friend,0,0
RW-101346,Downtown,38,5,Monthly,0,Premium,79,0,1,0,6.4,0,11,10,5,5,0,0,Walk-in,0,0
RW-101347,Downtown,27,1,Annual,9,Basic,24,0,0,1,13.1,1,8,0,3,4,0,0,Friend,0,0
RW-101348,Northgate,29,14,Monthly,0,Basic,29,0,0,0,6.9,1,9,13,4,1,0,0,Walk-in,0,0
RW-101349,Riverside,40,33,Annual,8,Plus,39,1,0,0,2.4,1,3,5,10,0,0,0,Friend,0,0
RW-101350,Riverside,35,3,Annual,1,Plus,44,1,0,0,2.7,1,9,21,2,0,0,1,Corporate,0,1
RW-101351,Northgate,49,36,Monthly,0,Plus,49,0,0,0,7.1,0,7,7,2,2,0,0,Walk-in,0,1
RW-101352,Riverside,26,6,Monthly,0,Basic,29,0,0,0,2.3,1,9,10,2,1,0,0,Walk-in,1,0
RW-101353,Downtown,57,12,Monthly,0,Premium,79,0,0,1,5.3,0,2,9,16,0,0,0,Online ad,0,0
RW-101354,Riverside,41,40,Monthly,0,Basic,29,0,1,0,1.6,1,6,18,8,0,0,0,Online ad,0,0
RW-101355,Riverside,26,13,Annual,1,Basic,24,0,0,0,4.3,0,8,5,5,0,1,0,Walk-in,1,0
RW-101356,Westfield,59,28,Annual,3,Premium,74,0,0,1,8.6,1,13,12,6,1,0,0,Friend,0,0
RW-101357,Riverside,28,36,Monthly,0,Plus,49,0,1,0,1.7,1,7,15,6,0,1,0,Online ad,0,0
RW-101358,Downtown,29,38,Monthly,0,Basic,29,0,0,0,5.8,0,2,6,13,3,0,0,Walk-in,1,0
RW-101359,Westfield,28,67,Monthly,0,Basic,24,1,0,0,3.2,0,0,15,43,0,0,0,Friend,1,1
RW-101360,Westfield,59,22,Monthly,0,Basic,29,1,0,0,8.5,1,4,4,7,0,0,0,Walk-in,0,0
RW-101361,Lakeview,25,51,Annual,11,Premium,74,0,0,1,7.5,1,6,9,0,3,0,0,Online ad,1,0
RW-101362,Lakeview,33,6,Monthly,0,Premium,69,1,0,0,10.2,1,7,5,1,0,0,0,Online ad,0,0
RW-101363,Northgate,49,32,Annual,1,Basic,24,0,0,0,3.1,0,6,7,9,0,0,0,Walk-in,0,1
RW-101364,Hillcrest,34,5,Annual,2,Basic,24,0,0,0,27.0,0,5,6,1,0,0,1,Friend,0,0
RW-101365,Lakeview,29,7,Annual,11,Basic,24,0,0,0,4.2,1,1,13,11,0,0,0,Online ad,0,0
RW-101366,Hillcrest,39,14,Monthly,0,Premium,69,1,0,0,5.8,0,7,12,5,1,0,1,Friend,0,0
RW-101367,Northgate,33,12,Monthly,0,Basic,29,0,0,0,2.6,1,17,20,4,1,0,0,Friend,0,0
RW-101368,Northgate,27,11,Annual,3,Plus,39,1,0,0,1.4,0,12,10,6,2,0,0,Friend,1,0
RW-101369,Hillcrest,49,10,Monthly,0,Plus,49,0,0,0,5.4,0,5,6,10,1,1,1,Online ad,0,0
RW-101370,Riverside,29,17,Monthly,0,Plus,49,1,1,0,7.8,1,5,8,5,1,0,0,Friend,0,0
RW-101371,Hillcrest,29,13,Monthly,0,Basic,29,0,1,0,4.3,1,11,16,7,2,0,0,Online ad,1,0
RW-101372,Westfield,35,17,Annual,7,Plus,44,0,0,0,5.9,1,6,4,5,0,0,0,Walk-in,2,0
RW-101373,Riverside,55,4,Annual,7,Plus,44,0,0,0,7.1,1,6,6,10,0,1,0,Walk-in,0,0
RW-101374,Lakeview,23,32,Monthly,0,Premium,79,0,1,0,4.0,0,17,12,4,0,0,1,Corporate,0,0
RW-101375,Riverside,23,45,Monthly,0,Premium,79,0,1,1,4.3,0,2,3,5,0,1,1,Online ad,1,1
RW-101376,Westfield,40,3,Monthly,0,Plus,49,0,1,1,1.6,1,2,9,4,0,0,0,Walk-in,0,0
RW-101377,Lakeview,26,9,Monthly,0,Premium,79,0,0,0,3.2,1,4,3,4,1,0,0,Friend,0,0
RW-101378,Westfield,42,29,Annual,6,Plus,44,0,0,0,2.6,0,9,13,9,10,0,0,Walk-in,0,0
RW-101379,Riverside,24,21,Monthly,0,Plus,44,1,0,0,3.0,1,16,8,3,1,1,0,Friend,0,0
RW-101380,Northgate,26,33,Monthly,0,Basic,29,0,0,0,2.7,1,7,6,0,2,0,0,Walk-in,0,0
RW-101381,Downtown,36,120,Monthly,0,Basic,29,0,0,0,7.0,1,28,18,5,12,0,0,Walk-in,0,0
RW-101382,Lakeview,25,10,Monthly,0,Basic,29,0,0,0,29.3,1,12,14,8,3,0,0,Walk-in,0,0
RW-101383,Hillcrest,30,2,Monthly,0,Basic,29,0,1,0,4.7,0,2,7,3,0,0,0,Walk-in,0,0
RW-101384,Riverside,41,3,Monthly,0,Premium,79,0,0,1,21.5,0,9,7,1,0,0,0,Walk-in,0,0
RW-101385,Downtown,27,2,Annual,3,Plus,44,0,0,0,8.3,1,4,20,4,0,1,0,Friend,0,0
RW-101386,Hillcrest,23,4,Monthly,0,Basic,29,0,0,0,4.3,0,13,16,1,1,0,0,Online ad,0,0
RW-101387,Riverside,41,10,Monthly,0,Premium,79,0,0,0,2.3,0,5,1,9,3,1,0,Friend,0,0
RW-101388,Lakeview,37,5,Monthly,0,Basic,29,0,0,0,7.0,1,1,7,5,0,0,1,Online ad,0,1
RW-101389,Hillcrest,22,1,Annual,3,Basic,24,0,0,0,4.9,1,5,0,8,5,0,0,Online ad,0,0
RW-101390,Lakeview,24,17,Monthly,0,Premium,79,0,0,0,7.1,0,8,13,5,3,0,1,Friend,0,1
RW-101391,Northgate,31,6,Monthly,0,Basic,29,0,0,0,3.4,1,9,12,1,1,0,0,Friend,0,0
RW-101392,Lakeview,69,12,Annual,2,Plus,44,0,1,0,3.3,0,1,7,15,1,0,1,Walk-in,0,0
RW-101393,Northgate,52,16,Annual,2,Basic,24,0,0,0,1.7,0,5,3,8,0,0,0,Corporate,0,0
RW-101394,Riverside,51,11,Annual,10,Premium,74,0,0,1,0.7,1,28,28,4,14,0,1,Walk-in,0,0
RW-101395,Hillcrest,33,13,Monthly,0,Basic,19,1,0,0,5.4,1,13,11,5,6,0,0,Online ad,0,0
RW-101396,Lakeview,41,69,Monthly,0,Basic,29,1,0,0,5.4,1,10,4,0,1,1,0,Friend,0,0
RW-101397,Riverside,42,18,Annual,4,Premium,74,0,0,0,4.5,0,7,3,10,4,0,0,Online ad,0,0
RW-101398,Lakeview,29,11,Annual,5,Premium,74,0,0,0,2.2,1,12,16,5,7,0,0,Walk-in,0,0
RW-101399,Downtown,23,7,Annual,11,Plus,44,0,0,0,5.1,0,3,7,13,2,1,0,Online ad,1,0
RW-101400,Westfield,42,12,Monthly,0,Basic,29,0,0,0,3.8,0,13,13,5,1,0,0,Walk-in,0,0
RW-101401,Lakeview,21,26,Monthly,0,Premium,79,0,0,0,3.6,1,24,14,6,13,0,0,Corporate,0,0
RW-101402,Westfield,27,25,Monthly,0,Basic,29,0,0,1,4.9,1,12,12,3,1,0,0,Friend,0,0
RW-101403,Westfield,39,5,Monthly,0,Basic,29,1,0,0,7.7,0,7,8,3,0,0,0,Walk-in,0,0
RW-101404,Northgate,46,21,Monthly,0,Basic,24,1,1,0,6.8,0,3,22,10,0,0,0,Online ad,0,0
RW-101405,Downtown,28,35,Monthly,0,Basic,19,1,0,0,5.8,0,4,6,10,1,0,1,Friend,0,0
RW-101406,Northgate,58,37,Monthly,0,Basic,29,0,1,0,3.2,1,4,4,7,1,0,1,Online ad,1,1
RW-101407,Riverside,30,21,Annual,9,Premium,74,0,0,0,5.9,1,6,9,2,3,0,1,Walk-in,0,0
RW-101408,Riverside,24,24,Annual,6,Basic,24,0,0,0,3.1,0,28,28,1,19,0,0,Online ad,0,0
RW-101409,Downtown,22,33,Monthly,0,Basic,29,0,0,0,4.2,1,1,8,8,0,1,0,Corporate,0,1
RW-101410,Riverside,47,4,Monthly,0,Basic,29,0,0,0,10.3,0,13,9,3,0,0,0,Friend,0,0
RW-101411,Riverside,28,12,Monthly,0,Premium,79,0,0,0,2.4,1,8,15,4,4,0,0,Online ad,2,0
RW-101412,Westfield,28,16,Annual,7,Plus,44,0,0,0,3.6,0,3,8,13,3,0,1,Walk-in,0,0
RW-101413,Northgate,41,13,Annual,11,Basic,24,1,0,0,6.1,1,2,4,10,1,0,0,Walk-in,0,0
RW-101414,Downtown,41,16,Monthly,0,Premium,79,0,0,0,7.9,1,7,8,5,0,0,1,Walk-in,0,0
RW-101415,Lakeview,27,5,Monthly,0,Basic,29,0,1,0,5.0,1,8,6,1,0,0,0,Walk-in,1,0
RW-101416,Northgate,27,39,Annual,11,Basic,24,0,0,0,1.9,0,2,4,5,1,0,0,Walk-in,0,0
RW-101417,Downtown,29,42,Monthly,0,Premium,74,1,0,0,18.7,0,3,4,13,0,0,1,Online ad,0,1
RW-101418,Riverside,36,14,Monthly,0,Plus,49,0,1,1,3.8,1,10,6,6,3,0,0,Friend,0,0
RW-101419,Hillcrest,27,24,Monthly,0,Plus,44,1,0,0,8.3,1,0,4,31,0,0,0,Friend,0,1
RW-101420,Northgate,42,20,Annual,3,Plus,44,0,1,0,3.4,0,4,6,8,0,0,0,Online ad,0,0
RW-101421,Northgate,30,17,Monthly,0,Premium,79,1,0,0,5.0,1,1,2,16,0,0,0,Friend,0,1
RW-101422,Downtown,23,4,Monthly,0,Premium,79,0,0,0,5.2,1,7,17,6,5,0,0,Walk-in,0,0
RW-101423,Lakeview,35,42,Monthly,0,Premium,79,0,0,0,7.0,0,7,6,1,1,1,1,Online ad,0,0
RW-101424,Hillcrest,23,44,Monthly,0,Basic,29,1,0,0,3.3,1,9,11,0,0,1,0,Corporate,0,0
RW-101425,Downtown,29,9,Monthly,0,Plus,49,0,1,1,7.8,1,15,7,2,8,0,0,Walk-in,0,0
RW-101426,Hillcrest,32,34,Annual,9,Basic,24,0,0,0,3.2,0,1,1,6,0,0,0,Online ad,1,0
RW-101427,Lakeview,30,19,Monthly,0,Basic,24,1,0,0,7.1,1,5,19,2,4,0,0,Online ad,1,0
RW-101428,Hillcrest,24,27,Monthly,0,Plus,49,0,1,0,2.7,0,7,5,10,0,0,0,Corporate,0,1
RW-101429,Westfield,47,8,Monthly,0,Premium,79,0,0,1,1.8,0,9,8,0,4,0,0,Online ad,0,0
RW-101430,Hillcrest,29,73,Monthly,0,Basic,29,0,1,0,4.9,0,14,6,6,6,1,0,Friend,0,0
RW-101431,Northgate,21,26,Monthly,0,Basic,29,0,1,0,3.0,1,10,10,8,1,0,0,Friend,0,0
RW-101432,Hillcrest,26,2,Annual,6,Plus,44,0,0,0,4.1,0,4,8,3,1,0,0,Walk-in,0,0
RW-101433,Lakeview,30,6,Annual,9,Plus,44,0,0,0,7.0,1,15,16,1,0,0,0,Online ad,0,0
RW-101434,Northgate,44,9,Monthly,0,Plus,39,1,0,0,3.9,0,1,15,15,2,0,0,Walk-in,0,1
RW-101435,Northgate,39,23,Annual,7,Basic,24,0,0,0,1.8,1,16,28,3,2,0,1,Friend,0,0
RW-101436,Northgate,21,23,Annual,6,Basic,24,1,0,0,13.2,0,2,7,5,0,1,0,Corporate,0,1
RW-101437,Downtown,31,20,Annual,9,Basic,19,1,0,0,3.5,1,19,11,6,9,0,0,Walk-in,0,0
RW-101438,Northgate,20,41,Monthly,0,Basic,29,0,0,0,6.2,0,7,7,8,3,0,0,Walk-in,0,0
RW-101439,Downtown,51,5,Annual,0,Plus,44,0,0,0,17.0,1,10,10,6,1,0,0,Friend,0,0
RW-101440,Northgate,42,69,Annual,9,Premium,74,0,1,1,2.9,0,6,9,9,0,0,0,Walk-in,0,0
RW-101441,Northgate,41,9,Annual,3,Basic,24,0,0,0,8.4,1,7,11,5,3,0,0,Online ad,1,0
RW-101442,Northgate,39,3,Monthly,0,Plus,49,0,0,0,16.8,1,4,2,13,1,1,0,Friend,0,1
RW-101443,Northgate,27,58,Monthly,0,Plus,44,1,0,0,2.4,1,28,23,2,0,0,0,Friend,0,0
RW-101444,Hillcrest,57,10,Monthly,0,Plus,49,0,0,0,11.9,0,0,4,37,0,0,0,Friend,1,1
RW-101445,Lakeview,31,2,Monthly,0,Premium,79,0,0,1,3.4,0,6,14,6,0,0,0,Friend,0,0
RW-101446,Lakeview,31,106,Monthly,0,Plus,49,0,0,0,9.3,1,2,10,13,0,0,1,Friend,0,0
RW-101447,Hillcrest,23,43,Monthly,0,Premium,79,0,0,0,2.3,1,21,28,0,10,2,0,Walk-in,0,0
RW-101448,Downtown,29,30,Monthly,0,Plus,39,1,0,0,1.0,1,1,10,19,2,0,1,Friend,0,0
RW-101449,Hillcrest,48,14,Monthly,0,Plus,49,0,1,0,8.7,1,8,6,1,0,0,0,Friend,0,0
RW-101450,Lakeview,21,3,Annual,8,Basic,14,1,1,0,2.5,1,0,6,46,0,1,0,Walk-in,0,0
RW-101451,Downtown,39,36,Annual,6,Plus,44,1,0,0,1.9,1,14,28,7,5,0,0,Corporate,0,0
RW-101452,Lakeview,37,8,Monthly,0,Basic,29,0,0,0,2.3,1,8,5,7,1,1,0,Walk-in,0,0
RW-101453,Downtown,24,8,Annual,11,Premium,74,0,0,0,3.7,0,4,17,3,1,1,0,Walk-in,0,0
RW-101454,Northgate,30,41,Annual,4,Plus,44,0,0,0,15.9,0,11,7,1,4,0,0,Walk-in,0,0
RW-101455,Northgate,31,12,Annual,1,Premium,64,1,1,0,10.5,0,12,10,6,0,1,1,Friend,0,1
RW-101456,Hillcrest,54,63,Annual,11,Basic,14,1,1,0,8.9,1,9,4,2,0,0,0,Walk-in,0,0
RW-101457,Riverside,26,42,Monthly,0,Basic,19,1,0,0,6.5,0,1,1,11,0,0,0,Friend,0,0
RW-101458,Westfield,26,37,Monthly,0,Plus,39,1,0,0,6.3,0,1,6,19,1,0,0,Walk-in,0,1
RW-101459,Downtown,34,10,Annual,2,Basic,24,0,0,0,12.1,0,6,7,10,4,0,0,Online ad,0,0
RW-101460,Northgate,40,13,Annual,3,Plus,44,0,0,0,7.5,0,16,11,0,0,0,1,Walk-in,0,0
RW-101461,Downtown,40,5,Annual,6,Basic,24,0,0,0,4.3,1,2,6,3,1,0,0,Online ad,0,0
RW-101462,Northgate,37,8,Monthly,0,Plus,49,0,0,0,4.1,0,8,13,3,0,0,0,Walk-in,0,0
RW-101463,Westfield,62,3,Annual,4,Plus,44,0,0,0,3.1,0,7,6,9,4,0,1,Walk-in,0,0
RW-101464,Downtown,32,2,Monthly,0,Premium,79,0,0,0,3.5,1,3,1,10,1,0,0,Walk-in,1,0
RW-101465,Westfield,37,5,Monthly,0,Basic,29,0,1,0,2.5,1,1,8,19,0,2,0,Friend,1,0
RW-101466,Northgate,22,10,Monthly,0,Plus,49,0,0,0,6.0,0,2,9,2,3,0,0,Walk-in,1,1
RW-101467,Northgate,22,16,Annual,10,Basic,24,0,0,0,5.6,0,1,8,2,0,0,0,Friend,0,0
RW-101468,Northgate,31,55,Monthly,0,Basic,29,0,0,0,3.4,0,4,4,8,1,0,0,Online ad,2,0
RW-101469,Hillcrest,26,29,Annual,10,Plus,44,0,0,0,11.4,0,2,4,14,0,0,0,Walk-in,0,0
RW-101470,Riverside,24,66,Monthly,0,Basic,29,0,0,1,9.3,1,7,9,1,0,0,0,Friend,0,0
RW-101471,Lakeview,32,32,Annual,11,Plus,44,0,0,0,3.3,1,24,26,2,6,0,0,Friend,0,0
RW-101472,Downtown,25,11,Annual,9,Plus,44,0,1,0,2.1,1,7,6,2,2,0,0,Walk-in,0,0
RW-101473,Riverside,47,22,Annual,0,Plus,44,0,0,0,18.7,0,13,5,2,1,1,0,Walk-in,0,0
RW-101474,Northgate,40,4,Annual,8,Basic,19,1,0,0,4.0,0,1,12,16,0,1,0,Walk-in,0,1
RW-101475,Lakeview,31,56,Annual,1,Plus,34,1,1,0,1.2,0,18,14,3,1,0,0,Walk-in,0,0
RW-101476,Downtown,37,34,Monthly,0,Plus,49,0,0,0,2.6,1,2,4,16,0,0,0,Walk-in,0,1
RW-101477,Hillcrest,46,33,Annual,9,Basic,19,1,0,0,16.2,1,2,2,10,1,0,0,Friend,0,0
RW-101478,Westfield,31,16,Monthly,0,Premium,79,0,0,0,6.5,0,0,9,32,0,0,0,Corporate,0,1
RW-101479,Westfield,29,16,Annual,6,Basic,24,0,0,0,7.8,1,3,2,14,0,0,0,Online ad,0,0
RW-101480,Northgate,20,4,Annual,9,Plus,44,0,0,0,3.0,0,7,5,9,0,0,0,Walk-in,0,0
RW-101481,Downtown,24,12,Monthly,0,Basic,29,0,0,0,6.0,0,1,20,7,0,1,0,Online ad,1,1
RW-101482,Northgate,38,6,Annual,9,Basic,24,0,0,0,6.0,1,23,13,5,1,1,0,Online ad,0,0
RW-101483,Westfield,66,1,Monthly,0,Plus,49,0,0,0,1.1,1,3,0,10,0,0,0,Walk-in,0,0
RW-101484,Riverside,19,10,Monthly,0,Plus,49,0,0,0,2.3,1,10,7,4,8,0,0,Friend,0,0
RW-101485,Downtown,46,23,Monthly,0,Basic,29,0,1,0,2.6,0,4,8,5,2,0,0,Walk-in,1,0
RW-101486,Riverside,22,8,Monthly,0,Plus,49,0,0,0,14.4,0,0,5,32,0,0,1,Walk-in,0,1
RW-101487,Northgate,37,11,Annual,0,Premium,74,0,1,1,6.3,1,15,13,1,4,2,0,Walk-in,0,0
RW-101488,Hillcrest,38,21,Monthly,0,Plus,49,1,0,0,3.0,0,10,27,8,2,0,0,Friend,0,1
RW-101489,Downtown,51,11,Monthly,0,Premium,79,0,0,0,8.1,0,7,9,1,1,0,0,Online ad,0,0
RW-101490,Downtown,45,28,Annual,3,Premium,74,0,0,1,3.2,1,6,9,2,0,1,1,Online ad,0,0
RW-101491,Westfield,58,51,Monthly,0,Basic,29,0,0,0,5.4,0,10,16,2,0,1,0,Friend,1,0
RW-101492,Downtown,20,6,Monthly,0,Premium,79,0,0,0,6.6,1,9,5,7,6,0,0,Corporate,0,0
RW-101493,Westfield,43,20,Monthly,0,Premium,74,1,0,1,8.5,0,0,2,32,0,0,1,Friend,0,0
RW-101494,Westfield,62,10,Annual,0,Premium,74,0,1,0,4.6,1,4,4,1,0,1,0,Friend,0,0
RW-101495,Northgate,41,11,Monthly,0,Basic,24,1,1,0,12.6,0,6,7,2,2,0,0,Walk-in,0,0
RW-101496,Downtown,49,34,Monthly,0,Basic,19,1,0,0,9.4,1,5,1,9,4,2,1,Friend,0,1
RW-101497,Northgate,27,11,Annual,1,Basic,14,1,0,0,3.7,1,1,3,15,0,0,0,Online ad,0,1
RW-101498,Downtown,33,58,Annual,4,Basic,14,1,1,0,18.7,1,11,8,0,5,0,0,Walk-in,0,0
RW-101499,Riverside,28,1,Monthly,0,Basic,29,0,0,0,15.2,1,0,0,50,0,0,0,Online ad,0,1
RW-101500,Westfield,46,7,Monthly,0,Premium,79,0,1,1,3.4,1,8,5,7,0,0,0,Walk-in,0,0
RW-101501,Riverside,36,24,Annual,0,Plus,44,0,0,0,6.2,1,5,15,5,3,1,0,Friend,0,0
RW-101502,Lakeview,28,31,Monthly,0,Basic,29,0,1,0,8.4,1,2,7,11,0,0,1,Walk-in,0,0
RW-101503,Downtown,36,36,Monthly,0,Basic,29,0,0,0,10.8,1,6,3,5,2,0,1,Friend,0,1
RW-101504,Westfield,47,26,Annual,9,Plus,44,0,0,0,2.3,0,6,3,6,0,0,0,Corporate,1,0
RW-101505,Westfield,32,1,Annual,9,Basic,24,0,0,0,5.1,1,9,0,6,7,0,0,Walk-in,0,0
RW-101506,Northgate,48,11,Annual,7,Basic,24,0,0,0,16.7,1,4,4,0,0,0,0,Online ad,0,0
RW-101507,Westfield,48,23,Monthly,0,Basic,24,1,0,0,11.5,1,9,11,4,3,1,1,Friend,0,0
RW-101508,Northgate,26,29,Annual,4,Basic,19,1,0,0,3.6,1,1,9,16,0,0,0,Online ad,0,0
RW-101509,Lakeview,33,40,Monthly,0,Basic,29,0,0,0,3.7,1,28,23,4,1,1,0,Friend,0,0
RW-101510,Northgate,27,27,Annual,4,Basic,24,1,0,0,7.1,1,28,27,4,13,0,1,Walk-in,0,0
RW-101511,Northgate,21,26,Monthly,0,Basic,19,1,1,0,15.2,1,1,4,12,0,0,0,Online ad,1,1
RW-101512,Hillcrest,37,66,Monthly,0,Basic,29,0,0,0,7.1,0,5,17,3,0,0,0,Online ad,0,0
RW-101513,Hillcrest,37,16,Monthly,0,Plus,49,0,0,0,9.5,0,0,4,44,0,0,1,Online ad,0,0
RW-101514,Downtown,40,2,Annual,6,Premium,74,0,1,1,6.7,0,1,9,11,0,0,0,Online ad,1,0
RW-101515,Riverside,40,56,Monthly,0,Basic,29,0,1,0,1.7,1,10,15,8,1,0,0,Friend,0,0
RW-101516,Riverside,19,28,Monthly,0,Plus,49,1,0,0,3.8,1,10,8,3,3,0,1,Friend,2,0
RW-101517,Riverside,24,45,Monthly,0,Basic,29,1,0,0,12.9,1,7,8,1,0,0,0,Online ad,0,1
RW-101518,Riverside,30,3,Monthly,0,Plus,49,0,0,0,4.4,0,4,4,8,3,0,0,Corporate,0,0
RW-101519,Northgate,24,15,Monthly,0,Plus,49,0,0,0,14.1,0,2,4,9,1,0,0,Corporate,0,1
RW-101520,Riverside,24,52,Monthly,0,Plus,39,1,0,0,3.3,1,1,3,15,0,0,0,Online ad,0,0
RW-101521,Northgate,41,17,Monthly,0,Basic,29,0,0,0,2.5,1,3,3,7,1,1,0,Online ad,0,0
RW-101522,Northgate,54,15,Annual,8,Plus,39,1,0,0,4.3,1,5,14,1,1,0,0,Online ad,0,0
RW-101523,Hillcrest,33,14,Annual,11,Plus,44,0,0,0,5.8,1,3,10,13,0,1,0,Friend,0,0
RW-101524,Lakeview,41,4,Annual,11,Premium,74,0,0,0,3.6,1,4,2,12,1,0,1,Online ad,0,0
RW-101525,Westfield,45,5,Monthly,0,Basic,29,0,0,0,14.3,0,7,3,10,1,0,0,Online ad,0,0
RW-101526,Lakeview,46,19,Monthly,0,Plus,49,0,0,0,11.6,0,3,12,6,0,0,0,Walk-in,1,1
RW-101527,Riverside,33,16,Annual,7,Basic,24,0,0,0,2.6,1,9,6,6,0,0,0,Online ad,0,0
RW-101528,Lakeview,22,4,Monthly,0,Basic,29,0,1,0,3.6,0,4,5,2,0,1,1,Online ad,0,0
RW-101529,Hillcrest,37,27,Monthly,0,Plus,44,1,0,0,4.3,1,6,20,5,0,0,1,Friend,0,0
RW-101530,Hillcrest,33,26,Monthly,0,Basic,29,0,1,0,4.3,0,0,14,46,0,0,1,Corporate,0,0
RW-101531,Downtown,22,10,Monthly,0,Premium,79,0,0,1,9.0,0,8,8,2,5,0,1,Friend,1,0
RW-101532,Hillcrest,40,4,Annual,3,Premium,74,1,0,1,5.2,0,9,10,5,8,1,0,Online ad,1,0
RW-101533,Westfield,29,7,Monthly,0,Basic,19,1,0,0,1.2,1,8,17,7,7,0,0,Friend,0,0
RW-101534,Riverside,74,10,Monthly,0,Plus,49,1,0,0,12.3,0,4,5,7,2,0,1,Online ad,0,0
RW-101535,Downtown,32,3,Monthly,0,Plus,49,0,0,0,2.9,0,15,9,4,1,0,1,Walk-in,0,0
RW-101536,Riverside,45,2,Annual,6,Plus,44,0,0,0,14.8,0,5,2,2,0,0,0,Walk-in,0,0
RW-101537,Riverside,31,9,Annual,5,Plus,44,0,0,0,2.3,1,10,6,1,0,0,0,Walk-in,0,0
RW-101538,Downtown,22,2,Monthly,0,Basic,29,0,0,0,13.7,1,0,9,32,0,0,0,Friend,1,1
RW-101539,Lakeview,31,27,Annual,5,Basic,24,0,1,0,3.5,1,15,16,5,3,0,0,Friend,0,0
RW-101540,Northgate,27,5,Annual,4,Basic,24,0,0,0,14.9,1,8,3,10,0,1,0,Online ad,0,0
RW-101541,Riverside,40,3,Monthly,0,Basic,29,0,0,0,2.9,0,3,8,12,2,0,0,Friend,0,0
RW-101542,Downtown,40,72,Monthly,0,Basic,29,0,1,0,3.1,0,12,11,3,1,0,1,Online ad,1,0
RW-101543,Riverside,39,39,Monthly,0,Plus,49,0,0,0,17.6,0,0,7,62,0,0,0,Walk-in,0,1
RW-101544,Lakeview,31,76,Monthly,0,Basic,29,0,0,0,4.4,1,13,14,7,3,0,0,Walk-in,0,0
RW-101545,Riverside,43,100,Annual,7,Basic,24,0,0,1,4.0,0,13,15,3,7,1,0,Friend,0,0
RW-101546,Lakeview,25,32,Monthly,0,Premium,79,1,0,0,6.2,1,14,16,0,0,0,0,Corporate,0,0
RW-101547,Westfield,34,8,Annual,0,Basic,24,0,0,0,5.9,1,2,1,8,0,0,0,Friend,1,1
RW-101548,Hillcrest,32,12,Monthly,0,Premium,79,0,1,1,2.0,1,28,28,1,11,0,0,Online ad,0,0
RW-101549,Northgate,46,16,Monthly,0,Plus,49,0,0,0,6.0,0,3,8,3,0,0,0,Walk-in,0,1
RW-101550,Riverside,46,15,Monthly,0,Basic,29,0,0,0,3.0,0,12,12,8,1,0,0,Walk-in,1,0
RW-101551,Riverside,30,62,Monthly,0,Plus,49,1,1,0,4.2,0,25,28,5,1,0,0,Walk-in,0,0
RW-101552,Riverside,36,12,Monthly,0,Premium,79,0,0,0,3.3,0,3,8,9,0,0,0,Friend,0,1
RW-101553,Riverside,65,7,Monthly,0,Premium,79,0,0,1,11.8,1,2,16,17,0,0,0,Friend,0,0
RW-101554,Lakeview,19,81,Monthly,0,Basic,29,0,0,1,2.2,0,0,23,39,0,0,0,Online ad,1,1
RW-101555,Downtown,55,25,Monthly,0,Basic,19,1,0,0,8.8,1,10,6,8,1,0,0,Walk-in,0,0
RW-101556,Northgate,34,13,Annual,3,Premium,74,1,0,1,4.2,1,6,5,4,0,0,0,Corporate,0,0
RW-101557,Riverside,26,66,Monthly,0,Plus,49,0,1,0,6.7,0,7,7,1,5,0,0,Online ad,2,0
RW-101558,Riverside,24,12,Monthly,0,Premium,79,0,0,0,2.8,0,7,7,6,0,0,0,Corporate,0,0
RW-101559,Westfield,30,65,Annual,2,Plus,44,0,1,0,8.9,1,5,5,7,0,0,0,Online ad,0,0
RW-101560,Northgate,35,39,Annual,5,Basic,24,0,0,0,4.3,0,6,6,7,0,1,0,Walk-in,0,0
RW-101561,Northgate,23,6,Monthly,0,Plus,49,0,0,0,13.5,0,4,1,5,1,0,0,Online ad,0,1
RW-101562,Lakeview,28,8,Monthly,0,Plus,49,0,0,0,7.5,1,11,12,8,7,0,0,Friend,1,0
RW-101563,Northgate,46,11,Annual,8,Basic,24,0,1,0,6.8,1,17,7,1,0,0,1,Online ad,0,0
RW-101564,Lakeview,25,41,Monthly,0,Basic,29,0,0,0,1.5,0,11,6,5,5,1,0,Walk-in,0,0
RW-101565,Northgate,48,8,Annual,9,Basic,24,0,0,0,1.1,1,7,13,5,2,0,1,Corporate,0,0
RW-101566,Lakeview,31,14,Monthly,0,Basic,29,0,0,0,4.9,1,28,28,1,12,0,0,Walk-in,0,0
RW-101567,Riverside,34,20,Annual,9,Plus,44,0,0,0,3.4,1,28,16,0,19,2,0,Online ad,0,0
RW-101568,Northgate,53,6,Monthly,0,Plus,49,0,0,0,4.4,1,3,11,6,0,1,1,Online ad,0,1
RW-101569,Lakeview,30,2,Annual,8,Basic,19,1,0,0,8.1,1,9,11,6,0,2,0,Online ad,0,0
RW-101570,Northgate,68,6,Monthly,0,Basic,29,0,1,0,3.2,0,10,13,5,8,1,0,Walk-in,1,1
RW-101571,Westfield,40,13,Annual,0,Basic,24,0,1,0,4.4,1,10,2,8,3,0,1,Friend,0,1
RW-101572,Hillcrest,39,14,Monthly,0,Plus,49,0,0,0,0.9,0,8,13,1,2,0,0,Corporate,1,1
RW-101573,Riverside,45,20,Monthly,0,Plus,49,0,1,0,2.3,1,6,14,3,2,0,0,Online ad,0,0
RW-101574,Downtown,32,3,Monthly,0,Basic,29,0,0,0,3.5,1,2,5,14,0,1,0,Friend,0,0
RW-101575,Lakeview,23,24,Monthly,0,Basic,29,0,0,0,6.3,0,11,7,3,5,0,0,Online ad,0,0
RW-101576,Riverside,20,10,Monthly,0,Basic,29,1,0,0,4.2,1,6,8,1,5,0,0,Walk-in,0,0
RW-101577,Lakeview,19,5,Monthly,0,Basic,29,0,0,0,8.8,0,9,13,1,0,0,1,Friend,0,0
RW-101578,Northgate,61,41,Annual,10,Plus,44,0,1,0,3.7,1,7,6,8,1,1,0,Online ad,0,0
RW-101579,Riverside,43,3,Annual,6,Premium,69,1,1,1,13.9,1,11,15,6,0,1,0,Online ad,0,0
RW-101580,Riverside,68,16,Monthly,0,Plus,49,0,0,0,3.3,1,8,8,10,0,0,0,Online ad,0,0
RW-101581,Lakeview,49,74,Annual,7,Plus,44,0,0,0,10.3,0,4,3,8,1,0,1,Online ad,0,0
RW-101582,Lakeview,23,28,Annual,8,Basic,24,1,0,0,1.8,1,4,8,5,0,0,1,Online ad,1,0
RW-101583,Lakeview,73,52,Monthly,0,Plus,49,0,1,0,11.1,1,7,10,7,6,0,0,Walk-in,0,0
RW-101584,Hillcrest,36,5,Monthly,0,Basic,29,0,0,1,4.3,0,11,16,0,1,0,0,Walk-in,0,0
RW-101585,Hillcrest,42,9,Annual,4,Premium,74,0,1,0,5.9,1,28,28,2,10,0,1,Corporate,0,0
RW-101586,Northgate,51,4,Monthly,0,Basic,19,1,1,0,3.0,0,9,12,5,0,0,0,Friend,0,1
RW-101587,Lakeview,29,10,Monthly,0,Premium,74,1,0,0,1.7,0,7,6,8,0,0,0,Walk-in,0,1
RW-101588,Riverside,34,5,Monthly,0,Basic,29,1,0,1,4.5,1,3,5,12,3,0,0,Friend,1,0
RW-101589,Riverside,31,33,Monthly,0,Plus,49,0,0,0,1.7,0,12,24,4,1,0,0,Online ad,0,0
RW-101590,Westfield,43,1,Monthly,0,Plus,49,0,0,0,2.2,0,7,0,3,1,1,1,Walk-in,0,0
RW-101591,Downtown,32,25,Monthly,0,Basic,29,0,1,0,5.2,1,9,11,3,0,0,0,Walk-in,0,0
RW-101592,Downtown,23,51,Monthly,0,Plus,49,0,1,0,6.0,1,4,12,0,0,0,1,Friend,0,0
RW-101593,Northgate,29,14,Annual,6,Basic,24,0,1,0,12.5,1,2,4,8,1,3,0,Walk-in,0,0
RW-101594,Westfield,31,3,Monthly,0,Premium,79,0,0,1,3.3,1,4,9,8,1,0,0,Online ad,0,0
RW-101595,Hillcrest,25,66,Annual,3,Basic,14,1,0,0,8.1,0,4,11,1,0,1,0,Online ad,0,0
RW-101596,Lakeview,33,6,Monthly,0,Premium,79,0,0,0,1.3,1,3,2,14,0,0,0,Online ad,0,1
RW-101597,Westfield,35,5,Annual,11,Premium,74,0,1,0,19.2,0,2,5,10,2,0,0,Online ad,0,0
RW-101598,Northgate,30,8,Monthly,0,Premium,79,1,0,1,9.6,0,24,21,2,12,0,0,Walk-in,0,0
RW-101599,Riverside,22,18,Monthly,0,Plus,49,0,1,0,3.5,0,10,11,8,1,0,0,Walk-in,0,0
RW-101600,Downtown,37,56,Monthly,0,Premium,79,0,0,1,1.8,0,3,28,1,0,1,0,Online ad,0,0
RW-101601,Westfield,39,28,Monthly,0,Premium,74,1,0,0,3.9,0,8,10,6,5,0,0,Online ad,0,0
RW-101602,Northgate,19,32,Monthly,0,Plus,49,0,1,0,5.7,1,25,28,3,2,0,0,Walk-in,0,1
RW-101603,Riverside,44,2,Annual,7,Plus,44,1,0,0,6.7,1,3,6,13,0,1,0,Online ad,0,1
RW-101604,Hillcrest,21,12,Annual,7,Plus,44,1,0,1,14.9,0,1,5,9,0,1,0,Online ad,0,0
RW-101605,Northgate,32,8,Monthly,0,Basic,29,0,0,0,3.8,1,20,28,2,1,2,1,Corporate,1,1
RW-101606,Westfield,36,12,Monthly,0,Plus,49,0,0,0,7.9,0,3,2,6,1,0,0,Walk-in,0,0
RW-101607,Downtown,40,39,Annual,1,Plus,44,0,0,0,7.5,1,8,7,0,1,2,1,Online ad,1,1
RW-101608,Hillcrest,55,28,Monthly,0,Basic,29,0,0,0,30.2,0,6,3,10,0,0,1,Corporate,0,0
RW-101609,Northgate,31,39,Annual,1,Basic,24,0,0,0,14.3,0,4,6,0,0,0,0,Walk-in,0,1
RW-101610,Westfield,68,13,Annual,10,Basic,24,0,0,0,8.0,1,13,4,7,2,1,0,Online ad,0,0
RW-101611,Hillcrest,46,41,Monthly,0,Premium,79,0,0,0,2.8,1,11,12,4,1,0,0,Online ad,0,0
RW-101612,Lakeview,42,28,Monthly,0,Plus,49,0,0,0,8.5,1,3,4,10,1,0,0,Walk-in,0,1
RW-101613,Riverside,31,39,Annual,0,Premium,74,0,0,1,1.0,1,4,8,8,2,2,0,Walk-in,0,1
RW-101614,Hillcrest,36,11,Annual,4,Basic,24,0,0,0,5.8,1,11,14,5,0,0,0,Online ad,0,0
RW-101615,Westfield,32,3,Annual,1,Basic,19,1,0,0,3.2,1,9,7,6,0,0,1,Online ad,1,1
RW-101616,Lakeview,42,8,Annual,1,Premium,74,0,0,0,8.1,1,9,5,5,0,0,0,Friend,0,0
RW-101617,Riverside,42,17,Monthly,0,Basic,29,0,0,0,2.8,1,12,18,3,0,0,0,Online ad,0,0
RW-101618,Westfield,26,8,Annual,3,Premium,74,0,0,0,8.9,0,0,3,40,0,0,1,Friend,1,1
RW-101619,Hillcrest,25,81,Monthly,0,Premium,69,1,0,0,5.4,1,3,12,1,1,0,0,Friend,0,0
RW-101620,Lakeview,24,23,Annual,8,Basic,24,1,0,0,4.0,1,13,12,5,5,0,0,Friend,0,0
RW-101621,Downtown,31,13,Annual,5,Premium,74,0,0,0,19.8,1,8,9,7,0,0,0,Friend,0,0
RW-101622,Hillcrest,23,18,Monthly,0,Basic,29,0,0,0,2.8,1,28,28,4,2,0,0,Walk-in,0,0
RW-101623,Northgate,30,31,Annual,2,Plus,44,0,1,0,4.0,0,13,14,1,0,0,0,Friend,0,0
RW-101624,Riverside,48,2,Monthly,0,Plus,49,0,0,0,6.3,0,3,0,10,1,0,0,Friend,0,1
RW-101625,Hillcrest,22,16,Monthly,0,Premium,79,0,1,0,2.2,0,3,3,0,0,0,0,Walk-in,1,1
RW-101626,Lakeview,23,24,Monthly,0,Basic,24,1,1,0,2.2,0,12,16,8,6,0,0,Walk-in,0,0
RW-101627,Northgate,39,33,Monthly,0,Premium,79,0,0,0,3.1,0,4,2,11,2,0,0,Walk-in,0,1
RW-101628,Downtown,36,6,Annual,11,Basic,24,0,0,0,7.3,0,11,6,1,7,0,0,Walk-in,0,0
RW-101629,Hillcrest,35,7,Annual,9,Basic,24,0,0,0,4.4,0,9,6,1,1,0,0,Online ad,0,0
RW-101630,Hillcrest,43,15,Monthly,0,Basic,19,1,0,0,7.9,0,18,13,6,0,0,0,Friend,0,0
RW-101631,Riverside,36,1,Monthly,0,Premium,79,0,1,0,2.4,0,4,0,5,0,0,0,Online ad,0,0
RW-101632,Riverside,26,11,Monthly,0,Basic,29,1,0,0,6.5,1,6,9,5,0,0,0,Online ad,0,0
RW-101633,Riverside,22,9,Annual,9,Basic,24,0,1,0,10.7,1,6,6,4,0,0,0,Online ad,0,0
RW-101634,Riverside,78,17,Annual,4,Plus,44,0,0,0,4.4,1,15,14,7,1,0,0,Corporate,0,0
RW-101635,Northgate,38,22,Monthly,0,Plus,49,0,0,0,1.9,1,16,7,3,2,0,0,Corporate,0,0
RW-101636,Riverside,46,13,Monthly,0,Basic,29,0,0,0,6.6,0,12,18,2,0,0,0,Online ad,0,1
RW-101637,Westfield,41,18,Monthly,0,Plus,49,0,0,0,2.5,1,0,10,52,0,0,0,Online ad,0,1
RW-101638,Downtown,35,44,Monthly,0,Premium,79,0,0,1,4.5,1,1,3,6,3,0,0,Friend,0,0
RW-101639,Riverside,30,28,Annual,4,Basic,24,0,0,0,3.3,0,12,13,6,1,2,0,Online ad,0,0
RW-101640,Westfield,39,53,Monthly,0,Basic,29,0,0,0,3.7,1,5,8,8,3,0,1,Online ad,0,0
RW-101641,Downtown,30,23,Monthly,0,Premium,74,1,0,0,4.8,0,1,10,0,0,0,0,Friend,0,1
RW-101642,Northgate,40,10,Annual,9,Plus,44,0,1,0,2.7,1,8,7,1,1,0,0,Online ad,0,0
RW-101643,Lakeview,59,14,Annual,10,Plus,44,0,1,0,3.3,1,16,20,3,1,0,1,Walk-in,0,0
RW-101644,Northgate,21,35,Annual,1,Plus,44,0,0,0,2.7,0,11,6,1,0,1,0,Friend,0,1
RW-101645,Northgate,33,53,Annual,10,Premium,74,0,0,1,21.5,0,3,3,4,0,0,0,Online ad,0,0
RW-101646,Westfield,31,41,Annual,6,Plus,34,1,0,0,6.3,1,28,22,4,19,1,0,Friend,0,0
RW-101647,Riverside,42,52,Annual,0,Premium,74,0,0,1,12.5,0,11,7,8,3,0,0,Friend,0,0
RW-101648,Lakeview,68,6,Monthly,0,Plus,44,1,0,0,5.9,0,2,4,10,1,0,0,Walk-in,0,0
RW-101649,Downtown,24,10,Annual,6,Basic,24,0,0,0,3.4,0,5,12,0,2,0,1,Online ad,0,0
RW-101650,Hillcrest,28,6,Annual,8,Plus,44,0,0,1,1.1,1,7,4,10,2,0,0,Corporate,0,0
RW-101651,Northgate,36,13,Annual,5,Basic,19,1,1,0,11.7,1,0,4,78,0,3,0,Corporate,0,0
RW-101652,Hillcrest,32,1,Monthly,0,Plus,49,0,0,0,3.1,0,3,0,5,1,1,0,Walk-in,0,1
RW-101653,Lakeview,38,94,Monthly,0,Basic,29,1,0,1,14.6,0,11,7,5,0,1,0,Walk-in,0,0
RW-101654,Hillcrest,43,15,Monthly,0,Plus,49,0,0,0,7.4,0,1,1,4,1,0,0,Walk-in,0,0
RW-101655,Northgate,24,21,Monthly,0,Plus,44,1,0,0,1.8,1,12,14,7,4,1,0,Online ad,0,0
RW-101656,Riverside,39,15,Monthly,0,Basic,29,0,0,0,1.2,1,9,5,0,4,0,1,Walk-in,0,0
RW-101657,Northgate,56,11,Annual,10,Basic,24,0,0,0,2.0,1,8,7,1,0,0,0,Friend,0,0
RW-101658,Hillcrest,30,2,Annual,6,Basic,24,0,1,0,2.4,0,0,1,34,0,0,1,Walk-in,1,0
RW-101659,Riverside,25,4,Annual,4,Plus,44,0,1,0,5.5,1,9,11,9,0,0,1,Online ad,0,0
RW-101660,Riverside,33,21,Monthly,0,Premium,79,0,0,1,2.2,1,12,6,2,8,0,0,Friend,0,0
RW-101661,Downtown,55,45,Annual,7,Basic,19,1,0,0,7.8,0,18,10,1,5,0,0,Online ad,0,0
RW-101662,Hillcrest,25,10,Monthly,0,Basic,29,1,0,0,1.8,0,5,4,1,1,0,0,Online ad,0,0
RW-101663,Downtown,39,2,Monthly,0,Plus,49,1,0,0,12.8,0,2,14,13,1,0,0,Walk-in,0,1
RW-101664,Northgate,21,13,Annual,5,Basic,19,1,1,0,7.4,1,2,15,13,2,0,0,Corporate,0,0
RW-101665,Riverside,40,27,Monthly,0,Plus,44,1,1,0,4.2,1,4,12,8,1,0,1,Walk-in,0,0
RW-101666,Lakeview,50,18,Annual,7,Basic,24,0,0,1,7.2,1,19,28,0,11,0,0,Walk-in,0,0
RW-101667,Downtown,64,5,Monthly,0,Basic,24,1,0,0,14.7,1,9,5,8,1,0,0,Friend,0,0
RW-101668,Riverside,32,47,Monthly,0,Basic,29,0,0,0,6.8,1,14,10,5,0,1,0,Online ad,0,0
RW-101669,Riverside,42,19,Annual,2,Basic,24,1,0,0,2.7,1,1,14,19,0,0,0,Walk-in,0,0
RW-101670,Downtown,25,44,Annual,9,Premium,74,0,0,0,5.3,1,10,16,7,4,0,0,Online ad,0,0
RW-101671,Northgate,39,6,Monthly,0,Basic,19,1,1,0,7.5,0,3,17,6,0,0,1,Friend,0,1
RW-101672,Lakeview,54,39,Monthly,0,Plus,44,1,0,0,11.6,0,14,12,2,5,1,0,Corporate,0,0
RW-101673,Westfield,32,120,Monthly,0,Plus,49,0,0,1,2.4,1,14,6,2,1,1,0,Walk-in,0,0
RW-101674,Northgate,30,56,Annual,9,Basic,24,0,0,1,4.5,0,26,28,1,10,1,0,Corporate,0,0
RW-101675,Westfield,37,1,Annual,7,Basic,24,0,0,0,6.0,1,2,0,10,0,0,0,Walk-in,0,0
RW-101676,Downtown,22,26,Monthly,0,Premium,79,0,0,1,3.3,1,10,7,3,2,0,0,Online ad,0,0
RW-101677,Riverside,42,11,Monthly,0,Basic,29,0,0,0,3.4,1,2,10,5,0,1,0,Walk-in,0,0
RW-101678,Downtown,19,14,Annual,8,Premium,74,0,0,0,3.0,0,6,9,5,0,0,0,Online ad,1,0
RW-101679,Northgate,35,7,Monthly,0,Basic,29,0,0,0,2.2,0,8,5,10,0,0,1,Walk-in,0,0
RW-101680,Riverside,34,2,Annual,7,Basic,19,1,0,0,6.3,0,2,1,2,0,0,0,Walk-in,0,1
RW-101681,Westfield,26,24,Annual,11,Basic,24,1,0,0,3.8,1,8,11,2,2,0,1,Online ad,0,0
RW-101682,Downtown,29,46,Monthly,0,Premium,79,0,0,1,3.1,1,2,6,14,0,1,1,Walk-in,0,1
RW-101683,Hillcrest,39,27,Annual,4,Basic,19,1,0,0,10.8,0,3,1,4,0,0,0,Online ad,1,0
RW-101684,Riverside,29,35,Monthly,0,Basic,29,0,0,0,1.5,1,9,12,5,2,0,1,Walk-in,0,0
RW-101685,Riverside,35,14,Monthly,0,Basic,29,0,0,0,1.7,0,4,4,13,0,0,0,Walk-in,0,0
RW-101686,Downtown,34,12,Monthly,0,Plus,49,0,0,0,1.4,0,19,12,3,0,1,1,Friend,0,0
RW-101687,Westfield,29,15,Monthly,0,Plus,49,0,0,0,5.3,1,25,22,1,14,0,0,Walk-in,1,0
RW-101688,Westfield,50,13,Monthly,0,Plus,49,0,0,1,5.1,0,3,3,8,2,0,1,Online ad,0,0
RW-101689,Riverside,44,9,Monthly,0,Basic,29,0,0,0,4.5,0,5,4,5,1,0,0,Online ad,0,0
RW-101690,Northgate,36,23,Monthly,0,Plus,49,0,0,0,4.8,1,8,11,2,0,0,1,Friend,0,0
RW-101691,Riverside,42,32,Annual,5,Basic,24,0,0,0,2.7,1,14,24,2,1,0,1,Walk-in,0,0
RW-101692,Downtown,42,66,Monthly,0,Basic,29,1,0,0,3.1,1,17,13,2,7,0,0,Walk-in,0,0
RW-101693,Northgate,45,50,Monthly,0,Plus,49,0,0,0,4.1,1,1,19,1,0,0,0,Online ad,0,1
RW-101694,Northgate,39,18,Monthly,0,Basic,29,0,0,0,5.7,0,6,9,4,0,0,0,Corporate,0,0
RW-101695,Westfield,30,7,Annual,9,Basic,24,0,0,0,3.1,1,7,1,7,2,0,0,Online ad,1,0
RW-101696,Riverside,22,3,Monthly,0,Basic,29,0,0,1,6.0,1,11,10,8,1,1,0,Online ad,0,0
RW-101697,Hillcrest,70,9,Annual,10,Plus,44,0,0,0,6.8,0,0,6,36,0,1,0,Online ad,0,0
RW-101698,Downtown,50,3,Monthly,0,Plus,49,0,0,0,5.8,0,6,8,9,2,0,0,Friend,0,0
RW-101699,Northgate,47,1,Annual,3,Plus,44,0,0,0,6.7,0,2,0,10,0,0,0,Walk-in,0,0
RW-101700,Lakeview,42,4,Annual,0,Basic,24,0,0,0,1.8,0,9,10,3,3,0,0,Online ad,0,1
RW-101701,Northgate,29,2,Monthly,0,Basic,29,0,1,0,4.2,0,3,9,2,0,0,0,Online ad,0,0
RW-101702,Downtown,35,8,Monthly,0,Basic,29,0,0,1,4.6,1,0,6,70,0,0,1,Walk-in,0,1
RW-101703,Downtown,45,2,Monthly,0,Plus,49,0,0,0,7.7,0,3,4,8,0,0,0,Walk-in,0,1
RW-101704,Northgate,31,18,Annual,11,Premium,74,0,0,0,3.2,1,18,20,5,1,0,0,Friend,1,0
RW-101705,Hillcrest,23,21,Monthly,0,Basic,29,0,0,0,9.9,0,3,4,13,0,0,0,Walk-in,1,0
RW-101706,Riverside,29,9,Annual,11,Plus,44,1,1,0,6.5,0,22,26,4,1,0,0,Walk-in,0,0
RW-101707,Lakeview,27,6,Monthly,0,Basic,19,1,0,0,4.3,1,10,7,2,0,1,0,Friend,0,1
RW-101708,Riverside,42,11,Annual,4,Plus,44,0,0,0,7.0,0,5,7,6,0,0,1,Online ad,0,0
RW-101709,Lakeview,38,11,Monthly,0,Basic,29,1,0,1,8.3,1,8,5,7,0,0,0,Walk-in,0,0
RW-101710,Westfield,42,24,Monthly,0,Premium,79,0,1,0,13.0,0,3,4,12,0,0,0,Online ad,0,0
RW-101711,Northgate,32,10,Monthly,0,Plus,49,0,0,0,2.0,1,2,5,3,0,1,0,Corporate,0,0
RW-101712,Downtown,47,1,Monthly,0,Plus,49,0,0,0,4.1,1,12,0,8,1,0,0,Corporate,0,0
RW-101713,Downtown,39,22,Monthly,0,Plus,49,0,0,1,9.0,0,3,3,11,0,0,0,Walk-in,0,0
RW-101714,Northgate,47,31,Annual,5,Basic,24,0,0,1,3.4,1,19,13,3,0,0,0,Walk-in,0,0
RW-101715,Lakeview,36,9,Monthly,0,Plus,49,0,0,1,2.9,1,0,8,32,0,0,1,Online ad,0,0
RW-101716,Hillcrest,25,9,Monthly,0,Basic,29,1,0,0,5.9,0,1,4,11,1,0,1,Friend,0,1
RW-101717,Westfield,36,33,Annual,7,Premium,74,1,0,0,5.1,1,4,7,11,3,0,1,Online ad,0,0
RW-101718,Downtown,23,4,Annual,3,Basic,24,0,0,0,7.5,1,0,7,73,0,0,0,Friend,0,0
RW-101719,Riverside,43,7,Annual,2,Basic,24,0,0,0,2.8,0,28,28,1,18,0,0,Corporate,0,0
RW-101720,Northgate,59,21,Annual,11,Premium,74,0,1,0,2.7,0,10,17,2,0,0,0,Friend,0,0
RW-101721,Hillcrest,23,4,Annual,0,Basic,24,1,0,0,9.6,0,1,4,11,1,0,0,Friend,0,1
RW-101722,Westfield,33,15,Annual,11,Plus,39,1,0,1,2.5,0,16,8,1,7,0,0,Online ad,0,0
RW-101723,Westfield,36,20,Monthly,0,Premium,79,0,0,0,1.7,1,22,23,4,11,0,0,Corporate,1,1
RW-101724,Downtown,26,31,Monthly,0,Basic,29,0,0,0,10.5,0,3,7,1,1,0,0,Online ad,0,0
RW-101725,Northgate,27,28,Monthly,0,Basic,29,0,0,0,2.3,1,8,7,4,3,0,0,Online ad,0,0
RW-101726,Downtown,46,40,Monthly,0,Basic,29,0,0,0,4.3,1,11,5,3,1,0,0,Walk-in,0,0
RW-101727,Downtown,23,9,Annual,11,Plus,44,0,0,1,7.6,0,0,9,35,0,0,0,Online ad,0,0
RW-101728,Northgate,69,59,Annual,11,Premium,74,0,0,0,3.3,0,10,8,6,3,0,0,Friend,0,0
RW-101729,Downtown,32,17,Annual,1,Plus,34,1,0,1,5.1,1,1,23,21,0,0,1,Online ad,1,1
RW-101730,Lakeview,32,50,Annual,8,Premium,74,1,0,0,4.2,0,2,6,5,0,1,1,Online ad,0,0
RW-101731,Northgate,32,17,Monthly,0,Basic,29,0,0,0,6.6,1,5,7,9,0,0,1,Online ad,0,1
RW-101732,Riverside,38,11,Monthly,0,Basic,29,0,1,0,3.9,1,0,3,37,0,0,0,Online ad,0,1
RW-101733,Riverside,20,47,Annual,4,Plus,44,0,0,0,5.3,1,19,13,5,11,0,1,Friend,0,0
RW-101734,Westfield,40,53,Monthly,0,Basic,29,0,0,0,4.6,1,2,2,2,2,0,0,Friend,0,0
RW-101735,Downtown,42,22,Monthly,0,Plus,49,0,0,0,4.9,0,22,11,5,1,0,0,Online ad,0,0
RW-101736,Lakeview,29,14,Monthly,0,Basic,29,0,0,0,9.3,1,3,9,12,0,1,1,Friend,0,0
RW-101737,Downtown,19,16,Monthly,0,Plus,49,1,0,0,2.4,1,8,17,8,2,0,0,Friend,0,0
RW-101738,Downtown,32,29,Annual,11,Basic,24,1,0,0,3.1,0,12,11,8,4,0,0,Corporate,0,0
RW-101739,Northgate,22,2,Monthly,0,Plus,49,0,0,0,11.6,1,2,8,5,1,1,0,Friend,0,1
RW-101740,Downtown,20,42,Monthly,0,Plus,49,1,0,0,4.5,1,3,15,2,1,0,0,Online ad,1,0
RW-101741,Hillcrest,37,38,Annual,7,Basic,24,0,0,0,8.7,1,3,6,8,0,0,0,Walk-in,0,0
RW-101742,Westfield,23,21,Monthly,0,Premium,79,1,0,1,12.4,1,9,11,1,3,0,1,Friend,0,0
RW-101743,Lakeview,65,68,Annual,11,Basic,14,1,0,0,11.2,1,13,10,3,2,1,0,Online ad,0,0
RW-101744,Westfield,32,7,Annual,11,Basic,24,1,0,1,5.5,0,17,25,3,4,0,1,Corporate,0,0
RW-101745,Northgate,33,14,Monthly,0,Plus,49,0,0,0,6.1,1,5,5,7,2,0,1,Walk-in,1,0
RW-101746,Westfield,27,30,Annual,1,Premium,74,0,1,0,3.1,0,11,9,8,0,0,0,Online ad,1,1
RW-101747,Westfield,27,4,Annual,10,Premium,74,0,0,1,7.5,0,4,7,11,1,0,0,Walk-in,0,0
RW-101748,Lakeview,44,7,Monthly,0,Premium,79,0,0,0,15.7,0,0,1,38,0,1,1,Online ad,0,1
RW-101749,Hillcrest,52,4,Annual,10,Basic,24,0,0,0,11.6,0,5,0,2,0,0,0,Corporate,0,1
RW-101750,Northgate,25,6,Annual,3,Plus,44,0,0,0,3.9,1,3,8,6,0,1,0,Online ad,0,0
RW-101751,Northgate,24,20,Monthly,0,Plus,39,1,1,0,9.2,1,7,4,3,0,0,0,Walk-in,0,0
RW-101752,Hillcrest,65,4,Monthly,0,Premium,79,0,0,0,1.8,1,14,10,2,6,0,1,Friend,0,0
RW-101753,Downtown,33,4,Annual,11,Basic,24,0,0,0,8.1,0,8,9,2,0,0,0,Walk-in,0,0
RW-101754,Hillcrest,31,12,Annual,6,Plus,44,1,0,0,1.2,1,11,15,3,1,0,0,Walk-in,0,0
RW-101755,Downtown,25,98,Annual,2,Plus,34,1,0,0,6.1,0,9,12,9,0,0,0,Friend,0,0
RW-101756,Downtown,27,3,Monthly,0,Premium,69,1,0,0,3.0,0,3,1,1,2,1,1,Walk-in,0,1
RW-101757,Westfield,31,7,Annual,5,Plus,44,0,1,0,5.8,1,24,15,1,4,0,1,Online ad,0,0
RW-101758,Downtown,33,59,Monthly,0,Basic,29,0,0,0,4.0,1,9,9,9,5,1,1,Walk-in,0,0
RW-101759,Northgate,64,21,Annual,9,Premium,74,0,0,0,5.8,0,5,2,11,1,0,0,Online ad,0,0
RW-101760,Downtown,40,47,Monthly,0,Plus,49,0,0,0,4.4,0,12,11,5,4,0,0,Walk-in,0,0
RW-101761,Riverside,29,5,Annual,9,Premium,74,0,0,1,3.4,0,6,2,6,1,1,1,Online ad,1,0
RW-101762,Hillcrest,24,7,Annual,6,Plus,44,0,0,0,6.2,1,9,9,7,0,0,0,Walk-in,0,0
RW-101763,Westfield,54,24,Annual,10,Premium,74,0,0,1,19.2,1,9,27,6,1,0,1,Friend,0,0
RW-101764,Northgate,24,44,Monthly,0,Plus,49,0,0,0,2.6,0,21,19,3,10,0,0,Friend,0,0
RW-101765,Riverside,36,82,Monthly,0,Plus,39,1,0,0,4.6,0,6,15,5,1,1,0,Corporate,0,0
RW-101766,Westfield,25,7,Monthly,0,Basic,29,0,0,0,6.0,0,1,4,20,0,0,0,Walk-in,1,0
RW-101767,Northgate,32,20,Monthly,0,Basic,29,0,0,0,6.5,1,11,10,4,5,0,0,Friend,0,0
RW-101768,Northgate,29,5,Annual,4,Premium,74,0,1,0,4.1,1,3,14,6,1,1,1,Walk-in,0,0
RW-101769,Northgate,26,18,Monthly,0,Basic,29,0,1,0,2.8,1,12,7,6,1,0,0,Friend,0,0
RW-101770,Hillcrest,30,17,Annual,8,Plus,44,0,0,0,2.7,1,2,16,13,1,0,0,Walk-in,0,0
RW-101771,Downtown,30,20,Annual,4,Basic,24,0,1,0,4.2,1,8,6,4,0,0,0,Friend,0,0
RW-101772,Northgate,23,27,Monthly,0,Plus,49,0,0,1,6.3,0,23,10,2,0,1,0,Friend,0,0
RW-101773,Riverside,48,3,Monthly,0,Basic,29,0,0,0,1.1,0,14,12,4,2,0,0,Online ad,0,0
RW-101774,Northgate,38,3,Monthly,0,Plus,49,0,0,0,2.3,0,1,1,1,1,1,0,Walk-in,0,1
RW-101775,Downtown,30,6,Annual,11,Basic,24,0,0,0,7.9,0,2,2,6,0,0,0,Online ad,0,0
RW-101776,Riverside,40,13,Monthly,0,Basic,29,0,1,0,1.7,0,2,3,11,1,0,0,Online ad,0,0
RW-101777,Lakeview,51,35,Annual,9,Basic,24,0,0,0,2.6,1,14,19,0,5,0,1,Friend,0,0
RW-101778,Hillcrest,49,25,Annual,5,Basic,24,0,0,0,3.3,1,10,17,0,0,0,1,Walk-in,0,0
RW-101779,Lakeview,50,30,Annual,10,Basic,24,0,1,0,6.1,1,5,9,11,0,1,1,Friend,0,0
RW-101780,Riverside,34,15,Annual,11,Plus,39,1,0,0,7.8,0,7,4,2,1,0,0,Online ad,0,0
RW-101781,Northgate,34,6,Monthly,0,Plus,44,1,0,0,9.5,1,5,3,6,4,0,0,Walk-in,0,0
RW-101782,Riverside,53,5,Monthly,0,Plus,49,0,0,0,3.4,1,11,10,8,6,0,0,Friend,0,0
RW-101783,Downtown,25,5,Annual,11,Basic,24,0,0,0,5.8,0,8,2,1,6,1,0,Walk-in,0,0
RW-101784,Riverside,22,33,Monthly,0,Basic,29,1,0,0,5.3,1,20,24,3,2,1,0,Corporate,1,1
RW-101785,Northgate,26,16,Monthly,0,Basic,29,0,0,0,3.2,1,6,8,3,0,0,0,Walk-in,0,1
RW-101786,Westfield,26,120,Monthly,0,Premium,79,0,0,0,1.6,1,17,18,5,6,0,0,Walk-in,0,0
RW-101787,Downtown,22,10,Annual,5,Basic,24,0,0,0,3.3,0,1,2,16,0,0,1,Walk-in,0,0
RW-101788,Westfield,78,4,Annual,0,Basic,24,0,1,0,5.0,0,7,7,7,3,1,0,Walk-in,0,1
RW-101789,Downtown,30,7,Monthly,0,Basic,19,1,0,1,2.4,0,3,14,9,2,0,0,Online ad,0,0
RW-101790,Riverside,50,12,Monthly,0,Basic,29,0,0,0,8.9,0,7,3,3,0,0,0,Online ad,0,0
RW-101791,Lakeview,43,53,Annual,9,Basic,24,1,0,0,3.6,1,2,9,9,1,0,0,Online ad,0,0
RW-101792,Downtown,24,3,Monthly,0,Plus,49,0,0,0,15.7,0,5,5,6,0,0,0,Walk-in,1,1
RW-101793,Riverside,36,3,Monthly,0,Plus,49,0,0,0,4.7,0,0,5,35,0,0,0,Online ad,1,1
RW-101794,Westfield,21,2,Monthly,0,Basic,29,0,1,0,6.1,1,5,6,4,0,0,1,Friend,0,0
RW-101795,Hillcrest,63,33,Monthly,0,Premium,79,1,1,1,4.1,1,23,23,1,15,0,0,Friend,1,0
RW-101796,Westfield,30,42,Monthly,0,Basic,24,1,0,0,15.9,1,1,4,21,0,0,0,Friend,1,0
RW-101797,Hillcrest,49,49,Annual,3,Basic,24,1,0,0,5.3,0,3,4,2,1,1,0,Friend,0,0
RW-101798,Lakeview,33,9,Annual,10,Plus,39,1,0,0,6.6,0,6,5,5,2,0,0,Walk-in,0,0
RW-101799,Riverside,21,9,Monthly,0,Premium,79,0,0,0,4.1,1,2,7,16,0,0,0,Walk-in,0,1
RW-101800,Westfield,59,37,Monthly,0,Plus,49,0,1,0,2.5,1,15,26,2,0,0,0,Online ad,0,0
RW-101801,Westfield,27,28,Annual,2,Basic,19,1,1,0,1.8,0,21,15,5,1,0,0,Online ad,1,0
RW-101802,Northgate,25,27,Annual,1,Basic,24,0,0,0,3.6,1,9,11,4,2,0,1,Friend,0,1
RW-101803,Hillcrest,44,19,Monthly,0,Basic,19,1,0,0,10.2,0,9,7,2,0,0,0,Walk-in,0,1
RW-101804,Hillcrest,27,48,Annual,4,Premium,64,1,0,0,5.1,1,1,3,16,0,0,0,Friend,0,0
RW-101805,Riverside,27,21,Annual,6,Basic,24,0,0,0,21.7,0,5,2,7,1,1,0,Friend,1,0
RW-101806,Downtown,36,16,Monthly,0,Premium,79,1,0,0,4.1,0,5,5,6,0,0,0,Online ad,0,0
RW-101807,Downtown,72,2,Monthly,0,Premium,79,1,0,0,6.1,1,3,7,4,4,2,0,Friend,0,1
RW-101808,Downtown,34,43,Monthly,0,Basic,24,1,0,0,14.3,1,3,5,7,2,2,0,Corporate,0,0
RW-101809,Riverside,27,34,Monthly,0,Premium,79,0,0,0,2.9,1,12,11,8,0,1,1,Walk-in,0,1
RW-101810,Northgate,54,21,Annual,4,Plus,44,0,0,0,19.0,0,5,6,2,0,0,0,Friend,0,0
RW-101811,Hillcrest,30,29,Annual,7,Basic,24,0,1,0,3.3,1,1,6,8,0,0,0,Walk-in,0,0
RW-101812,Lakeview,24,51,Annual,6,Basic,24,0,0,0,6.7,1,3,3,8,1,0,0,Online ad,0,0
RW-101813,Hillcrest,30,27,Monthly,0,Basic,29,0,0,0,1.9,0,1,12,12,0,0,0,Online ad,0,1
RW-101814,Lakeview,43,3,Annual,8,Basic,24,0,0,0,6.3,1,2,2,10,3,0,0,Friend,0,0
RW-101815,Riverside,22,21,Monthly,0,Premium,79,0,0,1,11.3,1,12,15,8,1,0,0,Corporate,0,0
RW-101816,Westfield,33,16,Monthly,0,Plus,49,0,0,0,5.0,0,6,5,0,0,0,0,Corporate,1,0
RW-101817,Riverside,45,65,Monthly,0,Plus,49,1,1,1,9.9,1,6,7,5,1,0,0,Online ad,0,0
RW-101818,Hillcrest,35,18,Monthly,0,Basic,29,1,0,0,2.7,0,5,4,5,4,0,0,Friend,1,0
RW-101819,Downtown,20,55,Monthly,0,Premium,79,0,0,1,5.3,1,2,16,16,1,0,1,Online ad,0,0
RW-101820,Downtown,36,23,Monthly,0,Plus,49,0,0,0,5.4,0,6,4,6,1,0,0,Online ad,0,0
RW-101821,Lakeview,33,14,Annual,3,Plus,44,0,0,0,6.5,1,16,18,4,9,1,0,Online ad,0,0
RW-101822,Riverside,39,43,Monthly,0,Basic,29,0,0,0,2.9,1,28,28,0,1,0,0,Online ad,0,0
RW-101823,Downtown,39,38,Monthly,0,Plus,49,0,1,0,6.3,0,26,27,4,0,0,0,Online ad,0,0
RW-101824,Riverside,32,3,Annual,10,Premium,74,0,0,0,13.4,0,4,5,9,0,0,0,Friend,0,0
RW-101825,Northgate,37,42,Monthly,0,Plus,49,0,0,0,10.9,1,2,4,1,2,1,0,Friend,1,0
RW-101826,Lakeview,35,57,Annual,5,Plus,44,0,0,0,7.7,1,5,8,9,4,0,0,Walk-in,0,0
RW-101827,Downtown,40,2,Monthly,0,Plus,44,1,0,0,0.9,0,9,1,3,4,0,0,Online ad,0,0
RW-101828,Riverside,46,8,Monthly,0,Premium,69,1,1,0,1.7,1,2,0,9,2,0,0,Walk-in,0,1
RW-101829,Riverside,34,12,Monthly,0,Plus,49,0,0,0,2.9,1,21,25,6,10,0,0,Friend,0,0
RW-101830,Northgate,33,13,Annual,4,Plus,39,1,0,0,2.4,1,8,2,7,2,0,0,Friend,0,0
RW-101831,Riverside,37,7,Monthly,0,Basic,29,0,0,0,2.7,1,13,21,4,2,0,0,Walk-in,0,0
RW-101832,Westfield,38,12,Monthly,0,Basic,24,1,1,0,2.6,1,6,12,5,1,0,1,Online ad,1,0
RW-101833,Downtown,24,52,Annual,9,Basic,24,0,0,0,6.0,1,3,16,0,1,0,0,Walk-in,0,0
RW-101834,Northgate,68,16,Monthly,0,Basic,29,0,0,0,10.5,1,12,10,2,1,0,0,Walk-in,0,0
RW-101835,Northgate,25,16,Monthly,0,Basic,29,0,0,0,5.0,0,8,7,1,0,0,0,Online ad,0,0
RW-101836,Downtown,26,120,Monthly,0,Basic,29,0,0,0,8.2,0,20,17,6,0,0,0,Friend,0,0
RW-101837,Downtown,43,14,Monthly,0,Basic,29,0,0,1,13.1,1,2,7,14,0,1,0,Online ad,0,1
RW-101838,Downtown,39,18,Annual,2,Basic,24,0,0,0,1.7,1,12,16,8,0,1,0,Online ad,0,0
RW-101839,Lakeview,31,7,Monthly,0,Plus,49,0,0,0,4.6,1,3,10,14,1,1,1,Friend,0,0
RW-101840,Riverside,25,4,Monthly,0,Premium,79,0,0,0,3.6,0,14,9,4,7,1,1,Friend,0,0
RW-101841,Downtown,58,27,Annual,3,Plus,44,0,1,0,8.8,0,3,13,2,0,0,0,Friend,0,1
RW-101842,Riverside,21,64,Annual,6,Plus,44,0,0,1,1.6,1,12,12,2,5,0,0,Friend,0,0
RW-101843,Lakeview,30,17,Monthly,0,Basic,29,0,1,0,6.0,1,8,9,5,1,0,0,Friend,1,0
RW-101844,Northgate,44,4,Annual,11,Plus,44,0,0,0,2.4,1,18,9,2,1,0,0,Online ad,0,0
RW-101845,Lakeview,47,20,Monthly,0,Basic,29,0,1,0,9.1,1,3,7,5,2,2,1,Walk-in,0,1
RW-101846,Westfield,33,19,Monthly,0,Premium,79,0,0,1,6.2,1,14,13,2,5,1,0,Walk-in,0,0
RW-101847,Riverside,36,2,Monthly,0,Premium,69,1,0,1,26.7,1,2,6,9,1,1,0,Corporate,1,1
RW-101848,Northgate,29,37,Annual,5,Basic,14,1,0,0,3.6,0,14,8,6,1,0,0,Online ad,0,0
RW-101849,Lakeview,57,18,Monthly,0,Basic,29,0,0,0,3.5,0,9,8,7,3,0,0,Friend,0,0
RW-101850,Lakeview,28,13,Annual,10,Plus,44,1,0,0,2.2,0,18,12,4,1,0,0,Online ad,0,0
RW-101851,Westfield,26,58,Monthly,0,Plus,49,0,0,0,11.9,1,6,6,6,0,0,0,Walk-in,0,0
RW-101852,Northgate,33,14,Annual,10,Basic,24,0,0,1,7.5,1,25,28,3,0,0,0,Online ad,0,0
RW-101853,Downtown,46,52,Annual,0,Plus,44,0,0,0,14.5,0,4,10,13,0,0,0,Online ad,1,1
RW-101854,Downtown,29,5,Annual,0,Plus,44,0,0,0,2.7,1,17,20,0,0,1,1,Online ad,0,1
RW-101855,Northgate,20,7,Monthly,0,Plus,49,0,0,0,11.6,1,2,2,6,0,0,0,Friend,0,1
RW-101856,Lakeview,41,1,Annual,0,Basic,24,0,0,0,4.5,0,5,0,9,5,1,1,Online ad,0,1
RW-101857,Downtown,30,34,Annual,5,Plus,44,0,0,0,7.9,1,15,21,5,6,1,0,Walk-in,0,0
RW-101858,Westfield,29,65,Monthly,0,Plus,49,0,0,0,2.5,1,21,19,5,8,0,1,Friend,0,0
RW-101859,Riverside,31,10,Monthly,0,Basic,29,1,1,0,7.5,0,13,18,6,5,0,0,Walk-in,0,0
RW-101860,Downtown,64,31,Annual,3,Plus,44,0,0,1,2.3,0,11,6,7,0,0,0,Corporate,1,0
RW-101861,Riverside,49,5,Monthly,0,Premium,79,0,0,1,9.4,0,16,5,7,0,0,0,Online ad,0,0
RW-101862,Downtown,31,4,Annual,10,Plus,44,0,0,0,6.9,1,16,11,1,1,0,0,Online ad,0,0
RW-101863,Downtown,38,14,Monthly,0,Basic,29,0,0,0,6.1,1,0,4,35,0,0,1,Walk-in,1,1
RW-101864,Northgate,48,9,Monthly,0,Basic,29,0,0,1,3.9,1,17,16,3,0,0,0,Corporate,0,0
RW-101865,Hillcrest,38,3,Annual,8,Plus,44,0,0,0,15.2,0,5,2,2,0,0,0,Corporate,0,0
RW-101866,Westfield,41,51,Annual,3,Plus,44,0,0,0,4.4,0,9,6,1,3,0,0,Friend,0,0
RW-101867,Westfield,39,23,Monthly,0,Plus,49,1,0,0,5.0,1,25,28,3,0,0,0,Online ad,1,0
RW-101868,Downtown,41,55,Annual,9,Plus,44,0,0,0,36.9,1,4,2,9,3,0,0,Walk-in,0,0
RW-101869,Riverside,32,43,Monthly,0,Basic,29,0,0,1,3.4,0,9,12,8,5,0,1,Online ad,0,0
RW-101870,Westfield,23,6,Monthly,0,Plus,49,0,0,0,6.1,0,4,6,11,2,0,0,Walk-in,0,0
RW-101871,Hillcrest,57,7,Monthly,0,Basic,29,0,0,0,2.1,1,6,4,8,2,0,0,Online ad,0,0
RW-101872,Westfield,26,8,Monthly,0,Basic,29,0,1,0,2.9,0,8,8,6,0,0,0,Walk-in,1,0
RW-101873,Northgate,23,36,Monthly,0,Plus,49,1,0,0,7.6,0,16,11,1,11,0,0,Friend,0,0
RW-101874,Westfield,32,9,Monthly,0,Plus,39,1,0,1,5.1,1,3,3,14,0,0,0,Friend,0,0
RW-101875,Downtown,30,20,Annual,9,Basic,24,1,0,0,5.5,0,19,12,3,0,0,1,Friend,0,0
RW-101876,Northgate,48,4,Annual,11,Plus,44,0,0,0,5.0,1,9,7,2,4,0,0,Online ad,0,0
RW-101877,Riverside,31,62,Monthly,0,Plus,44,1,1,0,3.4,0,15,28,5,7,1,0,Friend,0,0
RW-101878,Hillcrest,42,98,Annual,10,Basic,24,0,0,0,3.0,1,6,12,1,0,0,1,Online ad,0,0
RW-101879,Downtown,27,27,Monthly,0,Basic,29,1,0,0,3.1,1,21,23,1,1,0,0,Online ad,0,0
RW-101880,Westfield,37,44,Monthly,0,Basic,29,0,0,0,2.5,1,9,6,6,0,0,0,Friend,1,0
RW-101881,Downtown,67,4,Monthly,0,Plus,49,0,0,0,3.5,1,6,1,8,0,1,0,Corporate,0,0
RW-101882,Northgate,44,33,Annual,2,Premium,74,0,0,1,3.3,1,11,18,7,5,0,0,Online ad,0,0
RW-101883,Lakeview,31,8,Annual,5,Plus,44,1,0,0,1.4,1,0,11,37,0,0,0,Walk-in,0,0
RW-101884,Riverside,28,26,Monthly,0,Premium,79,0,0,0,2.0,1,3,6,10,0,0,0,Walk-in,0,0
RW-101885,Northgate,27,4,Monthly,0,Plus,49,0,1,0,6.6,1,4,4,8,0,0,0,Friend,0,0
RW-101886,Lakeview,40,33,Monthly,0,Plus,49,0,0,0,15.4,1,10,10,3,5,0,0,Walk-in,0,0
RW-101887,Lakeview,18,3,Annual,10,Premium,74,0,0,1,1.0,1,5,7,11,0,1,1,Friend,0,0
RW-101888,Riverside,20,23,Annual,10,Basic,24,0,0,0,7.4,0,12,12,7,5,0,0,Friend,0,0
RW-101889,Northgate,27,52,Monthly,0,Premium,79,1,1,0,1.7,0,10,10,3,2,0,0,Friend,0,0
RW-101890,Westfield,40,19,Monthly,0,Basic,24,1,0,0,12.0,0,2,2,5,0,0,0,Corporate,1,1
RW-101891,Lakeview,31,8,Annual,7,Plus,44,0,0,0,8.8,0,7,6,7,3,0,0,Friend,0,0
RW-101892,Northgate,26,7,Monthly,0,Basic,29,0,0,0,7.4,1,4,2,9,0,1,1,Online ad,0,1
RW-101893,Westfield,31,24,Monthly,0,Basic,29,0,0,1,10.5,1,1,6,6,0,1,1,Walk-in,1,0
RW-101894,Downtown,39,9,Monthly,0,Plus,49,0,0,0,2.2,1,2,14,4,0,0,1,Walk-in,1,0
RW-101895,Westfield,27,5,Annual,11,Plus,44,0,0,0,3.6,1,7,4,1,0,0,0,Online ad,0,0
RW-101896,Westfield,29,3,Annual,9,Basic,24,0,1,0,3.6,1,7,4,6,1,0,0,Online ad,0,0
RW-101897,Northgate,25,43,Monthly,0,Plus,49,0,0,0,4.5,1,21,26,1,11,1,0,Online ad,0,0
RW-101898,Downtown,38,71,Annual,3,Basic,24,0,0,0,6.1,1,7,7,9,0,0,0,Corporate,0,0
RW-101899,Westfield,29,15,Annual,8,Basic,19,1,0,0,2.3,0,4,1,6,0,0,0,Friend,0,0
RW-101900,Hillcrest,46,45,Monthly,0,Plus,49,0,0,0,15.4,1,9,11,0,7,0,0,Friend,0,0
RW-101901,Lakeview,48,29,Annual,2,Plus,44,0,0,0,1.8,1,10,10,6,0,0,0,Walk-in,1,0
RW-101902,Lakeview,25,9,Annual,2,Premium,74,0,1,0,11.1,0,5,4,6,0,0,0,Corporate,0,0
RW-101903,Hillcrest,35,14,Monthly,0,Basic,29,1,0,0,4.4,1,9,7,3,0,0,0,Walk-in,0,0
RW-101904,Northgate,39,23,Monthly,0,Basic,19,1,0,0,3.5,0,5,6,7,0,1,0,Friend,0,0
RW-101905,Lakeview,22,16,Monthly,0,Basic,24,1,0,0,7.6,1,12,7,7,1,0,0,Walk-in,0,0
RW-101906,Lakeview,32,89,Monthly,0,Basic,29,0,0,1,1.7,1,0,6,37,0,0,1,Walk-in,0,0
RW-101907,Downtown,52,8,Annual,2,Basic,24,1,0,0,7.7,0,3,10,12,0,0,0,Corporate,0,0
RW-101908,Lakeview,25,25,Annual,11,Basic,24,0,0,0,2.9,0,3,6,2,0,0,0,Friend,0,0
RW-101909,Downtown,37,20,Annual,10,Basic,19,1,0,0,3.1,1,6,11,3,4,0,0,Friend,0,0
RW-101910,Northgate,27,5,Annual,3,Basic,24,0,0,0,5.5,0,1,5,16,0,1,0,Walk-in,0,0
RW-101911,Downtown,38,24,Monthly,0,Plus,49,0,0,0,10.1,1,8,8,2,1,0,0,Online ad,0,0
RW-101912,Northgate,29,10,Annual,8,Premium,74,0,1,0,20.9,0,5,5,9,3,0,0,Walk-in,0,0
RW-101913,Lakeview,35,13,Monthly,0,Plus,49,0,0,0,2.3,1,3,3,14,1,1,0,Walk-in,1,0
RW-101914,Hillcrest,78,8,Annual,3,Plus,44,0,1,0,0.8,0,8,14,1,1,0,0,Online ad,0,0
RW-101915,Northgate,39,17,Monthly,0,Plus,49,0,0,0,8.3,0,7,9,9,3,0,0,Online ad,0,0
RW-101916,Hillcrest,39,23,Monthly,0,Basic,29,0,0,0,3.2,0,1,3,20,1,0,0,Online ad,0,1
RW-101917,Riverside,27,14,Monthly,0,Plus,49,0,0,0,9.5,0,3,17,13,0,2,0,Online ad,1,1
RW-101918,Northgate,23,31,Monthly,0,Premium,74,1,0,1,12.8,1,3,6,8,0,0,0,Online ad,1,1
RW-101919,Riverside,44,21,Annual,8,Basic,24,0,0,0,10.6,1,7,18,6,1,1,0,Walk-in,0,0
RW-101920,Downtown,32,11,Monthly,0,Plus,49,0,0,0,1.5,0,5,2,8,3,0,0,Walk-in,0,0
RW-101921,Westfield,27,47,Annual,8,Premium,74,0,1,0,2.5,0,6,8,4,5,0,0,Corporate,0,0
RW-101922,Downtown,39,12,Monthly,0,Basic,29,0,0,0,7.8,0,4,6,8,1,0,0,Friend,1,0
RW-101923,Northgate,25,6,Annual,0,Premium,74,0,0,0,1.9,1,24,17,3,15,1,0,Online ad,0,0
RW-101924,Riverside,40,7,Monthly,0,Premium,79,0,1,1,6.8,1,10,14,6,0,0,0,Online ad,0,0
RW-101925,Westfield,21,3,Monthly,0,Basic,29,0,0,0,2.3,1,4,9,6,1,0,0,Walk-in,0,0
RW-101926,Downtown,29,35,Annual,9,Plus,44,0,0,0,13.3,0,3,5,0,0,1,0,Walk-in,0,0
RW-101927,Lakeview,42,7,Monthly,0,Plus,39,1,0,0,6.2,1,6,0,11,5,0,0,Friend,0,0
RW-101928,Northgate,37,9,Monthly,0,Plus,49,0,0,0,4.4,1,8,9,8,7,0,1,Walk-in,0,1
RW-101929,Lakeview,26,13,Annual,1,Plus,39,1,0,0,6.6,0,1,3,15,1,1,0,Friend,0,0
RW-101930,Riverside,20,17,Annual,2,Plus,44,0,0,0,1.0,0,20,13,4,0,1,0,Walk-in,0,0
RW-101931,Northgate,31,42,Monthly,0,Basic,29,0,0,0,3.7,1,7,5,10,0,0,1,Walk-in,1,1
RW-101932,Riverside,36,28,Monthly,0,Plus,49,0,1,0,2.5,0,9,15,1,0,2,0,Online ad,0,1
RW-101933,Lakeview,33,18,Annual,7,Premium,64,1,0,1,10.6,1,5,3,8,4,0,0,Friend,0,0
RW-101934,Downtown,25,8,Annual,2,Basic,24,1,0,1,1.4,1,4,6,12,0,0,0,Friend,0,0
RW-101935,Riverside,35,52,Annual,4,Premium,64,1,1,0,2.5,0,5,5,4,0,0,0,Online ad,0,0
RW-101936,Downtown,20,28,Monthly,0,Premium,79,0,0,0,5.9,1,28,28,1,0,0,0,Walk-in,0,0
RW-101937,Riverside,41,1,Monthly,0,Plus,49,0,0,0,21.4,0,10,0,4,0,0,0,Walk-in,0,0
RW-101938,Downtown,31,46,Monthly,0,Basic,29,0,0,0,4.8,1,7,3,6,1,0,0,Corporate,0,0
RW-101939,Westfield,54,5,Annual,8,Basic,24,0,1,0,5.7,1,14,21,3,8,0,0,Online ad,0,0
RW-101940,Lakeview,28,29,Annual,4,Basic,24,0,0,0,14.3,1,2,11,5,0,0,0,Friend,1,0
RW-101941,Downtown,45,46,Annual,0,Plus,39,1,1,0,9.3,1,8,9,8,2,0,0,Online ad,1,1
RW-101942,Northgate,50,7,Annual,1,Basic,14,1,1,0,4.6,1,6,15,5,0,1,0,Walk-in,0,1
RW-101943,Riverside,31,21,Annual,6,Basic,24,0,0,0,9.0,1,13,6,5,0,0,0,Online ad,0,0
RW-101944,Westfield,33,4,Monthly,0,Plus,49,1,0,1,1.6,1,16,15,6,0,2,0,Online ad,0,1
RW-101945,Riverside,27,43,Annual,3,Premium,74,0,1,0,3.4,0,8,9,8,1,0,0,Walk-in,0,0
RW-101946,Lakeview,41,9,Monthly,0,Plus,49,0,0,0,2.8,1,7,8,7,4,2,1,Online ad,0,0
RW-101947,Northgate,39,15,Monthly,0,Premium,79,0,1,1,3.2,0,1,7,2,0,0,0,Online ad,0,0
RW-101948,Northgate,25,9,Monthly,0,Basic,29,0,0,1,4.0,0,13,10,1,1,0,0,Corporate,0,1
RW-101949,Westfield,30,20,Annual,11,Plus,44,1,0,1,10.8,0,1,19,13,0,0,0,Friend,1,0
RW-101950,Lakeview,53,12,Annual,6,Basic,24,0,0,0,12.1,0,3,2,13,0,0,0,Corporate,0,0
RW-101951,Northgate,47,57,Annual,8,Plus,44,0,0,0,6.9,1,13,15,2,9,1,0,Online ad,0,0
RW-101952,Hillcrest,34,3,Monthly,0,Plus,49,1,0,0,6.8,1,1,2,11,0,0,0,Corporate,0,1
RW-101953,Westfield,44,4,Monthly,0,Plus,49,0,0,0,8.6,1,8,16,6,0,1,0,Online ad,0,0
RW-101954,Downtown,34,5,Annual,11,Premium,74,1,0,1,7.0,0,4,8,7,0,0,0,Online ad,0,0
RW-101955,Riverside,24,82,Monthly,0,Basic,29,0,1,0,9.8,0,2,2,5,0,0,0,Walk-in,0,0
RW-101956,Riverside,37,18,Monthly,0,Basic,29,0,0,0,8.2,1,5,8,10,0,0,0,Online ad,0,0
RW-101957,Riverside,63,30,Monthly,0,Plus,44,1,1,0,7.6,1,13,16,3,0,1,0,Online ad,0,0
RW-101958,Lakeview,34,8,Monthly,0,Premium,79,1,0,0,7.5,0,6,2,5,7,0,1,Online ad,0,0
RW-101959,Riverside,38,58,Annual,1,Plus,44,1,0,0,1.6,1,5,6,6,1,0,0,Walk-in,0,1
RW-101960,Westfield,29,7,Monthly,0,Basic,29,0,0,1,4.6,0,2,17,5,0,0,0,Corporate,0,1
RW-101961,Hillcrest,43,7,Annual,11,Premium,74,0,0,0,6.2,0,5,3,10,1,0,1,Friend,0,0
RW-101962,Westfield,29,8,Monthly,0,Basic,29,0,0,0,7.0,1,10,18,5,0,0,0,Friend,0,0
RW-101963,Northgate,29,74,Monthly,0,Plus,49,0,0,1,2.5,0,6,11,8,0,0,0,Friend,0,1
RW-101964,Riverside,22,3,Annual,11,Basic,24,0,0,0,6.3,0,17,19,4,0,0,0,Corporate,0,0
RW-101965,Northgate,57,63,Annual,3,Basic,19,1,0,1,4.8,1,8,4,6,0,0,1,Online ad,0,0
RW-101966,Lakeview,28,13,Monthly,0,Premium,79,0,0,1,8.5,0,4,3,6,0,0,0,Walk-in,1,0
RW-101967,Riverside,41,20,Monthly,0,Plus,49,0,0,0,5.1,0,9,10,4,1,1,0,Friend,0,0
RW-101968,Riverside,61,1,Monthly,0,Basic,29,0,0,0,7.2,1,16,0,6,11,0,0,Walk-in,0,0
RW-101969,Northgate,28,43,Annual,6,Plus,44,0,0,0,1.5,0,18,11,3,5,0,0,Corporate,0,0
RW-101970,Lakeview,32,3,Annual,0,Plus,34,1,0,0,3.3,1,27,23,2,1,0,0,Online ad,0,0
RW-101971,Lakeview,56,108,Annual,3,Plus,44,0,0,0,4.7,1,8,3,6,5,0,0,Friend,0,0
RW-101972,Downtown,21,11,Monthly,0,Premium,74,1,0,1,4.2,1,0,6,120,0,0,0,Online ad,0,1
RW-101973,Northgate,30,34,Monthly,0,Basic,19,1,0,0,1.4,1,13,14,7,5,0,0,Corporate,0,0
RW-101974,Lakeview,30,25,Annual,11,Plus,44,0,0,0,10.3,1,1,4,4,0,0,1,Friend,0,0
RW-101975,Hillcrest,42,20,Monthly,0,Plus,49,0,0,0,27.3,1,0,2,57,0,0,0,Walk-in,0,1
RW-101976,Hillcrest,29,120,Annual,6,Plus,44,0,0,0,7.6,1,28,23,4,5,0,0,Online ad,0,0
RW-101977,Hillcrest,35,14,Annual,6,Basic,19,1,0,0,6.6,1,13,19,2,5,0,0,Online ad,1,0
RW-101978,Hillcrest,26,6,Annual,1,Plus,44,0,0,0,13.9,1,9,5,4,3,1,0,Online ad,0,1
RW-101979,Lakeview,43,18,Annual,11,Plus,44,0,1,0,3.3,1,20,17,5,8,0,0,Online ad,2,0
RW-101980,Northgate,36,23,Annual,8,Plus,44,0,0,0,14.1,1,11,6,6,6,0,0,Online ad,0,0
RW-101981,Hillcrest,25,13,Monthly,0,Plus,39,1,0,0,3.1,1,20,11,5,15,0,1,Walk-in,0,0
RW-101982,Riverside,68,21,Annual,6,Basic,24,0,1,0,15.2,0,7,5,6,0,0,0,Corporate,0,0
RW-101983,Downtown,36,19,Monthly,0,Plus,49,0,0,0,11.8,1,8,13,8,6,0,0,Friend,0,0
RW-101984,Hillcrest,29,11,Monthly,0,Basic,29,0,1,0,9.2,0,11,9,2,2,0,0,Online ad,0,0
RW-101985,Hillcrest,30,50,Monthly,0,Basic,29,0,0,0,1.6,0,11,6,1,0,0,0,Friend,0,0
RW-101986,Riverside,33,7,Annual,10,Plus,44,0,0,0,26.4,1,7,7,5,0,1,0,Walk-in,1,0
RW-101987,Hillcrest,52,2,Monthly,0,Plus,49,0,0,0,7.3,0,1,9,11,0,0,0,Walk-in,0,1
RW-101988,Northgate,38,7,Monthly,0,Basic,29,0,0,0,14.5,1,8,7,2,4,0,0,Online ad,0,0
RW-101989,Riverside,40,16,Annual,5,Plus,44,0,0,0,3.2,1,0,3,32,0,0,0,Online ad,0,0
RW-101990,Northgate,34,13,Annual,4,Basic,24,0,0,0,3.7,1,13,13,3,6,0,1,Walk-in,1,0
RW-101991,Lakeview,26,42,Monthly,0,Basic,29,0,0,0,2.2,0,16,5,1,1,1,0,Walk-in,0,0
RW-101992,Northgate,58,4,Annual,10,Plus,39,1,1,0,12.8,1,5,9,3,4,0,0,Online ad,0,1
RW-101993,Downtown,29,23,Monthly,0,Premium,79,0,0,0,6.4,0,4,7,10,1,0,0,Walk-in,0,0
RW-101994,Downtown,39,53,Monthly,0,Plus,39,1,0,0,6.4,0,7,12,0,5,0,0,Friend,0,0
RW-101995,Riverside,32,6,Annual,2,Basic,24,0,0,0,1.4,1,16,12,1,1,0,0,Online ad,0,0
RW-101996,Westfield,22,3,Monthly,0,Premium,79,0,0,1,8.4,1,9,11,5,5,1,0,Friend,0,0
RW-101997,Lakeview,45,4,Monthly,0,Basic,29,0,0,0,6.9,0,2,3,13,1,0,0,Online ad,0,0
RW-101998,Riverside,45,10,Annual,11,Plus,44,0,1,0,2.7,1,8,6,2,0,2,0,Friend,0,0
RW-101999,Riverside,39,23,Annual,2,Basic,24,0,0,0,5.6,1,2,6,14,0,0,1,Walk-in,0,0
RW-102000,Westfield,25,63,Monthly,0,Premium,79,0,1,1,10.6,1,13,8,5,4,0,1,Friend,0,0
RW-102001,Lakeview,46,26,Monthly,0,Plus,49,0,0,0,7.0,1,1,7,9,0,0,0,Online ad,0,0
RW-102002,Hillcrest,48,3,Monthly,0,Premium,79,0,0,0,2.6,1,26,24,3,13,0,0,Walk-in,1,0
RW-102003,Northgate,50,8,Monthly,0,Basic,29,0,0,0,4.7,1,28,23,4,0,1,0,Walk-in,0,1
RW-102004,Hillcrest,35,1,Annual,2,Premium,64,1,0,0,9.3,1,7,0,1,3,0,0,Walk-in,0,0
RW-102005,Hillcrest,35,5,Monthly,0,Basic,29,0,0,1,1.6,0,0,8,51,0,0,0,Online ad,0,0
RW-102006,Hillcrest,53,38,Annual,10,Basic,19,1,0,1,16.9,1,0,13,50,0,1,0,Walk-in,0,0
RW-102007,Downtown,24,23,Monthly,0,Plus,49,0,0,0,6.5,0,3,8,2,0,0,0,Walk-in,0,0
RW-102008,Westfield,43,19,Monthly,0,Plus,39,1,0,0,12.8,1,9,16,1,6,0,0,Friend,0,0
RW-102009,Downtown,44,55,Annual,11,Plus,44,0,0,0,6.2,1,1,6,10,0,1,0,Friend,0,0
RW-102010,Westfield,32,3,Annual,5,Plus,44,1,0,0,16.5,1,1,1,17,0,0,0,Online ad,0,1
RW-102011,Riverside,30,3,Monthly,0,Basic,29,0,0,0,7.0,1,4,4,6,0,0,1,Online ad,0,0
RW-102012,Westfield,28,6,Monthly,0,Plus,49,0,1,0,26.1,0,9,11,7,0,1,0,Walk-in,0,1
RW-102013,Northgate,20,15,Monthly,0,Plus,44,1,0,0,8.5,0,27,11,1,12,0,0,Online ad,0,1
RW-102014,Riverside,40,72,Annual,8,Plus,44,0,0,0,10.1,1,8,15,9,5,0,0,Friend,0,0
RW-102015,Downtown,26,10,Monthly,0,Plus,49,0,0,0,6.9,1,16,11,4,9,0,0,Walk-in,1,0
RW-102016,Northgate,60,68,Annual,1,Basic,24,0,0,0,6.3,1,6,1,11,0,1,0,Friend,0,0
RW-102017,Riverside,32,2,Annual,5,Premium,74,0,0,1,3.5,0,1,7,19,0,1,0,Online ad,0,0
RW-102018,Lakeview,37,45,Annual,4,Plus,44,0,0,0,5.6,1,1,9,4,0,1,0,Online ad,0,0
RW-102019,Lakeview,32,30,Monthly,0,Basic,29,0,1,0,14.8,1,8,1,1,0,0,0,Walk-in,1,0
RW-102020,Westfield,37,19,Annual,11,Premium,64,1,0,1,7.7,0,19,19,4,9,0,1,Walk-in,0,0
RW-102021,Hillcrest,46,36,Annual,9,Basic,24,0,0,0,7.6,1,8,3,4,0,1,0,Friend,0,0
RW-102022,Riverside,49,8,Monthly,0,Basic,29,0,0,0,1.5,0,1,2,10,0,0,0,Online ad,0,1
RW-102023,Westfield,33,2,Annual,5,Plus,44,0,0,0,16.6,0,3,7,2,0,0,0,Walk-in,0,0
RW-102024,Northgate,53,41,Monthly,0,Plus,49,0,1,0,3.6,1,10,17,1,0,0,0,Walk-in,0,0
RW-102025,Lakeview,25,3,Annual,5,Premium,69,1,0,0,0.8,0,16,14,0,0,2,1,Online ad,0,0
RW-102026,Northgate,35,26,Monthly,0,Basic,24,1,0,0,0.8,0,5,4,11,2,0,1,Friend,0,0
RW-102027,Northgate,44,44,Monthly,0,Basic,29,1,0,1,3.9,1,11,7,2,4,1,0,Friend,0,0
RW-102028,Westfield,29,11,Monthly,0,Plus,49,0,0,0,7.2,1,17,8,7,0,0,1,Walk-in,1,0
RW-102029,Westfield,35,8,Annual,9,Plus,44,0,1,0,5.7,1,6,7,4,0,0,0,Online ad,0,0
RW-102030,Riverside,22,2,Monthly,0,Plus,49,0,1,0,14.9,1,1,11,10,0,3,0,Online ad,0,0
RW-102031,Westfield,28,3,Monthly,0,Plus,49,0,0,0,2.5,1,16,16,3,9,1,0,Walk-in,0,0
RW-102032,Riverside,36,45,Monthly,0,Plus,49,0,1,0,8.0,0,2,6,15,0,1,0,Corporate,1,0
RW-102033,Downtown,26,25,Monthly,0,Basic,29,1,1,0,1.4,0,6,8,9,1,1,0,Friend,1,0
RW-102034,Westfield,72,17,Monthly,0,Plus,49,0,0,0,23.5,1,12,8,7,3,0,1,Friend,0,0
RW-102035,Northgate,22,25,Annual,1,Plus,44,0,0,1,6.9,0,5,4,9,0,0,1,Online ad,0,0
RW-102036,Riverside,34,22,Monthly,0,Plus,49,0,0,0,7.3,0,3,7,10,1,1,0,Walk-in,0,1
RW-102037,Riverside,45,54,Annual,9,Premium,74,0,0,0,10.8,1,4,5,12,0,1,0,Walk-in,0,0
RW-102038,Lakeview,24,2,Annual,0,Basic,24,0,0,0,1.1,1,4,13,0,1,0,1,Walk-in,0,1
RW-102039,Riverside,49,60,Monthly,0,Plus,44,1,1,0,9.0,1,12,15,4,0,0,1,Friend,2,0
RW-102040,Lakeview,41,11,Monthly,0,Basic,29,0,0,0,3.3,1,17,9,6,0,0,0,Online ad,1,0
RW-102041,Westfield,41,3,Monthly,0,Premium,79,0,0,0,6.2,1,3,4,7,0,0,0,Walk-in,0,1
RW-102042,Riverside,48,12,Annual,5,Basic,19,1,0,0,3.3,1,2,16,13,1,0,0,Online ad,1,0
RW-102043,Riverside,37,4,Annual,11,Basic,24,0,0,0,9.6,1,17,17,6,1,0,0,Walk-in,0,0
RW-102044,Northgate,38,49,Monthly,0,Plus,49,0,0,0,3.5,1,1,7,8,1,0,0,Walk-in,1,0
RW-102045,Downtown,37,66,Annual,3,Plus,44,0,0,0,6.3,1,12,9,4,6,0,0,Online ad,1,0
RW-102046,Downtown,27,1,Monthly,0,Premium,79,0,0,1,7.0,0,18,0,4,5,2,0,Walk-in,0,0
RW-102047,Lakeview,33,50,Monthly,0,Plus,49,0,0,0,1.6,0,8,3,7,2,0,0,Online ad,0,0
RW-102048,Downtown,23,1,Monthly,0,Basic,29,0,0,0,2.2,0,10,0,8,4,0,0,Friend,0,0
RW-102049,Hillcrest,23,44,Annual,9,Plus,44,0,0,0,1.4,0,12,7,7,7,0,0,Online ad,1,0
RW-102050,Westfield,34,10,Monthly,0,Premium,79,0,0,0,1.1,0,4,1,0,0,0,0,Online ad,0,1
RW-102051,Northgate,29,5,Monthly,0,Basic,29,0,0,0,5.7,0,6,4,8,0,0,0,Online ad,0,0
RW-102052,Lakeview,23,2,Monthly,0,Plus,49,0,0,0,5.7,0,15,5,0,1,0,1,Online ad,0,1
RW-102053,Lakeview,55,58,Monthly,0,Plus,49,0,0,0,2.1,0,2,11,0,0,0,0,Walk-in,0,0
RW-102054,Downtown,28,1,Monthly,0,Premium,69,1,0,0,2.3,1,0,0,31,0,0,0,Online ad,0,0
RW-102055,Riverside,34,4,Monthly,0,Plus,49,0,0,0,4.9,0,12,10,6,0,0,1,Online ad,0,1
RW-102056,Northgate,37,103,Monthly,0,Premium,79,0,1,0,6.3,1,4,4,12,1,0,1,Friend,0,0
RW-102057,Westfield,27,13,Monthly,0,Plus,49,0,0,0,3.0,1,5,5,5,0,1,0,Walk-in,0,0
RW-102058,Northgate,28,50,Monthly,0,Basic,29,0,1,0,3.6,1,8,4,6,3,0,0,Online ad,1,0
RW-102059,Downtown,33,12,Monthly,0,Plus,49,0,0,0,2.8,1,4,8,10,0,1,1,Walk-in,0,1
RW-102060,Hillcrest,43,34,Monthly,0,Basic,29,0,1,0,5.4,1,20,23,1,13,1,0,Online ad,1,0
RW-102061,Westfield,33,56,Annual,2,Plus,44,0,0,0,5.7,0,15,9,3,1,0,0,Online ad,0,0
RW-102062,Northgate,26,41,Monthly,0,Basic,19,1,0,0,6.5,1,12,20,7,8,0,0,Online ad,0,0
RW-102063,Westfield,23,11,Monthly,0,Plus,49,0,1,0,3.0,0,3,1,7,4,1,0,Friend,0,0
RW-102064,Lakeview,37,29,Annual,8,Premium,74,0,0,1,2.3,0,11,8,6,0,0,0,Corporate,0,0
RW-102065,Westfield,23,10,Monthly,0,Plus,49,0,0,0,2.2,1,3,4,4,0,0,0,Online ad,1,0
RW-102066,Riverside,22,4,Monthly,0,Plus,49,0,0,0,4.7,1,2,8,8,1,1,0,Friend,0,0
RW-102067,Hillcrest,25,6,Monthly,0,Basic,29,0,0,0,4.6,0,4,4,5,0,0,1,Friend,0,0
RW-102068,Lakeview,43,7,Monthly,0,Plus,49,0,0,0,7.0,0,6,9,0,0,0,0,Friend,0,0
RW-102069,Riverside,23,7,Annual,10,Basic,14,1,0,0,2.5,0,14,16,0,0,0,1,Walk-in,0,0
RW-102070,Riverside,30,6,Monthly,0,Premium,79,0,0,0,2.5,1,0,6,37,0,0,0,Online ad,0,1
RW-102071,Northgate,34,34,Annual,5,Plus,44,0,0,1,14.9,0,22,18,1,0,0,1,Walk-in,0,0
RW-102072,Northgate,20,31,Monthly,0,Plus,44,1,0,0,3.1,1,0,15,32,0,0,0,Friend,0,1
RW-102073,Northgate,49,10,Monthly,0,Premium,74,1,0,0,3.1,1,3,8,5,0,0,1,Friend,0,1
RW-102074,Northgate,45,73,Monthly,0,Plus,49,0,0,0,9.1,0,7,6,5,0,0,0,Online ad,0,0
RW-102075,Hillcrest,36,27,Annual,10,Premium,69,1,0,1,12.8,1,10,28,0,5,0,0,Walk-in,0,0
RW-102076,Lakeview,38,4,Annual,0,Basic,24,0,0,0,0.7,1,5,16,11,2,0,0,Walk-in,0,0
RW-102077,Downtown,29,3,Monthly,0,Premium,79,0,0,0,2.4,0,3,2,5,2,1,0,Online ad,0,1
RW-102078,Downtown,23,13,Annual,2,Basic,24,0,1,0,14.7,0,8,7,0,2,0,0,Online ad,1,0
RW-102079,Hillcrest,25,22,Annual,8,Plus,44,0,0,0,3.2,1,2,3,13,0,0,1,Walk-in,0,0
RW-102080,Downtown,56,5,Monthly,0,Plus,49,0,0,0,4.2,1,1,5,20,0,0,0,Online ad,1,0
RW-102081,Downtown,36,10,Annual,9,Basic,24,0,0,0,9.8,0,1,4,12,0,0,0,Online ad,0,0
RW-102082,Northgate,35,55,Annual,5,Premium,74,0,0,0,15.0,0,6,6,3,2,1,0,Online ad,0,0
RW-102083,Northgate,55,24,Monthly,0,Plus,44,1,0,0,4.9,0,13,3,6,1,1,0,Online ad,1,0
RW-102084,Northgate,23,50,Annual,2,Plus,44,0,0,0,6.2,1,21,24,6,7,0,0,Friend,0,0
RW-102085,Downtown,19,42,Annual,1,Basic,24,0,0,0,12.8,0,6,10,5,0,0,1,Corporate,0,1
RW-102086,Downtown,44,18,Annual,9,Basic,24,0,1,0,1.7,0,2,2,13,0,0,0,Corporate,0,0
RW-102087,Downtown,37,27,Monthly,0,Plus,44,1,0,0,9.9,0,18,21,1,7,0,0,Walk-in,0,0
RW-102088,Westfield,39,26,Annual,7,Plus,44,0,0,0,3.9,0,15,9,6,1,0,0,Walk-in,0,0
RW-102089,Northgate,38,59,Monthly,0,Basic,29,0,0,1,10.5,1,18,13,1,11,1,0,Walk-in,0,0
RW-102090,Downtown,31,27,Annual,1,Premium,69,1,0,0,3.2,1,10,13,1,9,0,0,Friend,1,1
RW-102091,Hillcrest,22,5,Monthly,0,Basic,29,0,0,0,7.8,1,7,10,9,0,0,0,Walk-in,0,0
RW-102092,Lakeview,21,40,Monthly,0,Premium,79,0,0,0,6.0,1,16,6,5,7,0,0,Walk-in,0,0
RW-102093,Westfield,61,3,Monthly,0,Basic,29,0,0,0,2.4,1,7,28,6,0,0,0,Walk-in,1,1
RW-102094,Downtown,40,32,Annual,4,Premium,74,0,0,1,3.0,0,4,7,4,0,0,0,Online ad,0,0
RW-102095,Northgate,23,24,Monthly,0,Plus,49,0,0,0,9.2,0,4,1,1,0,0,0,Online ad,0,1
RW-102096,Hillcrest,24,27,Monthly,0,Plus,44,1,0,0,2.7,0,8,14,5,1,0,0,Online ad,0,1
RW-102097,Riverside,34,83,Annual,1,Premium,74,0,0,0,4.4,1,7,6,8,0,0,1,Walk-in,0,1
RW-102098,Northgate,25,24,Annual,0,Premium,74,0,0,0,3.7,0,2,7,7,0,0,0,Walk-in,1,1
RW-102099,Downtown,26,16,Annual,2,Plus,39,1,0,0,9.6,0,9,3,5,0,0,1,Online ad,0,0
RW-102100,Northgate,40,5,Monthly,0,Basic,29,0,0,0,1.1,1,12,10,1,5,0,0,Friend,1,0
RW-102101,Riverside,41,3,Annual,4,Plus,44,0,0,0,1.6,0,0,4,51,0,0,1,Walk-in,0,1
RW-102102,Downtown,56,9,Annual,10,Plus,44,0,0,0,25.2,0,8,7,1,0,0,0,Friend,0,0
RW-102103,Northgate,35,33,Monthly,0,Basic,29,0,0,0,10.3,1,0,8,81,0,0,0,Walk-in,0,1
RW-102104,Hillcrest,24,35,Annual,3,Plus,34,1,0,0,2.5,0,2,8,4,0,0,1,Online ad,0,0
RW-102105,Riverside,37,93,Monthly,0,Premium,79,0,1,0,5.0,0,8,6,3,0,0,0,Friend,1,0
RW-102106,Downtown,31,9,Monthly,0,Premium,79,0,0,0,3.9,1,14,8,3,2,0,0,Friend,0,1
RW-102107,Lakeview,26,11,Monthly,0,Plus,49,0,0,0,2.8,0,6,4,5,1,0,0,Corporate,0,0
RW-102108,Downtown,32,25,Annual,10,Basic,24,0,0,0,3.0,0,11,11,0,0,0,0,Walk-in,0,0
RW-102109,Hillcrest,32,12,Annual,10,Plus,44,0,0,0,4.2,1,3,8,14,1,0,0,Walk-in,0,0
RW-102110,Westfield,40,11,Monthly,0,Basic,29,1,0,1,6.5,0,9,10,5,4,0,0,Friend,0,0
RW-102111,Lakeview,42,19,Monthly,0,Plus,39,1,0,0,2.2,0,9,8,3,0,0,0,Friend,0,0
RW-102112,Lakeview,39,26,Annual,10,Basic,24,0,0,1,7.6,0,14,20,7,3,0,0,Online ad,0,0
RW-102113,Westfield,30,18,Annual,5,Premium,74,0,0,0,8.6,0,0,6,69,0,0,0,Walk-in,0,1
RW-102114,Northgate,28,6,Monthly,0,Plus,49,0,0,0,4.3,0,0,4,45,0,1,0,Walk-in,0,1
RW-102115,Hillcrest,28,10,Annual,5,Plus,44,0,0,0,10.7,0,4,2,6,0,0,0,Friend,0,0
RW-102116,Riverside,52,5,Annual,3,Basic,24,0,1,0,4.8,1,1,14,6,0,0,0,Online ad,0,0
RW-102117,Northgate,32,8,Annual,9,Basic,24,0,0,0,12.0,1,5,5,0,2,0,0,Online ad,0,0
RW-102118,Riverside,27,5,Annual,10,Plus,44,0,0,0,9.7,1,3,9,6,0,0,0,Walk-in,0,1
RW-102119,Riverside,35,21,Monthly,0,Plus,49,0,0,1,4.4,0,3,3,6,1,1,0,Friend,0,0
RW-102120,Hillcrest,31,13,Monthly,0,Basic,29,0,0,0,5.6,0,5,9,7,4,0,0,Online ad,0,1
RW-102121,Riverside,23,11,Annual,0,Plus,44,0,0,0,2.9,1,4,8,8,0,0,0,Walk-in,0,1
RW-102122,Riverside,30,10,Monthly,0,Basic,29,0,0,0,13.2,1,3,10,11,0,0,0,Online ad,0,0
RW-102123,Westfield,55,16,Annual,2,Basic,24,0,0,0,16.6,1,18,14,4,0,1,0,Friend,0,0
RW-102124,Westfield,36,7,Monthly,0,Premium,79,0,1,0,5.3,1,14,10,5,6,1,0,Friend,0,0
RW-102125,Downtown,24,5,Annual,11,Basic,24,0,0,0,11.7,0,10,7,5,3,0,0,Friend,0,0
RW-102126,Hillcrest,35,8,Monthly,0,Basic,29,0,0,0,3.6,1,9,5,8,2,1,0,Online ad,0,0
RW-102127,Northgate,43,5,Monthly,0,Premium,74,1,0,0,4.5,1,15,15,5,13,1,0,Friend,0,0
RW-102128,Westfield,31,21,Annual,8,Plus,44,0,0,0,4.8,1,7,6,8,3,0,0,Walk-in,0,0
RW-102129,Northgate,23,22,Monthly,0,Basic,29,0,0,0,3.1,0,20,18,2,2,0,0,Friend,0,1
RW-102130,Northgate,45,77,Monthly,0,Premium,74,1,0,1,3.4,1,27,23,3,1,0,0,Online ad,0,0
RW-102131,Hillcrest,27,3,Monthly,0,Premium,79,0,0,0,2.8,1,26,20,4,12,0,0,Walk-in,1,0
RW-102132,Hillcrest,33,6,Monthly,0,Basic,29,0,0,0,2.0,1,10,25,8,2,0,0,Friend,0,1
RW-102133,Lakeview,31,10,Monthly,0,Basic,19,1,0,0,10.3,0,0,5,32,0,0,0,Friend,0,1
RW-102134,Downtown,29,16,Monthly,0,Basic,29,0,0,0,1.9,1,8,7,8,0,1,0,Friend,0,0
RW-102135,Hillcrest,21,1,Monthly,0,Plus,49,1,0,0,2.3,1,1,0,19,1,0,1,Online ad,0,0
RW-102136,Downtown,30,22,Annual,8,Basic,24,0,0,0,9.4,1,4,22,7,0,0,1,Friend,0,0
RW-102137,Downtown,28,3,Annual,4,Basic,14,1,0,0,3.5,1,13,18,3,4,0,0,Corporate,0,0
RW-102138,Northgate,34,4,Monthly,0,Basic,29,0,0,0,2.1,1,4,7,8,1,1,1,Online ad,0,0
RW-102139,Downtown,49,18,Annual,1,Plus,44,0,0,0,2.8,0,11,6,2,1,1,1,Online ad,0,1
RW-102140,Northgate,51,9,Monthly,0,Plus,49,0,0,0,7.5,1,7,7,8,2,0,0,Friend,0,0
RW-102141,Riverside,58,17,Monthly,0,Premium,79,0,0,0,4.0,1,5,5,8,0,0,0,Friend,0,0
RW-102142,Riverside,44,70,Annual,1,Premium,74,0,1,0,12.0,1,5,5,11,0,0,0,Online ad,0,0
RW-102143,Westfield,52,52,Annual,2,Basic,24,1,0,0,7.0,1,4,1,9,2,1,1,Friend,0,0
RW-102144,Lakeview,55,27,Monthly,0,Plus,49,0,0,0,21.7,0,0,2,44,0,1,0,Friend,0,1
RW-102145,Westfield,48,6,Annual,0,Premium,74,0,1,1,13.5,1,7,7,10,6,0,1,Friend,0,0
RW-102146,Hillcrest,66,66,Monthly,0,Basic,29,0,0,0,6.8,1,8,13,2,10,0,0,Walk-in,0,1
RW-102147,Northgate,24,9,Annual,1,Basic,24,0,0,0,4.4,1,2,3,16,0,0,0,Online ad,0,1
RW-102148,Hillcrest,29,32,Monthly,0,Plus,49,1,0,0,6.1,0,13,12,8,3,0,0,Online ad,1,0
RW-102149,Westfield,25,58,Monthly,0,Plus,49,0,0,0,4.9,1,13,17,3,2,0,0,Friend,1,0
RW-102150,Riverside,39,15,Annual,2,Basic,24,0,0,0,8.9,1,4,6,9,2,0,0,Walk-in,0,0
RW-102151,Downtown,37,22,Annual,3,Plus,44,0,1,0,4.5,1,3,4,6,0,0,1,Online ad,0,0
RW-102152,Northgate,52,4,Annual,7,Plus,44,0,1,0,6.9,1,21,13,6,1,0,0,Online ad,0,0
RW-102153,Riverside,26,81,Monthly,0,Plus,44,1,0,0,5.2,1,11,14,7,5,0,0,Online ad,1,0
RW-102154,Riverside,33,59,Monthly,0,Plus,49,0,0,0,3.2,1,1,9,9,0,0,0,Friend,0,1
RW-102155,Downtown,44,9,Annual,2,Plus,44,0,0,0,1.4,1,11,6,6,7,0,0,Online ad,0,0
RW-102156,Northgate,36,25,Monthly,0,Plus,49,0,0,0,2.2,1,7,9,6,1,1,1,Online ad,0,1
RW-102157,Hillcrest,26,10,Monthly,0,Basic,29,0,0,0,9.1,0,0,1,50,0,0,0,Walk-in,0,1
RW-102158,Hillcrest,26,57,Annual,9,Basic,24,0,0,0,15.8,0,3,8,11,0,0,1,Walk-in,0,0
RW-102159,Downtown,38,59,Monthly,0,Basic,29,0,1,0,2.4,0,13,21,6,5,0,0,Friend,0,0
RW-102160,Westfield,36,58,Annual,7,Basic,19,1,0,1,4.2,1,17,14,5,1,0,0,Friend,2,0
RW-102161,Downtown,49,6,Annual,2,Plus,44,0,0,0,16.5,0,3,8,3,1,0,0,Walk-in,0,0
RW-102162,Riverside,37,13,Monthly,0,Plus,49,0,0,0,1.6,1,5,5,9,4,1,0,Online ad,0,0
RW-102163,Downtown,23,8,Annual,1,Plus,44,0,0,0,7.8,1,4,6,11,0,0,0,Online ad,0,1
RW-102164,Northgate,39,2,Annual,10,Plus,44,0,0,0,6.8,1,5,11,2,0,0,0,Online ad,0,0
RW-102165,Lakeview,22,4,Monthly,0,Basic,29,1,0,0,1.9,0,8,5,3,3,0,0,Online ad,0,1
RW-102166,Westfield,36,11,Monthly,0,Premium,79,0,0,0,6.3,1,4,6,11,1,0,0,Walk-in,0,1
RW-102167,Northgate,51,27,Annual,6,Basic,24,1,0,0,6.6,1,9,20,9,1,0,0,Online ad,0,0
RW-102168,Northgate,28,44,Annual,0,Basic,24,0,0,1,9.4,1,13,16,5,5,0,0,Friend,0,0
RW-102169,Riverside,29,13,Monthly,0,Basic,29,0,0,0,4.4,0,6,3,7,0,1,0,Friend,0,0
RW-102170,Northgate,57,11,Annual,10,Plus,44,0,0,0,2.1,1,3,3,12,0,0,0,Walk-in,0,0
RW-102171,Northgate,26,2,Monthly,0,Plus,49,0,0,0,5.1,0,5,4,2,0,0,0,Friend,0,0
RW-102172,Westfield,33,26,Annual,4,Plus,39,1,0,1,4.6,0,15,8,7,1,0,1,Online ad,0,0
RW-102173,Riverside,47,22,Monthly,0,Plus,49,1,0,0,3.5,1,28,23,0,4,0,0,Friend,0,0
RW-102174,Westfield,53,33,Annual,4,Basic,24,0,0,0,8.8,1,0,6,30,0,0,1,Online ad,0,0
RW-102175,Riverside,28,10,Monthly,0,Premium,79,0,0,1,4.8,0,1,3,7,0,0,0,Online ad,0,0
RW-102176,Downtown,22,82,Annual,3,Premium,74,0,0,1,24.0,1,11,7,5,0,0,0,Walk-in,0,0
RW-102177,Westfield,27,5,Monthly,0,Plus,49,1,0,0,1.7,0,7,7,5,3,0,1,Friend,0,0
RW-102178,Hillcrest,45,16,Monthly,0,Plus,49,0,0,0,5.6,0,3,13,4,0,0,0,Online ad,0,0
RW-102179,Downtown,49,56,Monthly,0,Plus,49,0,0,0,1.1,1,4,4,6,1,0,0,Walk-in,0,0
RW-102180,Riverside,37,18,Annual,9,Plus,44,0,0,0,6.4,1,5,6,1,1,0,0,Corporate,1,0
RW-102181,Lakeview,27,10,Monthly,0,Basic,29,0,0,0,3.2,0,5,2,10,2,1,0,Online ad,0,1
RW-102182,Riverside,28,52,Annual,5,Premium,74,0,0,0,5.2,1,3,5,2,1,0,1,Friend,0,0
RW-102183,Riverside,49,4,Annual,5,Basic,24,1,0,0,5.8,0,1,2,8,2,0,0,Online ad,0,1
RW-102184,Northgate,34,31,Monthly,0,Plus,49,0,0,0,11.2,1,24,28,4,3,1,0,Walk-in,0,0
RW-102185,Riverside,31,32,Monthly,0,Plus,49,0,0,0,9.5,1,28,19,0,14,0,0,Online ad,0,0
RW-102186,Downtown,25,26,Monthly,0,Premium,79,0,0,1,4.4,0,5,8,9,1,0,0,Friend,0,0
RW-102187,Lakeview,36,31,Annual,7,Premium,74,0,0,0,8.2,1,9,8,6,4,0,1,Online ad,0,0
RW-102188,Hillcrest,40,6,Annual,4,Plus,44,1,0,0,3.8,0,8,14,3,4,1,1,Friend,0,0
RW-102189,Riverside,29,31,Annual,4,Plus,44,0,0,0,4.8,1,15,6,3,9,0,0,Friend,0,0
RW-102190,Westfield,54,31,Annual,7,Basic,24,0,0,0,7.6,1,13,14,4,1,0,0,Walk-in,0,0
RW-102191,Lakeview,33,31,Monthly,0,Premium,79,0,0,1,18.9,1,22,18,4,1,0,0,Walk-in,1,0
RW-102192,Hillcrest,28,16,Monthly,0,Plus,49,0,0,0,3.4,0,11,12,6,1,0,1,Friend,0,0
RW-102193,Hillcrest,56,37,Monthly,0,Basic,29,0,1,0,1.5,1,12,19,2,0,0,0,Walk-in,0,0
RW-102194,Downtown,45,22,Annual,0,Basic,24,0,0,1,9.3,1,3,5,3,2,2,0,Online ad,0,1
RW-102195,Downtown,34,5,Annual,2,Basic,24,0,0,1,8.6,0,6,11,2,0,0,1,Friend,0,0
RW-102196,Westfield,44,82,Annual,0,Plus,44,0,0,0,10.1,1,17,13,5,8,0,1,Online ad,0,0
RW-102197,Northgate,51,28,Annual,5,Basic,24,0,1,0,11.7,1,2,11,1,1,0,0,Friend,0,0
RW-102198,Westfield,51,35,Monthly,0,Basic,29,0,0,0,3.7,0,2,23,7,1,1,0,Walk-in,0,0
RW-102199,Westfield,32,68,Monthly,0,Plus,49,0,0,0,9.7,0,10,16,0,0,0,0,Friend,0,0
RW-102200,Hillcrest,42,18,Annual,1,Plus,44,0,0,0,5.0,1,9,17,2,2,0,0,Online ad,0,1
RW-102201,Northgate,20,29,Annual,3,Premium,64,1,0,0,2.0,1,6,11,2,0,0,1,Walk-in,0,0
RW-102202,Lakeview,45,5,Monthly,0,Basic,29,0,0,1,4.5,1,5,5,12,0,0,0,Walk-in,0,0
RW-102203,Downtown,46,32,Annual,7,Premium,64,1,0,0,4.0,0,2,4,3,0,1,0,Friend,0,0
RW-102204,Northgate,45,32,Annual,8,Plus,44,0,0,0,6.7,0,7,10,5,0,0,1,Walk-in,0,0
RW-102205,Westfield,55,11,Monthly,0,Basic,24,1,0,0,7.3,1,9,9,3,1,1,0,Walk-in,0,0
RW-102206,Downtown,28,23,Monthly,0,Basic,29,0,0,0,0.9,0,1,3,18,0,0,1,Corporate,0,0
RW-102207,Downtown,33,29,Annual,3,Basic,14,1,1,0,2.8,0,11,7,3,1,1,1,Friend,0,0
RW-102208,Riverside,21,18,Monthly,0,Plus,44,1,0,0,5.5,1,7,6,8,5,0,0,Friend,0,0
RW-102209,Riverside,22,56,Annual,10,Premium,74,0,1,0,14.0,1,11,7,3,0,0,0,Online ad,0,0
RW-102210,Westfield,52,14,Annual,8,Plus,44,0,1,0,3.4,1,2,6,16,0,1,0,Friend,0,0
RW-102211,Westfield,37,25,Monthly,0,Basic,29,1,0,0,6.7,1,12,7,6,2,0,0,Walk-in,0,0
RW-102212,Northgate,57,47,Monthly,0,Plus,49,0,0,0,5.8,0,5,4,7,2,0,0,Online ad,0,0
RW-102213,Downtown,41,4,Monthly,0,Basic,29,0,0,0,6.8,1,10,17,3,11,1,0,Walk-in,0,1
RW-102214,Northgate,21,31,Monthly,0,Basic,29,0,1,0,6.1,1,11,13,8,2,0,0,Online ad,0,0
RW-102215,Northgate,32,27,Monthly,0,Basic,29,1,0,1,2.5,1,0,8,57,0,2,0,Online ad,0,1
RW-102216,Northgate,29,9,Monthly,0,Plus,39,1,0,0,3.5,0,2,6,2,2,1,1,Walk-in,0,1
RW-102217,Westfield,57,4,Annual,5,Basic,24,0,0,0,6.9,1,8,5,9,1,0,0,Walk-in,1,0
RW-102218,Westfield,33,37,Annual,9,Basic,24,0,1,0,0.6,0,24,24,1,1,0,1,Online ad,0,0
RW-102219,Downtown,22,13,Monthly,0,Plus,39,1,0,0,0.9,1,11,14,6,1,1,0,Online ad,0,0
RW-102220,Northgate,43,19,Annual,7,Basic,24,1,0,0,4.6,1,2,6,14,0,0,1,Walk-in,0,1
RW-102221,Northgate,38,13,Annual,2,Premium,74,0,0,0,3.2,0,11,6,8,0,1,0,Online ad,0,0
RW-102222,Northgate,45,35,Annual,4,Basic,24,0,1,0,1.4,1,11,15,5,0,0,1,Friend,0,0
RW-102223,Hillcrest,47,5,Annual,8,Plus,44,0,0,0,7.1,1,6,7,5,2,0,0,Walk-in,1,0
RW-102224,Riverside,41,9,Monthly,0,Plus,49,0,1,0,4.8,1,7,7,3,0,1,0,Online ad,0,0
RW-102225,Northgate,50,34,Annual,9,Premium,74,1,0,1,18.6,0,14,8,2,1,0,0,Friend,0,0
RW-102226,Hillcrest,25,18,Annual,7,Plus,34,1,0,1,7.5,0,19,20,0,9,1,0,Online ad,0,0
RW-102227,Hillcrest,43,8,Monthly,0,Plus,49,0,0,0,10.3,1,8,10,10,0,0,0,Friend,0,0
RW-102228,Downtown,21,6,Annual,9,Basic,24,0,0,0,1.9,0,13,9,7,1,0,0,Online ad,1,0
RW-102229,Riverside,41,9,Annual,6,Plus,44,0,0,0,7.1,1,2,1,8,0,0,0,Walk-in,1,0
RW-102230,Riverside,44,8,Monthly,0,Plus,44,1,0,0,1.0,0,13,19,5,1,0,0,Walk-in,0,0
RW-102231,Downtown,26,12,Monthly,0,Basic,29,0,0,0,4.5,1,3,7,2,0,0,0,Friend,0,0
RW-102232,Riverside,39,8,Monthly,0,Basic,29,0,0,0,17.3,0,3,2,14,0,0,0,Walk-in,0,0
RW-102233,Riverside,27,6,Monthly,0,Plus,49,0,0,0,2.5,0,7,11,1,0,0,0,Walk-in,1,1
RW-102234,Hillcrest,30,17,Monthly,0,Plus,44,1,1,0,15.9,1,6,10,6,1,0,1,Walk-in,0,0
RW-102235,Northgate,45,6,Annual,3,Basic,24,0,0,0,6.1,1,3,7,0,0,0,0,Online ad,0,0
RW-102236,Northgate,54,75,Annual,6,Plus,44,0,1,0,6.3,0,12,12,1,1,0,0,Online ad,2,0
RW-102237,Northgate,30,35,Monthly,0,Plus,49,0,1,1,1.9,1,1,5,21,0,1,1,Corporate,0,0
RW-102238,Northgate,23,62,Annual,0,Basic,24,0,0,0,2.3,0,6,14,9,0,1,0,Walk-in,0,1
RW-102239,Northgate,22,2,Monthly,0,Basic,29,0,0,0,1.9,0,9,17,1,6,0,0,Friend,0,1
RW-102240,Hillcrest,43,19,Monthly,0,Plus,49,0,0,0,18.4,1,10,9,8,4,0,1,Walk-in,0,0
RW-102241,Hillcrest,43,4,Annual,4,Basic,24,0,0,0,11.6,1,11,12,6,1,0,0,Online ad,0,0
RW-102242,Hillcrest,40,44,Monthly,0,Plus,49,0,0,0,3.2,1,10,13,4,0,0,1,Walk-in,0,0
RW-102243,Riverside,39,26,Monthly,0,Basic,29,0,0,0,1.6,1,13,11,5,1,1,1,Friend,0,0
RW-102244,Hillcrest,29,24,Annual,1,Premium,74,0,0,0,5.8,1,2,5,6,0,0,0,Online ad,0,1
RW-102245,Hillcrest,46,17,Monthly,0,Plus,49,0,1,0,2.4,0,4,3,4,1,0,0,Corporate,0,0
RW-102246,Riverside,35,11,Annual,3,Plus,44,0,0,0,5.8,0,28,19,4,1,0,0,Online ad,0,0
RW-102247,Lakeview,32,22,Annual,9,Plus,44,0,1,0,1.2,0,6,4,6,1,0,0,Friend,0,0
RW-102248,Lakeview,24,39,Monthly,0,Premium,79,0,1,0,6.5,0,3,5,10,0,0,1,Online ad,0,1
RW-102249,Northgate,18,25,Monthly,0,Basic,29,0,0,0,8.8,1,1,2,11,0,0,0,Online ad,1,1
RW-102250,Westfield,19,18,Annual,10,Basic,19,1,0,0,8.3,1,10,15,9,0,0,0,Walk-in,0,0
RW-102251,Lakeview,28,22,Annual,7,Plus,44,0,0,0,10.0,0,8,8,2,1,0,0,Friend,0,0
RW-102252,Riverside,39,31,Annual,7,Premium,74,0,0,0,4.7,0,1,8,18,0,1,0,Online ad,0,0
RW-102253,Westfield,22,19,Annual,1,Premium,74,0,1,0,14.1,1,6,2,3,6,0,0,Friend,0,1
RW-102254,Downtown,25,26,Monthly,0,Basic,29,0,0,0,3.1,1,1,6,10,2,0,0,Online ad,0,0
RW-102255,Northgate,27,27,Annual,0,Premium,74,0,0,0,9.4,0,9,11,5,0,0,0,Corporate,0,0
RW-102256,Downtown,49,30,Annual,1,Plus,44,0,0,0,8.4,1,10,9,1,6,0,1,Friend,0,0
RW-102257,Northgate,22,14,Monthly,0,Basic,29,0,0,0,1.7,1,8,5,6,1,0,0,Online ad,0,1
RW-102258,Downtown,38,15,Monthly,0,Basic,24,1,0,0,7.2,1,12,8,4,0,0,1,Corporate,0,1
RW-102259,Riverside,24,7,Monthly,0,Basic,29,0,0,0,5.2,0,19,17,3,9,0,0,Friend,0,0
RW-102260,Northgate,23,61,Monthly,0,Premium,79,0,0,0,5.3,1,2,7,17,1,0,0,Walk-in,0,1
RW-102261,Northgate,25,2,Monthly,0,Plus,49,1,0,0,1.1,1,11,11,3,2,0,0,Online ad,0,1
RW-102262,Northgate,41,12,Annual,1,Plus,44,0,0,0,4.5,0,9,7,3,6,0,0,Walk-in,0,1
RW-102263,Westfield,41,19,Monthly,0,Basic,29,1,1,0,5.8,0,2,5,12,0,0,0,Friend,0,0
RW-102264,Hillcrest,33,15,Monthly,0,Plus,49,0,0,0,1.3,1,11,3,2,6,0,0,Online ad,0,0
RW-102265,Riverside,23,36,Annual,9,Basic,19,1,0,0,6.0,0,4,4,1,0,0,1,Walk-in,1,0
RW-102266,Downtown,22,33,Monthly,0,Plus,49,0,0,0,5.4,1,4,10,1,0,2,1,Corporate,0,1
RW-102267,Hillcrest,25,4,Monthly,0,Basic,29,1,0,0,14.2,0,2,6,9,2,0,0,Friend,0,1
RW-102268,Riverside,41,25,Monthly,0,Plus,49,0,1,0,4.7,1,3,7,4,0,0,0,Online ad,0,0
RW-102269,Lakeview,50,7,Annual,2,Basic,24,0,0,0,6.1,0,11,6,7,2,0,1,Online ad,0,0
RW-102270,Westfield,38,3,Monthly,0,Basic,29,0,0,0,2.2,1,21,22,0,11,0,0,Friend,0,0
RW-102271,Lakeview,47,21,Annual,6,Premium,74,0,0,0,2.2,0,7,5,6,0,0,1,Online ad,0,0
RW-102272,Hillcrest,25,33,Monthly,0,Plus,49,0,0,0,10.4,1,12,9,3,0,0,0,Walk-in,0,1
RW-102273,Northgate,48,3,Monthly,0,Basic,19,1,0,0,2.6,1,2,11,2,0,0,0,Walk-in,0,1
RW-102274,Northgate,44,9,Monthly,0,Premium,79,0,0,1,1.9,0,15,22,2,5,1,1,Corporate,0,0
RW-102275,Hillcrest,32,42,Annual,8,Basic,24,0,0,0,2.4,1,19,23,4,12,2,0,Walk-in,0,0
RW-102276,Downtown,36,16,Monthly,0,Plus,49,0,0,0,6.3,0,21,15,0,13,1,0,Online ad,0,0
RW-102277,Riverside,61,16,Monthly,0,Basic,19,1,0,0,14.2,1,28,26,5,19,0,0,Friend,0,0
RW-102278,Hillcrest,41,2,Monthly,0,Basic,29,0,0,0,4.3,1,1,11,17,0,0,0,Online ad,0,1
RW-102279,Hillcrest,28,31,Annual,10,Basic,24,0,0,0,3.5,0,7,9,7,0,0,0,Online ad,0,0
RW-102280,Hillcrest,25,3,Monthly,0,Premium,69,1,0,0,3.7,0,5,5,1,0,0,0,Online ad,0,1
RW-102281,Northgate,29,15,Annual,9,Plus,44,0,0,0,3.9,0,13,15,6,7,0,1,Walk-in,0,0
RW-102282,Downtown,37,8,Monthly,0,Plus,49,0,0,0,4.9,0,6,4,7,0,1,0,Online ad,2,1
RW-102283,Westfield,60,85,Monthly,0,Plus,49,0,0,0,2.5,1,11,11,7,4,2,1,Friend,0,0
RW-102284,Downtown,25,49,Monthly,0,Plus,49,1,0,0,4.0,0,13,5,2,1,0,0,Walk-in,0,0
RW-102285,Lakeview,36,34,Annual,3,Basic,24,1,0,0,2.5,1,25,20,2,0,1,0,Online ad,0,0
RW-102286,Westfield,49,16,Annual,5,Premium,74,0,0,1,1.2,1,4,7,0,1,1,0,Friend,0,0
RW-102287,Lakeview,25,10,Monthly,0,Premium,79,0,0,1,5.7,1,14,28,5,7,0,0,Corporate,0,0
RW-102288,Riverside,21,21,Annual,8,Basic,24,0,0,0,7.0,0,11,25,3,0,0,0,Friend,0,0
RW-102289,Lakeview,18,37,Monthly,0,Basic,29,0,0,0,8.9,1,1,22,12,0,0,0,Walk-in,0,0
RW-102290,Hillcrest,37,16,Monthly,0,Plus,49,0,0,0,26.1,1,1,3,17,0,2,0,Walk-in,0,1
RW-102291,Downtown,23,15,Monthly,0,Plus,49,0,1,0,4.7,0,6,17,0,4,1,0,Walk-in,0,0
RW-102292,Riverside,75,1,Annual,9,Plus,44,0,1,1,11.4,1,10,0,5,4,0,1,Corporate,0,0
RW-102293,Lakeview,25,38,Monthly,0,Basic,29,0,0,0,2.9,1,1,4,11,0,0,0,Online ad,0,0
RW-102294,Riverside,40,22,Monthly,0,Basic,24,1,0,0,15.1,1,26,19,2,2,0,0,Walk-in,1,0
RW-102295,Riverside,49,11,Monthly,0,Basic,19,1,1,0,5.8,1,8,12,7,0,0,0,Friend,0,0
RW-102296,Riverside,47,72,Monthly,0,Plus,49,0,1,0,9.3,1,5,3,5,4,0,1,Walk-in,0,0
RW-102297,Westfield,65,15,Annual,9,Basic,24,0,0,1,3.1,0,5,7,9,0,1,0,Walk-in,0,0
RW-102298,Westfield,39,60,Annual,8,Basic,14,1,0,0,4.5,1,28,27,2,2,0,0,Walk-in,0,0
RW-102299,Westfield,30,9,Annual,3,Basic,24,0,0,0,3.3,0,8,2,5,0,0,1,Walk-in,0,0
RW-102300,Northgate,37,19,Monthly,0,Basic,29,0,0,0,16.4,1,5,2,9,0,1,0,Walk-in,0,1
RW-102301,Northgate,71,12,Monthly,0,Plus,49,0,0,0,4.2,1,4,0,3,0,0,0,Friend,0,1
RW-102302,Hillcrest,39,95,Monthly,0,Plus,39,1,0,0,8.4,1,2,4,13,1,0,0,Online ad,0,1
RW-102303,Lakeview,55,61,Annual,7,Plus,44,1,0,0,12.0,0,1,2,18,0,0,0,Online ad,0,0
RW-102304,Hillcrest,28,17,Annual,5,Basic,24,0,0,0,5.7,1,9,10,2,1,0,0,Walk-in,0,0
RW-102305,Downtown,39,9,Monthly,0,Basic,24,1,1,0,1.1,1,0,16,49,0,0,1,Corporate,0,1
RW-102306,Riverside,34,22,Annual,3,Basic,24,0,1,0,10.5,0,7,5,1,0,0,1,Friend,0,0
RW-102307,Lakeview,50,2,Monthly,0,Plus,49,0,0,0,4.0,0,7,3,7,2,0,0,Walk-in,0,1
RW-102308,Riverside,30,15,Monthly,0,Basic,29,1,0,0,1.7,0,5,7,3,4,1,1,Online ad,0,0
RW-102309,Riverside,44,18,Annual,6,Basic,24,0,0,0,4.2,1,13,14,7,4,0,1,Online ad,0,0
RW-102310,Downtown,28,30,Monthly,0,Basic,29,0,0,0,16.1,1,19,8,0,10,0,0,Corporate,2,1
RW-102311,Westfield,66,6,Annual,11,Basic,24,0,0,0,3.1,0,7,13,8,0,0,0,Online ad,1,0
RW-102312,Downtown,24,33,Monthly,0,Plus,44,1,0,0,4.8,1,12,11,3,8,0,0,Online ad,0,0
RW-102313,Downtown,65,8,Annual,0,Plus,44,0,0,0,8.1,0,15,14,6,2,0,1,Walk-in,0,1
RW-102314,Downtown,45,24,Monthly,0,Basic,29,0,0,1,6.6,1,8,4,9,1,0,0,Online ad,0,0
RW-102315,Hillcrest,35,23,Annual,11,Premium,74,0,0,1,19.9,1,5,9,1,3,0,1,Online ad,1,0
RW-102316,Hillcrest,35,71,Monthly,0,Plus,44,1,1,0,4.7,1,2,1,0,0,0,0,Corporate,0,0
RW-102317,Downtown,25,11,Annual,5,Basic,24,0,0,0,3.4,1,3,13,12,0,1,1,Friend,0,0
RW-102318,Downtown,38,7,Monthly,0,Plus,44,1,0,0,11.8,1,24,18,5,2,0,0,Friend,0,0
RW-102319,Northgate,23,10,Monthly,0,Plus,49,0,0,0,9.5,1,2,9,3,0,1,0,Walk-in,1,1
RW-102320,Westfield,51,4,Monthly,0,Basic,29,0,0,0,12.7,0,4,1,0,3,0,0,Corporate,0,0
RW-102321,Lakeview,37,16,Monthly,0,Basic,29,0,0,0,5.5,1,4,11,11,0,0,0,Walk-in,1,1
RW-102322,Northgate,29,21,Annual,4,Plus,44,0,0,0,1.1,1,19,13,1,0,0,1,Friend,0,0
RW-102323,Northgate,22,92,Monthly,0,Basic,29,0,1,0,2.2,0,13,5,1,8,0,1,Friend,0,0
RW-102324,Northgate,59,26,Annual,5,Basic,19,1,0,0,2.6,1,14,19,5,1,0,0,Corporate,0,0
RW-102325,Downtown,45,22,Monthly,0,Plus,49,0,0,0,4.0,1,8,9,7,0,1,0,Walk-in,1,0
RW-102326,Downtown,32,78,Annual,1,Premium,64,1,1,0,18.1,1,28,28,4,9,1,0,Friend,0,0
RW-102327,Northgate,36,7,Annual,3,Basic,24,0,0,0,1.4,0,2,7,14,0,0,0,Friend,0,0
RW-102328,Hillcrest,27,3,Annual,4,Basic,24,1,0,0,1.8,0,2,4,1,1,1,1,Online ad,0,0
RW-102329,Northgate,40,9,Annual,3,Plus,44,0,0,0,1.0,0,5,5,8,2,0,1,Friend,0,0
RW-102330,Northgate,33,1,Annual,6,Basic,24,0,0,1,4.4,1,6,0,9,0,0,0,Walk-in,0,0
RW-102331,Westfield,59,48,Annual,9,Basic,24,0,0,0,10.1,1,15,12,6,1,0,0,Corporate,0,0
RW-102332,Lakeview,37,4,Annual,1,Basic,24,0,1,0,0.8,0,8,1,10,0,0,0,Walk-in,0,0
RW-102333,Westfield,50,27,Monthly,0,Premium,79,0,1,1,1.1,0,8,12,5,1,0,0,Online ad,0,0
RW-102334,Hillcrest,30,24,Annual,8,Basic,24,0,1,0,3.8,1,17,11,4,1,0,0,Corporate,0,0
RW-102335,Hillcrest,45,17,Annual,4,Plus,44,0,1,0,14.1,0,2,3,16,0,1,0,Online ad,0,0
RW-102336,Lakeview,31,20,Monthly,0,Plus,49,0,0,0,2.0,1,5,6,1,0,1,0,Online ad,0,0
RW-102337,Downtown,22,41,Annual,0,Plus,44,0,0,0,5.1,1,5,6,1,0,0,0,Online ad,0,1
RW-102338,Northgate,38,64,Monthly,0,Basic,29,0,0,0,8.2,1,12,4,6,1,0,0,Walk-in,0,0
RW-102339,Downtown,47,6,Monthly,0,Plus,49,0,0,0,9.5,1,6,9,5,2,0,0,Corporate,2,1
RW-102340,Riverside,35,13,Monthly,0,Basic,29,0,0,1,4.6,1,16,6,7,1,0,0,Online ad,0,0
RW-102341,Northgate,42,25,Monthly,0,Premium,79,0,0,1,6.6,1,11,10,7,0,0,1,Walk-in,0,0
RW-102342,Lakeview,20,61,Annual,7,Premium,74,0,0,1,12.1,0,6,17,2,1,0,0,Friend,0,0
RW-102343,Northgate,23,14,Annual,11,Basic,19,1,0,0,19.5,0,9,7,4,6,1,1,Walk-in,1,0
RW-102344,Lakeview,26,3,Monthly,0,Basic,29,0,0,0,1.3,1,19,15,2,0,0,0,Online ad,1,0
RW-102345,Hillcrest,26,21,Monthly,0,Plus,49,0,0,0,7.9,1,1,7,12,0,0,0,Online ad,0,1
RW-102346,Downtown,28,20,Annual,2,Premium,69,1,0,1,4.7,0,2,20,1,0,1,1,Corporate,0,0
RW-102347,Lakeview,27,12,Monthly,0,Plus,49,1,0,0,8.0,0,7,11,7,1,0,0,Online ad,0,0
RW-102348,Northgate,48,49,Annual,10,Premium,69,1,1,0,6.2,1,7,12,1,2,1,0,Walk-in,0,0
RW-102349,Riverside,41,25,Monthly,0,Premium,79,0,0,1,4.4,0,4,15,4,1,2,0,Online ad,0,0
RW-102350,Northgate,25,2,Monthly,0,Plus,39,1,0,0,3.4,1,15,18,1,2,0,0,Corporate,0,1
RW-102351,Riverside,50,12,Annual,9,Premium,74,0,0,1,5.5,1,1,10,10,1,0,0,Online ad,0,0
RW-102352,Northgate,32,44,Monthly,0,Basic,29,0,0,0,5.8,1,11,19,3,0,0,0,Walk-in,0,0
RW-102353,Downtown,44,5,Annual,1,Premium,64,1,0,0,4.7,0,0,4,42,0,0,0,Friend,1,1
RW-102354,Westfield,26,1,Monthly,0,Plus,49,0,0,0,7.7,0,5,0,11,3,0,0,Corporate,0,1
RW-102355,Westfield,47,30,Monthly,0,Premium,74,1,0,0,15.4,1,9,2,6,4,0,1,Online ad,0,0
RW-102356,Hillcrest,26,32,Monthly,0,Basic,29,0,0,0,4.1,1,24,23,0,7,0,0,Online ad,0,0
RW-102357,Hillcrest,31,44,Monthly,0,Plus,39,1,1,0,14.1,1,14,10,4,0,0,0,Friend,1,0
RW-102358,Lakeview,55,40,Monthly,0,Plus,49,0,0,0,8.3,1,9,12,5,6,0,0,Corporate,1,0
RW-102359,Westfield,31,72,Annual,3,Basic,24,0,0,0,7.6,1,7,6,4,1,0,0,Friend,1,0
RW-102360,Lakeview,30,32,Monthly,0,Premium,79,0,0,1,6.7,0,7,19,7,5,0,0,Corporate,0,1
RW-102361,Northgate,35,24,Monthly,0,Plus,49,0,1,1,7.2,1,6,7,2,3,0,1,Friend,0,0
RW-102362,Westfield,20,18,Annual,3,Basic,24,0,0,1,6.0,1,9,6,2,1,0,0,Walk-in,0,0
RW-102363,Lakeview,38,24,Annual,0,Basic,24,0,0,0,10.9,1,11,7,8,2,0,0,Walk-in,0,1
RW-102364,Hillcrest,25,30,Annual,3,Plus,34,1,0,0,4.7,1,11,10,7,3,0,0,Corporate,0,0
RW-102365,Northgate,30,14,Monthly,0,Premium,74,1,0,1,4.0,1,2,9,8,0,0,1,Corporate,0,0
RW-102366,Hillcrest,24,23,Monthly,0,Plus,49,0,0,0,10.6,1,6,5,8,0,1,0,Walk-in,0,0
RW-102367,Northgate,20,76,Annual,6,Basic,24,0,1,0,2.5,0,11,8,8,0,0,1,Online ad,0,0
RW-102368,Northgate,21,5,Annual,0,Basic,24,0,0,0,4.9,1,7,18,7,1,0,0,Corporate,0,1
RW-102369,Lakeview,29,15,Monthly,0,Plus,49,0,0,0,4.7,0,14,14,4,5,0,0,Online ad,0,0
RW-102370,Riverside,23,21,Monthly,0,Premium,79,0,0,1,6.9,1,6,13,7,5,0,0,Walk-in,0,0
RW-102371,Downtown,39,9,Annual,7,Basic,24,0,0,0,2.6,0,16,18,1,0,1,0,Friend,0,0
RW-102372,Riverside,31,14,Monthly,0,Premium,74,1,1,1,22.4,1,23,21,5,15,1,1,Online ad,0,0
RW-102373,Northgate,38,11,Monthly,0,Basic,19,1,0,0,4.2,1,2,9,14,0,0,1,Walk-in,0,1
RW-102374,Westfield,27,10,Annual,10,Premium,74,0,0,0,5.0,1,26,25,2,0,1,0,Online ad,1,0
RW-102375,Westfield,27,9,Annual,10,Plus,34,1,0,0,4.8,1,8,19,3,0,0,0,Online ad,0,0
RW-102376,Riverside,24,3,Annual,2,Plus,44,0,0,0,10.6,1,5,2,0,0,0,0,Online ad,0,0
RW-102377,Riverside,56,27,Annual,11,Plus,34,1,1,0,3.2,0,8,10,4,1,1,0,Corporate,0,0
RW-102378,Westfield,27,20,Annual,4,Plus,44,0,0,0,4.5,1,6,9,3,3,0,0,Walk-in,0,0
RW-102379,Downtown,25,8,Annual,3,Basic,19,1,0,0,4.5,0,4,0,3,0,0,0,Walk-in,0,0
RW-102380,Lakeview,40,5,Annual,8,Basic,24,0,1,0,14.7,1,14,18,3,1,1,0,Walk-in,0,0
RW-102381,Hillcrest,39,10,Annual,5,Basic,14,1,0,0,4.0,0,8,5,5,1,0,0,Walk-in,0,0
RW-102382,Westfield,19,4,Monthly,0,Plus,49,0,0,0,4.2,0,5,13,5,0,0,0,Walk-in,1,1
RW-102383,Lakeview,30,3,Annual,6,Plus,44,0,0,0,1.3,0,6,3,3,2,1,0,Online ad,0,0
RW-102384,Westfield,33,67,Monthly,0,Basic,29,0,0,0,4.2,0,12,8,3,0,0,0,Online ad,0,0
RW-102385,Northgate,29,14,Annual,3,Premium,74,0,1,0,2.8,0,0,3,48,0,0,0,Friend,0,0
RW-102386,Westfield,50,7,Annual,6,Plus,39,1,0,0,2.5,1,3,10,14,0,0,0,Friend,0,0
RW-102387,Riverside,30,19,Monthly,0,Basic,29,0,0,0,10.3,0,7,2,10,0,0,0,Online ad,0,0
RW-102388,Downtown,58,7,Monthly,0,Basic,29,0,0,0,5.2,0,4,3,3,0,0,0,Walk-in,0,1
RW-102389,Lakeview,29,5,Monthly,0,Basic,24,1,0,0,5.6,1,13,4,8,2,0,0,Friend,1,0
RW-102390,Riverside,28,17,Annual,0,Basic,24,0,0,0,12.3,1,7,5,5,1,0,0,Friend,0,0
RW-102391,Westfield,58,10,Annual,10,Basic,24,0,0,0,2.2,0,4,7,4,0,0,1,Friend,0,0
RW-102392,Lakeview,45,68,Annual,2,Basic,19,1,0,0,11.4,1,1,3,13,0,0,1,Online ad,0,0
RW-102393,Hillcrest,27,69,Annual,8,Basic,24,0,0,0,8.2,0,9,6,9,0,0,1,Online ad,0,0
RW-102394,Riverside,29,3,Monthly,0,Premium,79,0,0,1,8.1,0,1,7,13,0,0,0,Corporate,0,1
RW-102395,Lakeview,24,51,Annual,11,Basic,24,0,1,1,16.0,1,8,9,8,0,0,0,Walk-in,0,0
RW-102396,Northgate,65,18,Annual,0,Premium,74,0,0,1,3.2,1,2,5,11,0,1,0,Walk-in,0,1
RW-102397,Northgate,61,7,Monthly,0,Basic,29,1,1,0,10.8,0,9,8,0,0,0,0,Corporate,0,0
RW-102398,Downtown,26,9,Monthly,0,Basic,29,1,1,0,8.8,0,2,10,14,0,0,0,Walk-in,0,0
RW-102399,Hillcrest,22,12,Annual,0,Plus,39,1,0,0,4.7,1,5,4,0,1,1,0,Friend,1,1
RW-102400,Downtown,39,5,Monthly,0,Basic,29,0,0,0,3.0,1,11,19,3,7,0,0,Walk-in,0,0
RW-102401,Downtown,22,6,Annual,6,Plus,44,0,1,0,5.8,1,28,23,1,1,0,0,Online ad,0,0
RW-102402,Hillcrest,30,5,Annual,3,Basic,24,0,0,0,1.4,0,4,2,10,0,0,0,Online ad,0,0
RW-102403,Riverside,26,10,Monthly,0,Basic,29,0,1,1,5.6,1,4,9,13,0,0,0,Walk-in,0,0
RW-102404,Westfield,22,23,Monthly,0,Plus,49,0,0,0,2.6,0,3,5,13,1,1,0,Online ad,0,0
RW-102405,Westfield,44,17,Monthly,0,Basic,29,0,0,0,4.1,1,5,11,7,0,0,0,Friend,0,1
RW-102406,Lakeview,29,2,Monthly,0,Plus,49,0,0,0,30.4,1,2,2,8,0,0,0,Online ad,0,1
RW-102407,Riverside,32,50,Annual,4,Premium,74,1,0,0,7.1,0,12,9,1,0,0,1,Online ad,1,0
RW-102408,Hillcrest,23,3,Annual,5,Basic,24,0,0,0,2.2,0,4,5,10,0,0,0,Walk-in,0,0
RW-102409,Hillcrest,58,32,Annual,5,Basic,24,0,0,0,3.3,1,11,10,2,0,1,0,Walk-in,0,0
RW-102410,Downtown,41,57,Annual,2,Basic,24,0,0,0,7.4,1,14,13,3,0,0,0,Online ad,0,0
RW-102411,Downtown,34,16,Monthly,0,Basic,29,0,0,0,13.7,0,15,12,5,2,1,0,Friend,0,0
RW-102412,Westfield,32,24,Annual,4,Basic,24,0,1,0,3.8,1,0,2,31,0,0,1,Online ad,0,0
RW-102413,Downtown,57,23,Monthly,0,Plus,49,0,0,0,8.3,0,12,4,3,1,0,0,Online ad,0,0
RW-102414,Riverside,38,32,Monthly,0,Plus,49,0,0,0,6.2,1,9,8,6,0,0,0,Online ad,1,1
RW-102415,Hillcrest,20,22,Monthly,0,Basic,29,0,1,0,12.0,0,11,5,7,0,0,0,Online ad,0,1
RW-102416,Lakeview,27,22,Monthly,0,Basic,29,0,0,0,10.3,1,10,15,2,3,0,1,Online ad,0,0
RW-102417,Downtown,20,9,Annual,7,Basic,24,1,0,0,10.0,0,4,2,9,2,1,0,Walk-in,1,0
RW-102418,Downtown,35,36,Monthly,0,Premium,79,0,0,0,3.6,1,6,7,8,0,0,0,Walk-in,0,0
RW-102419,Lakeview,35,5,Annual,10,Basic,24,0,0,0,10.9,1,2,8,3,1,0,0,Walk-in,0,0
RW-102420,Riverside,31,36,Monthly,0,Basic,29,0,0,0,26.4,1,1,1,3,0,0,0,Online ad,0,1
RW-102421,Lakeview,29,13,Monthly,0,Basic,29,1,0,0,2.5,0,22,10,1,11,0,0,Friend,0,0
RW-102422,Northgate,39,47,Annual,4,Plus,44,1,1,0,8.5,0,10,11,2,2,0,0,Walk-in,1,0
RW-102423,Downtown,25,9,Annual,11,Plus,44,0,0,1,8.4,1,25,28,4,14,0,0,Corporate,0,0
RW-102424,Westfield,36,72,Annual,9,Premium,64,1,1,0,2.2,0,4,15,5,2,0,1,Friend,0,0
RW-102425,Northgate,36,38,Annual,1,Plus,44,0,0,0,2.0,0,4,14,9,2,0,0,Walk-in,0,1
RW-102426,Lakeview,29,23,Monthly,0,Basic,29,1,1,0,6.0,1,2,8,3,0,0,1,Online ad,0,0
RW-102427,Lakeview,44,78,Annual,10,Premium,74,0,0,1,2.4,1,17,10,1,1,0,0,Online ad,0,0
RW-102428,Westfield,39,32,Monthly,0,Plus,49,1,1,1,5.2,0,10,7,5,5,0,0,Corporate,0,0
RW-102429,Northgate,33,11,Annual,5,Premium,74,0,0,1,6.5,1,2,6,6,0,1,0,Friend,0,0
RW-102430,Westfield,40,39,Monthly,0,Basic,24,1,0,0,4.2,0,7,8,8,0,1,0,Online ad,0,0
RW-102431,Riverside,24,58,Annual,4,Plus,44,0,0,0,6.2,0,7,11,10,5,1,0,Online ad,0,0
RW-102432,Northgate,35,26,Annual,8,Premium,74,1,0,1,3.8,0,28,20,5,17,0,0,Walk-in,0,0
RW-102433,Northgate,26,35,Annual,10,Basic,24,0,0,0,2.0,1,6,9,2,0,1,0,Online ad,0,0
RW-102434,Lakeview,28,8,Monthly,0,Basic,24,1,0,0,8.5,0,0,11,34,0,0,0,Friend,1,1
RW-102435,Lakeview,26,15,Annual,6,Basic,24,0,0,0,3.5,0,1,8,17,0,0,0,Walk-in,0,0
RW-102436,Lakeview,49,22,Annual,1,Premium,74,0,0,0,4.8,1,13,18,0,1,0,1,Online ad,0,1
RW-102437,Hillcrest,62,13,Annual,11,Basic,24,0,0,0,19.8,0,0,7,37,0,0,0,Friend,0,1
RW-102438,Downtown,39,12,Annual,10,Plus,39,1,0,0,2.2,0,8,14,1,2,0,0,Walk-in,0,0
RW-102439,Northgate,38,28,Monthly,0,Basic,29,1,0,0,6.5,0,1,6,8,0,0,0,Online ad,0,0
RW-102440,Riverside,27,9,Annual,4,Basic,24,0,0,0,1.4,0,22,22,6,6,0,0,Walk-in,0,0
RW-102441,Northgate,40,2,Monthly,0,Premium,79,0,0,1,10.8,0,16,13,3,12,0,0,Walk-in,0,0
RW-102442,Westfield,78,30,Annual,4,Basic,24,0,0,0,3.0,0,12,12,6,9,0,1,Walk-in,0,0
RW-102443,Westfield,50,14,Monthly,0,Basic,29,0,0,0,6.8,0,7,13,8,6,0,1,Online ad,0,0
RW-102444,Downtown,39,120,Annual,4,Plus,44,0,1,0,2.3,1,10,17,7,3,0,0,Walk-in,0,0
RW-102445,Riverside,28,24,Monthly,0,Basic,29,0,0,0,10.1,0,2,3,8,0,2,0,Friend,1,1
RW-102446,Downtown,23,23,Annual,8,Basic,24,0,1,0,9.0,0,11,13,0,4,0,0,Online ad,0,0
RW-102447,Lakeview,26,18,Monthly,0,Basic,29,0,0,0,2.6,0,3,15,0,0,0,0,Corporate,0,0
RW-102448,Northgate,36,20,Monthly,0,Premium,79,0,0,0,2.4,1,2,0,13,0,0,0,Walk-in,0,0
RW-102449,Downtown,44,26,Annual,9,Plus,44,1,0,0,5.8,1,11,8,8,4,1,1,Online ad,0,0
RW-102450,Riverside,20,18,Monthly,0,Basic,29,0,1,0,8.6,1,7,5,10,2,0,0,Corporate,0,0
RW-102451,Westfield,41,22,Annual,10,Basic,24,0,0,0,2.1,1,5,5,3,0,0,0,Walk-in,1,0
RW-102452,Downtown,34,50,Monthly,0,Premium,79,0,1,0,3.4,1,4,25,0,1,1,0,Walk-in,0,0
RW-102453,Downtown,44,22,Monthly,0,Basic,29,0,0,1,12.7,0,3,9,8,0,0,0,Online ad,0,0
RW-102454,Downtown,27,3,Annual,8,Premium,74,0,0,1,2.5,1,15,16,7,0,0,0,Walk-in,0,0
RW-102455,Riverside,27,20,Monthly,0,Basic,29,0,0,1,8.7,0,11,9,1,0,0,0,Walk-in,0,0
RW-102456,Westfield,30,27,Monthly,0,Premium,79,0,0,0,4.5,1,22,26,5,2,1,0,Friend,0,0
RW-102457,Northgate,24,13,Monthly,0,Plus,44,1,0,0,4.9,0,9,14,9,3,0,0,Online ad,0,1
RW-102458,Riverside,46,10,Annual,1,Basic,24,0,0,0,7.6,0,7,13,6,0,1,0,Walk-in,0,1
RW-102459,Riverside,58,12,Annual,1,Premium,64,1,1,0,3.3,1,2,10,3,2,0,0,Walk-in,1,1
RW-102460,Northgate,41,18,Annual,5,Plus,44,0,0,0,4.9,0,26,18,1,13,1,0,Walk-in,0,0
RW-102461,Lakeview,46,14,Monthly,0,Plus,49,0,0,0,2.7,1,17,11,6,5,0,0,Online ad,0,0
RW-102462,Northgate,37,17,Monthly,0,Plus,49,0,0,0,7.4,0,7,5,9,4,0,0,Online ad,0,0
RW-102463,Lakeview,33,20,Annual,5,Basic,24,0,0,0,11.0,1,4,6,4,0,0,0,Walk-in,1,0
RW-102464,Westfield,29,3,Monthly,0,Plus,44,1,1,0,4.7,0,9,9,1,8,0,0,Corporate,1,0
RW-102465,Riverside,57,10,Monthly,0,Plus,49,0,0,0,7.1,0,9,8,1,2,1,0,Online ad,0,0
RW-102466,Riverside,32,18,Annual,10,Premium,69,1,1,1,9.0,1,21,16,0,0,0,0,Walk-in,0,0
RW-102467,Downtown,34,27,Monthly,0,Premium,79,0,1,0,6.7,1,5,4,3,4,2,0,Online ad,0,0
RW-102468,Riverside,23,10,Monthly,0,Basic,29,0,0,0,3.3,1,1,15,4,0,0,0,Online ad,0,1
RW-102469,Riverside,46,51,Monthly,0,Plus,49,0,0,0,19.4,0,8,3,9,1,0,1,Walk-in,0,0
RW-102470,Lakeview,50,7,Annual,0,Premium,74,0,0,1,6.5,1,10,15,1,7,0,0,Corporate,0,0
RW-102471,Riverside,29,40,Monthly,0,Basic,29,0,0,0,10.7,1,1,10,0,1,0,0,Online ad,0,0
RW-102472,Lakeview,37,21,Monthly,0,Plus,44,1,0,0,4.1,1,6,7,3,1,0,1,Friend,0,0
RW-102473,Riverside,25,69,Monthly,0,Basic,29,0,0,1,3.3,1,2,10,8,2,0,0,Corporate,0,0
RW-102474,Westfield,44,7,Monthly,0,Basic,29,0,0,0,3.9,1,1,7,12,0,0,1,Online ad,0,0
RW-102475,Hillcrest,22,9,Monthly,0,Basic,29,0,1,0,15.4,1,1,3,19,0,0,0,Online ad,0,1
RW-102476,Westfield,41,6,Annual,0,Plus,44,0,0,0,6.5,0,4,8,13,2,0,0,Walk-in,0,1
RW-102477,Riverside,26,12,Annual,11,Basic,24,0,0,0,2.1,0,1,4,9,0,0,0,Walk-in,0,0
RW-102478,Lakeview,22,5,Monthly,0,Basic,29,0,0,0,2.0,1,8,8,9,1,0,0,Walk-in,0,0
RW-102479,Westfield,74,9,Monthly,0,Plus,49,0,0,0,5.8,0,15,25,4,2,0,0,Walk-in,0,0
RW-102480,Riverside,30,17,Monthly,0,Premium,79,0,0,1,4.2,0,8,4,2,4,1,0,Online ad,0,0
RW-102481,Downtown,29,11,Annual,3,Plus,44,0,0,0,3.0,1,16,18,5,0,0,0,Walk-in,0,0
RW-102482,Northgate,28,84,Monthly,0,Basic,19,1,0,0,1.6,1,8,8,0,1,0,0,Online ad,0,1
RW-102483,Downtown,34,8,Monthly,0,Basic,24,1,1,0,5.1,1,11,9,5,0,1,0,Friend,1,0
RW-102484,Downtown,47,7,Monthly,0,Basic,29,0,0,0,2.8,1,14,15,0,6,1,0,Walk-in,0,0
RW-102485,Riverside,27,50,Monthly,0,Basic,29,0,0,0,34.4,0,10,24,4,0,0,0,Walk-in,0,1
RW-102486,Riverside,35,11,Monthly,0,Basic,29,0,0,0,1.2,0,10,14,8,5,0,0,Walk-in,0,0
RW-102487,Northgate,51,2,Monthly,0,Basic,29,0,0,0,3.8,1,8,10,5,1,0,0,Online ad,0,0
RW-102488,Northgate,45,29,Monthly,0,Plus,49,1,1,0,4.6,0,0,9,40,0,0,1,Friend,0,0
RW-102489,Northgate,35,2,Monthly,0,Basic,29,0,0,0,5.2,1,12,17,1,7,0,1,Online ad,0,1
RW-102490,Northgate,22,18,Annual,7,Premium,74,0,0,1,3.7,0,0,5,36,0,1,0,Online ad,0,1
RW-102491,Hillcrest,28,35,Annual,9,Basic,24,0,0,0,1.4,0,10,13,3,5,0,1,Online ad,0,0
RW-102492,Northgate,24,34,Monthly,0,Plus,49,0,0,0,7.0,0,28,13,2,1,1,0,Walk-in,0,0
RW-102493,Downtown,25,25,Monthly,0,Basic,29,0,0,0,4.0,1,6,3,11,2,0,0,Walk-in,1,1
RW-102494,Hillcrest,45,11,Monthly,0,Basic,29,0,0,0,0.7,1,13,15,2,1,0,1,Corporate,0,0
RW-102495,Downtown,33,45,Monthly,0,Basic,29,0,0,0,2.9,1,21,18,6,1,1,0,Walk-in,0,0
RW-102496,Hillcrest,56,79,Monthly,0,Basic,29,0,1,0,6.0,0,3,0,5,1,1,0,Friend,0,0
RW-102497,Riverside,47,14,Annual,6,Basic,19,1,0,0,3.9,1,3,9,8,0,0,0,Friend,0,0
RW-102498,Hillcrest,28,5,Annual,7,Premium,74,0,0,1,6.8,1,13,12,3,1,1,0,Online ad,0,0
RW-102499,Downtown,35,36,Monthly,0,Plus,49,0,0,0,4.8,0,5,4,2,1,0,0,Walk-in,0,0
RW-102500,Lakeview,22,22,Monthly,0,Basic,29,0,1,0,5.1,1,8,13,8,5,1,0,Online ad,0,0
RW-102501,Riverside,32,6,Annual,10,Premium,64,1,0,1,4.6,1,28,28,4,14,0,1,Online ad,0,0
RW-102502,Riverside,63,13,Monthly,0,Plus,39,1,0,0,9.9,1,3,14,0,3,0,0,Online ad,0,0
RW-102503,Northgate,36,4,Monthly,0,Plus,49,0,0,0,5.5,0,15,11,6,0,1,0,Friend,1,0
RW-102504,Riverside,28,17,Monthly,0,Plus,49,0,0,0,10.5,0,10,15,2,2,1,1,Online ad,1,0
RW-102505,Downtown,29,4,Monthly,0,Premium,74,1,0,0,2.0,0,3,13,14,0,0,0,Walk-in,0,1
RW-102506,Downtown,36,14,Annual,5,Plus,44,0,0,0,2.5,0,13,12,6,0,0,1,Online ad,1,0
RW-102507,Lakeview,42,21,Monthly,0,Premium,79,0,0,0,6.5,1,3,3,11,0,0,0,Online ad,0,1
RW-102508,Downtown,32,5,Monthly,0,Plus,39,1,0,1,7.8,0,5,5,11,0,0,0,Online ad,0,0
RW-102509,Northgate,23,34,Annual,2,Premium,74,0,0,0,5.5,0,9,28,1,1,1,0,Friend,0,0
RW-102510,Lakeview,32,25,Annual,5,Plus,39,1,1,1,12.9,1,9,12,7,0,0,1,Walk-in,1,0
RW-102511,Northgate,24,28,Monthly,0,Plus,49,0,0,1,5.1,0,5,4,0,1,1,0,Walk-in,0,1
RW-102512,Hillcrest,35,73,Monthly,0,Basic,29,0,0,0,6.8,0,21,18,3,3,1,0,Friend,0,0
RW-102513,Westfield,42,8,Annual,6,Basic,24,1,0,0,1.4,0,5,11,0,0,0,0,Online ad,0,0
RW-102514,Downtown,31,61,Annual,2,Plus,44,0,0,0,10.4,0,3,7,4,0,0,1,Walk-in,0,0
RW-102515,Northgate,34,7,Annual,5,Basic,24,0,0,0,1.2,0,5,7,8,1,0,0,Walk-in,0,0
RW-102516,Downtown,34,20,Monthly,0,Plus,39,1,1,0,3.2,1,3,4,9,0,1,0,Friend,0,0
RW-102517,Northgate,57,27,Monthly,0,Premium,69,1,0,0,5.5,1,3,2,6,0,0,0,Online ad,0,0
RW-102518,Hillcrest,26,4,Monthly,0,Basic,29,0,1,0,3.5,1,13,16,1,0,0,1,Walk-in,0,0
RW-102519,Downtown,26,22,Monthly,0,Basic,29,0,0,0,3.0,1,16,11,5,0,0,0,Walk-in,1,0
RW-102520,Lakeview,35,9,Monthly,0,Basic,29,1,0,1,2.3,0,2,2,2,0,0,0,Online ad,0,0
RW-102521,Northgate,33,4,Monthly,0,Basic,29,0,0,1,3.4,1,4,16,8,1,0,1,Online ad,0,0
RW-102522,Downtown,51,4,Annual,8,Plus,44,0,0,1,8.6,1,5,14,7,0,0,0,Friend,0,0
RW-102523,Northgate,36,30,Monthly,0,Premium,74,1,1,1,8.9,1,6,18,9,1,0,0,Friend,0,0
RW-102524,Downtown,28,1,Monthly,0,Basic,29,0,1,0,3.2,1,8,0,2,0,0,1,Walk-in,0,0
RW-102525,Hillcrest,34,55,Annual,6,Basic,14,1,0,0,0.9,1,7,11,10,5,1,1,Friend,0,0
RW-102526,Downtown,29,10,Monthly,0,Plus,49,0,0,0,8.4,0,22,16,2,12,0,1,Friend,0,0
RW-102527,Lakeview,31,6,Annual,5,Basic,24,0,0,0,5.1,0,12,8,3,2,0,0,Friend,1,0
RW-102528,Northgate,58,19,Monthly,0,Premium,79,0,0,0,4.7,1,2,6,4,1,0,0,Walk-in,1,1
RW-102529,Riverside,41,19,Monthly,0,Plus,49,0,0,0,4.0,0,7,7,4,4,0,0,Walk-in,0,0
RW-102530,Northgate,74,37,Annual,11,Premium,74,1,0,1,4.0,0,13,3,5,0,2,0,Walk-in,0,0
RW-102531,Northgate,27,7,Monthly,0,Basic,29,0,0,0,3.2,0,12,2,7,0,0,0,Friend,0,0
RW-102532,Northgate,50,5,Monthly,0,Basic,29,0,1,0,3.7,1,9,5,8,0,0,0,Corporate,1,0
RW-102533,Lakeview,36,7,Monthly,0,Plus,49,0,0,0,9.2,0,10,2,2,5,0,0,Online ad,0,0
RW-102534,Downtown,28,7,Annual,4,Premium,74,0,0,1,3.5,0,14,8,5,4,1,0,Walk-in,1,0
RW-102535,Downtown,33,41,Annual,8,Premium,64,1,0,0,4.6,0,4,14,8,3,1,0,Walk-in,0,1
RW-102536,Lakeview,42,84,Annual,11,Basic,24,0,0,0,5.6,1,18,12,1,1,0,0,Online ad,0,0
RW-102537,Riverside,22,12,Monthly,0,Plus,39,1,0,0,4.1,0,3,6,0,0,1,0,Online ad,0,1
RW-102538,Westfield,22,27,Monthly,0,Basic,29,0,0,0,8.5,0,8,14,10,3,0,1,Online ad,0,0
RW-102539,Downtown,54,10,Annual,4,Plus,44,1,0,0,3.8,1,7,6,1,1,0,1,Walk-in,0,0
RW-102540,Hillcrest,25,5,Monthly,0,Plus,49,1,0,0,5.5,1,12,15,3,1,0,0,Corporate,0,0
RW-102541,Westfield,19,29,Annual,6,Basic,24,1,0,1,8.0,0,20,11,5,1,0,1,Corporate,0,0
RW-102542,Lakeview,30,2,Monthly,0,Basic,29,0,0,0,40.0,1,3,2,8,0,0,1,Friend,0,1
RW-102543,Downtown,21,8,Monthly,0,Plus,49,0,0,0,4.0,1,7,25,3,1,2,0,Walk-in,0,1
RW-102544,Westfield,34,75,Annual,10,Basic,24,0,0,0,11.1,1,6,5,8,1,0,0,Online ad,0,0
RW-102545,Lakeview,43,18,Monthly,0,Basic,29,0,0,0,2.5,1,3,3,8,1,0,0,Online ad,0,1
RW-102546,Westfield,25,24,Annual,4,Plus,44,0,0,0,2.2,1,7,13,5,0,1,0,Walk-in,0,0
RW-102547,Northgate,49,10,Monthly,0,Plus,49,0,0,0,3.5,1,3,6,4,1,1,0,Walk-in,1,0
RW-102548,Downtown,28,12,Monthly,0,Basic,24,1,0,0,7.3,1,2,12,16,2,0,0,Friend,0,0
RW-102549,Lakeview,76,15,Monthly,0,Plus,49,0,0,0,4.9,0,1,1,3,0,0,1,Walk-in,0,1
RW-102550,Northgate,41,16,Annual,2,Plus,44,0,1,0,1.4,1,7,19,4,0,0,0,Online ad,1,0
RW-102551,Downtown,63,42,Monthly,0,Basic,29,0,0,0,4.5,1,28,28,5,16,1,0,Corporate,0,0
RW-102552,Downtown,37,11,Annual,5,Premium,74,0,0,1,7.6,1,28,28,2,12,1,1,Walk-in,1,0
RW-102553,Riverside,39,6,Monthly,0,Plus,49,0,1,0,35.1,0,0,7,38,0,0,1,Friend,0,1
RW-102554,Riverside,44,9,Monthly,0,Premium,79,0,0,1,3.7,1,8,8,7,2,0,1,Corporate,0,0
RW-102555,Westfield,23,52,Annual,11,Plus,44,0,0,1,5.1,1,4,28,0,0,0,1,Friend,0,0
RW-102556,Northgate,60,8,Monthly,0,Basic,29,0,0,0,3.5,1,3,9,2,0,1,0,Friend,1,1
RW-102557,Northgate,45,9,Annual,8,Basic,24,0,0,0,5.3,1,12,5,2,7,0,1,Online ad,0,0
RW-102558,Hillcrest,37,3,Annual,11,Plus,44,0,0,0,2.7,0,9,19,3,0,1,0,Walk-in,0,0
RW-102559,Lakeview,31,81,Annual,2,Plus,39,1,0,1,2.3,0,16,18,2,0,0,0,Friend,0,0
RW-102560,Downtown,36,32,Monthly,0,Basic,29,0,0,0,4.2,1,9,13,7,0,0,0,Online ad,0,0
RW-102561,Westfield,51,74,Annual,6,Basic,24,0,0,0,3.8,1,7,11,1,0,0,0,Online ad,1,0
RW-102562,Riverside,53,3,Monthly,0,Plus,49,0,0,1,2.8,0,20,21,2,0,0,0,Walk-in,0,0
RW-102563,Lakeview,64,19,Annual,4,Plus,44,1,1,0,9.5,0,2,2,12,0,0,0,Corporate,0,0
RW-102564,Lakeview,37,20,Monthly,0,Basic,24,1,0,0,5.2,1,6,4,4,3,0,1,Corporate,0,0
RW-102565,Riverside,51,6,Annual,8,Plus,44,0,1,0,2.0,1,1,7,19,0,0,1,Online ad,0,0
RW-102566,Riverside,36,10,Monthly,0,Premium,69,1,0,0,14.2,0,5,6,9,1,0,0,Corporate,0,0
RW-102567,Downtown,60,8,Monthly,0,Basic,29,0,0,0,4.8,1,4,3,1,0,0,0,Friend,0,0
RW-102568,Northgate,35,18,Annual,2,Plus,34,1,0,0,5.4,0,4,8,4,0,1,0,Friend,1,0
RW-102569,Lakeview,33,18,Monthly,0,Plus,49,0,1,0,2.9,1,0,1,30,0,0,0,Friend,0,0
RW-102570,Hillcrest,32,11,Monthly,0,Premium,79,0,0,0,3.1,0,8,3,8,1,0,0,Corporate,0,0
RW-102571,Hillcrest,33,19,Monthly,0,Plus,49,0,0,0,8.6,0,2,9,3,0,0,0,Walk-in,0,0
RW-102572,Lakeview,37,13,Annual,3,Basic,24,0,0,0,2.8,1,9,6,6,0,0,1,Friend,0,0
RW-102573,Riverside,37,2,Annual,8,Plus,44,0,1,0,3.9,0,10,15,2,5,0,0,Walk-in,0,0
RW-102574,Northgate,30,12,Monthly,0,Basic,29,0,0,0,4.0,0,7,11,8,0,0,0,Online ad,0,0
RW-102575,Downtown,20,24,Annual,9,Plus,44,0,0,0,4.4,0,1,6,20,0,1,0,Friend,1,0
RW-102576,Riverside,28,13,Annual,8,Basic,24,0,0,0,10.4,1,5,3,5,0,0,0,Walk-in,0,0
RW-102577,Riverside,25,43,Monthly,0,Basic,29,0,0,0,5.1,0,28,19,5,9,1,0,Online ad,0,0
RW-102578,Lakeview,34,29,Monthly,0,Basic,29,0,1,0,0.8,0,13,12,3,0,1,0,Friend,0,0
RW-102579,Northgate,28,11,Monthly,0,Basic,29,0,0,0,3.1,1,2,5,11,0,0,0,Online ad,0,0
RW-102580,Lakeview,38,3,Monthly,0,Basic,29,0,0,1,1.8,0,10,6,8,1,0,0,Walk-in,1,0
RW-102581,Westfield,48,38,Monthly,0,Plus,49,0,0,0,3.0,0,12,9,0,2,0,0,Online ad,0,0
RW-102582,Northgate,30,14,Monthly,0,Plus,49,0,0,0,4.9,1,12,19,7,0,0,0,Walk-in,0,0
RW-102583,Downtown,66,17,Monthly,0,Basic,29,0,0,0,1.7,0,4,2,8,0,0,0,Corporate,0,1
RW-102584,Westfield,21,2,Monthly,0,Basic,29,0,0,0,10.6,0,3,2,2,1,0,0,Walk-in,0,1
RW-102585,Downtown,40,22,Annual,7,Premium,74,0,0,0,2.8,1,2,11,12,1,0,0,Corporate,0,0
RW-102586,Riverside,31,5,Monthly,0,Plus,49,0,0,0,13.6,1,5,10,4,0,0,1,Online ad,0,0
RW-102587,Northgate,49,29,Monthly,0,Basic,29,0,0,1,8.3,0,8,8,7,4,0,0,Walk-in,0,0
RW-102588,Hillcrest,43,17,Annual,9,Basic,24,1,0,0,7.8,1,7,9,7,0,0,0,Walk-in,0,0
RW-102589,Downtown,35,21,Monthly,0,Basic,29,0,0,0,8.6,1,4,3,13,1,0,0,Corporate,0,1
RW-102590,Northgate,31,120,Monthly,0,Basic,29,0,0,0,7.8,1,14,8,6,5,0,0,Online ad,1,0
RW-102591,Northgate,66,5,Monthly,0,Basic,29,0,0,0,5.4,0,1,7,16,0,0,0,Online ad,0,0
RW-102592,Riverside,24,3,Annual,2,Premium,74,0,0,1,1.1,1,4,18,13,1,0,0,Walk-in,1,0
RW-102593,Westfield,36,45,Annual,1,Basic,24,0,0,0,7.4,1,17,17,6,9,0,0,Friend,0,0
RW-102594,Northgate,67,11,Monthly,0,Premium,79,0,1,1,6.8,1,3,8,4,0,0,0,Corporate,0,0
RW-102595,Lakeview,39,18,Annual,7,Plus,44,0,0,0,1.6,1,17,25,7,2,1,0,Online ad,0,0
RW-102596,Hillcrest,54,27,Monthly,0,Basic,29,0,1,0,4.4,1,14,11,6,2,0,0,Online ad,0,0
RW-102597,Downtown,33,35,Annual,2,Plus,44,0,1,0,15.8,0,1,1,18,0,0,0,Friend,0,0
RW-102598,Downtown,22,23,Annual,8,Premium,74,0,0,1,12.2,1,11,10,4,0,0,0,Online ad,1,0
RW-102599,Northgate,32,34,Monthly,0,Basic,29,0,0,0,2.1,0,1,17,5,1,0,0,Online ad,0,0
RW-102600,Riverside,44,5,Monthly,0,Basic,24,1,0,0,2.9,1,8,12,7,5,0,0,Friend,0,0
RW-102601,Downtown,30,12,Annual,11,Plus,44,0,0,0,4.5,1,2,4,3,2,1,0,Online ad,0,0
RW-102602,Lakeview,23,24,Monthly,0,Basic,29,0,0,0,7.8,0,12,9,6,0,0,0,Walk-in,0,1
RW-102603,Downtown,50,9,Annual,1,Basic,19,1,0,0,6.1,1,11,15,7,0,1,0,Online ad,0,0
RW-102604,Westfield,42,7,Annual,5,Basic,24,0,0,0,14.3,0,3,6,0,0,0,0,Friend,0,0
RW-102605,Westfield,41,37,Monthly,0,Premium,79,0,0,0,2.3,0,11,16,8,1,0,0,Friend,0,0
RW-102606,Downtown,31,54,Monthly,0,Plus,49,0,0,0,2.1,1,2,5,9,0,1,0,Online ad,0,0
RW-102607,Downtown,33,24,Annual,9,Basic,24,0,1,0,7.3,0,8,7,6,5,2,0,Online ad,0,0
RW-102608,Downtown,70,20,Annual,4,Basic,19,1,0,0,9.8,0,4,3,9,0,0,0,Corporate,1,0
RW-102609,Downtown,40,6,Monthly,0,Plus,49,0,1,0,0.8,1,4,9,5,0,0,1,Friend,0,0
RW-102610,Downtown,64,3,Annual,3,Plus,44,0,0,0,3.3,0,0,7,32,0,0,0,Online ad,1,0
RW-102611,Riverside,22,16,Monthly,0,Basic,29,0,0,0,6.0,1,1,3,7,0,0,0,Online ad,0,0
RW-102612,Northgate,31,25,Monthly,0,Premium,69,1,0,0,10.9,1,12,10,7,10,0,0,Online ad,0,0
RW-102613,Hillcrest,32,21,Monthly,0,Basic,29,0,0,0,1.9,1,9,6,5,0,0,0,Online ad,0,0
RW-102614,Northgate,33,10,Monthly,0,Basic,29,0,1,0,8.4,1,3,5,1,0,1,0,Friend,0,0
RW-102615,Northgate,37,9,Monthly,0,Basic,29,0,1,0,2.0,1,1,8,17,0,0,0,Friend,1,0
RW-102616,Northgate,23,4,Monthly,0,Basic,29,0,0,0,1.1,1,8,8,9,2,0,0,Friend,0,0
RW-102617,Downtown,30,63,Monthly,0,Plus,49,0,0,0,3.3,1,28,14,4,15,0,0,Corporate,0,0
RW-102618,Downtown,34,3,Monthly,0,Basic,29,0,0,0,7.3,1,7,8,2,1,1,0,Corporate,0,1
RW-102619,Riverside,42,7,Monthly,0,Plus,49,0,0,0,1.5,1,6,12,1,0,0,0,Online ad,0,1
RW-102620,Westfield,53,8,Monthly,0,Plus,49,0,0,0,3.7,1,11,4,1,1,1,0,Online ad,0,0
RW-102621,Riverside,35,79,Monthly,0,Plus,49,0,0,0,3.8,0,16,16,5,10,1,0,Friend,0,0
RW-102622,Northgate,37,36,Monthly,0,Basic,29,0,0,0,2.2,1,16,15,6,8,0,0,Friend,0,0
RW-102623,Downtown,28,17,Monthly,0,Basic,29,0,0,0,9.1,0,2,1,17,0,0,0,Online ad,0,1
RW-102624,Downtown,33,26,Annual,1,Basic,24,0,0,0,3.3,0,3,28,14,3,0,0,Online ad,0,1
RW-102625,Downtown,27,18,Monthly,0,Basic,29,0,1,0,2.3,0,4,10,4,0,0,1,Online ad,0,0
RW-102626,Riverside,19,33,Monthly,0,Basic,29,0,0,0,4.9,1,10,8,5,7,1,0,Walk-in,1,0
RW-102627,Downtown,31,4,Annual,11,Basic,24,0,0,0,11.3,1,1,4,2,0,0,0,Online ad,0,0
RW-102628,Riverside,34,2,Monthly,0,Plus,49,0,0,0,1.7,1,1,3,0,0,0,0,Walk-in,0,0
RW-102629,Northgate,20,12,Annual,1,Basic,24,0,1,0,13.0,1,2,13,16,1,0,0,Online ad,0,1
RW-102630,Riverside,48,57,Monthly,0,Plus,49,0,0,0,1.8,1,9,10,2,1,1,0,Friend,1,0
RW-102631,Lakeview,39,12,Annual,5,Premium,74,0,0,0,6.9,1,13,19,1,0,0,0,Online ad,0,0
RW-102632,Hillcrest,42,26,Annual,8,Basic,24,0,0,0,1.1,1,10,4,3,5,0,0,Online ad,0,0
RW-102633,Downtown,34,4,Annual,4,Plus,39,1,0,1,7.6,1,7,4,10,8,0,0,Online ad,0,0
RW-102634,Downtown,25,5,Monthly,0,Basic,29,0,0,0,9.8,1,9,9,1,4,0,0,Walk-in,0,0
RW-102635,Riverside,25,29,Monthly,0,Basic,24,1,0,1,3.8,0,28,28,1,2,0,0,Walk-in,0,0
RW-102636,Downtown,37,17,Annual,9,Plus,44,0,0,0,3.8,0,12,20,7,1,0,0,Walk-in,0,0
RW-102637,Hillcrest,49,28,Monthly,0,Basic,19,1,0,0,7.3,0,5,6,4,0,0,0,Walk-in,0,0
RW-102638,Northgate,30,10,Monthly,0,Basic,29,0,0,0,5.4,1,20,10,0,0,0,1,Walk-in,0,0
RW-102639,Downtown,26,3,Annual,8,Plus,44,0,0,0,1.8,0,5,9,1,3,1,0,Corporate,0,0
RW-102640,Hillcrest,35,25,Monthly,0,Basic,29,0,0,1,13.1,0,6,3,11,3,2,1,Walk-in,0,0
RW-102641,Lakeview,29,3,Annual,0,Basic,24,1,0,0,8.9,0,9,10,7,6,0,1,Online ad,0,1
RW-102642,Lakeview,30,12,Annual,8,Premium,74,0,1,0,9.7,0,0,3,59,0,0,1,Friend,0,0
RW-102643,Downtown,41,9,Monthly,0,Premium,79,0,0,0,1.2,1,0,5,72,0,0,0,Walk-in,1,1
RW-102644,Northgate,49,1,Monthly,0,Basic,29,0,0,0,2.0,1,9,0,3,4,0,1,Corporate,0,0
RW-102645,Downtown,23,15,Annual,10,Basic,24,0,1,0,6.7,0,12,6,7,1,0,1,Online ad,0,0
RW-102646,Riverside,34,13,Annual,10,Basic,24,0,0,0,9.0,0,8,7,4,0,2,0,Online ad,0,0
RW-102647,Northgate,22,5,Monthly,0,Basic,29,0,0,0,7.8,1,0,9,31,0,0,0,Walk-in,0,0
RW-102648,Downtown,39,66,Annual,4,Plus,39,1,0,0,2.2,0,10,10,4,3,0,0,Friend,0,0
RW-102649,Downtown,38,2,Annual,6,Plus,44,0,0,0,5.4,1,2,21,13,0,0,1,Online ad,0,1
RW-102650,Lakeview,33,23,Monthly,0,Basic,19,1,0,0,5.2,0,2,9,13,0,0,0,Friend,0,1
RW-102651,Lakeview,31,37,Monthly,0,Plus,49,0,0,0,2.1,1,28,28,4,19,0,1,Online ad,0,0
RW-102652,Riverside,36,15,Monthly,0,Basic,29,0,0,0,3.2,0,1,4,9,1,0,0,Online ad,0,1
RW-102653,Lakeview,27,26,Monthly,0,Plus,44,1,0,0,8.6,1,23,15,4,11,0,0,Online ad,0,0
RW-102654,Downtown,37,20,Monthly,0,Basic,24,1,0,1,10.7,1,2,3,2,0,0,1,Online ad,0,0
RW-102655,Downtown,29,23,Annual,9,Basic,14,1,0,0,14.1,0,5,9,7,3,0,0,Corporate,1,0
RW-102656,Lakeview,37,48,Annual,4,Basic,24,0,1,0,6.7,1,22,16,1,1,0,0,Online ad,0,0
RW-102657,Downtown,41,48,Monthly,0,Plus,49,0,0,0,3.2,1,16,13,1,8,0,1,Friend,0,0
RW-102658,Lakeview,25,22,Monthly,0,Plus,49,0,0,0,6.5,1,3,14,7,1,0,0,Friend,1,1
RW-102659,Hillcrest,35,51,Monthly,0,Premium,69,1,0,1,21.4,1,5,5,10,2,0,0,Friend,0,1
RW-102660,Downtown,23,27,Monthly,0,Premium,79,0,0,0,1.6,0,3,3,6,1,0,1,Walk-in,0,1
RW-102661,Lakeview,32,59,Monthly,0,Basic,29,0,0,0,1.9,1,9,13,7,4,0,0,Online ad,0,0
RW-102662,Riverside,56,21,Monthly,0,Premium,79,0,0,1,4.3,1,0,13,37,0,0,0,Walk-in,0,1
RW-102663,Riverside,20,27,Annual,10,Premium,74,0,0,1,8.8,1,1,11,2,0,0,0,Walk-in,0,1
RW-102664,Northgate,39,5,Monthly,0,Basic,29,0,0,0,3.9,0,7,6,0,0,0,0,Online ad,1,1
RW-102665,Lakeview,30,62,Monthly,0,Plus,49,0,0,0,12.3,1,9,13,8,0,0,0,Online ad,1,0
RW-102666,Riverside,48,31,Annual,6,Basic,19,1,0,0,1.2,0,4,4,13,2,0,0,Friend,0,0
RW-102667,Riverside,43,8,Monthly,0,Basic,29,0,0,0,4.5,1,8,13,8,0,0,0,Online ad,1,0
RW-102668,Hillcrest,36,8,Monthly,0,Basic,29,0,1,0,8.8,0,28,28,3,1,1,0,Walk-in,0,0
RW-102669,Riverside,33,9,Monthly,0,Plus,49,0,0,0,7.4,1,13,13,5,0,0,0,Friend,0,0
RW-102670,Riverside,26,15,Annual,10,Basic,24,0,0,0,4.1,0,3,3,9,0,0,0,Friend,1,0
RW-102671,Riverside,27,16,Annual,8,Basic,19,1,0,0,2.3,0,2,3,8,0,0,0,Walk-in,1,0
RW-102672,Lakeview,22,6,Monthly,0,Basic,29,0,0,0,3.0,0,2,9,8,0,0,0,Online ad,0,0
RW-102673,Downtown,32,1,Monthly,0,Basic,29,0,1,0,7.1,0,1,0,13,0,1,0,Online ad,0,0
RW-102674,Downtown,23,6,Annual,3,Premium,74,0,0,0,3.9,1,28,28,1,0,1,0,Online ad,0,0
RW-102675,Riverside,44,87,Monthly,0,Basic,29,0,1,0,7.1,0,5,2,4,0,0,1,Online ad,1,0
RW-102676,Hillcrest,48,2,Annual,8,Basic,24,0,1,0,4.5,0,0,7,62,0,1,0,Corporate,1,0
RW-102677,Riverside,28,55,Monthly,0,Basic,29,0,0,0,3.8,0,23,18,3,7,0,0,Walk-in,0,0
RW-102678,Northgate,49,18,Annual,8,Plus,44,0,0,0,2.7,0,9,13,3,1,1,0,Online ad,0,0
RW-102679,Lakeview,33,45,Monthly,0,Plus,44,1,0,0,1.2,1,1,4,16,0,0,0,Online ad,0,1
RW-102680,Hillcrest,51,2,Monthly,0,Basic,29,0,1,0,6.1,1,8,21,5,0,0,0,Walk-in,0,0
RW-102681,Northgate,28,17,Monthly,0,Plus,49,0,0,0,3.1,1,3,20,5,0,0,0,Friend,0,0
RW-102682,Northgate,45,9,Monthly,0,Basic,29,0,0,0,7.5,0,9,11,3,10,0,0,Walk-in,0,1
RW-102683,Northgate,35,16,Annual,8,Plus,44,0,0,0,5.4,1,7,7,1,4,0,0,Friend,0,0
RW-102684,Hillcrest,43,47,Monthly,0,Basic,24,1,0,0,7.2,0,4,5,13,1,1,0,Walk-in,1,0
RW-102685,Downtown,35,17,Monthly,0,Premium,79,0,1,0,7.5,0,13,11,2,2,1,0,Friend,0,0
RW-102686,Westfield,34,12,Annual,5,Basic,19,1,0,0,9.1,0,2,4,2,0,0,1,Walk-in,0,0
RW-102687,Hillcrest,67,64,Monthly,0,Basic,29,0,0,1,1.6,0,12,3,8,6,0,0,Online ad,1,0
RW-102688,Westfield,38,5,Annual,3,Plus,44,0,0,0,5.0,0,6,4,1,3,1,0,Friend,0,0
RW-102689,Lakeview,32,65,Monthly,0,Basic,29,1,0,0,12.9,0,11,9,1,0,1,0,Online ad,1,0
RW-102690,Riverside,37,41,Monthly,0,Basic,29,0,0,0,25.5,0,2,1,10,0,0,0,Online ad,0,0
RW-102691,Northgate,57,16,Monthly,0,Basic,29,0,0,1,4.2,0,8,17,8,5,1,0,Online ad,0,1
RW-102692,Riverside,27,5,Monthly,0,Plus,49,0,0,0,2.1,1,4,8,11,1,1,0,Walk-in,0,0
RW-102693,Northgate,46,29,Annual,9,Basic,24,0,0,0,11.3,0,11,9,3,0,0,0,Friend,0,0
RW-102694,Westfield,29,9,Annual,11,Basic,24,0,0,0,6.3,1,19,14,2,12,0,0,Corporate,0,0
RW-102695,Westfield,60,2,Monthly,0,Plus,49,0,0,0,4.5,1,8,13,5,4,1,0,Walk-in,0,1
RW-102696,Lakeview,21,12,Annual,3,Basic,24,0,0,0,2.1,1,3,1,8,0,2,0,Corporate,1,0
RW-102697,Downtown,43,6,Annual,4,Premium,74,0,0,1,13.5,0,5,8,4,0,0,0,Walk-in,0,0
RW-102698,Lakeview,33,24,Annual,2,Premium,74,0,0,0,7.4,1,3,16,14,1,0,0,Online ad,0,0
RW-102699,Downtown,33,45,Annual,7,Plus,44,0,1,0,3.6,1,6,7,0,2,0,0,Friend,0,0
RW-102700,Northgate,42,54,Monthly,0,Basic,29,0,0,0,2.5,0,4,3,11,1,0,0,Friend,0,0
RW-102701,Hillcrest,34,5,Annual,11,Basic,24,0,0,0,3.7,1,5,5,1,2,0,0,Corporate,0,1
RW-102702,Northgate,57,4,Monthly,0,Plus,49,0,0,0,3.3,0,10,8,7,0,1,1,Online ad,0,1
RW-102703,Northgate,41,22,Monthly,0,Premium,74,1,0,1,7.5,1,6,12,1,0,0,0,Friend,0,0
RW-102704,Downtown,35,44,Monthly,0,Premium,79,0,0,0,5.6,0,9,7,1,2,0,0,Online ad,0,0
RW-102705,Northgate,32,23,Annual,3,Plus,39,1,0,0,6.9,0,7,6,1,4,1,1,Friend,0,0
RW-102706,Riverside,44,34,Monthly,0,Plus,49,1,0,0,1.4,1,4,4,9,0,0,1,Online ad,0,1
RW-102707,Westfield,39,12,Monthly,0,Plus,49,0,0,0,3.1,1,3,12,6,2,0,0,Online ad,0,1
RW-102708,Downtown,30,1,Annual,3,Plus,44,0,0,0,2.3,0,7,0,2,0,0,1,Online ad,0,0
RW-102709,Riverside,20,70,Annual,1,Plus,44,0,0,0,4.1,1,13,17,4,7,0,0,Friend,2,1
RW-102710,Downtown,44,36,Monthly,0,Plus,44,1,0,0,6.9,0,1,8,2,0,0,0,Friend,0,0
RW-102711,Northgate,35,2,Annual,8,Plus,44,0,0,0,18.7,0,8,9,1,0,0,0,Online ad,0,0
RW-102712,Riverside,45,62,Annual,2,Basic,24,0,1,0,2.3,0,20,21,3,7,0,0,Corporate,0,0
RW-102713,Hillcrest,22,21,Annual,6,Premium,69,1,0,1,6.2,0,12,16,7,3,0,0,Online ad,0,0
RW-102714,Riverside,41,41,Monthly,0,Basic,19,1,1,0,1.3,1,13,19,6,0,1,0,Walk-in,0,0
RW-102715,Westfield,44,57,Annual,0,Plus,44,0,1,0,7.5,0,11,10,8,0,0,0,Walk-in,0,0
RW-102716,Hillcrest,21,3,Monthly,0,Basic,19,1,0,0,2.6,0,4,8,4,1,0,0,Friend,1,1
RW-102717,Hillcrest,39,15,Annual,2,Premium,74,0,1,0,5.4,0,6,5,5,0,0,0,Walk-in,0,0
RW-102718,Northgate,72,15,Annual,2,Plus,34,1,1,0,7.2,1,7,4,5,0,0,0,Friend,0,0
RW-102719,Northgate,24,31,Annual,2,Basic,24,0,0,0,6.1,0,7,7,2,4,0,0,Online ad,1,0
RW-102720,Northgate,29,22,Monthly,0,Basic,29,0,0,0,22.1,0,1,2,2,2,0,0,Walk-in,0,1
RW-102721,Lakeview,21,26,Monthly,0,Basic,29,0,0,0,2.9,0,6,6,3,5,0,0,Online ad,0,1
RW-102722,Downtown,27,8,Monthly,0,Plus,49,0,0,0,7.5,0,1,2,15,1,1,1,Online ad,0,0
RW-102723,Westfield,29,10,Monthly,0,Basic,29,0,0,1,4.3,0,0,3,37,0,0,0,Online ad,0,0
RW-102724,Northgate,25,2,Monthly,0,Plus,49,0,0,0,7.6,0,5,11,1,2,1,0,Online ad,1,0
RW-102725,Downtown,27,8,Monthly,0,Basic,29,0,0,0,3.5,0,8,5,6,4,0,0,Online ad,0,0
RW-102726,Westfield,35,8,Annual,4,Plus,39,1,0,0,11.9,0,5,6,11,5,0,0,Online ad,0,0
RW-102727,Lakeview,22,13,Monthly,0,Plus,49,0,0,0,3.1,0,7,4,2,2,0,0,Corporate,1,0
RW-102728,Riverside,41,30,Monthly,0,Premium,69,1,0,0,8.4,0,2,3,13,0,0,0,Friend,0,1
RW-102729,Riverside,57,33,Monthly,0,Plus,49,0,0,1,4.6,1,2,2,9,2,0,1,Corporate,0,0
RW-102730,Downtown,27,38,Monthly,0,Premium,79,0,1,0,4.5,0,5,2,6,2,0,1,Friend,1,0
RW-102731,Northgate,41,34,Monthly,0,Basic,29,1,0,0,3.6,1,6,10,0,2,0,0,Corporate,0,1
RW-102732,Northgate,21,15,Monthly,0,Basic,29,0,0,0,9.2,1,4,3,10,0,1,0,Friend,0,0
RW-102733,Westfield,53,4,Monthly,0,Basic,29,0,0,0,2.6,1,0,5,42,0,0,0,Friend,0,0
RW-102734,Northgate,34,14,Monthly,0,Premium,79,0,0,0,9.5,1,5,2,7,1,0,0,Online ad,0,0
RW-102735,Westfield,27,46,Monthly,0,Plus,44,1,0,0,19.8,1,6,5,5,1,0,0,Online ad,1,0
RW-102736,Northgate,42,51,Monthly,0,Basic,24,1,0,1,3.1,0,9,15,8,2,0,0,Friend,0,0
RW-102737,Northgate,34,2,Monthly,0,Basic,19,1,1,0,4.9,0,6,3,2,1,0,0,Online ad,0,1
RW-102738,Northgate,41,29,Annual,0,Basic,24,0,0,0,12.2,1,1,8,13,0,0,1,Online ad,0,1
RW-102739,Riverside,22,12,Annual,10,Plus,44,0,1,0,3.6,0,1,3,2,0,0,0,Friend,0,0
RW-102740,Downtown,47,7,Monthly,0,Basic,29,0,0,0,4.1,1,4,6,7,1,0,0,Walk-in,0,0
RW-102741,Downtown,50,36,Annual,9,Basic,24,0,0,0,3.7,0,7,5,7,0,0,0,Online ad,0,0
RW-102742,Hillcrest,56,120,Annual,1,Basic,24,0,0,0,3.0,1,9,11,8,6,0,1,Online ad,0,0
RW-102743,Lakeview,25,6,Annual,9,Plus,44,0,1,0,5.7,0,3,2,4,0,1,0,Corporate,0,0
RW-102744,Riverside,41,10,Annual,11,Plus,44,0,0,0,1.8,0,2,1,13,0,1,0,Friend,0,0
RW-102745,Downtown,40,11,Annual,8,Plus,44,0,0,0,12.6,0,2,4,12,0,0,0,Walk-in,1,0
RW-102746,Riverside,46,3,Annual,0,Plus,44,0,1,0,1.9,1,19,18,6,0,0,1,Walk-in,0,0
RW-102747,Lakeview,31,34,Monthly,0,Basic,24,1,0,0,5.8,1,10,2,1,2,2,0,Online ad,1,0
RW-102748,Downtown,53,2,Monthly,0,Premium,79,1,0,0,3.9,0,5,14,12,1,0,0,Online ad,0,1
RW-102749,Lakeview,40,31,Monthly,0,Premium,74,1,0,0,3.6,1,5,10,5,0,0,0,Friend,0,0
RW-102750,Northgate,38,18,Annual,2,Plus,44,0,0,0,2.7,1,4,7,7,4,1,1,Friend,1,0
RW-102751,Hillcrest,33,12,Annual,2,Basic,19,1,0,0,6.3,0,8,9,1,0,1,1,Friend,0,0
RW-102752,Hillcrest,39,2,Monthly,0,Basic,29,0,0,0,3.5,1,4,5,8,1,0,0,Online ad,0,1
RW-102753,Westfield,47,4,Annual,5,Premium,74,0,0,0,7.4,0,4,11,4,3,0,0,Friend,1,0
RW-102754,Northgate,27,2,Monthly,0,Basic,24,1,0,0,1.4,1,6,5,6,4,1,0,Walk-in,1,1
RW-102755,Riverside,46,23,Annual,9,Premium,74,0,0,0,3.5,1,2,3,10,0,0,0,Online ad,0,0
RW-102756,Riverside,22,28,Monthly,0,Plus,49,0,0,0,6.5,1,9,12,1,2,0,1,Friend,0,0
RW-102757,Downtown,22,4,Monthly,0,Basic,29,0,0,0,22.3,1,22,15,2,0,0,0,Corporate,1,1
RW-102758,Northgate,30,3,Monthly,0,Basic,29,0,0,0,2.7,0,14,8,5,2,1,1,Online ad,0,0
RW-102759,Riverside,22,6,Monthly,0,Plus,49,0,0,0,3.8,1,5,6,6,0,0,0,Friend,0,0
RW-102760,Downtown,72,10,Monthly,0,Basic,29,0,0,0,8.1,1,8,15,2,0,0,0,Corporate,0,1
RW-102761,Hillcrest,34,25,Annual,0,Plus,44,0,0,1,2.4,1,14,24,1,6,0,0,Corporate,1,0
RW-102762,Westfield,24,14,Annual,5,Premium,74,1,0,0,3.8,0,1,4,13,0,1,0,Online ad,0,0
RW-102763,Lakeview,67,4,Monthly,0,Plus,49,0,0,1,3.3,1,8,6,9,4,0,0,Online ad,0,0
RW-102764,Northgate,41,12,Monthly,0,Premium,79,0,0,1,3.2,1,4,4,11,0,1,0,Online ad,0,0
RW-102765,Downtown,21,20,Monthly,0,Plus,44,1,1,0,2.8,1,11,4,5,1,0,0,Friend,0,1
RW-102766,Hillcrest,42,8,Monthly,0,Plus,49,0,0,0,5.7,1,16,12,4,8,0,0,Walk-in,0,0
RW-102767,Riverside,38,14,Monthly,0,Basic,29,0,0,0,3.7,1,11,8,4,1,0,0,Walk-in,0,0
RW-102768,Northgate,28,67,Annual,2,Basic,24,1,0,0,12.1,1,11,20,5,5,0,0,Corporate,0,0
RW-102769,Riverside,37,6,Monthly,0,Plus,49,0,0,0,3.3,1,5,6,8,0,0,0,Corporate,0,0
RW-102770,Downtown,39,5,Annual,5,Basic,19,1,0,0,4.9,1,7,5,9,0,0,1,Online ad,1,0
RW-102771,Hillcrest,24,5,Annual,5,Plus,39,1,0,0,6.0,1,5,6,11,0,1,0,Corporate,1,0
RW-102772,Hillcrest,29,38,Annual,9,Basic,24,0,0,0,26.3,0,0,10,52,0,2,0,Online ad,0,1
RW-102773,Northgate,31,2,Monthly,0,Plus,49,1,1,0,5.0,1,15,14,3,5,0,0,Walk-in,1,0
RW-102774,Lakeview,23,7,Monthly,0,Plus,49,0,1,0,20.4,1,5,8,9,1,1,0,Friend,0,1
RW-102775,Downtown,26,8,Annual,0,Plus,44,0,0,0,14.4,0,9,3,9,0,0,0,Online ad,0,1
RW-102776,Lakeview,23,14,Monthly,0,Plus,49,0,0,0,1.7,0,9,12,4,1,0,0,Walk-in,1,1
RW-102777,Hillcrest,45,37,Annual,6,Plus,44,0,0,0,3.1,0,28,28,2,1,0,0,Online ad,0,0
RW-102778,Westfield,36,24,Monthly,0,Basic,29,0,0,0,5.5,1,3,4,2,0,0,0,Friend,0,1
RW-102779,Downtown,41,27,Annual,3,Plus,44,0,1,0,6.9,0,1,3,11,0,0,0,Friend,0,0
RW-102780,Northgate,29,14,Monthly,0,Plus,49,0,0,0,1.8,1,6,7,5,0,0,0,Walk-in,1,1
RW-102781,Hillcrest,30,1,Monthly,0,Plus,49,0,1,0,7.1,1,2,0,16,0,1,0,Friend,0,0
RW-102782,Hillcrest,54,63,Monthly,0,Premium,79,0,0,0,1.4,0,9,7,5,0,0,0,Friend,2,0
RW-102783,Lakeview,55,12,Annual,2,Plus,44,0,0,0,4.2,0,7,12,4,4,0,0,Friend,0,0
RW-102784,Hillcrest,31,23,Monthly,0,Plus,49,0,0,0,4.6,1,28,20,3,15,1,0,Online ad,0,0
RW-102785,Riverside,40,15,Monthly,0,Premium,79,0,0,1,5.6,0,0,4,49,0,0,0,Walk-in,0,1
RW-102786,Riverside,55,51,Annual,1,Plus,44,0,0,0,5.0,1,8,11,6,0,0,0,Online ad,1,0
RW-102787,Hillcrest,34,42,Annual,0,Basic,24,0,1,0,5.7,1,9,16,8,0,0,0,Walk-in,0,1
RW-102788,Riverside,31,25,Monthly,0,Basic,29,0,0,0,2.6,1,28,28,0,10,1,0,Walk-in,1,0
RW-102789,Downtown,36,33,Monthly,0,Premium,79,0,0,0,1.6,1,7,2,3,5,0,0,Online ad,0,0
RW-102790,Riverside,39,42,Annual,1,Basic,24,0,0,0,4.9,1,16,18,3,11,0,0,Walk-in,0,1
RW-102791,Riverside,32,2,Annual,2,Basic,19,1,0,0,6.4,0,3,5,8,0,0,0,Walk-in,0,0
RW-102792,Downtown,47,10,Monthly,0,Premium,79,0,0,1,3.1,1,6,10,9,0,0,0,Friend,0,0
RW-102793,Westfield,43,39,Monthly,0,Premium,79,0,0,1,15.5,1,8,10,3,8,0,0,Walk-in,0,0
RW-102794,Westfield,46,6,Monthly,0,Plus,49,0,0,0,12.3,1,6,12,2,3,1,1,Online ad,0,1
RW-102795,Northgate,23,40,Monthly,0,Basic,29,0,0,0,5.5,1,11,14,4,1,0,0,Walk-in,0,0
RW-102796,Riverside,18,4,Monthly,0,Premium,79,0,0,0,7.2,1,17,15,7,8,1,0,Online ad,0,0
RW-102797,Westfield,19,24,Monthly,0,Basic,29,0,0,0,2.6,1,10,17,5,1,0,0,Friend,1,1
RW-102798,Westfield,50,17,Monthly,0,Basic,29,0,0,0,3.9,1,4,8,11,3,0,0,Friend,1,0
RW-102799,Riverside,64,70,Annual,0,Basic,24,0,0,0,5.8,0,7,7,2,3,1,0,Walk-in,0,0
RW-102800,Westfield,78,19,Annual,2,Premium,74,0,0,1,4.3,1,15,16,2,2,0,0,Online ad,0,0
RW-102801,Westfield,21,36,Annual,5,Basic,24,1,0,1,2.2,0,12,13,2,0,0,0,Corporate,1,0
RW-102802,Riverside,76,34,Monthly,0,Basic,29,1,0,0,14.3,1,8,13,5,2,0,0,Walk-in,1,0
RW-102803,Downtown,35,3,Annual,9,Basic,19,1,0,0,3.1,1,0,10,105,0,0,0,Walk-in,0,1
RW-102804,Northgate,45,18,Monthly,0,Premium,69,1,0,0,3.3,0,10,8,5,0,0,0,Walk-in,1,0
RW-102805,Northgate,35,93,Annual,4,Basic,24,0,0,0,5.9,1,5,8,2,1,0,0,Friend,0,0
RW-102806,Riverside,25,30,Monthly,0,Plus,49,0,0,0,3.9,0,10,15,4,0,0,1,Walk-in,0,1
RW-102807,Downtown,25,28,Monthly,0,Plus,49,0,0,0,4.6,0,3,21,3,0,0,0,Friend,0,1
RW-102808,Westfield,31,35,Annual,11,Plus,39,1,0,1,4.4,1,11,16,4,0,0,0,Online ad,0,0
RW-102809,Hillcrest,44,25,Monthly,0,Plus,49,0,0,0,1.2,1,8,9,7,8,0,0,Walk-in,0,0
RW-102810,Hillcrest,27,10,Monthly,0,Plus,39,1,0,0,4.9,1,6,4,6,0,0,1,Friend,0,0
RW-102811,Northgate,25,2,Annual,6,Basic,24,0,1,0,1.6,1,12,20,4,5,1,1,Friend,0,0
RW-102812,Westfield,41,2,Annual,0,Basic,24,1,0,0,4.5,0,4,7,1,0,1,0,Online ad,0,1
RW-102813,Northgate,26,5,Monthly,0,Basic,29,1,0,0,2.1,1,2,6,2,0,0,0,Online ad,0,0
RW-102814,Northgate,36,3,Monthly,0,Basic,29,0,0,0,5.2,0,6,3,11,0,0,0,Online ad,0,1
RW-102815,Riverside,35,25,Monthly,0,Plus,49,0,0,0,10.2,1,9,10,8,0,0,0,Walk-in,0,0
RW-102816,Riverside,29,19,Annual,7,Basic,24,0,0,0,1.1,1,6,14,6,3,1,0,Walk-in,0,0
RW-102817,Westfield,24,36,Annual,8,Plus,44,0,0,0,0.8,0,1,7,18,0,0,0,Online ad,0,0
RW-102818,Downtown,41,21,Monthly,0,Premium,74,1,0,0,2.0,1,18,27,4,15,0,0,Walk-in,0,0
RW-102819,Riverside,28,11,Annual,5,Plus,44,0,0,0,5.0,0,6,5,9,4,0,1,Walk-in,0,0
RW-102820,Downtown,57,13,Monthly,0,Premium,74,1,0,0,5.4,0,6,7,3,3,0,0,Friend,0,0
RW-102821,Hillcrest,58,11,Monthly,0,Basic,29,0,0,0,3.4,0,3,7,3,2,0,0,Online ad,0,1
RW-102822,Riverside,59,14,Monthly,0,Plus,49,0,1,1,11.6,1,14,17,0,7,0,0,Online ad,0,0
RW-102823,Westfield,43,17,Monthly,0,Basic,29,0,0,0,1.9,0,7,7,8,1,0,1,Corporate,0,0
RW-102824,Westfield,24,38,Monthly,0,Basic,19,1,0,0,1.8,0,7,7,0,4,0,0,Online ad,0,0
RW-102825,Downtown,45,13,Monthly,0,Basic,29,0,1,1,4.8,1,14,10,6,7,0,0,Friend,0,0
RW-102826,Westfield,41,29,Monthly,0,Basic,29,0,0,0,6.4,1,12,6,5,1,1,0,Online ad,0,0
RW-102827,Downtown,29,9,Monthly,0,Plus,49,0,0,0,8.3,1,5,5,7,4,1,1,Walk-in,0,0
RW-102828,Lakeview,22,11,Annual,8,Basic,24,0,1,0,4.3,1,20,17,0,8,0,0,Corporate,0,0
RW-102829,Riverside,43,24,Monthly,0,Plus,49,0,0,0,14.5,0,8,8,5,5,0,1,Walk-in,0,0
RW-102830,Downtown,26,22,Monthly,0,Basic,29,0,0,0,6.7,0,1,4,13,0,0,0,Walk-in,0,0
RW-102831,Riverside,30,16,Annual,1,Plus,44,0,0,0,8.1,0,5,7,9,1,0,1,Walk-in,0,1
RW-102832,Riverside,44,2,Monthly,0,Plus,49,0,0,0,5.7,1,3,3,9,1,0,0,Walk-in,0,0
RW-102833,Hillcrest,44,36,Monthly,0,Plus,49,0,0,0,4.3,0,24,16,4,11,0,0,Online ad,1,1
RW-102834,Lakeview,31,16,Annual,10,Premium,74,0,1,0,16.0,1,22,15,1,6,0,1,Walk-in,0,0
RW-102835,Lakeview,30,11,Annual,8,Premium,74,0,0,0,4.1,0,12,8,1,0,0,1,Corporate,0,0
RW-102836,Riverside,47,31,Annual,9,Basic,24,0,0,0,10.7,0,5,10,2,1,0,0,Online ad,0,0
RW-102837,Lakeview,38,25,Monthly,0,Plus,49,0,0,0,4.7,1,23,17,3,0,0,0,Walk-in,0,1
RW-102838,Riverside,70,7,Monthly,0,Plus,49,0,1,1,20.4,1,3,3,2,1,0,0,Walk-in,1,0
RW-102839,Riverside,35,72,Monthly,0,Basic,29,0,0,0,5.7,1,8,13,2,0,0,0,Online ad,0,0
RW-102840,Hillcrest,35,1,Monthly,0,Basic,29,0,0,0,2.1,1,2,0,17,0,0,0,Online ad,0,0
RW-102841,Westfield,28,36,Monthly,0,Plus,49,1,1,0,3.2,0,21,19,4,11,0,0,Online ad,0,0
RW-102842,Downtown,33,6,Annual,10,Plus,44,0,0,0,7.9,0,0,2,32,0,0,0,Online ad,0,0
RW-102843,Downtown,33,5,Monthly,0,Plus,49,0,1,0,5.0,1,8,14,7,0,0,0,Corporate,0,0
RW-102844,Riverside,23,16,Annual,4,Premium,74,0,0,0,0.6,1,5,7,8,0,0,0,Friend,0,0
RW-102845,Lakeview,33,54,Monthly,0,Plus,49,0,0,0,5.4,1,15,6,0,10,0,0,Online ad,0,0
RW-102846,Riverside,24,39,Monthly,0,Basic,19,1,0,0,7.7,1,7,4,1,0,0,0,Friend,0,0
RW-102847,Westfield,32,23,Monthly,0,Basic,29,1,0,0,6.8,0,22,9,2,0,0,0,Friend,1,0
RW-102848,Hillcrest,67,19,Annual,9,Basic,24,0,1,1,8.1,0,7,8,1,2,0,0,Online ad,0,0
RW-102849,Lakeview,18,53,Monthly,0,Plus,39,1,0,0,1.9,1,10,8,2,0,0,0,Walk-in,0,0
RW-102850,Riverside,26,12,Monthly,0,Basic,29,0,0,0,4.1,1,10,13,8,1,0,0,Online ad,1,1
RW-102851,Downtown,29,22,Monthly,0,Basic,29,0,0,0,2.3,0,4,3,8,0,0,1,Friend,0,0
RW-102852,Riverside,28,7,Annual,2,Premium,74,0,0,1,14.2,1,6,2,3,0,0,0,Walk-in,0,0
RW-102853,Riverside,35,22,Annual,5,Basic,24,0,0,0,13.0,1,6,5,3,1,0,0,Online ad,0,0
RW-102854,Northgate,43,16,Monthly,0,Premium,69,1,0,0,2.0,0,4,4,4,1,0,0,Online ad,0,0
RW-102855,Lakeview,36,8,Monthly,0,Basic,29,0,1,0,1.9,1,14,11,1,1,1,0,Friend,0,0
RW-102856,Riverside,28,56,Annual,6,Basic,24,0,1,0,10.3,1,1,28,4,0,1,1,Walk-in,0,0
RW-102857,Northgate,38,47,Monthly,0,Premium,79,0,0,0,2.3,0,11,6,1,6,1,0,Walk-in,0,0
RW-102858,Hillcrest,32,7,Annual,11,Premium,74,0,0,0,7.1,1,4,7,11,0,0,0,Friend,0,0
RW-102859,Northgate,46,10,Monthly,0,Premium,79,0,0,0,8.1,0,8,16,1,0,0,1,Online ad,0,1
RW-102860,Hillcrest,30,3,Monthly,0,Plus,44,1,0,0,3.6,1,2,11,10,4,0,0,Walk-in,0,0
RW-102861,Northgate,26,3,Monthly,0,Premium,74,1,0,0,2.9,0,9,11,4,0,0,1,Friend,0,1
RW-102862,Downtown,50,3,Annual,11,Plus,44,0,0,0,2.4,1,5,11,8,0,0,1,Corporate,0,0
RW-102863,Downtown,63,5,Monthly,0,Plus,49,0,0,0,4.8,1,7,7,0,2,2,0,Online ad,0,0
RW-102864,Westfield,31,14,Monthly,0,Basic,29,0,0,0,12.2,0,4,6,7,0,0,0,Walk-in,1,1
RW-102865,Hillcrest,37,5,Annual,3,Basic,24,0,0,0,8.1,1,15,4,6,4,0,0,Friend,0,0
RW-102866,Downtown,35,16,Annual,6,Basic,24,0,0,0,10.0,0,3,8,4,2,1,0,Friend,0,0
RW-102867,Lakeview,38,14,Annual,9,Plus,44,0,0,0,6.3,0,5,5,10,0,1,0,Online ad,1,0
RW-102868,Northgate,25,47,Monthly,0,Basic,29,0,0,0,9.8,0,8,10,7,3,0,0,Friend,0,0
RW-102869,Northgate,25,6,Monthly,0,Premium,79,0,0,1,2.1,1,4,7,12,0,0,0,Online ad,0,0
RW-102870,Riverside,36,13,Annual,4,Basic,24,0,0,0,14.2,1,2,0,0,0,0,1,Friend,0,0
RW-102871,Downtown,56,51,Monthly,0,Basic,29,0,0,0,2.9,0,2,7,10,0,0,0,Online ad,1,1
RW-102872,Downtown,22,44,Monthly,0,Basic,29,0,0,0,3.1,1,25,13,2,13,1,0,Walk-in,0,0
RW-102873,Downtown,34,13,Monthly,0,Plus,49,0,1,0,3.6,0,7,7,5,1,1,0,Walk-in,0,0
RW-102874,Lakeview,28,11,Monthly,0,Basic,29,0,1,0,5.4,1,3,5,4,0,0,1,Friend,0,0
RW-102875,Riverside,54,51,Monthly,0,Plus,49,0,0,0,11.9,0,2,5,11,0,0,1,Walk-in,0,0
RW-102876,Downtown,23,13,Monthly,0,Premium,79,1,0,0,6.0,1,2,5,6,0,0,1,Friend,1,1
RW-102877,Riverside,44,55,Annual,9,Plus,44,1,0,0,1.2,0,3,6,0,0,1,0,Walk-in,0,0
RW-102878,Hillcrest,49,28,Annual,6,Premium,74,0,0,1,1.0,1,2,22,2,0,1,0,Walk-in,0,0
RW-102879,Northgate,32,5,Monthly,0,Plus,49,0,0,0,6.3,1,15,12,1,3,0,1,Online ad,0,1
RW-102880,Northgate,33,9,Monthly,0,Basic,29,0,0,0,3.3,0,6,7,4,0,0,0,Walk-in,0,0
RW-102881,Northgate,29,14,Annual,1,Plus,44,1,0,0,2.2,0,3,7,10,0,0,0,Corporate,0,1
RW-102882,Westfield,27,19,Monthly,0,Premium,79,0,0,1,2.3,1,8,11,9,0,0,1,Online ad,0,0
RW-102883,Northgate,44,8,Annual,2,Premium,74,0,0,1,8.2,1,12,23,7,6,0,1,Walk-in,0,0
RW-102884,Lakeview,26,4,Monthly,0,Basic,29,0,0,0,4.9,0,5,2,0,0,0,0,Online ad,0,0
RW-102885,Lakeview,22,47,Annual,8,Premium,64,1,0,0,1.5,0,10,6,8,0,1,0,Friend,0,0
RW-102886,Riverside,41,6,Annual,4,Plus,34,1,0,0,7.3,0,5,6,4,1,1,0,Walk-in,0,0
RW-102887,Westfield,55,12,Annual,8,Basic,24,0,1,0,12.0,1,4,3,7,1,0,1,Corporate,1,0
RW-102888,Hillcrest,25,3,Annual,2,Premium,74,0,0,1,3.8,1,28,28,1,2,0,0,Friend,0,0
RW-102889,Riverside,48,16,Annual,0,Premium,74,0,1,0,5.1,1,28,24,4,11,1,1,Corporate,0,0
RW-102890,Riverside,25,72,Annual,11,Basic,24,0,0,0,5.4,1,5,4,9,0,0,0,Walk-in,0,0
RW-102891,Downtown,38,12,Monthly,0,Basic,29,0,0,0,8.8,1,22,23,4,3,0,1,Online ad,2,0
RW-102892,Riverside,41,25,Monthly,0,Basic,29,0,0,0,4.6,0,5,8,11,4,0,0,Online ad,1,0
RW-102893,Hillcrest,26,7,Annual,5,Basic,19,1,0,0,10.2,1,10,3,7,2,0,0,Friend,1,0
RW-102894,Hillcrest,39,70,Annual,10,Plus,44,0,0,0,6.1,1,4,14,9,0,1,1,Walk-in,0,0
RW-102895,Downtown,28,64,Monthly,0,Premium,79,1,0,0,8.1,1,6,12,11,2,0,0,Online ad,0,0
RW-102896,Lakeview,26,25,Annual,11,Basic,24,0,0,0,3.5,0,17,12,4,0,1,1,Walk-in,0,0
RW-102897,Northgate,24,24,Monthly,0,Basic,29,0,0,0,3.7,0,0,4,33,0,0,1,Online ad,0,1
RW-102898,Lakeview,78,46,Monthly,0,Plus,49,1,0,0,1.6,1,7,10,7,4,0,0,Online ad,0,0
RW-102899,Northgate,33,32,Monthly,0,Plus,44,1,1,0,3.6,1,7,7,1,0,1,1,Walk-in,0,0
RW-102900,Downtown,28,16,Annual,10,Plus,44,0,0,0,2.5,1,26,13,4,2,0,0,Online ad,0,0
RW-102901,Hillcrest,44,8,Monthly,0,Basic,29,0,0,0,3.9,1,5,9,12,0,0,0,Online ad,1,0
RW-102902,Northgate,50,9,Annual,8,Plus,44,0,0,0,5.2,0,13,7,5,8,0,0,Friend,0,0
RW-102903,Westfield,28,35,Monthly,0,Basic,19,1,0,0,7.2,1,5,9,11,1,0,0,Friend,0,0
RW-102904,Northgate,21,9,Annual,9,Basic,24,0,0,0,8.4,0,6,7,7,0,1,0,Walk-in,0,0
RW-102905,Westfield,47,11,Annual,5,Basic,24,0,0,0,3.3,0,4,10,4,0,0,0,Online ad,0,0
RW-102906,Northgate,42,110,Monthly,0,Basic,29,0,0,0,6.4,1,13,19,7,0,0,0,Online ad,0,0
RW-102907,Northgate,28,7,Annual,11,Basic,24,0,0,0,9.8,1,4,1,4,0,0,0,Online ad,0,0
RW-102908,Northgate,33,61,Monthly,0,Basic,29,0,0,0,4.3,0,13,4,0,0,2,0,Friend,0,0
RW-102909,Lakeview,27,30,Monthly,0,Basic,29,0,0,1,6.0,0,20,27,1,1,0,0,Corporate,0,0
RW-102910,Riverside,30,48,Monthly,0,Basic,29,0,0,0,5.1,1,3,7,7,1,0,0,Corporate,0,1
RW-102911,Northgate,27,43,Monthly,0,Premium,79,0,0,0,7.3,1,9,5,4,8,0,0,Online ad,0,0
RW-102912,Westfield,43,2,Monthly,0,Plus,49,0,0,0,13.9,0,17,17,7,0,0,0,Online ad,0,0
RW-102913,Lakeview,41,19,Annual,0,Basic,14,1,1,0,15.6,0,10,5,3,5,0,0,Friend,0,0
RW-102914,Northgate,25,21,Annual,0,Basic,24,0,0,0,4.9,1,8,8,1,9,0,0,Walk-in,0,1
RW-102915,Downtown,30,6,Annual,0,Basic,24,0,0,0,3.8,1,2,10,11,1,0,1,Friend,2,1
RW-102916,Downtown,29,7,Monthly,0,Plus,49,0,0,1,2.3,0,16,11,5,11,0,0,Online ad,0,0
RW-102917,Hillcrest,48,24,Monthly,0,Basic,29,0,0,0,3.3,0,7,4,7,1,2,0,Walk-in,0,0
RW-102918,Hillcrest,36,11,Annual,6,Premium,74,0,0,0,1.2,1,7,7,4,1,0,1,Walk-in,0,0
RW-102919,Downtown,43,13,Monthly,0,Basic,29,0,1,0,1.9,0,2,5,16,0,0,0,Online ad,0,0
RW-102920,Downtown,45,4,Monthly,0,Plus,49,0,1,0,3.5,0,11,3,3,0,0,0,Walk-in,0,0
RW-102921,Downtown,32,12,Annual,1,Basic,24,0,0,0,10.8,1,11,12,5,0,0,0,Corporate,1,0
RW-102922,Riverside,20,5,Annual,3,Basic,24,0,1,0,4.4,1,12,10,2,3,0,0,Online ad,0,0
RW-102923,Lakeview,38,33,Monthly,0,Plus,49,0,0,0,11.7,1,14,16,3,3,0,0,Online ad,0,0
RW-102924,Lakeview,24,17,Monthly,0,Premium,79,0,0,1,4.7,1,16,21,0,1,0,1,Friend,0,0
RW-102925,Northgate,51,27,Monthly,0,Basic,29,0,1,0,11.5,1,5,4,8,0,1,0,Online ad,0,0
RW-102926,Westfield,35,11,Monthly,0,Premium,79,0,0,1,3.1,0,22,24,5,8,0,0,Online ad,0,0
RW-102927,Hillcrest,74,3,Annual,1,Basic,24,0,0,0,4.9,0,22,8,5,15,0,0,Friend,0,1
RW-102928,Downtown,41,5,Monthly,0,Plus,39,1,0,0,7.8,1,6,6,11,1,0,1,Walk-in,0,1
RW-102929,Riverside,26,44,Annual,11,Basic,14,1,0,0,4.2,0,12,6,5,1,1,0,Online ad,0,0
RW-102930,Riverside,35,19,Annual,8,Plus,44,0,1,0,3.0,1,7,2,10,4,0,0,Walk-in,0,0
RW-102931,Westfield,49,5,Monthly,0,Basic,29,0,0,0,4.3,1,2,9,5,1,1,0,Online ad,0,1
RW-102932,Northgate,38,3,Monthly,0,Basic,29,1,1,0,12.3,1,1,6,16,0,0,1,Corporate,1,1
RW-102933,Westfield,41,5,Monthly,0,Plus,39,1,1,0,2.8,1,5,4,9,2,1,1,Friend,1,0
RW-102934,Riverside,35,36,Annual,7,Premium,74,0,0,1,5.8,0,12,12,6,0,1,0,Online ad,0,0
RW-102935,Northgate,26,3,Monthly,0,Basic,29,0,0,0,2.1,1,4,5,0,2,0,0,Online ad,0,0
RW-102936,Hillcrest,19,3,Annual,0,Basic,24,0,0,0,2.4,1,16,12,2,0,0,0,Friend,0,1
RW-102937,Westfield,26,29,Monthly,0,Basic,29,0,0,0,5.9,0,11,12,1,3,1,0,Friend,0,0
RW-102938,Riverside,41,3,Monthly,0,Plus,49,0,0,0,10.0,1,4,7,9,1,0,0,Walk-in,0,0
RW-102939,Riverside,33,26,Annual,9,Plus,44,1,0,0,1.6,1,11,13,4,4,1,0,Online ad,2,0
RW-102940,Lakeview,40,4,Monthly,0,Basic,19,1,0,0,7.8,1,5,11,5,0,0,0,Friend,2,1
RW-102941,Lakeview,54,8,Annual,8,Basic,24,0,0,0,7.9,1,6,7,8,0,0,0,Online ad,0,0
RW-102942,Westfield,28,22,Monthly,0,Basic,19,1,0,0,8.3,1,12,5,1,0,1,0,Online ad,1,0
RW-102943,Lakeview,21,22,Monthly,0,Basic,29,0,0,0,4.6,1,1,4,15,0,0,0,Online ad,0,1
RW-102944,Downtown,67,7,Annual,4,Basic,14,1,0,0,4.4,0,16,10,1,8,0,0,Walk-in,0,0
RW-102945,Downtown,38,17,Monthly,0,Premium,79,0,0,0,4.5,1,8,8,3,2,0,0,Friend,0,0
RW-102946,Riverside,31,56,Annual,2,Plus,44,0,0,1,2.8,1,28,15,3,2,0,0,Walk-in,1,0
RW-102947,Riverside,42,39,Monthly,0,Plus,49,0,0,1,13.6,1,4,6,8,0,0,0,Walk-in,0,0
RW-102948,Riverside,20,35,Monthly,0,Plus,49,0,0,0,3.0,0,14,11,5,3,0,0,Online ad,0,0
RW-102949,Lakeview,25,9,Annual,7,Basic,24,0,0,0,2.8,1,5,4,4,0,1,0,Online ad,0,0
RW-102950,Hillcrest,22,33,Monthly,0,Premium,79,0,0,1,18.6,1,10,7,6,5,1,0,Online ad,0,0
RW-102951,Hillcrest,30,13,Monthly,0,Plus,39,1,0,0,9.3,0,6,9,11,3,1,0,Walk-in,0,0
RW-102952,Riverside,26,3,Monthly,0,Plus,49,0,0,0,5.0,0,6,11,9,0,2,0,Online ad,1,1
RW-102953,Westfield,20,27,Monthly,0,Basic,29,0,0,1,2.5,1,6,12,10,0,0,0,Friend,0,0
RW-102954,Northgate,55,50,Annual,6,Basic,14,1,0,0,12.9,1,9,14,2,2,0,0,Corporate,0,0
RW-102955,Hillcrest,42,51,Monthly,0,Plus,49,0,0,1,3.3,1,9,4,9,0,1,1,Friend,0,0
RW-102956,Riverside,26,6,Monthly,0,Plus,49,0,0,0,5.5,0,14,15,2,1,0,0,Walk-in,0,0
RW-102957,Downtown,31,7,Monthly,0,Plus,49,0,0,0,8.8,1,5,10,9,0,0,0,Friend,1,1
RW-102958,Northgate,23,37,Annual,0,Basic,24,0,0,0,5.2,0,2,11,4,0,1,0,Walk-in,0,1
RW-102959,Downtown,25,1,Annual,4,Plus,44,0,1,0,4.6,0,13,0,6,5,0,0,Online ad,0,0
RW-102960,Hillcrest,37,68,Monthly,0,Premium,79,0,0,1,3.8,1,12,9,6,0,0,1,Online ad,0,0
RW-102961,Hillcrest,64,19,Monthly,0,Basic,29,0,0,0,2.4,1,1,2,18,0,0,0,Walk-in,0,0
RW-102962,Downtown,33,19,Monthly,0,Basic,29,0,1,0,4.4,1,24,22,2,13,0,0,Corporate,0,0
RW-102963,Northgate,33,3,Annual,7,Plus,44,0,0,1,18.9,1,8,9,9,0,0,0,Walk-in,1,0
RW-102964,Lakeview,28,7,Annual,4,Basic,24,0,0,0,18.9,0,7,1,3,0,0,1,Walk-in,0,0
RW-102965,Westfield,40,14,Annual,1,Premium,74,0,0,0,2.2,0,6,7,11,4,1,0,Online ad,0,1
RW-102966,Hillcrest,27,12,Monthly,0,Premium,79,0,0,0,3.4,0,7,12,7,2,0,0,Friend,0,0
RW-102967,Westfield,40,20,Annual,4,Premium,74,0,0,1,2.7,0,18,19,2,3,1,0,Friend,0,0
RW-102968,Hillcrest,29,20,Annual,9,Premium,74,0,0,0,6.7,0,1,7,1,3,0,0,Friend,0,0
RW-102969,Westfield,47,44,Monthly,0,Basic,29,0,0,0,20.4,1,14,4,1,6,0,0,Online ad,0,0
RW-102970,Riverside,21,32,Annual,3,Basic,24,0,0,1,10.3,1,7,4,7,1,0,0,Online ad,0,0
RW-102971,Hillcrest,36,5,Monthly,0,Plus,49,0,1,0,8.0,0,10,6,2,1,1,0,Walk-in,0,0
RW-102972,Riverside,29,22,Monthly,0,Basic,29,0,0,0,7.0,1,8,4,1,1,0,0,Walk-in,0,0
RW-102973,Downtown,38,14,Monthly,0,Basic,29,0,0,0,15.0,1,0,3,37,0,0,0,Online ad,0,1
RW-102974,Lakeview,34,44,Annual,11,Premium,74,0,0,0,1.9,1,13,21,6,2,1,0,Walk-in,1,0
RW-102975,Lakeview,40,15,Annual,5,Basic,24,0,1,0,2.7,0,7,4,0,0,1,0,Online ad,2,0
RW-102976,Lakeview,37,52,Monthly,0,Basic,24,1,1,0,11.2,0,5,5,5,1,0,0,Friend,0,0
RW-102977,Downtown,32,26,Annual,5,Basic,19,1,1,0,4.6,0,5,11,9,2,1,0,Walk-in,0,0
RW-102978,Northgate,61,50,Annual,2,Plus,44,0,0,0,9.2,0,19,17,4,0,0,1,Online ad,0,0
RW-102979,Westfield,56,11,Monthly,0,Basic,29,1,0,0,4.6,0,17,20,6,1,0,0,Friend,0,0
RW-102980,Lakeview,49,54,Annual,9,Premium,64,1,0,1,5.7,1,14,13,3,0,0,0,Friend,0,0
RW-102981,Northgate,23,7,Annual,11,Plus,44,1,0,0,6.7,1,2,11,16,0,0,0,Friend,0,1
RW-102982,Lakeview,46,27,Monthly,0,Basic,24,1,1,0,5.2,0,14,10,2,6,0,0,Corporate,0,0
RW-102983,Riverside,29,32,Monthly,0,Plus,49,0,1,0,6.9,1,4,3,7,1,0,1,Walk-in,0,0
RW-102984,Downtown,55,10,Annual,2,Basic,24,0,0,0,4.1,1,5,21,10,0,0,1,Corporate,0,0
RW-102985,Downtown,29,56,Annual,0,Plus,44,0,0,0,2.7,1,3,7,4,1,2,1,Online ad,1,1
RW-102986,Northgate,25,11,Monthly,0,Premium,79,0,0,0,2.7,1,7,2,1,0,1,1,Online ad,1,0
RW-102987,Downtown,31,14,Annual,11,Basic,24,0,1,0,19.9,1,11,8,7,2,1,1,Online ad,0,0
RW-102988,Riverside,28,30,Monthly,0,Plus,49,1,0,0,1.8,1,6,7,9,3,0,1,Corporate,0,0
RW-102989,Westfield,26,19,Annual,7,Basic,14,1,1,0,9.9,1,3,6,1,0,0,0,Friend,1,0
RW-102990,Northgate,32,22,Annual,5,Basic,24,0,0,0,16.6,0,1,2,17,1,0,0,Walk-in,0,0
RW-102991,Riverside,23,26,Annual,2,Plus,44,0,0,0,3.2,0,8,8,0,9,0,1,Online ad,0,0
RW-102992,Northgate,29,5,Monthly,0,Plus,49,0,1,0,3.2,0,3,2,10,1,0,0,Walk-in,0,1
RW-102993,Lakeview,36,11,Annual,0,Plus,44,0,1,0,5.2,1,3,4,1,0,0,0,Online ad,0,1
RW-102994,Hillcrest,44,27,Monthly,0,Plus,44,1,0,0,28.8,0,2,16,13,2,0,0,Walk-in,0,1
RW-102995,Downtown,53,12,Monthly,0,Plus,49,0,0,0,3.5,1,9,7,3,0,0,0,Walk-in,0,0
RW-102996,Hillcrest,38,8,Monthly,0,Basic,29,0,0,0,7.7,1,13,10,6,5,0,1,Walk-in,1,0
RW-102997,Lakeview,25,30,Monthly,0,Basic,19,1,0,0,2.0,1,10,6,4,5,0,1,Walk-in,0,0
RW-102998,Westfield,48,15,Annual,11,Plus,44,0,0,0,24.8,0,4,2,0,0,0,1,Online ad,0,0
RW-102999,Downtown,44,19,Monthly,0,Basic,29,0,1,0,14.4,1,4,1,8,0,0,0,Online ad,1,1
RW-103000,Hillcrest,62,4,Monthly,0,Basic,24,1,0,0,5.0,1,25,20,4,5,0,0,Corporate,0,0
RW-103001,Northgate,34,7,Monthly,0,Premium,79,0,0,0,1.8,0,13,11,3,0,1,0,Friend,1,0
RW-103002,Downtown,39,9,Annual,10,Basic,24,0,0,0,3.4,0,20,23,1,0,0,1,Online ad,0,0
RW-103003,Riverside,55,17,Monthly,0,Basic,29,0,0,0,19.9,1,0,7,34,0,0,0,Online ad,0,1
RW-103004,Riverside,40,81,Annual,5,Premium,74,0,0,0,3.0,1,4,7,5,0,0,0,Corporate,0,0
RW-103005,Downtown,49,39,Annual,8,Basic,14,1,0,1,11.0,1,9,9,2,3,1,0,Online ad,0,0
RW-103006,Northgate,35,8,Annual,4,Premium,74,0,0,0,3.0,1,0,2,49,0,0,0,Friend,0,0
RW-103007,Hillcrest,46,22,Monthly,0,Premium,79,0,0,0,3.9,1,5,10,10,4,0,0,Friend,0,0
RW-103008,Riverside,49,7,Monthly,0,Plus,49,0,1,0,4.0,0,3,3,5,0,0,1,Walk-in,0,0
RW-103009,Northgate,30,45,Monthly,0,Premium,79,0,0,0,7.8,0,4,10,6,0,0,0,Walk-in,0,0
RW-103010,Riverside,21,9,Monthly,0,Plus,49,0,0,0,10.6,0,16,6,7,8,0,0,Walk-in,0,0
RW-103011,Riverside,53,23,Monthly,0,Basic,29,1,0,0,4.8,1,5,17,5,4,0,0,Corporate,0,0
RW-103012,Downtown,32,4,Annual,2,Plus,44,0,1,0,4.5,1,0,11,57,0,0,0,Friend,0,0
RW-103013,Northgate,22,57,Monthly,0,Plus,49,0,0,0,3.3,0,12,8,6,2,1,0,Walk-in,0,0
RW-103014,Northgate,27,20,Monthly,0,Premium,79,0,0,1,4.5,0,17,11,4,2,1,1,Online ad,0,0
RW-103015,Downtown,28,31,Annual,3,Plus,44,0,1,0,18.0,1,10,14,1,1,1,0,Friend,0,0
RW-103016,Riverside,65,5,Annual,5,Basic,14,1,0,1,3.9,1,2,10,5,0,2,0,Online ad,0,0
RW-103017,Riverside,24,21,Annual,5,Plus,34,1,0,0,2.6,1,18,25,0,4,0,0,Walk-in,0,0
RW-103018,Lakeview,59,11,Annual,3,Plus,44,0,1,1,8.3,0,22,20,1,0,0,0,Walk-in,0,0
RW-103019,Westfield,21,15,Annual,8,Premium,74,0,0,1,15.2,1,2,3,2,1,0,0,Online ad,1,0
RW-103020,Downtown,25,35,Monthly,0,Plus,49,0,1,0,12.6,1,3,4,1,0,0,1,Online ad,0,0
RW-103021,Downtown,39,21,Monthly,0,Plus,39,1,0,0,7.7,0,6,4,11,1,0,0,Walk-in,0,0
RW-103022,Downtown,22,2,Monthly,0,Basic,29,0,0,0,4.1,0,9,8,6,2,0,0,Friend,0,0
RW-103023,Riverside,24,16,Monthly,0,Plus,49,0,0,0,6.8,0,17,19,6,13,0,0,Online ad,0,1
RW-103024,Hillcrest,26,25,Annual,7,Basic,24,0,0,0,11.9,1,2,2,5,0,0,0,Online ad,0,0
RW-103025,Northgate,41,8,Monthly,0,Basic,29,0,0,0,8.5,0,13,7,7,0,1,0,Friend,0,0
RW-103026,Westfield,29,65,Monthly,0,Basic,29,1,1,0,0.9,0,1,9,11,0,1,0,Online ad,1,0
RW-103027,Riverside,61,75,Monthly,0,Basic,29,0,0,0,2.5,1,15,11,6,5,0,0,Friend,0,0
RW-103028,Hillcrest,53,9,Annual,8,Basic,24,0,0,0,4.8,1,2,10,2,0,1,1,Walk-in,0,0
RW-103029,Hillcrest,36,1,Annual,7,Plus,44,0,1,0,4.5,0,3,0,8,1,0,0,Walk-in,1,0
RW-103030,Lakeview,29,73,Annual,2,Premium,74,0,0,0,9.0,0,7,2,6,0,0,0,Walk-in,0,0
RW-103031,Westfield,25,79,Annual,0,Plus,44,0,0,0,24.3,1,6,2,2,0,2,0,Walk-in,0,1
RW-103032,Hillcrest,78,18,Annual,10,Premium,74,0,0,0,8.1,0,6,7,3,1,0,0,Friend,0,0
RW-103033,Riverside,41,10,Monthly,0,Basic,29,0,0,0,4.4,0,5,4,2,0,1,0,Online ad,0,0
RW-103034,Northgate,43,2,Annual,9,Basic,24,0,0,0,6.5,1,8,7,7,0,0,0,Friend,0,0
RW-103035,Hillcrest,48,20,Monthly,0,Plus,49,0,0,0,6.4,1,10,12,7,0,0,0,Online ad,0,0
RW-103036,Westfield,29,1,Monthly,0,Plus,44,1,0,0,6.6,1,4,0,3,0,1,0,Online ad,0,0
RW-103037,Hillcrest,32,30,Monthly,0,Basic,29,0,0,0,3.5,0,1,15,5,0,0,0,Friend,0,1
RW-103038,Northgate,38,8,Monthly,0,Basic,29,0,0,0,12.8,0,1,2,5,0,0,0,Walk-in,1,1
RW-103039,Westfield,54,28,Monthly,0,Plus,49,0,0,0,2.8,0,13,4,3,7,1,0,Walk-in,0,0
RW-103040,Westfield,40,2,Annual,9,Plus,44,0,0,0,4.1,1,8,11,8,4,0,0,Online ad,0,0
RW-103041,Westfield,57,47,Monthly,0,Plus,49,0,0,1,2.5,1,13,24,5,8,0,1,Online ad,1,0
RW-103042,Hillcrest,30,15,Annual,5,Plus,44,0,0,0,4.6,1,9,7,5,4,0,0,Online ad,0,0
RW-103043,Hillcrest,38,13,Monthly,0,Basic,29,0,0,0,3.0,1,9,6,4,4,1,0,Online ad,1,0
RW-103044,Hillcrest,43,4,Monthly,0,Plus,49,0,0,0,12.4,0,7,20,7,2,0,0,Walk-in,0,0
RW-103045,Riverside,55,6,Annual,6,Plus,44,0,0,0,4.2,1,3,2,8,0,0,0,Online ad,0,0
RW-103046,Northgate,46,12,Annual,8,Plus,44,0,0,0,9.2,1,5,5,10,1,0,0,Walk-in,0,0
RW-103047,Downtown,29,98,Annual,0,Plus,44,0,1,0,3.8,0,10,7,4,0,0,0,Walk-in,0,0
RW-103048,Northgate,63,3,Annual,10,Basic,24,0,1,0,5.3,1,2,5,12,0,0,0,Friend,0,0
RW-103049,Lakeview,29,13,Annual,7,Basic,24,0,0,0,3.7,1,5,9,5,0,0,0,Online ad,0,0
RW-103050,Riverside,31,17,Annual,3,Basic,24,0,0,0,2.4,0,7,9,0,1,0,0,Walk-in,0,0
RW-103051,Northgate,31,29,Monthly,0,Basic,29,0,1,0,3.0,1,11,15,0,3,0,0,Online ad,0,0
RW-103052,Hillcrest,23,9,Monthly,0,Plus,49,1,0,0,5.7,1,0,5,74,0,0,0,Friend,0,1
RW-103053,Downtown,29,26,Annual,11,Premium,74,0,0,1,3.9,0,2,1,14,0,0,0,Friend,0,0
RW-103054,Hillcrest,36,3,Monthly,0,Plus,49,0,0,0,2.8,1,10,17,1,0,0,1,Online ad,0,0
RW-103055,Downtown,45,4,Annual,10,Basic,14,1,0,0,2.7,0,6,3,5,1,0,0,Friend,1,0
RW-103056,Downtown,27,3,Monthly,0,Plus,49,1,1,1,1.9,0,2,4,1,2,0,0,Online ad,0,1
RW-103057,Riverside,43,6,Monthly,0,Plus,49,0,0,0,6.5,0,4,9,10,0,0,0,Friend,0,0
RW-103058,Lakeview,33,20,Monthly,0,Plus,49,0,0,0,2.2,1,11,24,7,1,0,0,Corporate,0,1
RW-103059,Northgate,30,72,Monthly,0,Plus,49,0,0,0,6.7,0,22,15,1,1,0,0,Friend,0,0
RW-103060,Hillcrest,27,54,Annual,8,Plus,44,0,0,0,10.1,0,5,3,6,1,0,0,Online ad,1,0
RW-103061,Westfield,23,15,Monthly,0,Plus,49,1,0,0,4.8,1,3,9,12,3,0,0,Online ad,0,0
RW-103062,Downtown,42,7,Monthly,0,Basic,29,0,0,0,3.5,1,5,14,3,3,0,0,Online ad,0,0
RW-103063,Westfield,39,57,Monthly,0,Plus,49,0,1,0,8.0,1,5,12,4,0,0,0,Walk-in,0,1
RW-103064,Riverside,28,21,Annual,0,Plus,44,0,0,0,18.4,1,13,13,2,2,1,0,Friend,0,1
RW-103065,Downtown,31,6,Monthly,0,Basic,29,0,0,0,3.9,1,11,9,5,0,0,0,Corporate,0,0
RW-103066,Westfield,37,16,Annual,7,Basic,24,0,0,0,3.2,1,9,4,9,0,0,0,Walk-in,0,0
RW-103067,Riverside,27,9,Annual,1,Plus,44,1,0,1,4.2,0,10,17,2,2,0,0,Online ad,0,0
RW-103068,Downtown,56,52,Annual,2,Basic,24,0,0,0,13.2,1,4,5,8,1,0,0,Friend,1,0
RW-103069,Hillcrest,24,8,Annual,8,Plus,44,1,0,0,15.6,1,5,4,6,1,0,0,Friend,0,0
RW-103070,Downtown,29,23,Monthly,0,Plus,39,1,1,1,1.8,0,20,17,1,8,1,0,Online ad,1,0
RW-103071,Northgate,31,3,Monthly,0,Basic,29,0,0,0,5.5,1,7,23,4,0,0,0,Walk-in,0,0
RW-103072,Riverside,34,21,Annual,4,Premium,64,1,0,0,5.1,0,17,8,0,11,0,0,Walk-in,0,0
RW-103073,Riverside,43,9,Annual,6,Premium,69,1,1,1,3.2,1,2,3,4,2,0,0,Walk-in,0,0
RW-103074,Northgate,38,16,Monthly,0,Plus,44,1,0,0,2.9,0,9,11,4,8,1,0,Online ad,0,0
RW-103075,Hillcrest,40,41,Monthly,0,Premium,79,0,0,1,21.3,1,7,5,1,0,0,0,Walk-in,0,0
RW-103076,Downtown,47,3,Annual,3,Basic,24,0,0,0,6.1,0,8,6,3,10,0,1,Online ad,0,0
RW-103077,Downtown,28,67,Monthly,0,Plus,49,0,1,0,9.6,1,1,8,13,0,0,0,Friend,0,0
RW-103078,Northgate,62,14,Annual,7,Plus,44,0,0,0,4.2,0,2,7,12,2,0,0,Online ad,0,0
RW-103079,Riverside,24,9,Annual,6,Plus,44,0,0,0,10.2,1,1,6,18,0,0,0,Online ad,0,0
RW-103080,Northgate,27,3,Annual,5,Basic,24,0,0,1,8.8,0,5,4,11,1,0,0,Corporate,0,0
RW-103081,Northgate,32,24,Monthly,0,Basic,29,0,0,0,4.2,1,2,11,12,0,0,0,Corporate,0,0
RW-103082,Downtown,41,35,Monthly,0,Basic,29,0,0,0,22.5,1,4,3,12,2,0,0,Online ad,0,1
RW-103083,Hillcrest,35,13,Monthly,0,Plus,49,0,0,0,8.9,1,4,2,4,4,0,1,Walk-in,1,0
RW-103084,Riverside,43,47,Monthly,0,Basic,29,0,1,0,16.6,1,6,3,1,2,0,0,Corporate,0,0
RW-103085,Downtown,68,21,Annual,11,Basic,24,1,0,0,9.7,1,2,26,14,0,0,0,Friend,0,0
RW-103086,Downtown,22,2,Monthly,0,Basic,29,0,1,0,9.3,0,10,14,5,0,0,0,Online ad,0,1
RW-103087,Lakeview,26,17,Monthly,0,Basic,29,0,0,0,2.0,0,15,6,4,5,0,0,Friend,0,0
RW-103088,Hillcrest,30,37,Annual,7,Basic,24,0,0,0,5.1,0,11,12,5,2,1,0,Walk-in,0,0
RW-103089,Northgate,65,36,Monthly,0,Plus,49,0,0,0,3.7,1,15,19,1,1,0,0,Friend,0,1
RW-103090,Lakeview,33,63,Annual,11,Plus,44,1,0,0,5.6,1,9,11,4,2,0,1,Walk-in,0,0
RW-103091,Hillcrest,29,6,Monthly,0,Plus,49,1,0,0,10.4,1,7,13,0,3,0,0,Corporate,0,1
RW-103092,Lakeview,33,60,Monthly,0,Plus,49,0,0,0,1.8,1,17,28,7,1,1,0,Online ad,1,1
RW-103093,Riverside,23,13,Monthly,0,Basic,29,0,1,0,2.1,0,1,8,4,1,0,0,Walk-in,1,0
RW-103094,Northgate,23,7,Annual,4,Plus,44,0,0,0,3.8,0,0,6,44,0,0,0,Walk-in,0,0
RW-103095,Downtown,34,41,Monthly,0,Plus,49,0,0,0,3.8,0,3,4,14,3,0,0,Online ad,1,0
RW-103096,Downtown,48,3,Monthly,0,Plus,39,1,0,0,7.5,1,5,2,0,2,0,0,Friend,0,0
RW-103097,Downtown,62,34,Annual,3,Premium,74,0,0,1,2.6,0,13,8,2,6,0,0,Friend,1,0
RW-103098,Riverside,46,9,Monthly,0,Premium,79,0,0,0,10.2,0,7,4,7,4,0,0,Online ad,0,0
RW-103099,Northgate,73,43,Monthly,0,Basic,29,0,0,0,3.7,1,2,12,12,2,0,0,Online ad,0,1
RW-103100,Riverside,29,46,Monthly,0,Plus,49,0,0,0,3.3,0,14,17,3,2,1,0,Walk-in,0,0
RW-103101,Downtown,36,33,Monthly,0,Basic,29,0,0,0,6.3,1,11,9,4,1,1,1,Online ad,0,0
RW-103102,Hillcrest,20,22,Annual,1,Plus,44,0,0,0,4.0,1,5,3,12,4,0,0,Online ad,0,0
RW-103103,Westfield,47,18,Monthly,0,Basic,29,0,0,0,3.0,0,4,5,5,1,0,0,Walk-in,0,0
RW-103104,Riverside,30,43,Annual,8,Basic,24,0,0,0,2.5,1,1,6,8,0,0,0,Corporate,0,0
RW-103105,Westfield,25,22,Monthly,0,Plus,49,0,1,0,3.2,0,13,12,7,8,0,0,Online ad,0,0
RW-103106,Downtown,33,7,Monthly,0,Premium,79,0,0,0,2.2,0,7,11,10,6,0,0,Friend,0,0
RW-103107,Riverside,38,16,Annual,2,Premium,74,0,0,0,7.5,1,17,13,1,6,0,0,Walk-in,1,0
RW-103108,Downtown,31,15,Annual,7,Plus,44,0,0,1,5.7,1,12,10,2,5,1,0,Walk-in,0,0
RW-103109,Riverside,21,25,Monthly,0,Plus,49,0,0,0,19.1,0,0,1,35,0,1,0,Online ad,0,1
RW-103110,Riverside,46,1,Monthly,0,Basic,29,0,1,0,9.2,0,1,0,8,0,0,0,Walk-in,0,1
RW-103111,Westfield,29,67,Annual,6,Basic,24,0,0,0,4.0,0,0,4,36,0,0,0,Friend,0,0
RW-103112,Downtown,31,42,Annual,7,Basic,24,0,0,0,5.4,1,1,9,5,0,0,1,Friend,0,0
RW-103113,Hillcrest,23,15,Monthly,0,Basic,29,0,0,0,3.0,1,5,9,5,0,0,0,Friend,0,0
RW-103114,Lakeview,49,10,Annual,8,Basic,19,1,1,0,3.2,1,8,10,0,4,1,1,Walk-in,0,0
RW-103115,Hillcrest,36,87,Annual,7,Plus,44,0,0,0,4.8,1,8,9,10,4,1,0,Walk-in,0,0
RW-103116,Downtown,41,1,Annual,3,Plus,44,0,0,0,14.7,0,2,0,14,0,0,1,Walk-in,0,0
RW-103117,Downtown,70,8,Monthly,0,Plus,49,0,0,0,7.7,0,5,9,4,1,1,0,Online ad,1,1
RW-103118,Hillcrest,28,30,Annual,8,Premium,74,0,0,1,4.4,0,8,5,10,4,0,1,Walk-in,0,0
RW-103119,Hillcrest,54,23,Annual,4,Plus,44,0,0,0,2.6,0,0,4,49,0,0,0,Corporate,0,0
RW-103120,Riverside,22,18,Monthly,0,Plus,49,0,0,0,1.2,1,22,19,5,0,0,0,Walk-in,0,0
RW-103121,Riverside,23,35,Annual,0,Basic,19,1,0,0,11.7,0,1,1,17,0,0,0,Walk-in,1,1
RW-103122,Westfield,24,7,Monthly,0,Plus,49,0,1,0,4.4,0,0,2,54,0,0,0,Corporate,0,0
RW-103123,Downtown,38,17,Monthly,0,Premium,74,1,1,1,1.6,0,11,16,4,0,1,0,Online ad,0,0
RW-103124,Northgate,26,5,Monthly,0,Premium,69,1,0,1,5.7,0,0,3,31,0,0,1,Friend,0,0
RW-103125,Hillcrest,44,102,Monthly,0,Plus,49,0,0,0,10.0,1,11,12,3,7,0,0,Walk-in,0,0
RW-103126,Downtown,36,12,Monthly,0,Plus,49,0,0,0,3.1,0,9,4,5,2,0,0,Online ad,0,0
RW-103127,Riverside,43,2,Monthly,0,Plus,44,1,0,0,3.1,1,17,13,7,0,0,0,Friend,1,1
RW-103128,Lakeview,34,90,Monthly,0,Plus,49,0,0,1,10.4,1,3,1,0,4,0,0,Friend,0,0
RW-103129,Westfield,29,7,Annual,6,Premium,74,0,0,0,3.3,1,10,11,6,0,0,1,Walk-in,0,0
RW-103130,Riverside,39,1,Monthly,0,Plus,49,0,0,0,5.7,0,6,0,11,0,1,0,Online ad,1,0
RW-103131,Lakeview,24,20,Monthly,0,Plus,49,0,0,0,8.5,1,4,5,5,0,0,0,Walk-in,0,0
RW-103132,Riverside,25,4,Annual,5,Plus,34,1,0,0,2.7,0,7,9,10,1,1,0,Online ad,0,0
RW-103133,Westfield,29,21,Monthly,0,Basic,29,0,0,0,3.4,1,13,13,7,4,0,1,Friend,0,0
RW-103134,Downtown,44,5,Annual,5,Plus,44,0,0,0,3.9,1,15,12,5,7,2,0,Friend,0,0
RW-103135,Riverside,29,8,Monthly,0,Basic,29,0,0,0,2.4,1,5,12,11,1,0,0,Walk-in,0,1
RW-103136,Northgate,30,25,Annual,10,Basic,19,1,0,0,3.3,0,11,10,6,3,1,0,Corporate,0,0
RW-103137,Riverside,44,30,Annual,8,Basic,24,0,0,1,6.6,1,16,17,3,2,0,0,Walk-in,0,0
RW-103138,Northgate,25,21,Monthly,0,Plus,49,0,0,0,2.7,0,9,8,7,5,0,0,Friend,0,0
RW-103139,Downtown,23,105,Monthly,0,Premium,79,0,0,0,5.2,0,9,6,1,5,0,0,Corporate,0,1
RW-103140,Downtown,38,44,Monthly,0,Plus,49,0,0,0,15.1,1,11,13,6,0,0,0,Corporate,1,1
RW-103141,Lakeview,48,8,Monthly,0,Basic,19,1,0,0,9.2,0,6,10,2,1,0,0,Online ad,1,0
RW-103142,Downtown,26,5,Annual,7,Premium,74,0,1,0,6.4,1,1,2,5,0,0,0,Friend,1,0
RW-103143,Lakeview,49,37,Annual,10,Basic,24,0,0,0,1.9,1,6,6,1,1,0,0,Friend,0,0
RW-103144,Downtown,35,17,Monthly,0,Plus,49,0,0,0,5.9,1,1,0,1,0,0,0,Walk-in,0,0
RW-103145,Westfield,36,1,Monthly,0,Plus,49,0,0,0,12.4,0,11,0,5,8,0,0,Walk-in,0,0
RW-103146,Lakeview,36,24,Monthly,0,Basic,19,1,0,0,6.1,0,2,14,10,0,0,0,Corporate,0,1
RW-103147,Downtown,29,19,Annual,8,Premium,74,0,0,0,7.8,0,8,19,1,0,1,0,Online ad,0,0
RW-103148,Lakeview,28,74,Monthly,0,Plus,49,0,0,0,2.0,1,0,3,79,0,0,0,Online ad,0,1
RW-103149,Riverside,31,23,Monthly,0,Basic,29,0,1,0,2.0,1,4,1,2,1,0,0,Corporate,0,0
RW-103150,Hillcrest,33,13,Annual,0,Plus,44,0,0,1,11.7,1,11,13,8,0,0,0,Online ad,1,1
RW-103151,Hillcrest,29,3,Annual,10,Basic,24,0,0,0,3.7,0,17,8,3,1,0,0,Online ad,0,0
RW-103152,Riverside,38,4,Monthly,0,Basic,29,0,0,0,16.5,0,3,5,11,0,0,0,Walk-in,0,0
RW-103153,Lakeview,56,51,Monthly,0,Plus,49,1,0,0,2.9,1,3,14,5,0,1,0,Online ad,0,0
RW-103154,Northgate,57,65,Monthly,0,Plus,49,0,0,0,4.3,0,8,12,6,6,2,1,Walk-in,0,0
RW-103155,Lakeview,30,8,Annual,11,Premium,74,0,0,0,3.3,0,2,13,9,0,0,0,Friend,0,0
RW-103156,Hillcrest,37,18,Annual,9,Plus,44,0,0,0,3.8,1,2,6,14,3,0,0,Friend,0,0
RW-103157,Lakeview,24,12,Annual,3,Basic,24,0,0,0,2.7,0,2,10,7,3,0,0,Friend,0,0
RW-103158,Downtown,39,58,Monthly,0,Premium,79,0,0,1,9.5,0,5,5,6,0,0,0,Corporate,0,0
RW-103159,Riverside,25,12,Monthly,0,Plus,49,0,0,0,2.6,1,4,6,6,0,0,0,Corporate,0,1
RW-103160,Hillcrest,35,28,Monthly,0,Basic,29,1,0,0,5.1,1,11,9,4,4,0,0,Walk-in,0,0
RW-103161,Riverside,58,30,Monthly,0,Basic,29,0,0,0,8.1,1,2,4,11,1,0,0,Friend,0,0
RW-103162,Downtown,37,7,Monthly,0,Plus,49,0,0,0,13.4,0,28,28,3,2,2,0,Online ad,1,1
RW-103163,Downtown,72,12,Annual,4,Basic,24,0,0,0,13.8,0,5,3,6,0,0,0,Walk-in,0,0
RW-103164,Westfield,26,5,Annual,6,Basic,24,0,1,0,10.3,0,0,2,52,0,0,0,Walk-in,0,0
RW-103165,Northgate,48,3,Annual,7,Basic,24,0,0,0,8.2,0,10,6,6,0,0,0,Online ad,0,0
RW-103166,Riverside,54,33,Monthly,0,Basic,29,0,1,0,1.2,0,19,7,4,0,0,0,Corporate,0,0
RW-103167,Downtown,25,19,Monthly,0,Plus,49,0,1,0,11.6,1,8,18,7,7,0,1,Online ad,0,0
RW-103168,Northgate,28,27,Monthly,0,Basic,29,0,0,0,2.6,1,8,12,9,7,0,0,Walk-in,0,0
RW-103169,Downtown,78,19,Monthly,0,Premium,69,1,0,1,10.5,0,2,11,13,1,0,1,Online ad,0,0
RW-103170,Lakeview,51,50,Monthly,0,Basic,29,0,0,0,8.2,1,1,5,17,0,0,0,Friend,0,0
RW-103171,Riverside,31,27,Annual,4,Plus,44,0,0,0,5.3,0,2,3,1,0,0,0,Walk-in,0,0
RW-103172,Riverside,39,17,Annual,9,Basic,24,0,0,0,5.0,0,3,6,4,1,0,0,Online ad,0,0
RW-103173,Lakeview,36,35,Annual,0,Plus,39,1,0,0,16.5,1,14,13,1,9,1,0,Online ad,1,0
RW-103174,Downtown,32,15,Monthly,0,Basic,29,0,0,0,2.9,0,16,12,1,6,0,1,Friend,0,0
RW-103175,Riverside,78,15,Monthly,0,Basic,29,0,1,0,3.3,1,4,11,4,4,0,0,Friend,2,1
RW-103176,Hillcrest,43,4,Annual,1,Plus,44,1,0,0,6.1,1,4,3,13,1,0,0,Friend,0,1
RW-103177,Lakeview,22,27,Annual,4,Plus,44,0,0,0,9.6,0,6,4,3,3,0,0,Walk-in,0,0
RW-103178,Riverside,74,24,Monthly,0,Premium,79,0,1,0,2.5,0,4,5,3,0,0,1,Online ad,0,0
RW-103179,Riverside,56,8,Annual,2,Basic,24,0,1,0,6.7,1,4,6,9,3,1,0,Friend,0,0
RW-103180,Lakeview,33,9,Monthly,0,Premium,79,0,0,1,3.0,1,7,12,6,0,1,0,Walk-in,0,0
RW-103181,Downtown,30,9,Annual,0,Plus,44,0,0,0,4.3,1,4,5,11,0,1,0,Friend,0,1
RW-103182,Northgate,42,3,Annual,4,Premium,74,0,0,1,12.2,1,11,6,3,6,0,0,Online ad,0,0
RW-103183,Northgate,49,120,Monthly,0,Premium,79,0,0,1,1.1,1,2,6,0,0,0,0,Online ad,0,0
RW-103184,Riverside,31,82,Annual,1,Basic,24,0,0,0,4.3,1,4,7,2,0,0,0,Online ad,0,0
RW-103185,Hillcrest,33,43,Annual,2,Plus,39,1,0,0,2.7,0,2,27,14,1,0,1,Walk-in,0,0
RW-103186,Westfield,30,43,Annual,10,Basic,24,1,0,0,4.6,1,26,19,4,2,0,0,Corporate,0,0
RW-103187,Hillcrest,34,8,Monthly,0,Basic,29,0,1,0,7.4,1,15,14,7,1,0,0,Friend,1,0
RW-103188,Lakeview,44,42,Annual,0,Premium,69,1,0,1,3.8,0,0,5,36,0,0,0,Online ad,0,1
RW-103189,Westfield,58,42,Annual,5,Basic,19,1,0,0,13.9,0,4,7,11,0,1,0,Friend,0,0
RW-103190,Hillcrest,39,28,Annual,6,Basic,24,0,0,0,4.8,1,17,22,6,0,3,0,Online ad,0,0
RW-103191,Westfield,36,10,Monthly,0,Premium,79,0,0,0,3.4,0,9,8,6,0,0,0,Walk-in,0,1
RW-103192,Riverside,18,25,Monthly,0,Plus,49,0,0,0,5.2,0,12,7,2,4,0,0,Corporate,0,0
RW-103193,Northgate,45,12,Monthly,0,Basic,29,0,1,0,12.4,1,5,9,3,0,1,1,Online ad,0,1
RW-103194,Westfield,29,11,Annual,6,Plus,44,0,0,0,8.6,1,14,17,4,2,1,1,Online ad,0,0
RW-103195,Hillcrest,62,7,Monthly,0,Basic,29,0,1,0,11.7,1,3,3,2,0,0,0,Walk-in,0,0
RW-103196,Riverside,33,2,Annual,2,Plus,44,0,0,1,3.2,1,3,2,14,0,0,0,Walk-in,0,0
RW-103197,Lakeview,30,39,Monthly,0,Basic,29,0,0,0,7.8,0,11,16,6,6,0,0,Online ad,0,0
RW-103198,Riverside,59,11,Monthly,0,Basic,29,0,0,0,4.5,0,5,14,7,0,0,0,Friend,1,1
RW-103199,Lakeview,23,26,Annual,4,Plus,44,0,0,1,7.4,1,12,12,0,6,0,1,Corporate,0,0
RW-103200,Northgate,39,34,Monthly,0,Basic,29,1,0,0,9.8,0,0,5,38,0,0,0,Walk-in,1,1
RW-103201,Northgate,71,43,Monthly,0,Plus,49,0,0,0,5.8,1,3,5,13,0,0,0,Walk-in,0,0
RW-103202,Westfield,32,4,Monthly,0,Basic,24,1,0,0,2.2,1,10,15,1,1,0,0,Online ad,0,1
RW-103203,Lakeview,25,43,Annual,10,Basic,14,1,0,0,8.4,0,7,5,2,0,0,0,Friend,0,0
RW-103204,Lakeview,27,11,Annual,2,Plus,44,0,0,0,4.0,1,5,3,6,1,0,0,Walk-in,0,0
RW-103205,Riverside,25,18,Annual,3,Plus,44,0,0,0,9.3,1,16,12,5,3,0,0,Online ad,0,0
RW-103206,Hillcrest,29,6,Monthly,0,Basic,29,1,0,0,7.0,0,20,16,4,8,2,0,Online ad,0,0
RW-103207,Riverside,19,25,Monthly,0,Plus,49,1,0,1,3.0,0,8,9,2,2,0,0,Friend,0,0
RW-103208,Northgate,29,9,Monthly,0,Plus,49,0,1,0,2.0,0,11,11,7,3,0,0,Online ad,1,0
RW-103209,Northgate,54,23,Monthly,0,Basic,19,1,0,0,2.8,0,16,18,6,2,0,1,Friend,0,0
RW-103210,Northgate,28,86,Monthly,0,Basic,29,0,0,0,5.8,0,21,28,3,0,0,0,Walk-in,0,0
RW-103211,Lakeview,24,4,Monthly,0,Premium,79,0,0,0,7.1,0,28,28,1,11,1,0,Walk-in,1,0
RW-103212,Hillcrest,18,25,Monthly,0,Basic,29,0,0,0,11.5,0,8,2,5,0,0,0,Online ad,0,0
RW-103213,Downtown,35,10,Monthly,0,Plus,49,0,1,0,5.3,1,12,12,6,1,1,1,Corporate,1,0
RW-103214,Riverside,48,14,Annual,10,Plus,44,0,0,0,4.1,1,12,9,4,0,0,0,Walk-in,1,0
RW-103215,Northgate,44,9,Monthly,0,Basic,29,0,1,0,4.6,0,9,7,3,9,0,0,Friend,0,0
RW-103216,Westfield,39,55,Annual,11,Premium,74,0,0,0,11.6,1,5,10,2,0,0,1,Walk-in,0,0
RW-103217,Northgate,36,34,Monthly,0,Basic,29,0,0,0,9.7,1,18,15,6,1,0,1,Online ad,0,0
RW-103218,Lakeview,28,30,Annual,3,Premium,74,0,1,0,18.7,0,5,3,4,0,0,0,Friend,0,0
RW-103219,Riverside,55,8,Monthly,0,Premium,74,1,0,0,3.3,0,4,4,3,0,0,0,Corporate,0,0
RW-103220,Westfield,47,17,Monthly,0,Premium,79,0,0,0,12.3,1,8,6,5,3,0,0,Friend,0,1
RW-103221,Lakeview,42,16,Annual,3,Plus,44,0,0,0,9.3,1,1,1,21,1,0,0,Friend,0,0
RW-103222,Downtown,60,16,Monthly,0,Basic,29,0,0,0,4.1,1,4,3,7,0,0,0,Walk-in,0,1
RW-103223,Riverside,45,5,Monthly,0,Plus,49,0,1,0,21.2,1,2,4,16,0,0,0,Walk-in,0,0
RW-103224,Lakeview,36,7,Annual,5,Premium,74,0,0,1,5.3,0,7,8,10,4,1,0,Online ad,0,0
RW-103225,Lakeview,34,58,Annual,4,Plus,44,0,0,0,3.3,1,7,16,10,0,0,0,Walk-in,1,0
RW-103226,Northgate,22,2,Monthly,0,Basic,29,0,0,0,3.8,0,2,9,3,0,0,0,Online ad,0,0
RW-103227,Riverside,26,35,Monthly,0,Plus,49,0,1,0,16.6,1,3,5,8,0,0,1,Walk-in,0,1
RW-103228,Westfield,22,2,Monthly,0,Premium,79,0,1,1,4.8,0,4,10,1,0,0,1,Online ad,0,1
RW-103229,Riverside,18,8,Monthly,0,Basic,29,0,1,0,2.5,0,1,6,6,0,0,0,Friend,0,0
RW-103230,Westfield,19,34,Annual,3,Plus,44,0,0,0,4.3,1,1,7,12,0,0,0,Corporate,0,0
RW-103231,Downtown,78,20,Monthly,0,Plus,49,0,1,0,5.9,0,1,9,15,0,1,0,Friend,1,1
RW-103232,Lakeview,39,30,Monthly,0,Premium,79,0,0,0,14.1,0,8,9,4,1,0,0,Corporate,0,1
RW-103233,Hillcrest,35,2,Monthly,0,Basic,29,0,0,0,3.1,1,17,15,3,6,0,0,Walk-in,0,0
RW-103234,Northgate,23,24,Annual,8,Basic,24,0,0,0,2.1,1,3,6,8,0,1,0,Online ad,1,0
RW-103235,Hillcrest,27,6,Monthly,0,Basic,24,1,0,0,4.5,1,8,25,1,3,0,0,Walk-in,0,0
RW-103236,Hillcrest,26,17,Annual,7,Basic,24,0,0,0,2.8,1,21,21,5,0,0,0,Online ad,0,0
RW-103237,Downtown,45,19,Monthly,0,Basic,24,1,0,0,7.5,1,0,5,38,0,0,0,Walk-in,0,1
RW-103238,Northgate,20,36,Monthly,0,Plus,49,0,0,0,2.7,0,10,6,1,5,0,0,Online ad,0,0
RW-103239,Westfield,35,41,Monthly,0,Basic,29,0,1,0,8.7,0,0,4,35,0,0,1,Online ad,0,0
RW-103240,Lakeview,28,10,Monthly,0,Plus,39,1,1,0,4.8,1,0,13,31,0,0,0,Friend,1,0
RW-103241,Riverside,22,75,Annual,9,Basic,24,0,1,0,6.5,1,3,8,4,1,0,0,Walk-in,0,0
RW-103242,Northgate,58,19,Monthly,0,Premium,79,0,0,1,2.1,0,1,11,13,1,0,0,Corporate,0,0
RW-103243,Downtown,36,12,Monthly,0,Plus,49,1,1,0,2.1,0,6,3,2,1,0,0,Friend,0,0
RW-103244,Northgate,54,23,Monthly,0,Plus,49,0,0,0,3.3,1,8,8,5,7,0,1,Online ad,0,0
RW-103245,Downtown,25,11,Annual,0,Plus,39,1,0,0,1.7,0,4,9,0,2,0,0,Friend,0,1
RW-103246,Northgate,34,25,Monthly,0,Basic,29,0,0,0,1.4,0,19,14,1,6,0,0,Friend,0,0
RW-103247,Lakeview,31,10,Annual,5,Basic,24,0,1,0,2.1,1,3,10,4,0,1,1,Walk-in,0,0
RW-103248,Lakeview,25,10,Annual,1,Basic,24,0,0,0,11.6,1,15,9,3,3,0,0,Corporate,0,1
RW-103249,Riverside,35,8,Monthly,0,Premium,79,0,1,0,2.9,0,1,8,12,1,0,0,Walk-in,1,1
RW-103250,Lakeview,33,21,Monthly,0,Plus,49,0,0,0,2.4,0,1,5,17,0,0,0,Walk-in,0,0
RW-103251,Northgate,37,20,Monthly,0,Plus,49,0,1,0,12.6,0,5,9,7,0,0,0,Walk-in,0,0
RW-103252,Northgate,39,6,Monthly,0,Plus,49,0,1,0,2.2,0,8,9,7,1,0,0,Corporate,0,0
RW-103253,Riverside,31,42,Monthly,0,Premium,79,0,0,1,3.7,1,15,14,4,0,0,1,Corporate,0,0
RW-103254,Northgate,52,7,Annual,0,Plus,44,1,1,0,2.5,0,1,3,16,0,0,0,Corporate,0,1
RW-103255,Downtown,67,27,Annual,6,Plus,44,0,0,0,2.7,0,3,12,2,0,0,0,Friend,1,0
RW-103256,Downtown,32,36,Annual,4,Basic,24,0,0,0,11.8,0,8,7,5,1,0,0,Walk-in,0,0
RW-103257,Downtown,35,5,Annual,1,Basic,24,0,1,0,3.1,1,2,12,1,0,0,0,Online ad,1,0
RW-103258,Downtown,29,28,Annual,5,Plus,44,1,0,0,6.3,0,2,10,0,1,0,0,Walk-in,0,0
RW-103259,Westfield,27,79,Annual,0,Plus,44,0,1,0,14.8,1,3,5,4,0,0,0,Friend,0,0
RW-103260,Hillcrest,25,9,Monthly,0,Basic,29,0,0,0,5.0,1,11,3,5,0,1,0,Friend,0,0
RW-103261,Northgate,42,10,Annual,11,Premium,64,1,0,0,4.1,1,2,3,3,0,0,0,Online ad,0,0
RW-103262,Lakeview,30,38,Annual,6,Premium,74,0,0,0,7.2,0,4,11,12,1,1,0,Walk-in,0,0
RW-103263,Northgate,47,26,Monthly,0,Premium,79,0,1,0,1.1,0,17,14,6,3,0,0,Walk-in,0,0
RW-103264,Downtown,33,6,Monthly,0,Plus,39,1,0,0,14.7,1,7,7,5,1,0,0,Walk-in,0,0
RW-103265,Downtown,35,6,Annual,4,Premium,69,1,0,0,3.7,0,9,5,0,0,0,0,Corporate,1,0
RW-103266,Northgate,27,6,Annual,0,Basic,24,0,0,0,0.9,1,3,3,10,0,0,0,Online ad,0,1
RW-103267,Hillcrest,65,2,Annual,9,Basic,24,0,0,0,8.3,1,1,5,19,2,0,0,Online ad,1,0
RW-103268,Downtown,30,6,Annual,9,Plus,44,0,0,0,4.1,0,3,2,0,0,0,0,Corporate,1,0
RW-103269,Downtown,32,53,Monthly,0,Basic,19,1,0,0,4.3,1,2,3,11,0,0,0,Walk-in,0,0
RW-103270,Westfield,46,4,Monthly,0,Basic,29,0,0,1,5.9,0,4,4,8,0,0,0,Friend,1,0
RW-103271,Lakeview,32,27,Annual,7,Plus,39,1,0,0,5.6,1,4,9,8,0,0,1,Friend,0,0
RW-103272,Hillcrest,37,61,Annual,1,Basic,19,1,0,0,6.4,1,1,2,2,0,0,0,Online ad,0,0
RW-103273,Northgate,32,19,Annual,9,Basic,24,0,0,0,3.4,1,7,12,4,0,0,0,Friend,0,0
RW-103274,Northgate,46,13,Monthly,0,Basic,29,0,0,0,2.5,0,6,3,6,7,0,0,Walk-in,0,0
RW-103275,Northgate,26,29,Monthly,0,Basic,29,0,0,0,3.7,0,1,1,15,0,0,0,Walk-in,0,1
RW-103276,Lakeview,68,68,Annual,2,Premium,74,0,0,0,3.4,1,1,4,7,0,0,0,Online ad,1,0
RW-103277,Lakeview,54,22,Monthly,0,Plus,39,1,0,0,14.0,1,24,21,1,1,0,0,Walk-in,1,0
RW-103278,Northgate,53,24,Monthly,0,Plus,49,0,0,0,9.7,1,7,3,4,0,0,0,Friend,0,0
RW-103279,Northgate,31,10,Monthly,0,Premium,79,0,0,1,5.2,1,11,20,3,6,0,0,Walk-in,0,0
RW-103280,Downtown,28,30,Monthly,0,Premium,79,0,0,1,16.0,1,3,7,9,0,0,0,Walk-in,0,1
RW-103281,Hillcrest,27,63,Annual,6,Premium,74,0,0,1,2.1,0,4,2,4,0,0,0,Friend,0,0
RW-103282,Northgate,28,26,Annual,11,Basic,24,0,1,0,5.0,0,6,9,11,1,0,0,Corporate,1,0
RW-103283,Downtown,39,6,Monthly,0,Basic,19,1,0,0,11.4,1,18,23,5,4,0,0,Walk-in,0,1
RW-103284,Westfield,43,120,Annual,8,Basic,24,0,0,0,2.9,0,8,20,0,0,0,0,Walk-in,0,0
RW-103285,Westfield,52,23,Monthly,0,Plus,49,0,0,0,5.1,1,18,22,5,1,0,0,Friend,0,0
RW-103286,Lakeview,37,12,Annual,8,Plus,44,1,0,0,4.5,1,1,2,10,0,1,0,Walk-in,0,0
RW-103287,Westfield,21,39,Monthly,0,Premium,79,0,0,0,13.6,0,2,2,6,0,0,0,Online ad,0,1
RW-103288,Downtown,36,59,Annual,10,Basic,24,0,1,0,3.9,0,13,7,3,0,0,1,Friend,0,0
RW-103289,Westfield,72,18,Monthly,0,Plus,39,1,0,0,7.7,1,3,12,10,0,0,0,Friend,1,0
RW-103290,Northgate,26,12,Annual,6,Premium,74,0,1,1,8.3,1,13,8,5,1,0,0,Online ad,0,0
RW-103291,Northgate,26,48,Monthly,0,Basic,29,0,0,0,9.1,0,5,4,1,1,0,0,Walk-in,0,1
RW-103292,Downtown,28,15,Annual,10,Premium,74,0,0,0,4.5,1,4,6,4,0,0,0,Friend,0,0
RW-103293,Westfield,24,43,Monthly,0,Premium,69,1,0,1,11.7,1,6,8,1,1,0,0,Walk-in,0,0
RW-103294,Hillcrest,57,6,Monthly,0,Basic,29,0,0,0,13.0,1,6,4,7,1,0,0,Walk-in,0,0
RW-103295,Downtown,39,9,Annual,7,Basic,24,0,0,0,4.2,1,3,3,10,0,0,0,Walk-in,1,0
RW-103296,Downtown,32,8,Annual,2,Plus,44,0,1,0,4.0,1,5,6,12,0,0,0,Online ad,0,0
RW-103297,Hillcrest,33,14,Annual,8,Premium,74,1,0,0,1.7,1,3,7,4,2,0,0,Friend,0,0
RW-103298,Hillcrest,39,26,Annual,0,Basic,19,1,0,0,5.0,0,15,28,4,1,0,0,Walk-in,0,1
RW-103299,Downtown,53,18,Annual,5,Basic,24,0,0,0,4.2,1,8,3,9,2,0,0,Friend,0,0
RW-103300,Riverside,26,9,Monthly,0,Basic,29,0,0,0,3.9,1,0,13,53,0,2,0,Corporate,0,1
RW-103301,Riverside,28,43,Annual,7,Basic,24,0,1,0,13.6,1,10,6,4,4,1,0,Walk-in,0,0
RW-103302,Riverside,31,15,Annual,7,Basic,24,0,1,0,4.6,1,15,15,6,0,0,0,Walk-in,0,0
RW-103303,Northgate,34,6,Annual,9,Plus,44,0,0,0,2.6,1,2,12,1,0,0,1,Corporate,0,0
RW-103304,Northgate,45,24,Annual,2,Plus,44,0,0,0,3.7,0,15,11,5,5,1,0,Corporate,1,0
RW-103305,Downtown,34,4,Annual,10,Basic,24,0,0,0,5.1,0,7,5,4,0,0,0,Friend,0,0
RW-103306,Downtown,47,8,Monthly,0,Basic,29,1,0,0,1.6,0,9,10,9,1,0,0,Online ad,0,0
RW-103307,Riverside,54,21,Monthly,0,Premium,69,1,0,0,7.8,1,2,1,17,0,1,0,Corporate,0,1
RW-103308,Downtown,23,11,Annual,3,Plus,44,0,0,0,6.1,1,6,4,4,0,0,1,Walk-in,0,1
RW-103309,Riverside,27,14,Monthly,0,Plus,49,0,0,0,4.2,1,10,2,2,6,0,0,Walk-in,0,0
RW-103310,Hillcrest,31,7,Annual,1,Plus,44,0,0,0,5.9,0,5,5,0,0,1,1,Walk-in,1,0
RW-103311,Northgate,49,18,Monthly,0,Plus,49,0,0,0,11.3,0,14,8,0,6,0,1,Online ad,0,0
RW-103312,Riverside,40,52,Monthly,0,Premium,79,0,1,0,4.9,1,6,12,2,2,0,0,Online ad,0,0
RW-103313,Westfield,66,12,Annual,0,Plus,34,1,1,0,5.3,1,4,4,5,0,0,0,Walk-in,0,0
RW-103314,Downtown,57,19,Annual,10,Basic,24,1,0,0,6.8,0,2,2,12,1,0,0,Online ad,0,0
RW-103315,Riverside,27,11,Annual,11,Basic,14,1,0,0,3.5,0,7,15,4,2,0,0,Walk-in,0,0
RW-103316,Westfield,58,6,Monthly,0,Basic,29,0,1,0,5.9,1,5,3,6,2,0,0,Online ad,0,0
RW-103317,Hillcrest,41,17,Monthly,0,Premium,69,1,1,0,5.9,0,4,7,0,0,1,0,Online ad,0,0
RW-103318,Northgate,72,3,Annual,0,Basic,24,0,1,0,2.5,1,9,8,5,0,0,0,Friend,0,0
RW-103319,Hillcrest,22,41,Monthly,0,Plus,49,0,0,0,9.5,1,20,12,5,10,0,0,Online ad,1,0
RW-103320,Riverside,26,6,Annual,7,Premium,74,0,0,0,2.0,0,6,2,7,2,1,0,Online ad,0,0
RW-103321,Westfield,35,70,Annual,0,Basic,24,0,0,0,0.7,1,7,6,6,0,0,0,Online ad,0,0
RW-103322,Westfield,24,19,Annual,1,Basic,24,0,1,0,11.5,1,2,7,2,0,0,0,Online ad,0,1
RW-103323,Riverside,39,6,Annual,0,Basic,14,1,0,0,8.5,0,7,11,5,2,0,1,Friend,0,1
RW-103324,Downtown,42,31,Annual,7,Premium,74,0,0,1,0.8,0,12,12,0,0,0,1,Online ad,1,0
RW-103325,Riverside,46,13,Annual,11,Basic,24,0,1,0,4.4,1,27,28,4,2,0,0,Friend,0,0
RW-103326,Downtown,27,48,Monthly,0,Plus,49,0,0,0,4.6,1,5,9,6,2,1,1,Online ad,0,0
RW-103327,Riverside,32,10,Annual,0,Plus,44,0,0,1,4.3,0,2,6,16,0,0,0,Friend,1,1
RW-103328,Riverside,29,88,Annual,1,Plus,39,1,0,0,4.4,0,1,6,9,0,0,1,Online ad,0,1
RW-103329,Northgate,35,12,Monthly,0,Basic,29,0,0,0,1.9,0,14,9,5,0,0,0,Online ad,0,0
RW-103330,Northgate,42,55,Monthly,0,Plus,49,1,0,0,7.5,0,7,7,7,0,0,0,Online ad,0,1
RW-103331,Westfield,30,36,Monthly,0,Plus,49,0,0,0,8.8,1,16,15,1,5,0,0,Online ad,1,0
RW-103332,Downtown,74,12,Monthly,0,Basic,29,0,0,0,12.3,0,2,2,11,2,0,0,Corporate,0,0
RW-103333,Riverside,43,25,Monthly,0,Premium,79,0,0,0,6.2,0,5,26,9,1,0,0,Corporate,1,1
RW-103334,Northgate,25,16,Annual,9,Premium,74,0,0,1,3.9,1,11,8,1,4,0,0,Online ad,0,0
RW-103335,Downtown,19,3,Monthly,0,Basic,29,1,0,0,19.7,0,1,6,6,0,1,0,Walk-in,0,1
RW-103336,Lakeview,24,34,Monthly,0,Basic,29,0,0,0,3.8,0,0,3,38,0,0,0,Online ad,0,0
RW-103337,Riverside,55,34,Annual,5,Plus,34,1,0,0,8.0,0,4,20,0,1,1,0,Walk-in,0,0
RW-103338,Riverside,49,7,Monthly,0,Basic,29,0,0,0,11.7,1,5,8,7,0,0,0,Friend,2,1
RW-103339,Lakeview,52,14,Monthly,0,Plus,49,0,0,0,16.9,1,2,2,1,0,0,0,Friend,0,1
RW-103340,Lakeview,28,33,Annual,9,Basic,24,0,0,0,9.2,1,10,11,6,0,0,0,Online ad,0,0
RW-103341,Northgate,33,14,Annual,1,Basic,24,0,0,0,16.1,1,5,6,5,0,2,0,Online ad,0,1
RW-103342,Downtown,29,24,Annual,3,Basic,24,0,1,0,11.8,1,8,16,9,0,0,0,Walk-in,0,0
RW-103343,Downtown,30,2,Monthly,0,Premium,79,1,0,0,3.7,1,1,10,19,1,0,0,Friend,0,1
RW-103344,Downtown,50,33,Annual,1,Premium,74,0,0,1,3.0,0,11,10,2,4,1,0,Friend,0,0
RW-103345,Westfield,51,20,Annual,0,Plus,44,1,0,0,6.4,1,12,7,0,4,0,0,Walk-in,0,0
RW-103346,Lakeview,24,25,Monthly,0,Plus,49,0,0,0,6.3,1,3,8,9,2,0,0,Friend,0,0
RW-103347,Downtown,22,3,Monthly,0,Basic,29,0,0,1,4.9,0,4,6,12,1,1,0,Online ad,1,0
RW-103348,Downtown,69,10,Annual,10,Basic,24,0,0,0,5.8,1,10,6,6,0,0,0,Walk-in,0,0
RW-103349,Hillcrest,37,21,Monthly,0,Plus,49,1,0,0,3.3,1,11,7,1,6,0,0,Walk-in,0,0
RW-103350,Riverside,72,16,Monthly,0,Plus,49,1,1,0,1.7,0,6,7,8,0,1,0,Online ad,1,0
RW-103351,Westfield,42,5,Monthly,0,Plus,39,1,0,0,7.1,0,5,3,9,4,0,0,Online ad,3,0
RW-103352,Downtown,42,18,Annual,7,Plus,44,0,1,0,5.6,1,14,10,7,7,0,0,Online ad,0,0
RW-103353,Riverside,27,3,Monthly,0,Plus,49,0,0,0,1.6,1,14,10,5,7,0,0,Walk-in,0,0
RW-103354,Westfield,47,49,Monthly,0,Plus,49,0,0,0,3.8,0,5,4,4,0,0,0,Friend,1,0
RW-103355,Westfield,25,12,Monthly,0,Basic,29,0,0,0,15.2,1,27,12,3,1,0,0,Walk-in,1,0
RW-103356,Lakeview,45,46,Annual,1,Basic,24,0,1,0,6.3,1,2,6,16,0,0,0,Friend,0,0
RW-103357,Hillcrest,23,14,Monthly,0,Basic,29,0,0,0,2.2,1,11,8,8,4,0,0,Walk-in,0,0
RW-103358,Riverside,23,3,Monthly,0,Plus,49,0,0,0,2.9,1,18,9,3,0,0,0,Corporate,0,0
RW-103359,Northgate,31,30,Annual,5,Plus,44,0,0,0,6.1,1,28,28,3,2,0,0,Corporate,0,0
RW-103360,Lakeview,58,41,Annual,1,Basic,24,0,0,0,3.0,1,19,27,0,1,0,1,Corporate,0,0
RW-103361,Downtown,29,1,Monthly,0,Basic,29,0,0,0,2.1,0,7,0,6,0,0,0,Walk-in,0,0
RW-103362,Northgate,39,58,Monthly,0,Premium,79,0,0,0,5.1,1,15,15,3,1,1,0,Online ad,1,0
RW-103363,Westfield,35,9,Monthly,0,Premium,79,0,0,1,5.6,1,8,9,6,2,0,0,Walk-in,1,0
RW-103364,Hillcrest,26,29,Monthly,0,Plus,44,1,1,0,4.7,0,1,1,2,0,0,0,Online ad,0,0
RW-103365,Downtown,30,47,Monthly,0,Plus,49,0,0,0,6.4,0,15,11,1,1,0,0,Friend,2,0
RW-103366,Riverside,37,10,Annual,9,Basic,24,0,0,0,8.9,1,9,5,8,0,1,0,Friend,1,0
RW-103367,Northgate,19,6,Annual,8,Plus,34,1,0,0,4.5,1,11,19,3,0,0,0,Walk-in,0,0
RW-103368,Hillcrest,32,37,Annual,11,Premium,74,0,0,0,4.6,0,3,2,8,2,0,0,Walk-in,0,0
RW-103369,Hillcrest,30,3,Monthly,0,Plus,49,0,0,0,1.6,1,17,19,0,0,0,0,Walk-in,0,0
RW-103370,Lakeview,44,37,Monthly,0,Plus,49,0,0,0,11.0,0,4,5,2,2,1,0,Online ad,0,0
RW-103371,Downtown,25,6,Monthly,0,Basic,29,1,0,1,5.6,0,1,14,19,0,0,0,Walk-in,0,0
RW-103372,Northgate,43,20,Annual,2,Plus,44,0,0,0,18.3,0,5,3,7,1,0,0,Walk-in,0,0
RW-103373,Downtown,47,11,Monthly,0,Plus,49,0,0,0,7.9,0,5,4,5,0,0,1,Friend,0,1
RW-103374,Northgate,54,72,Monthly,0,Plus,49,0,0,0,4.7,0,16,17,0,2,1,1,Corporate,1,0
RW-103375,Hillcrest,31,56,Annual,2,Plus,44,0,0,0,7.3,1,12,11,1,5,0,0,Walk-in,0,0
RW-103376,Northgate,33,9,Monthly,0,Basic,29,0,0,0,4.5,0,5,3,9,2,0,0,Corporate,0,0
RW-103377,Northgate,23,40,Annual,11,Basic,24,0,0,0,4.7,1,2,10,16,0,0,0,Online ad,1,0
RW-103378,Northgate,35,11,Monthly,0,Premium,79,1,0,0,4.7,1,10,7,5,1,0,0,Walk-in,0,0
RW-103379,Downtown,22,15,Annual,9,Plus,44,0,0,0,4.0,1,3,6,4,2,0,0,Friend,0,0
RW-103380,Downtown,27,39,Annual,9,Premium,64,1,1,0,10.1,0,14,9,0,2,1,1,Friend,0,0
RW-103381,Riverside,27,6,Monthly,0,Plus,49,0,1,0,17.2,1,6,8,0,0,1,0,Walk-in,0,0
RW-103382,Riverside,33,4,Monthly,0,Premium,74,1,0,0,4.2,1,9,4,8,3,0,0,Online ad,0,1
RW-103383,Riverside,44,6,Monthly,0,Plus,49,0,0,0,3.3,1,7,16,6,0,0,0,Walk-in,0,0
RW-103384,Downtown,34,25,Monthly,0,Plus,44,1,0,0,4.1,1,16,17,1,0,1,1,Friend,2,0
RW-103385,Northgate,47,26,Annual,9,Plus,39,1,0,0,4.0,0,19,17,5,11,1,0,Online ad,1,0
RW-103386,Hillcrest,22,40,Monthly,0,Plus,49,0,1,0,5.9,1,6,8,5,0,0,0,Online ad,1,0
RW-103387,Hillcrest,21,12,Monthly,0,Basic,29,0,0,0,4.1,0,10,3,4,0,0,0,Walk-in,0,0
RW-103388,Riverside,36,10,Annual,0,Plus,44,1,0,0,2.1,0,6,3,7,0,0,0,Friend,0,1
RW-103389,Westfield,27,9,Monthly,0,Plus,49,0,0,1,12.8,1,10,9,8,4,0,0,Corporate,0,0
RW-103390,Riverside,41,82,Annual,11,Basic,24,0,0,1,10.7,1,20,24,4,14,0,1,Online ad,0,0
RW-103391,Northgate,57,20,Monthly,0,Plus,44,1,0,0,5.3,0,21,9,5,1,0,0,Walk-in,0,0
RW-103392,Northgate,38,31,Monthly,0,Basic,19,1,0,0,1.3,0,6,10,1,7,0,1,Friend,0,0
RW-103393,Downtown,78,25,Annual,11,Premium,74,0,1,0,5.5,1,4,8,12,1,0,0,Walk-in,0,0
RW-103394,Northgate,32,47,Annual,0,Plus,44,1,1,0,1.5,1,19,24,5,7,0,0,Walk-in,1,0
RW-103395,Westfield,52,76,Annual,9,Premium,64,1,1,1,6.7,1,6,7,9,2,1,1,Online ad,0,0
RW-103396,Westfield,43,119,Monthly,0,Premium,69,1,0,1,1.4,0,15,17,7,4,0,0,Walk-in,0,0
RW-103397,Hillcrest,20,23,Monthly,0,Basic,29,0,0,0,4.9,1,9,17,4,2,1,0,Online ad,0,1
RW-103398,Hillcrest,27,28,Monthly,0,Plus,39,1,0,0,5.2,1,4,6,4,2,0,0,Online ad,0,1
RW-103399,Downtown,64,3,Monthly,0,Basic,29,0,0,0,3.2,0,4,4,9,0,0,0,Friend,0,1
RW-103400,Westfield,44,13,Monthly,0,Premium,79,1,0,1,8.9,1,28,28,4,1,0,0,Walk-in,1,0
RW-103401,Lakeview,33,31,Annual,11,Basic,24,0,1,0,4.5,0,19,21,1,12,0,0,Corporate,0,0
RW-103402,Riverside,28,8,Monthly,0,Plus,49,0,0,0,2.5,0,10,8,4,6,0,0,Friend,1,0
RW-103403,Downtown,25,9,Monthly,0,Basic,29,0,1,0,5.9,1,2,4,9,0,0,0,Online ad,0,0
RW-103404,Riverside,54,4,Monthly,0,Plus,49,0,0,0,5.2,0,4,4,8,1,0,0,Friend,0,0
RW-103405,Northgate,30,3,Annual,10,Premium,74,1,0,1,3.6,1,10,5,0,8,0,1,Online ad,0,0
RW-103406,Westfield,33,27,Monthly,0,Premium,79,0,0,0,3.9,0,10,3,8,1,1,0,Friend,0,0
RW-103407,Lakeview,37,4,Annual,3,Basic,24,0,0,0,2.4,1,4,10,13,0,0,0,Friend,0,0
RW-103408,Riverside,68,11,Annual,6,Plus,44,0,1,0,5.3,0,3,19,14,2,0,0,Friend,0,0
RW-103409,Lakeview,25,6,Monthly,0,Premium,79,0,0,1,3.1,1,7,5,7,1,0,0,Walk-in,0,1
RW-103410,Riverside,40,2,Monthly,0,Basic,29,0,0,0,3.7,1,8,6,6,4,1,0,Online ad,0,0
RW-103411,Downtown,31,6,Monthly,0,Plus,44,1,0,0,3.3,0,14,14,1,0,0,0,Walk-in,0,0
RW-103412,Riverside,28,47,Annual,8,Basic,19,1,0,0,5.0,0,1,5,16,0,1,1,Friend,0,0
RW-103413,Northgate,33,5,Monthly,0,Basic,29,0,0,0,4.4,1,13,14,7,4,0,0,Online ad,0,0
RW-103414,Westfield,26,13,Annual,9,Plus,44,0,0,0,1.1,0,14,6,7,0,0,0,Corporate,0,0
RW-103415,Hillcrest,27,3,Annual,0,Plus,44,0,0,0,5.9,1,16,13,6,2,0,0,Corporate,1,1
RW-103416,Riverside,53,14,Annual,3,Plus,39,1,0,0,2.0,0,8,9,3,1,0,0,Online ad,1,0
RW-103417,Riverside,29,95,Monthly,0,Premium,79,0,0,1,3.9,0,1,7,11,0,1,1,Walk-in,2,1
RW-103418,Northgate,22,3,Monthly,0,Plus,49,0,0,0,7.1,0,10,6,8,1,0,0,Online ad,0,1
RW-103419,Downtown,30,30,Annual,4,Premium,74,0,0,1,5.7,0,9,9,8,0,1,0,Friend,0,0
RW-103420,Westfield,31,27,Annual,1,Basic,14,1,1,0,11.0,1,8,8,6,0,0,0,Corporate,0,1
RW-103421,Riverside,34,3,Monthly,0,Basic,29,0,0,0,3.2,0,15,10,6,9,1,1,Online ad,0,0
RW-103422,Hillcrest,48,2,Monthly,0,Plus,49,0,0,0,4.0,1,7,4,7,1,0,0,Friend,0,0
RW-103423,Lakeview,28,19,Monthly,0,Premium,74,1,0,0,0.8,0,11,8,3,9,0,0,Friend,0,0
RW-103424,Hillcrest,29,70,Monthly,0,Premium,79,0,0,0,5.0,0,19,28,2,0,0,0,Online ad,1,0
RW-103425,Hillcrest,29,29,Annual,5,Premium,74,0,1,1,3.0,0,2,11,3,0,0,1,Walk-in,0,0
RW-103426,Lakeview,23,6,Monthly,0,Premium,79,0,0,1,5.2,0,3,5,13,0,0,0,Corporate,0,1
RW-103427,Riverside,45,34,Annual,3,Basic,24,0,0,0,9.3,1,28,20,0,2,0,0,Walk-in,0,0
RW-103428,Lakeview,51,6,Monthly,0,Basic,29,0,0,0,4.3,1,10,20,1,5,0,0,Online ad,0,0
RW-103429,Riverside,25,14,Monthly,0,Basic,29,0,0,0,8.5,0,2,5,3,0,0,0,Corporate,0,0
RW-103430,Downtown,29,44,Annual,9,Plus,34,1,0,0,7.3,1,28,12,5,6,0,0,Friend,0,0
RW-103431,Downtown,38,12,Annual,7,Basic,24,0,0,0,2.1,1,8,6,2,2,0,1,Friend,0,0
RW-103432,Northgate,35,23,Monthly,0,Basic,24,1,0,0,4.6,0,3,9,8,1,0,1,Friend,0,0
RW-103433,Downtown,34,12,Annual,4,Basic,24,0,0,0,0.7,0,8,4,5,2,0,0,Online ad,1,0
RW-103434,Northgate,33,13,Annual,2,Basic,24,1,1,0,3.7,1,11,14,3,2,0,1,Friend,0,0
RW-103435,Hillcrest,42,19,Monthly,0,Plus,49,0,0,0,6.6,0,4,13,3,0,2,0,Walk-in,0,1
RW-103436,Riverside,27,18,Annual,2,Plus,44,1,0,0,3.5,1,10,4,3,1,0,0,Online ad,1,0
RW-103437,Northgate,28,11,Monthly,0,Plus,49,0,0,0,3.6,0,11,21,1,1,0,0,Walk-in,0,1
RW-103438,Downtown,29,3,Monthly,0,Plus,49,0,1,0,2.8,0,16,19,1,8,0,0,Friend,0,0
RW-103439,Westfield,37,23,Monthly,0,Plus,44,1,0,0,7.7,1,1,9,8,0,0,0,Friend,0,1
RW-103440,Hillcrest,59,20,Monthly,0,Plus,49,0,0,0,7.9,1,5,14,11,0,1,0,Friend,0,1
RW-103441,Downtown,28,4,Monthly,0,Basic,29,0,0,0,5.2,1,14,13,6,5,0,0,Online ad,1,0
RW-103442,Riverside,29,9,Annual,3,Basic,24,0,0,0,3.4,1,8,4,8,0,0,0,Online ad,0,0
RW-103443,Northgate,22,17,Monthly,0,Basic,29,0,0,0,13.8,0,8,8,0,0,0,0,Friend,1,0
RW-103444,Hillcrest,34,13,Annual,4,Basic,24,1,0,0,4.8,1,13,4,6,1,0,0,Online ad,1,0
RW-103445,Northgate,23,13,Monthly,0,Premium,79,0,0,1,3.3,1,28,24,5,16,0,0,Online ad,0,0
RW-103446,Northgate,51,12,Monthly,0,Basic,29,0,0,0,2.4,0,10,7,3,0,0,0,Online ad,1,0
RW-103447,Northgate,27,20,Monthly,0,Basic,29,0,0,0,4.8,0,14,10,1,0,1,1,Friend,0,0
RW-103448,Lakeview,23,17,Monthly,0,Plus,49,0,0,0,5.5,1,4,1,9,2,0,0,Friend,0,1
RW-103449,Riverside,29,2,Monthly,0,Premium,79,0,0,1,1.8,0,4,12,1,3,0,1,Online ad,0,0
RW-103450,Westfield,34,13,Annual,8,Premium,64,1,0,0,10.6,1,7,5,7,0,0,0,Friend,0,0
RW-103451,Westfield,34,4,Annual,4,Premium,69,1,1,1,3.6,1,5,3,9,0,0,0,Walk-in,0,0
RW-103452,Westfield,25,20,Annual,6,Basic,24,0,0,0,6.7,1,10,9,2,0,0,0,Walk-in,0,0
RW-103453,Northgate,36,19,Annual,4,Basic,24,1,0,0,6.3,0,6,3,2,1,1,0,Friend,0,0
RW-103454,Lakeview,37,4,Monthly,0,Plus,49,0,0,0,17.4,1,4,8,5,2,0,0,Friend,0,1
RW-103455,Hillcrest,27,3,Monthly,0,Plus,49,0,0,0,4.4,0,2,3,13,0,1,0,Walk-in,0,1
RW-103456,Westfield,35,3,Annual,5,Basic,24,0,0,0,6.0,1,6,4,5,4,0,0,Online ad,0,0
RW-103457,Riverside,77,15,Annual,6,Plus,39,1,0,0,6.8,1,6,11,2,0,1,0,Friend,0,0
RW-103458,Northgate,32,42,Monthly,0,Premium,79,0,1,0,1.8,0,8,10,9,0,1,1,Online ad,0,0
RW-103459,Downtown,50,20,Monthly,0,Plus,49,1,0,0,3.2,1,0,1,78,0,0,0,Online ad,0,1
RW-103460,Riverside,43,27,Annual,4,Basic,24,0,0,0,2.5,1,5,4,11,1,2,0,Friend,0,0
RW-103461,Northgate,32,37,Annual,2,Premium,74,0,0,1,3.7,1,4,5,11,0,0,0,Online ad,0,0
RW-103462,Northgate,45,29,Annual,3,Premium,74,0,1,0,5.0,1,5,22,5,0,0,0,Walk-in,0,0
RW-103463,Riverside,40,13,Annual,11,Premium,74,0,0,1,19.6,1,1,6,8,0,0,0,Friend,0,0
RW-103464,Lakeview,22,69,Monthly,0,Basic,29,1,0,0,3.5,0,1,10,1,0,2,1,Friend,0,1
RW-103465,Northgate,39,14,Annual,7,Premium,74,0,0,1,5.7,1,3,5,10,0,0,0,Friend,0,0
RW-103466,Riverside,24,10,Monthly,0,Premium,79,0,1,1,22.8,0,9,10,0,1,1,0,Online ad,0,0
RW-103467,Northgate,35,3,Monthly,0,Premium,79,0,0,0,12.2,0,5,1,2,1,0,1,Corporate,0,1
RW-103468,Westfield,42,29,Annual,0,Plus,44,0,0,0,3.1,1,9,10,1,3,0,0,Friend,0,0
RW-103469,Riverside,30,59,Monthly,0,Plus,49,0,1,0,1.7,1,9,16,7,5,0,1,Friend,0,0
RW-103470,Northgate,27,3,Monthly,0,Premium,79,0,0,1,11.4,1,3,5,12,0,0,0,Walk-in,0,0
RW-103471,Westfield,53,89,Annual,2,Basic,24,1,0,0,2.4,0,2,5,13,0,0,1,Walk-in,0,0
RW-103472,Lakeview,30,24,Monthly,0,Premium,79,0,0,0,4.7,1,9,10,7,0,0,0,Online ad,0,0
RW-103473,Northgate,39,34,Annual,4,Plus,44,0,0,0,4.2,0,13,18,5,1,0,0,Online ad,0,0
RW-103474,Riverside,59,3,Monthly,0,Basic,29,0,0,0,1.8,1,7,14,0,0,0,1,Friend,1,1
RW-103475,Hillcrest,46,113,Monthly,0,Plus,49,0,0,0,5.8,1,11,8,4,0,0,0,Online ad,0,1
RW-103476,Riverside,30,42,Monthly,0,Plus,49,0,0,0,4.2,0,1,4,8,0,0,0,Online ad,0,0
RW-103477,Westfield,34,21,Monthly,0,Plus,49,0,0,0,10.7,0,17,16,7,4,0,0,Friend,0,0
RW-103478,Downtown,47,13,Annual,10,Plus,34,1,0,0,3.7,1,4,12,12,3,0,0,Friend,0,0
RW-103479,Westfield,42,13,Annual,9,Basic,19,1,1,0,2.7,1,8,7,1,0,0,0,Friend,0,0
RW-103480,Riverside,34,34,Monthly,0,Basic,29,0,0,0,7.8,0,9,16,5,5,0,0,Online ad,0,0
RW-103481,Downtown,38,3,Annual,2,Plus,44,0,0,0,2.7,1,5,4,2,0,1,0,Walk-in,0,0
RW-103482,Northgate,33,6,Annual,6,Basic,24,0,1,0,7.4,1,3,5,12,0,0,0,Walk-in,0,0
RW-103483,Lakeview,34,6,Annual,7,Basic,24,0,0,0,12.2,0,9,8,6,1,0,0,Online ad,0,0
RW-103484,Hillcrest,50,3,Annual,7,Basic,24,0,0,0,1.6,1,4,14,11,0,0,0,Online ad,0,0
RW-103485,Riverside,39,20,Annual,2,Plus,44,0,0,1,12.4,1,7,3,1,0,0,0,Online ad,0,0
RW-103486,Downtown,26,22,Monthly,0,Basic,29,0,1,0,2.8,1,12,9,3,2,1,0,Corporate,0,0
RW-103487,Westfield,31,3,Annual,3,Basic,14,1,1,0,6.9,1,9,7,0,4,2,1,Walk-in,0,0
RW-103488,Lakeview,31,2,Monthly,0,Plus,49,0,1,0,5.8,1,8,2,7,0,1,1,Walk-in,1,0
RW-103489,Westfield,25,57,Monthly,0,Basic,19,1,0,0,2.4,1,13,15,2,1,0,0,Online ad,0,0
RW-103490,Northgate,25,28,Monthly,0,Plus,49,0,1,0,7.2,1,6,3,4,2,0,0,Friend,0,0
RW-103491,Westfield,34,25,Annual,8,Plus,34,1,0,0,3.3,1,22,21,5,2,2,0,Walk-in,0,0
RW-103492,Hillcrest,47,7,Annual,1,Plus,44,1,0,0,2.9,0,6,2,2,0,0,1,Online ad,1,0
RW-103493,Lakeview,37,82,Monthly,0,Basic,29,0,0,0,2.6,1,3,8,5,1,1,0,Walk-in,1,0
RW-103494,Northgate,40,13,Monthly,0,Basic,29,0,0,0,2.0,0,0,3,33,0,1,0,Friend,0,0
RW-103495,Downtown,40,17,Monthly,0,Premium,79,0,0,1,3.1,1,13,9,6,6,0,0,Friend,0,0
RW-103496,Downtown,31,30,Monthly,0,Basic,29,0,0,0,4.7,0,4,5,0,2,0,1,Corporate,1,1
RW-103497,Hillcrest,46,19,Annual,0,Plus,44,0,1,0,23.4,0,1,3,4,0,1,0,Friend,0,1
RW-103498,Downtown,24,7,Annual,1,Plus,44,0,0,0,2.5,0,3,6,8,1,0,0,Walk-in,0,1
RW-103499,Downtown,30,47,Annual,8,Basic,24,1,0,0,3.4,1,2,9,2,1,0,1,Online ad,0,0
RW-103500,Downtown,27,10,Monthly,0,Plus,49,0,0,0,3.9,1,4,7,11,0,0,0,Corporate,0,0
RW-103501,Riverside,27,3,Annual,4,Plus,44,1,0,0,7.9,1,7,11,9,0,0,0,Friend,0,0
RW-103502,Hillcrest,23,19,Annual,8,Premium,69,1,1,0,3.2,1,17,27,1,1,0,0,Walk-in,1,0
RW-103503,Lakeview,20,11,Monthly,0,Plus,49,0,0,0,3.2,1,13,9,7,0,0,0,Walk-in,1,0
RW-103504,Lakeview,31,4,Monthly,0,Premium,79,1,0,0,14.2,1,1,7,9,0,0,0,Friend,0,1
RW-103505,Lakeview,68,39,Annual,3,Premium,64,1,0,1,4.5,1,6,11,8,0,1,0,Walk-in,0,0
RW-103506,Northgate,36,57,Monthly,0,Basic,29,0,1,0,3.7,1,4,3,6,2,0,0,Corporate,0,0
RW-103507,Lakeview,36,11,Monthly,0,Plus,49,0,0,0,1.6,0,0,3,38,0,0,0,Online ad,0,1
RW-103508,Riverside,43,21,Annual,5,Basic,24,0,0,0,8.3,0,10,11,7,0,0,0,Walk-in,0,0
RW-103509,Northgate,37,43,Annual,0,Basic,24,1,0,0,3.5,1,7,12,9,1,0,0,Walk-in,0,0
RW-103510,Downtown,28,6,Monthly,0,Basic,29,0,0,0,2.7,1,13,22,6,0,1,0,Friend,0,0
RW-103511,Downtown,51,32,Monthly,0,Basic,29,0,0,0,7.0,0,3,8,0,0,0,0,Online ad,0,1
RW-103512,Downtown,62,13,Monthly,0,Plus,49,0,0,0,2.2,1,2,1,14,0,0,0,Online ad,0,0
RW-103513,Hillcrest,31,12,Monthly,0,Basic,29,0,1,0,11.6,0,5,10,12,2,0,1,Friend,0,0
RW-103514,Riverside,52,54,Annual,3,Basic,19,1,0,0,5.5,1,4,8,12,1,0,0,Online ad,0,0
RW-103515,Westfield,45,4,Annual,2,Plus,44,0,0,0,13.4,1,6,7,4,1,0,0,Friend,0,0
RW-103516,Riverside,26,68,Monthly,0,Plus,49,0,1,0,3.6,1,2,1,8,0,0,0,Walk-in,0,0
RW-103517,Westfield,43,24,Annual,11,Basic,24,0,1,0,13.3,0,2,5,16,4,0,1,Online ad,0,0
RW-103518,Lakeview,42,3,Annual,6,Basic,24,0,0,0,6.1,0,6,1,4,1,0,0,Friend,0,0
RW-103519,Downtown,44,16,Annual,4,Basic,24,0,1,0,4.2,1,9,18,3,4,1,0,Friend,0,0
RW-103520,Downtown,40,12,Annual,5,Basic,24,1,0,0,4.8,0,10,15,8,0,0,0,Friend,0,0
RW-103521,Downtown,29,21,Annual,0,Basic,24,0,0,0,5.4,1,12,11,3,0,0,0,Friend,0,0
RW-103522,Downtown,35,17,Annual,6,Premium,74,1,1,0,8.9,0,2,8,2,0,0,1,Online ad,0,0
RW-103523,Westfield,30,29,Monthly,0,Plus,49,0,1,0,18.3,1,7,15,7,1,1,0,Friend,0,0
RW-103524,Riverside,26,12,Monthly,0,Basic,29,1,0,0,1.3,1,2,8,0,4,0,1,Friend,0,0
RW-103525,Riverside,27,2,Monthly,0,Plus,49,0,0,0,3.7,1,14,8,6,0,0,0,Walk-in,1,1
RW-103526,Westfield,38,22,Annual,2,Basic,24,0,1,0,6.3,0,4,2,9,0,0,0,Friend,0,0
RW-103527,Downtown,26,4,Annual,5,Premium,74,1,0,0,1.7,0,12,16,1,4,0,0,Walk-in,0,0
RW-103528,Lakeview,30,5,Annual,3,Basic,24,0,0,0,8.2,1,4,4,10,1,0,0,Friend,1,0
RW-103529,Hillcrest,50,12,Annual,11,Plus,44,1,0,0,7.1,0,5,8,1,0,0,0,Friend,0,0
RW-103530,Downtown,31,15,Annual,11,Plus,44,0,0,0,1.1,1,8,9,4,1,0,0,Online ad,0,0
RW-103531,Westfield,63,6,Annual,3,Plus,44,0,0,0,8.2,0,0,2,42,0,0,1,Corporate,0,0
RW-103532,Northgate,34,6,Monthly,0,Basic,29,1,0,0,4.0,1,0,2,32,0,0,0,Online ad,0,0
RW-103533,Lakeview,55,17,Monthly,0,Basic,29,0,0,0,5.5,0,4,2,9,0,0,0,Online ad,0,0
RW-103534,Lakeview,34,4,Monthly,0,Premium,69,1,0,0,4.7,0,14,18,7,0,1,0,Corporate,0,0
RW-103535,Downtown,24,16,Monthly,0,Plus,49,0,0,0,3.2,0,6,4,3,0,0,0,Friend,0,1
RW-103536,Northgate,21,42,Annual,10,Premium,74,0,0,0,10.7,1,1,5,16,0,0,0,Friend,0,1
RW-103537,Riverside,31,1,Annual,6,Basic,24,0,0,0,4.6,1,9,0,8,0,0,0,Online ad,0,0
RW-103538,Lakeview,42,12,Annual,1,Premium,74,0,0,1,4.2,0,3,2,1,0,1,0,Friend,0,1
RW-103539,Northgate,51,1,Monthly,0,Basic,29,0,0,1,2.9,1,17,0,0,5,0,0,Walk-in,0,0
RW-103540,Downtown,25,4,Annual,6,Basic,19,1,0,0,3.4,0,1,3,20,0,1,0,Walk-in,0,0
RW-103541,Downtown,31,44,Monthly,0,Plus,49,0,0,0,11.0,1,2,4,10,0,1,0,Walk-in,0,0
RW-103542,Hillcrest,40,5,Monthly,0,Plus,49,0,0,1,5.5,0,9,5,5,0,0,0,Online ad,0,0
RW-103543,Hillcrest,33,8,Monthly,0,Plus,49,0,0,0,6.5,1,2,4,7,1,0,0,Walk-in,0,0
RW-103544,Lakeview,37,44,Monthly,0,Plus,49,0,0,0,5.2,1,18,14,4,0,0,0,Online ad,0,0
RW-103545,Hillcrest,56,27,Monthly,0,Plus,49,0,0,0,7.3,1,17,12,3,5,0,1,Walk-in,0,0
RW-103546,Lakeview,37,27,Annual,0,Basic,24,0,1,0,5.1,0,1,5,6,0,1,1,Walk-in,1,1
RW-103547,Downtown,24,23,Annual,0,Plus,44,0,1,0,2.9,1,5,8,7,0,1,1,Online ad,0,1
RW-103548,Downtown,50,2,Annual,1,Basic,24,0,0,0,5.0,1,19,15,2,2,0,0,Friend,1,1
RW-103549,Westfield,26,90,Annual,4,Plus,44,0,0,0,15.9,1,27,25,2,1,0,0,Online ad,1,0
RW-103550,Northgate,31,68,Annual,3,Basic,24,0,0,0,8.9,1,10,7,0,0,0,0,Walk-in,1,0
RW-103551,Northgate,48,7,Monthly,0,Plus,49,0,0,0,8.1,1,11,7,5,0,0,0,Friend,0,0
RW-103552,Lakeview,59,8,Monthly,0,Premium,79,0,0,0,5.9,1,2,6,14,0,1,0,Online ad,0,1
RW-103553,Westfield,60,25,Monthly,0,Plus,49,0,0,0,1.8,0,11,10,8,5,0,0,Friend,0,0
RW-103554,Northgate,28,58,Monthly,0,Basic,29,0,0,1,3.3,1,6,14,9,4,0,0,Walk-in,0,0
RW-103555,Hillcrest,44,35,Monthly,0,Basic,29,0,0,0,1.4,1,9,8,7,3,0,0,Walk-in,0,0
RW-103556,Westfield,59,12,Monthly,0,Premium,79,0,0,0,12.7,1,6,2,5,4,0,0,Corporate,1,0
RW-103557,Riverside,34,31,Annual,4,Basic,24,0,0,0,1.9,0,5,4,9,0,0,0,Walk-in,0,0
RW-103558,Westfield,46,21,Monthly,0,Plus,49,0,0,0,6.2,1,15,15,3,4,0,0,Walk-in,0,0
RW-103559,Northgate,40,48,Annual,6,Premium,69,1,0,0,5.0,0,4,4,12,0,0,0,Walk-in,0,0
RW-103560,Westfield,39,5,Monthly,0,Basic,24,1,0,0,3.4,1,23,14,3,7,0,0,Friend,0,0
RW-103561,Riverside,43,5,Monthly,0,Premium,79,0,0,0,1.5,0,1,4,12,0,1,1,Online ad,0,1
RW-103562,Northgate,28,12,Monthly,0,Plus,49,0,0,0,10.3,1,4,2,4,3,0,0,Walk-in,0,1
RW-103563,Riverside,43,11,Monthly,0,Plus,39,1,0,0,1.4,1,3,11,8,0,0,0,Online ad,0,0
RW-103564,Lakeview,43,6,Annual,3,Plus,44,0,0,0,4.0,1,3,6,4,0,1,0,Walk-in,0,0
RW-103565,Lakeview,44,111,Annual,6,Basic,24,1,1,0,1.5,1,11,11,3,0,0,0,Online ad,0,0
RW-103566,Riverside,32,29,Annual,3,Basic,24,0,0,0,16.2,1,8,9,4,4,0,1,Friend,0,0
RW-103567,Westfield,46,10,Monthly,0,Basic,29,0,1,0,1.6,0,9,5,6,0,0,0,Walk-in,0,0
RW-103568,Downtown,59,14,Annual,11,Plus,44,0,0,0,7.9,1,10,4,5,7,1,0,Friend,0,0
RW-103569,Downtown,37,47,Monthly,0,Basic,29,0,0,1,1.7,0,12,10,3,1,0,0,Online ad,0,0
RW-103570,Lakeview,37,12,Monthly,0,Premium,79,0,0,1,7.3,1,5,7,6,0,0,0,Online ad,0,0
RW-103571,Lakeview,33,23,Monthly,0,Basic,29,0,1,0,3.2,1,12,9,2,6,0,0,Walk-in,0,0
RW-103572,Hillcrest,37,13,Monthly,0,Plus,49,1,1,0,3.6,0,13,16,1,0,1,0,Friend,0,0
RW-103573,Northgate,21,30,Annual,8,Plus,44,0,0,0,1.5,0,28,26,1,16,0,0,Online ad,0,0
RW-103574,Hillcrest,48,11,Monthly,0,Basic,29,0,0,0,6.6,0,3,5,4,0,1,0,Friend,0,1
RW-103575,Riverside,29,17,Monthly,0,Plus,49,0,0,0,2.4,0,11,17,8,1,0,0,Walk-in,1,0
RW-103576,Northgate,22,43,Monthly,0,Plus,49,0,0,0,12.3,1,9,9,6,1,0,0,Walk-in,0,0
RW-103577,Lakeview,18,12,Monthly,0,Premium,79,0,0,0,4.3,1,10,5,6,6,1,1,Corporate,0,0
RW-103578,Riverside,41,7,Monthly,0,Premium,79,0,0,0,1.8,0,8,8,5,0,0,0,Online ad,0,0
RW-103579,Lakeview,47,16,Annual,5,Plus,44,0,0,1,6.6,0,11,2,3,3,0,0,Walk-in,0,0
RW-103580,Downtown,28,19,Monthly,0,Plus,44,1,0,0,7.7,1,6,8,7,0,0,1,Friend,0,0
RW-103581,Hillcrest,29,8,Annual,5,Plus,44,0,1,0,12.4,1,6,7,5,2,0,0,Friend,0,0
RW-103582,Westfield,18,36,Monthly,0,Plus,49,0,0,1,5.1,0,5,11,11,0,1,0,Corporate,0,0
RW-103583,Downtown,46,22,Monthly,0,Basic,29,0,0,1,3.2,0,6,13,2,2,0,0,Friend,0,0
RW-103584,Lakeview,36,26,Monthly,0,Plus,49,0,0,0,11.8,0,2,12,16,1,0,1,Friend,0,0
RW-103585,Northgate,43,4,Annual,3,Plus,44,0,0,0,3.2,1,6,5,8,0,0,0,Friend,0,0
RW-103586,Downtown,39,7,Annual,2,Basic,24,0,0,0,3.8,1,9,11,3,1,0,1,Walk-in,0,0
RW-103587,Westfield,21,44,Monthly,0,Basic,29,0,0,0,21.2,0,7,10,2,8,0,0,Online ad,0,0
RW-103588,Downtown,24,84,Monthly,0,Basic,29,0,0,0,3.9,1,8,12,5,0,0,0,Online ad,1,1
RW-103589,Downtown,32,11,Annual,11,Plus,44,0,0,1,3.6,0,3,11,6,0,0,1,Online ad,0,0
RW-103590,Riverside,48,67,Annual,3,Basic,19,1,0,0,8.1,1,8,17,7,0,0,0,Friend,0,0
RW-103591,Downtown,52,14,Monthly,0,Basic,29,0,0,0,13.0,1,15,10,0,1,0,0,Online ad,0,1
RW-103592,Westfield,24,1,Monthly,0,Basic,29,0,1,0,2.2,1,4,0,11,3,0,0,Online ad,0,1
RW-103593,Lakeview,43,10,Monthly,0,Plus,49,1,0,0,4.1,0,7,11,8,3,0,0,Corporate,1,0
RW-103594,Northgate,40,38,Monthly,0,Basic,29,0,0,0,19.2,0,2,2,13,0,1,0,Walk-in,0,0
RW-103595,Riverside,46,15,Monthly,0,Plus,49,1,1,0,2.0,1,6,7,3,2,0,1,Walk-in,0,0
RW-103596,Downtown,40,28,Annual,4,Premium,74,0,0,0,11.3,1,5,10,6,2,0,1,Walk-in,0,0
RW-103597,Downtown,31,16,Monthly,0,Premium,79,0,0,1,4.4,0,3,2,11,0,0,0,Online ad,0,0
RW-103598,Hillcrest,30,15,Monthly,0,Plus,49,0,0,0,1.5,0,11,9,7,6,0,0,Friend,0,0
RW-103599,Westfield,29,41,Monthly,0,Plus,49,0,0,0,2.2,0,4,6,10,0,0,0,Online ad,0,0
RW-103600,Riverside,27,45,Annual,8,Premium,74,0,1,0,4.8,0,10,25,2,3,0,0,Friend,1,0
RW-103601,Lakeview,31,37,Annual,4,Basic,24,0,0,0,9.6,0,6,6,0,4,0,0,Online ad,0,0
RW-103602,Riverside,38,90,Monthly,0,Plus,49,0,0,0,5.2,0,6,3,1,1,1,0,Walk-in,0,1
RW-103603,Downtown,47,21,Monthly,0,Plus,49,0,0,0,7.7,1,9,6,0,0,1,0,Online ad,0,0
RW-103604,Lakeview,68,29,Annual,1,Plus,44,0,0,0,5.7,1,13,14,0,4,1,0,Friend,0,0
RW-103605,Downtown,52,83,Monthly,0,Plus,49,0,1,0,2.5,0,23,14,5,0,0,0,Walk-in,0,0
RW-103606,Downtown,42,5,Monthly,0,Plus,49,0,0,0,28.4,0,1,1,12,0,0,1,Walk-in,0,1
RW-103607,Downtown,21,42,Monthly,0,Basic,24,1,0,0,3.0,0,16,14,2,7,1,0,Friend,0,0
RW-103608,Northgate,19,35,Annual,2,Basic,24,0,0,0,7.1,0,13,8,6,9,0,0,Friend,0,0
RW-103609,Riverside,38,71,Annual,3,Basic,24,1,0,0,2.8,0,1,2,6,0,0,0,Online ad,0,0
RW-103610,Downtown,43,23,Monthly,0,Basic,24,1,0,0,9.3,1,2,10,9,0,0,1,Online ad,0,0
RW-103611,Lakeview,25,7,Monthly,0,Basic,29,0,0,0,12.8,0,4,8,5,1,0,0,Friend,0,1
RW-103612,Hillcrest,55,24,Annual,6,Basic,24,0,0,0,4.0,0,5,3,2,0,0,0,Online ad,0,0
RW-103613,Northgate,33,33,Monthly,0,Basic,29,0,0,0,2.5,1,2,5,2,0,0,0,Walk-in,0,1
RW-103614,Hillcrest,45,10,Annual,7,Plus,44,0,0,0,4.7,0,18,15,1,0,0,0,Friend,0,0
RW-103615,Northgate,30,82,Monthly,0,Basic,29,0,0,0,4.6,1,17,20,2,4,0,0,Online ad,0,0
RW-103616,Westfield,48,7,Monthly,0,Plus,49,0,0,0,2.8,1,6,7,6,5,0,0,Online ad,1,0
RW-103617,Downtown,29,16,Monthly,0,Basic,29,0,0,0,2.4,1,14,16,4,7,0,0,Walk-in,0,0
RW-103618,Hillcrest,45,9,Monthly,0,Basic,19,1,0,0,1.5,1,18,12,2,3,0,0,Online ad,0,1
RW-103619,Riverside,22,18,Annual,7,Plus,34,1,0,0,9.0,1,3,5,4,2,0,0,Online ad,0,0
RW-103620,Northgate,40,14,Annual,7,Plus,44,0,0,0,3.7,1,10,16,3,5,0,1,Online ad,0,0
RW-103621,Downtown,24,43,Monthly,0,Premium,79,0,0,1,5.1,1,4,10,6,0,0,0,Walk-in,0,1
RW-103622,Westfield,38,30,Annual,11,Plus,44,0,0,0,2.6,0,11,14,7,2,0,0,Corporate,1,0
RW-103623,Westfield,30,73,Annual,11,Plus,44,0,0,0,6.5,0,1,3,10,0,0,0,Online ad,0,0
RW-103624,Hillcrest,51,18,Monthly,0,Premium,79,0,0,1,7.3,1,9,17,1,1,0,0,Friend,0,0
RW-103625,Lakeview,33,4,Monthly,0,Premium,79,0,0,0,10.9,1,9,3,4,6,0,0,Walk-in,0,0
RW-103626,Hillcrest,55,22,Annual,7,Plus,44,0,1,0,3.4,0,2,2,0,0,0,0,Friend,0,0
RW-103627,Northgate,28,8,Monthly,0,Basic,24,1,0,0,2.3,1,6,9,7,2,0,0,Online ad,0,0
RW-103628,Riverside,55,20,Annual,5,Premium,74,0,0,0,3.0,1,7,17,6,0,0,0,Online ad,0,0
RW-103629,Northgate,57,3,Annual,1,Basic,24,0,0,0,7.1,0,4,6,6,0,1,0,Online ad,0,1
RW-103630,Lakeview,41,2,Monthly,0,Basic,24,1,0,1,12.4,0,1,3,1,0,0,0,Walk-in,0,1
RW-103631,Downtown,25,8,Annual,6,Plus,39,1,0,0,1.3,0,12,4,6,0,0,1,Friend,0,0
RW-103632,Downtown,21,50,Annual,2,Plus,44,0,0,0,6.0,1,8,8,3,6,1,0,Friend,0,0
RW-103633,Riverside,23,5,Monthly,0,Basic,29,0,0,0,4.2,1,5,9,12,3,1,0,Online ad,1,1
RW-103634,Hillcrest,36,63,Annual,0,Basic,24,0,0,0,3.4,0,3,7,12,2,0,1,Online ad,0,1
RW-103635,Downtown,33,4,Monthly,0,Plus,44,1,0,0,4.7,0,7,8,2,0,0,1,Online ad,0,1
RW-103636,Northgate,28,11,Monthly,0,Basic,29,0,0,0,21.3,1,10,5,9,2,0,0,Walk-in,0,0
RW-103637,Northgate,37,2,Annual,10,Plus,44,0,0,0,2.1,1,2,12,2,0,0,0,Online ad,0,0
RW-103638,Lakeview,24,5,Annual,5,Premium,74,0,0,1,5.3,1,2,3,13,0,0,1,Online ad,0,0
RW-103639,Lakeview,59,11,Annual,7,Basic,24,0,0,0,5.4,1,17,10,3,7,0,0,Friend,0,0
RW-103640,Westfield,40,15,Monthly,0,Basic,29,0,1,0,4.0,1,4,4,3,0,0,0,Walk-in,0,0
RW-103641,Riverside,35,6,Monthly,0,Basic,29,1,0,0,8.6,0,9,10,5,5,1,1,Walk-in,1,0
RW-103642,Northgate,39,10,Monthly,0,Plus,39,1,0,0,2.2,1,10,12,9,0,0,0,Online ad,0,0
RW-103643,Downtown,25,2,Monthly,0,Basic,29,0,0,0,13.0,1,3,6,14,0,0,0,Walk-in,0,1
RW-103644,Northgate,43,7,Monthly,0,Plus,49,0,0,0,13.5,1,3,6,10,1,1,1,Friend,1,0
RW-103645,Lakeview,46,39,Annual,11,Premium,74,0,1,0,10.3,0,7,6,1,0,0,0,Friend,0,0
RW-103646,Westfield,37,96,Annual,9,Basic,19,1,0,0,4.3,0,18,14,6,0,1,0,Online ad,0,0
RW-103647,Downtown,38,12,Annual,0,Basic,24,0,0,0,9.7,0,5,4,1,1,0,1,Friend,0,1
RW-103648,Northgate,57,44,Annual,4,Plus,44,0,0,1,8.0,0,27,22,2,16,1,0,Friend,0,0
RW-103649,Hillcrest,37,1,Monthly,0,Premium,79,0,1,0,2.3,0,2,0,2,0,1,1,Walk-in,1,1
RW-103650,Hillcrest,67,2,Monthly,0,Basic,29,0,0,0,5.4,0,12,15,7,0,0,1,Friend,0,0
RW-103651,Riverside,35,32,Annual,6,Basic,24,0,1,0,9.2,0,2,6,10,0,1,0,Friend,1,0
RW-103652,Westfield,30,35,Annual,8,Basic,24,0,0,0,8.0,1,4,8,13,0,0,0,Walk-in,0,0
RW-103653,Northgate,34,7,Monthly,0,Basic,29,0,0,0,5.6,0,3,4,14,3,0,0,Walk-in,0,0
RW-103654,Westfield,34,18,Annual,9,Basic,24,0,0,0,7.8,1,4,13,2,2,0,1,Friend,0,0
RW-103655,Northgate,32,12,Monthly,0,Plus,39,1,0,0,36.7,0,7,4,8,3,0,0,Walk-in,0,1
RW-103656,Lakeview,31,12,Annual,2,Basic,24,0,0,0,4.9,0,3,15,2,0,0,0,Online ad,0,0
RW-103657,Riverside,43,45,Annual,3,Premium,74,0,0,1,4.8,0,28,28,1,3,0,1,Online ad,0,0
RW-103658,Downtown,40,31,Annual,2,Premium,64,1,0,1,12.3,1,8,7,2,0,0,0,Friend,0,0
RW-103659,Lakeview,35,40,Monthly,0,Basic,29,0,0,0,10.3,1,5,9,7,0,0,0,Corporate,0,0
RW-103660,Westfield,30,29,Monthly,0,Basic,29,0,0,0,4.7,0,11,4,6,0,0,1,Online ad,0,0
RW-103661,Downtown,59,17,Annual,1,Basic,24,0,0,0,4.0,1,12,28,2,4,1,0,Walk-in,0,0
RW-103662,Downtown,35,44,Annual,3,Basic,24,0,0,0,5.5,1,6,6,8,0,0,0,Walk-in,0,0
RW-103663,Northgate,40,23,Annual,11,Basic,24,0,0,0,8.9,0,2,5,6,1,0,0,Corporate,0,0
RW-103664,Riverside,48,2,Monthly,0,Basic,24,1,0,0,3.4,1,8,3,2,2,0,0,Corporate,0,0
RW-103665,Downtown,33,4,Monthly,0,Plus,49,0,0,0,1.7,0,4,6,13,2,1,0,Walk-in,0,0
RW-103666,Downtown,72,10,Monthly,0,Plus,49,0,0,0,32.1,0,1,4,16,1,0,0,Walk-in,0,1
RW-103667,Downtown,39,51,Monthly,0,Basic,24,1,0,0,5.2,0,7,8,1,5,0,0,Corporate,0,0
RW-103668,Hillcrest,27,3,Monthly,0,Basic,29,0,0,1,4.3,0,14,10,4,4,0,0,Walk-in,1,0
RW-103669,Northgate,49,12,Monthly,0,Basic,19,1,0,0,3.7,1,8,9,9,0,0,0,Walk-in,0,0
RW-103670,Downtown,30,21,Monthly,0,Basic,29,0,0,0,5.0,1,4,6,4,0,0,0,Corporate,0,0
RW-103671,Northgate,41,4,Annual,9,Premium,74,1,0,0,3.3,1,8,6,7,1,0,1,Friend,0,0
RW-103672,Northgate,29,6,Monthly,0,Plus,49,0,0,0,7.5,0,2,0,2,0,2,0,Online ad,0,1
RW-103673,Riverside,37,80,Monthly,0,Premium,79,1,0,1,11.7,0,8,11,6,1,0,0,Walk-in,0,0
RW-103674,Hillcrest,24,42,Monthly,0,Plus,44,1,1,0,8.9,1,22,23,1,7,0,1,Corporate,0,0
RW-103675,Westfield,41,15,Annual,9,Basic,24,0,0,0,5.7,0,0,5,37,0,0,1,Corporate,0,0
RW-103676,Northgate,34,2,Monthly,0,Plus,49,0,1,0,5.2,1,1,1,1,0,0,1,Online ad,0,1
RW-103677,Westfield,32,48,Monthly,0,Basic,29,0,0,0,3.9,1,7,20,1,0,0,0,Friend,0,1
RW-103678,Northgate,27,6,Annual,1,Premium,64,1,0,0,2.4,1,3,9,14,2,1,0,Walk-in,1,1
RW-103679,Downtown,45,26,Monthly,0,Plus,44,1,1,0,17.2,1,4,4,3,0,0,1,Online ad,1,0
RW-103680,Riverside,61,22,Monthly,0,Plus,49,0,0,0,14.6,1,10,8,5,0,0,0,Walk-in,0,0
RW-103681,Westfield,30,21,Monthly,0,Plus,49,0,0,0,7.7,1,7,6,1,1,0,0,Corporate,0,0
RW-103682,Downtown,35,61,Monthly,0,Plus,39,1,0,0,3.7,1,3,8,8,3,0,0,Walk-in,0,0
RW-103683,Westfield,30,18,Monthly,0,Basic,29,0,0,0,2.5,0,4,3,5,0,0,0,Walk-in,0,0
RW-103684,Westfield,39,74,Monthly,0,Basic,29,0,0,0,5.5,1,12,14,6,1,0,0,Online ad,0,0
RW-103685,Hillcrest,54,8,Monthly,0,Basic,24,1,0,0,0.9,0,2,8,11,1,0,0,Online ad,0,0
RW-103686,Lakeview,47,27,Monthly,0,Basic,29,0,1,0,3.9,0,2,9,12,0,0,0,Online ad,0,1
RW-103687,Lakeview,23,11,Monthly,0,Basic,29,0,0,0,3.5,1,4,1,0,0,0,0,Online ad,1,0
RW-103688,Riverside,34,3,Annual,4,Plus,44,0,0,0,2.6,1,10,8,1,8,1,0,Friend,0,0
RW-103689,Downtown,34,23,Monthly,0,Plus,49,0,0,0,3.6,1,3,11,8,2,0,0,Online ad,1,0
RW-103690,Northgate,43,43,Annual,8,Basic,24,0,0,0,3.3,0,3,4,13,1,0,0,Friend,0,0
RW-103691,Westfield,22,51,Monthly,0,Basic,29,0,0,0,1.4,0,3,14,6,0,0,0,Walk-in,1,0
RW-103692,Northgate,43,1,Monthly,0,Basic,29,0,0,1,5.0,1,8,0,4,1,0,0,Walk-in,0,0
RW-103693,Northgate,24,53,Monthly,0,Basic,29,0,0,0,9.6,0,7,9,5,3,0,0,Online ad,0,0
RW-103694,Downtown,22,18,Annual,5,Plus,44,0,0,0,7.3,1,7,6,8,0,0,0,Friend,0,0
RW-103695,Downtown,28,4,Annual,7,Plus,44,0,0,0,6.9,1,8,5,2,1,1,0,Online ad,0,0
RW-103696,Hillcrest,29,80,Monthly,0,Basic,29,0,0,0,2.7,1,5,7,11,0,0,0,Friend,0,0
RW-103697,Lakeview,48,12,Annual,7,Plus,34,1,0,0,4.3,1,26,26,3,0,0,0,Walk-in,2,0
RW-103698,Downtown,25,26,Monthly,0,Plus,49,0,0,0,8.6,0,5,19,9,2,1,0,Online ad,0,1
RW-103699,Hillcrest,39,7,Annual,10,Basic,19,1,0,0,6.7,0,0,9,74,0,0,0,Online ad,0,0
RW-103700,Hillcrest,30,63,Monthly,0,Basic,29,1,0,1,3.3,0,28,28,0,0,0,0,Friend,0,0
RW-103701,Downtown,34,40,Monthly,0,Plus,49,0,1,1,3.5,0,12,16,5,0,0,0,Online ad,0,0
RW-103702,Riverside,37,11,Annual,1,Plus,44,0,0,1,8.0,0,7,6,0,0,1,0,Friend,0,1
RW-103703,Downtown,42,13,Annual,6,Basic,24,1,0,0,5.8,1,6,15,8,3,1,0,Friend,0,0
RW-103704,Hillcrest,56,31,Annual,2,Basic,14,1,0,0,14.5,1,10,15,2,0,0,1,Online ad,0,0
RW-103705,Lakeview,34,7,Monthly,0,Basic,29,0,0,0,8.1,1,1,10,8,0,0,0,Online ad,0,1
RW-103706,Riverside,38,12,Monthly,0,Plus,39,1,0,0,3.1,1,15,12,2,7,0,0,Walk-in,0,0
RW-103707,Downtown,61,1,Annual,8,Basic,24,0,0,0,3.9,0,12,0,1,0,0,1,Walk-in,0,0
RW-103708,Lakeview,33,6,Annual,8,Plus,44,0,1,0,3.2,1,4,9,13,3,0,1,Walk-in,0,0
RW-103709,Downtown,53,2,Annual,6,Basic,24,0,0,0,12.5,1,3,3,10,0,0,0,Walk-in,0,0
RW-103710,Lakeview,37,58,Annual,9,Plus,44,0,0,0,9.9,1,3,8,14,1,0,1,Walk-in,0,0
RW-103711,Hillcrest,36,16,Monthly,0,Plus,49,0,0,0,5.9,1,8,15,8,0,0,0,Friend,0,0
RW-103712,Northgate,30,57,Monthly,0,Basic,29,0,0,0,1.3,0,19,26,2,0,0,0,Online ad,0,0
RW-103713,Lakeview,30,7,Annual,11,Basic,24,0,1,0,11.3,0,7,6,10,4,0,1,Walk-in,0,0
RW-103714,Hillcrest,32,37,Monthly,0,Basic,29,0,1,1,1.1,0,13,14,3,7,0,1,Friend,0,0
RW-103715,Downtown,31,18,Monthly,0,Basic,29,0,0,0,1.6,1,2,17,14,0,0,1,Corporate,0,1
RW-103716,Downtown,25,4,Annual,7,Basic,24,1,0,0,2.8,1,4,2,8,1,0,0,Corporate,0,0
RW-103717,Riverside,52,19,Annual,7,Plus,44,0,0,0,1.7,0,12,9,4,2,0,0,Friend,1,0
RW-103718,Downtown,46,4,Annual,7,Basic,24,0,0,0,24.7,0,1,6,16,0,1,1,Online ad,0,1
RW-103719,Westfield,28,2,Monthly,0,Basic,29,0,0,0,2.4,0,2,9,6,0,0,0,Walk-in,0,1
RW-103720,Westfield,67,1,Monthly,0,Plus,49,0,0,0,3.9,1,1,0,8,0,0,0,Friend,1,0
RW-103721,Lakeview,39,33,Annual,10,Basic,24,0,0,0,5.0,0,28,28,1,2,1,0,Friend,0,0
RW-103722,Lakeview,35,10,Monthly,0,Plus,49,0,0,0,4.8,0,26,11,3,0,0,0,Online ad,0,0
RW-103723,Westfield,34,37,Monthly,0,Basic,24,1,0,0,2.7,0,10,13,5,6,0,0,Friend,0,0
RW-103724,Northgate,21,65,Monthly,0,Basic,29,0,0,0,4.1,1,9,7,1,0,0,0,Online ad,0,0
RW-103725,Downtown,27,15,Annual,11,Plus,44,0,1,0,6.8,1,4,0,12,3,0,1,Friend,0,0
RW-103726,Hillcrest,34,55,Monthly,0,Basic,29,0,1,0,5.3,1,22,15,4,9,0,1,Friend,0,0
RW-103727,Riverside,25,3,Annual,6,Basic,24,0,0,0,10.4,1,4,6,9,0,0,0,Online ad,0,0
RW-103728,Westfield,20,36,Annual,1,Plus,44,0,0,0,3.9,1,13,17,1,5,0,1,Online ad,0,0
RW-103729,Downtown,29,13,Monthly,0,Plus,49,0,0,0,2.4,0,8,10,4,1,1,0,Walk-in,0,0
RW-103730,Riverside,19,9,Annual,0,Basic,24,0,0,0,1.7,0,17,13,0,0,0,0,Friend,0,1
RW-103731,Downtown,39,2,Annual,7,Basic,24,0,0,0,7.4,0,17,8,2,0,0,0,Friend,0,0
RW-103732,Westfield,30,4,Monthly,0,Basic,29,0,0,0,8.3,0,0,8,44,0,1,0,Corporate,1,1
RW-103733,Lakeview,65,8,Annual,11,Basic,14,1,0,0,9.2,1,1,8,13,0,0,0,Online ad,0,0
RW-103734,Westfield,52,4,Monthly,0,Premium,79,1,0,0,1.4,1,3,8,5,0,0,0,Walk-in,0,1
RW-103735,Riverside,32,10,Monthly,0,Basic,24,1,1,0,7.3,1,4,5,10,2,1,0,Friend,0,0
RW-103736,Riverside,24,20,Monthly,0,Basic,29,1,0,0,27.9,1,0,5,41,0,0,0,Friend,0,1
RW-103737,Northgate,36,13,Monthly,0,Basic,29,0,0,0,5.5,0,1,12,11,0,0,0,Friend,0,0
RW-103738,Hillcrest,44,31,Annual,2,Plus,39,1,0,0,4.8,1,11,11,7,2,1,0,Online ad,0,0
RW-103739,Riverside,51,16,Monthly,0,Basic,29,0,1,0,4.0,0,13,21,8,0,0,1,Friend,0,0
RW-103740,Westfield,45,34,Annual,0,Plus,44,1,1,0,2.9,1,8,15,9,5,0,0,Online ad,1,1
RW-103741,Downtown,38,52,Annual,1,Basic,19,1,0,0,4.0,1,27,28,0,1,0,0,Online ad,1,0
RW-103742,Downtown,43,39,Monthly,0,Premium,79,0,0,0,3.6,1,18,17,6,0,0,0,Online ad,0,0
RW-103743,Hillcrest,56,6,Monthly,0,Plus,49,0,1,0,2.5,1,24,26,3,1,0,1,Walk-in,0,0
RW-103744,Riverside,46,8,Annual,0,Basic,14,1,0,1,19.9,0,8,6,9,1,3,0,Walk-in,1,1
RW-103745,Downtown,36,18,Annual,0,Plus,44,0,0,0,2.2,1,3,3,10,0,0,0,Online ad,0,0
RW-103746,Riverside,34,8,Annual,2,Plus,44,0,1,0,34.5,1,4,3,3,1,1,0,Online ad,0,0
RW-103747,Hillcrest,38,2,Monthly,0,Basic,29,0,0,0,20.5,1,7,8,2,0,0,1,Walk-in,0,1
RW-103748,Hillcrest,36,5,Annual,6,Plus,44,0,0,0,1.7,0,8,7,5,0,0,0,Friend,0,0
RW-103749,Downtown,29,27,Annual,4,Premium,74,1,0,1,5.6,0,8,8,10,3,1,0,Walk-in,0,0
RW-103750,Riverside,27,14,Annual,7,Plus,34,1,0,1,6.9,0,9,11,4,4,0,0,Walk-in,0,0
RW-103751,Lakeview,60,19,Annual,0,Basic,24,0,0,0,3.7,0,7,9,5,0,0,0,Online ad,0,1
RW-103752,Hillcrest,22,31,Monthly,0,Plus,49,0,1,0,4.2,1,17,22,2,0,0,1,Online ad,0,0
RW-103753,Lakeview,53,32,Monthly,0,Basic,29,0,1,0,29.3,1,8,22,9,3,0,0,Online ad,0,0
RW-103754,Westfield,25,7,Annual,6,Basic,24,0,0,0,7.7,1,5,6,4,1,1,0,Online ad,0,0
RW-103755,Westfield,38,16,Annual,4,Basic,24,0,0,1,4.5,0,10,15,9,1,0,1,Friend,0,0
RW-103756,Northgate,35,35,Monthly,0,Premium,79,0,0,1,8.1,1,28,27,5,3,1,0,Friend,1,0
RW-103757,Downtown,71,2,Annual,10,Plus,44,0,0,0,2.1,1,4,8,10,0,0,0,Walk-in,0,0
RW-103758,Riverside,78,10,Monthly,0,Premium,79,0,0,0,4.2,1,15,17,2,0,0,0,Walk-in,0,0
RW-103759,Northgate,24,3,Annual,0,Premium,74,0,1,0,3.8,1,14,8,6,1,0,0,Online ad,0,1
RW-103760,Northgate,42,5,Monthly,0,Basic,29,1,0,0,6.2,1,14,7,4,0,0,0,Online ad,1,0
RW-103761,Hillcrest,33,3,Monthly,0,Basic,29,0,0,0,5.4,1,4,3,10,0,0,0,Walk-in,1,1
RW-103762,Westfield,78,84,Monthly,0,Premium,74,1,0,0,7.4,0,9,5,3,1,0,0,Friend,0,0
RW-103763,Hillcrest,37,34,Monthly,0,Basic,29,0,0,0,2.9,0,7,15,5,1,0,0,Friend,1,0
RW-103764,Northgate,32,34,Monthly,0,Premium,74,1,0,0,2.7,0,18,11,3,12,0,0,Online ad,1,0
RW-103765,Riverside,41,16,Monthly,0,Plus,44,1,0,0,2.6,0,8,13,10,1,0,0,Friend,0,0
RW-103766,Riverside,22,12,Annual,8,Premium,74,0,0,0,7.4,1,0,7,120,0,0,1,Walk-in,0,0
RW-103767,Downtown,32,35,Monthly,0,Basic,19,1,0,0,4.1,1,4,15,9,2,1,0,Corporate,0,0
RW-103768,Westfield,63,6,Monthly,0,Premium,69,1,0,1,8.8,1,5,8,4,1,3,0,Friend,0,0
RW-103769,Downtown,61,9,Monthly,0,Basic,29,0,1,0,4.0,1,18,6,1,0,0,0,Walk-in,0,0
RW-103770,Lakeview,53,4,Annual,9,Plus,39,1,1,0,4.4,1,5,8,3,1,2,0,Online ad,0,1
RW-103771,Westfield,22,4,Annual,4,Premium,74,0,0,1,12.6,1,8,13,1,1,2,0,Walk-in,0,0
RW-103772,Downtown,21,4,Monthly,0,Premium,79,0,0,0,12.9,1,0,2,67,0,0,0,Online ad,0,1
RW-103773,Hillcrest,39,4,Monthly,0,Plus,49,0,1,0,22.4,1,4,4,4,0,0,0,Walk-in,0,1
RW-103774,Hillcrest,47,9,Annual,3,Basic,24,0,0,0,4.0,1,14,19,7,0,0,0,Friend,0,0
RW-103775,Downtown,29,3,Annual,6,Plus,44,1,1,0,1.3,1,5,8,3,0,0,0,Friend,0,0
RW-103776,Lakeview,21,10,Annual,1,Basic,24,0,1,0,5.3,0,15,14,5,5,1,0,Friend,0,1
RW-103777,Westfield,47,31,Monthly,0,Premium,79,0,0,1,20.4,1,2,1,14,0,0,0,Online ad,0,0
RW-103778,Riverside,24,27,Monthly,0,Plus,49,0,0,0,2.1,1,23,21,4,1,0,0,Friend,1,1
RW-103779,Riverside,37,24,Monthly,0,Basic,29,0,0,0,6.6,0,12,3,5,2,0,0,Friend,0,0
RW-103780,Northgate,57,16,Monthly,0,Plus,49,0,1,0,4.5,0,28,28,0,2,0,0,Walk-in,0,0
RW-103781,Hillcrest,34,16,Monthly,0,Premium,79,0,0,1,5.1,1,28,28,5,14,0,0,Online ad,0,0
RW-103782,Downtown,32,15,Monthly,0,Plus,49,0,0,0,1.3,1,1,7,18,1,0,0,Online ad,0,0
RW-103783,Downtown,57,2,Monthly,0,Basic,29,0,0,0,5.2,1,8,6,5,0,0,1,Online ad,0,0
RW-103784,Northgate,31,12,Annual,2,Plus,44,0,0,0,4.1,0,0,8,31,0,1,0,Walk-in,1,1
RW-103785,Hillcrest,46,6,Annual,6,Basic,24,0,0,0,9.4,1,15,9,0,0,0,1,Online ad,0,0
RW-103786,Riverside,33,6,Monthly,0,Basic,29,0,0,0,1.4,1,0,7,36,0,0,0,Walk-in,0,1
RW-103787,Riverside,32,4,Annual,2,Basic,24,0,0,0,7.5,0,3,7,4,2,0,0,Friend,0,0
RW-103788,Downtown,38,7,Monthly,0,Premium,79,0,0,1,17.8,1,2,3,2,1,1,0,Friend,0,1
RW-103789,Downtown,23,12,Annual,8,Plus,44,0,1,0,1.2,1,7,12,10,0,0,0,Online ad,0,1
RW-103790,Lakeview,74,7,Annual,10,Basic,24,0,0,0,10.4,0,3,5,8,2,0,0,Online ad,0,0
RW-103791,Downtown,42,103,Monthly,0,Plus,49,0,0,0,3.8,1,13,15,4,1,0,0,Online ad,0,0
RW-103792,Riverside,32,2,Annual,0,Premium,74,0,0,0,2.3,0,13,11,5,6,1,0,Online ad,0,0
RW-103793,Northgate,24,31,Monthly,0,Plus,49,0,0,0,0.6,1,8,14,2,1,0,0,Walk-in,0,0
RW-103794,Northgate,39,74,Monthly,0,Plus,49,0,0,0,23.0,0,1,6,5,1,0,1,Walk-in,0,1
RW-103795,Lakeview,45,18,Monthly,0,Basic,29,0,0,0,1.5,1,5,7,7,0,0,0,Online ad,0,0
RW-103796,Westfield,38,29,Annual,0,Plus,44,0,1,0,7.3,1,8,6,6,3,0,0,Walk-in,1,1
RW-103797,Northgate,50,5,Annual,3,Plus,44,0,0,0,5.4,0,0,0,31,0,1,1,Online ad,0,0
RW-103798,Downtown,30,29,Annual,11,Basic,24,0,0,0,4.8,1,26,20,1,2,0,0,Walk-in,0,0
RW-103799,Westfield,34,14,Monthly,0,Premium,79,0,1,0,6.1,1,4,9,13,0,0,0,Friend,0,0
RW-103800,Northgate,28,16,Monthly,0,Basic,29,0,0,0,2.1,0,17,19,6,6,1,1,Corporate,0,1
RW-103801,Westfield,22,29,Monthly,0,Basic,29,0,0,0,4.3,1,16,16,0,0,0,0,Walk-in,0,0
RW-103802,Riverside,40,12,Monthly,0,Basic,29,0,0,0,3.7,0,3,5,11,0,0,0,Walk-in,0,0
RW-103803,Westfield,55,10,Monthly,0,Plus,49,0,0,1,4.0,1,13,10,5,0,0,0,Online ad,0,0
RW-103804,Lakeview,50,45,Annual,6,Premium,74,0,0,0,1.4,1,21,9,6,0,0,1,Friend,0,0
RW-103805,Lakeview,41,32,Annual,2,Plus,39,1,0,0,2.6,0,3,7,10,2,1,1,Online ad,0,0
RW-103806,Northgate,47,13,Monthly,0,Premium,79,0,0,0,10.9,0,10,14,3,1,0,1,Online ad,0,0
RW-103807,Hillcrest,20,43,Monthly,0,Plus,49,0,0,0,1.4,0,12,16,5,1,0,0,Corporate,0,0
RW-103808,Downtown,20,19,Annual,6,Plus,44,0,0,0,3.2,0,8,11,3,5,0,0,Online ad,0,0
RW-103809,Downtown,26,26,Annual,7,Premium,74,0,0,0,8.5,1,23,27,2,0,0,1,Friend,0,0
RW-103810,Westfield,36,62,Monthly,0,Plus,49,0,0,0,2.8,1,6,28,9,0,0,0,Online ad,0,0
RW-103811,Riverside,45,14,Monthly,0,Plus,49,0,0,0,3.9,1,0,2,41,0,0,0,Online ad,0,1
RW-103812,Westfield,30,28,Annual,6,Basic,24,0,0,0,7.4,1,19,10,3,9,0,0,Online ad,0,0
RW-103813,Riverside,48,25,Annual,9,Premium,74,0,0,0,17.4,0,5,3,5,3,1,0,Online ad,0,0
RW-103814,Hillcrest,46,14,Annual,4,Basic,24,1,0,0,5.7,1,1,11,13,1,1,0,Walk-in,1,0
RW-103815,Riverside,32,20,Monthly,0,Basic,29,0,0,0,8.4,0,1,1,8,0,0,1,Walk-in,0,0
RW-103816,Hillcrest,19,38,Monthly,0,Plus,49,0,0,0,6.0,0,4,15,0,0,0,0,Walk-in,0,1
RW-103817,Northgate,35,25,Monthly,0,Plus,39,1,0,1,2.5,0,12,16,1,0,0,0,Walk-in,0,0
RW-103818,Downtown,65,3,Monthly,0,Plus,49,0,0,0,3.6,0,7,9,5,5,0,0,Corporate,1,0
RW-103819,Westfield,26,11,Annual,10,Basic,24,0,0,0,6.3,1,14,14,1,1,1,0,Online ad,0,0
RW-103820,Riverside,36,30,Annual,3,Basic,24,0,1,0,7.8,1,11,8,8,0,1,0,Friend,0,0
RW-103821,Northgate,31,8,Monthly,0,Plus,49,0,0,0,4.1,0,17,16,7,8,0,1,Online ad,0,0
RW-103822,Riverside,67,12,Monthly,0,Plus,49,0,0,1,5.0,1,17,23,4,10,0,0,Walk-in,0,0
RW-103823,Downtown,33,21,Monthly,0,Plus,49,1,0,0,2.6,0,3,3,4,0,0,0,Friend,0,1
RW-103824,Northgate,39,3,Monthly,0,Plus,39,1,0,0,3.1,1,4,28,8,0,1,1,Corporate,1,1
RW-103825,Northgate,28,26,Monthly,0,Plus,49,0,0,0,2.8,1,6,5,4,0,1,0,Online ad,0,0
RW-103826,Lakeview,35,6,Monthly,0,Plus,39,1,0,0,7.2,0,6,3,8,4,0,0,Online ad,0,0
RW-103827,Lakeview,43,21,Annual,6,Basic,24,0,0,0,1.9,0,7,12,4,0,0,0,Online ad,0,0
RW-103828,Lakeview,32,19,Annual,4,Plus,44,0,0,0,10.4,0,0,3,36,0,0,0,Corporate,0,0
RW-103829,Riverside,52,14,Annual,2,Basic,24,0,0,0,5.4,1,2,15,12,0,0,0,Corporate,1,0
RW-103830,Downtown,42,28,Annual,8,Basic,24,0,0,0,6.5,0,8,11,4,3,0,1,Online ad,0,0
RW-103831,Lakeview,32,20,Monthly,0,Basic,29,0,1,0,21.0,0,2,3,3,0,1,0,Friend,0,0
RW-103832,Lakeview,60,51,Monthly,0,Plus,49,0,0,0,5.0,1,5,14,0,0,1,1,Online ad,0,1
RW-103833,Westfield,35,13,Annual,6,Basic,24,0,0,0,11.1,1,3,6,10,0,0,0,Online ad,0,0
RW-103834,Northgate,29,6,Monthly,0,Premium,79,0,0,0,2.5,1,5,6,6,1,0,0,Friend,0,1
RW-103835,Lakeview,20,1,Monthly,0,Plus,39,1,0,0,6.3,1,1,0,19,0,0,0,Online ad,0,0
RW-103836,Northgate,37,39,Annual,0,Basic,24,0,0,0,3.0,0,11,6,7,1,1,0,Friend,0,1
RW-103837,Downtown,25,18,Annual,8,Plus,44,1,0,0,1.7,1,12,8,4,1,0,0,Online ad,0,0
RW-103838,Downtown,38,33,Monthly,0,Plus,49,0,0,0,7.3,1,11,3,2,9,1,0,Walk-in,0,0
RW-103839,Northgate,35,8,Monthly,0,Plus,49,0,0,0,9.8,1,2,7,9,1,0,0,Corporate,0,1
RW-103840,Northgate,30,19,Monthly,0,Premium,79,0,0,0,8.4,1,2,5,10,0,0,0,Online ad,0,0
RW-103841,Northgate,44,13,Monthly,0,Plus,49,0,0,0,15.1,1,21,10,4,5,1,0,Walk-in,0,0
RW-103842,Riverside,25,33,Monthly,0,Plus,49,0,0,0,2.4,1,1,11,1,0,0,0,Corporate,0,1
RW-103843,Lakeview,26,2,Annual,1,Plus,34,1,0,0,9.0,0,4,3,1,0,0,1,Friend,0,1
RW-103844,Riverside,38,47,Annual,9,Plus,44,0,0,0,1.9,1,14,7,3,2,1,0,Walk-in,0,0
RW-103845,Downtown,35,15,Monthly,0,Basic,29,0,0,0,5.4,1,4,3,8,2,2,0,Friend,0,0
RW-103846,Hillcrest,31,54,Annual,5,Plus,44,0,0,0,4.5,1,5,17,11,4,0,1,Online ad,1,0
RW-103847,Northgate,78,22,Annual,8,Basic,14,1,1,1,2.6,1,12,16,1,0,1,0,Walk-in,0,0
RW-103848,Riverside,45,26,Monthly,0,Basic,29,0,0,0,3.6,0,4,21,0,0,0,0,Online ad,0,0
RW-103849,Lakeview,39,9,Monthly,0,Plus,39,1,0,0,3.4,1,6,4,8,1,0,1,Online ad,0,0
RW-103850,Northgate,42,2,Monthly,0,Premium,79,0,0,1,2.7,0,3,4,10,0,0,0,Online ad,0,0
RW-103851,Lakeview,46,5,Monthly,0,Plus,49,0,0,0,2.5,1,22,15,0,2,1,1,Friend,1,0
RW-103852,Northgate,57,33,Annual,8,Basic,14,1,0,0,4.6,1,14,22,5,7,0,0,Walk-in,0,0
RW-103853,Hillcrest,49,31,Annual,3,Premium,74,0,0,0,1.6,1,21,8,6,1,0,0,Online ad,0,0
RW-103854,Hillcrest,34,8,Monthly,0,Basic,29,0,1,0,3.5,1,16,12,5,12,1,0,Walk-in,1,0
RW-103855,Riverside,50,19,Monthly,0,Premium,79,0,0,0,5.3,0,5,6,4,1,1,0,Friend,0,0
RW-103856,Downtown,32,18,Annual,8,Premium,74,0,1,1,8.4,1,7,19,8,2,2,0,Corporate,0,0
RW-103857,Lakeview,22,90,Monthly,0,Plus,49,0,1,0,7.2,1,2,0,9,0,0,0,Online ad,0,0
RW-103858,Downtown,24,19,Monthly,0,Plus,49,0,1,0,2.5,0,4,14,13,0,0,0,Walk-in,0,0
RW-103859,Hillcrest,36,5,Annual,7,Basic,14,1,0,0,2.2,1,8,10,10,2,0,0,Online ad,0,0
RW-103860,Hillcrest,31,52,Monthly,0,Plus,49,0,0,0,3.4,1,27,17,1,1,0,0,Corporate,0,0
RW-103861,Westfield,36,18,Monthly,0,Basic,29,0,0,0,2.7,1,0,12,32,0,0,0,Walk-in,0,0
RW-103862,Downtown,59,4,Monthly,0,Plus,49,0,0,1,4.4,1,12,8,5,0,1,0,Friend,0,0
RW-103863,Downtown,36,67,Annual,2,Premium,74,1,0,1,1.3,0,0,4,56,0,0,0,Online ad,0,0
RW-103864,Northgate,26,15,Monthly,0,Plus,49,0,0,0,4.7,1,3,9,2,0,0,1,Walk-in,0,0
RW-103865,Westfield,25,63,Annual,7,Basic,24,0,0,0,5.6,1,2,14,4,0,0,0,Online ad,0,0
RW-103866,Downtown,39,9,Monthly,0,Basic,19,1,1,0,5.1,1,9,4,5,7,0,0,Online ad,1,0
RW-103867,Lakeview,45,9,Annual,2,Premium,74,0,0,0,1.8,0,5,10,4,1,0,0,Walk-in,0,1
RW-103868,Riverside,19,19,Monthly,0,Basic,29,0,1,0,12.3,1,9,6,5,1,0,0,Corporate,0,1
RW-103869,Hillcrest,35,55,Monthly,0,Basic,29,0,1,0,16.8,1,4,8,12,0,0,0,Walk-in,0,0
RW-103870,Downtown,37,21,Monthly,0,Plus,49,0,0,1,1.5,0,4,16,3,1,0,0,Online ad,0,0
RW-103871,Downtown,23,11,Monthly,0,Basic,29,0,0,0,11.6,0,4,7,9,0,0,0,Walk-in,0,1
RW-103872,Downtown,27,10,Monthly,0,Basic,24,1,0,0,6.2,0,3,5,12,2,0,1,Corporate,1,0
RW-103873,Northgate,31,21,Annual,3,Basic,24,0,1,0,3.7,1,3,7,14,1,0,1,Walk-in,0,0
RW-103874,Lakeview,54,3,Monthly,0,Basic,29,0,0,1,5.3,0,3,3,14,1,1,0,Friend,0,0
RW-103875,Riverside,38,2,Monthly,0,Basic,29,0,0,0,2.7,0,3,3,3,1,0,0,Online ad,0,1
RW-103876,Lakeview,30,21,Monthly,0,Plus,49,0,0,0,0.9,0,1,14,10,0,0,0,Walk-in,0,1
RW-103877,Westfield,34,17,Annual,7,Plus,44,0,0,0,4.0,1,2,11,2,0,1,0,Walk-in,0,1
RW-103878,Riverside,29,4,Annual,8,Basic,24,0,0,0,6.7,0,7,7,7,2,0,0,Friend,0,0
RW-103879,Northgate,34,24,Annual,1,Premium,74,0,0,0,3.6,0,4,6,6,1,0,0,Friend,0,1
RW-103880,Downtown,42,98,Annual,2,Plus,44,0,1,0,1.8,0,8,19,4,4,1,0,Friend,0,0
RW-103881,Downtown,37,90,Annual,7,Basic,24,0,0,0,10.6,0,4,7,8,0,0,0,Online ad,0,0
RW-103882,Riverside,56,20,Annual,10,Plus,44,0,0,0,5.6,0,8,2,0,0,0,1,Walk-in,0,0
RW-103883,Lakeview,30,11,Annual,5,Basic,24,0,1,0,4.6,1,0,6,37,0,0,0,Online ad,0,0
RW-103884,Hillcrest,49,27,Monthly,0,Plus,44,1,0,1,9.6,0,6,9,8,3,0,0,Friend,1,0
RW-103885,Westfield,78,3,Monthly,0,Plus,49,0,0,0,7.0,0,6,7,9,4,1,0,Online ad,1,0
RW-103886,Westfield,23,51,Monthly,0,Basic,24,1,1,1,2.5,1,11,16,2,0,0,0,Online ad,0,0
RW-103887,Downtown,33,10,Monthly,0,Basic,29,0,0,0,1.4,1,13,7,0,4,0,0,Corporate,0,0
RW-103888,Westfield,19,51,Monthly,0,Basic,29,0,0,0,1.8,0,11,8,7,0,0,0,Walk-in,0,0
RW-103889,Hillcrest,31,7,Annual,8,Basic,24,0,1,0,6.3,1,5,3,1,0,0,0,Walk-in,1,0
RW-103890,Downtown,33,87,Monthly,0,Basic,29,0,0,0,7.8,1,6,7,11,1,0,0,Walk-in,0,0
RW-103891,Lakeview,32,37,Annual,5,Basic,19,1,0,0,4.2,0,9,5,8,0,0,1,Friend,1,0
RW-103892,Northgate,27,7,Monthly,0,Plus,49,0,0,0,5.9,0,16,12,4,1,1,0,Friend,1,0
RW-103893,Lakeview,36,13,Monthly,0,Basic,29,0,1,0,7.6,1,26,28,3,11,0,0,Walk-in,0,0
RW-103894,Westfield,36,6,Monthly,0,Basic,29,0,0,0,5.2,0,3,1,2,0,0,0,Walk-in,0,0
RW-103895,Westfield,26,39,Monthly,0,Plus,49,0,1,0,16.7,0,4,18,5,1,0,0,Online ad,0,1
RW-103896,Hillcrest,49,32,Annual,5,Basic,24,0,0,0,3.3,1,22,15,6,3,0,0,Walk-in,0,0
RW-103897,Hillcrest,23,16,Monthly,0,Premium,79,0,0,1,6.3,1,6,6,4,2,0,0,Corporate,0,0
RW-103898,Northgate,30,19,Annual,10,Plus,44,0,0,0,3.7,1,20,28,5,6,0,0,Online ad,1,1
RW-103899,Downtown,26,2,Monthly,0,Premium,69,1,0,0,6.9,0,3,0,4,0,0,1,Friend,0,1
RW-103900,Lakeview,24,11,Annual,7,Premium,64,1,1,1,4.0,1,6,12,10,0,0,0,Online ad,0,0
RW-103901,Northgate,28,31,Monthly,0,Basic,29,0,0,0,2.0,0,7,8,8,2,0,0,Friend,1,0
RW-103902,Hillcrest,38,10,Annual,4,Basic,19,1,0,0,7.6,1,2,6,8,0,0,0,Corporate,0,0
RW-103903,Hillcrest,40,9,Monthly,0,Basic,29,0,0,0,2.7,1,6,3,1,0,0,0,Online ad,0,0
RW-103904,Riverside,58,2,Annual,0,Basic,24,0,0,0,6.4,1,11,6,0,1,0,0,Walk-in,0,1
RW-103905,Northgate,38,72,Monthly,0,Premium,79,1,0,0,4.9,0,23,23,0,1,0,0,Walk-in,1,0
RW-103906,Hillcrest,33,16,Annual,11,Plus,44,0,0,0,5.9,1,5,6,11,0,1,0,Walk-in,0,0
RW-103907,Downtown,42,8,Monthly,0,Plus,49,0,0,0,2.1,0,0,4,54,0,0,0,Corporate,0,1
RW-103908,Riverside,39,37,Monthly,0,Basic,29,0,0,0,10.9,1,3,7,4,0,1,0,Walk-in,0,0
RW-103909,Northgate,34,90,Monthly,0,Basic,29,0,1,0,11.5,0,11,22,1,4,0,0,Online ad,0,0
RW-103910,Hillcrest,29,2,Annual,3,Plus,44,0,0,0,6.5,0,7,1,0,4,0,0,Online ad,0,0
RW-103911,Northgate,47,44,Annual,4,Basic,24,0,0,0,2.6,0,4,4,1,2,0,0,Walk-in,0,0
RW-103912,Lakeview,30,21,Monthly,0,Plus,39,1,0,0,6.7,0,5,5,5,0,0,0,Walk-in,0,1
RW-103913,Northgate,20,8,Annual,2,Basic,24,0,0,0,7.5,1,8,9,9,4,0,0,Corporate,0,0
RW-103914,Riverside,44,8,Annual,11,Basic,24,0,0,0,4.6,0,7,7,2,0,0,0,Walk-in,0,0
RW-103915,Westfield,47,11,Annual,10,Basic,24,0,0,0,2.0,1,20,19,6,11,0,0,Friend,0,0
RW-103916,Westfield,25,8,Monthly,0,Plus,49,0,1,0,5.4,0,13,7,7,9,0,0,Online ad,0,0
RW-103917,Riverside,24,24,Monthly,0,Plus,49,0,0,0,1.6,0,2,7,16,0,0,0,Friend,0,0
RW-103918,Riverside,22,13,Monthly,0,Plus,49,0,0,0,1.5,1,6,8,8,1,0,0,Friend,0,0
RW-103919,Riverside,35,64,Annual,1,Basic,24,0,0,0,1.7,1,5,10,4,0,0,0,Friend,1,1
RW-103920,Downtown,41,7,Monthly,0,Basic,24,1,0,0,7.3,0,3,6,3,0,0,0,Walk-in,2,1
RW-103921,Downtown,32,8,Monthly,0,Basic,29,1,0,0,7.5,0,11,23,1,5,0,0,Friend,0,0
RW-103922,Westfield,43,30,Monthly,0,Plus,44,1,0,0,7.7,0,26,18,2,0,0,0,Friend,0,0
RW-103923,Northgate,27,1,Monthly,0,Plus,49,0,0,0,13.4,0,1,0,11,0,0,0,Walk-in,1,1
RW-103924,Lakeview,37,16,Monthly,0,Basic,29,1,0,0,10.4,1,4,9,13,1,0,1,Online ad,0,0
RW-103925,Northgate,22,15,Annual,11,Basic,19,1,0,0,4.7,0,4,3,2,0,2,0,Online ad,0,0
RW-103926,Riverside,33,33,Monthly,0,Premium,79,0,0,0,2.4,1,1,8,1,0,1,1,Friend,1,1
RW-103927,Northgate,35,34,Annual,1,Basic,24,0,1,0,9.8,0,2,7,1,0,0,1,Friend,1,1
RW-103928,Northgate,37,5,Monthly,0,Basic,29,0,0,0,8.5,0,5,5,6,0,0,0,Walk-in,0,0
RW-103929,Downtown,47,31,Annual,5,Basic,24,0,0,0,2.8,0,8,5,5,0,0,0,Corporate,1,0
RW-103930,Downtown,53,18,Annual,4,Plus,44,1,0,0,6.9,1,2,12,13,0,1,0,Online ad,0,0
RW-103931,Riverside,32,27,Annual,3,Basic,24,0,1,0,1.9,1,4,9,2,0,1,0,Walk-in,0,0
RW-103932,Hillcrest,29,17,Monthly,0,Basic,29,1,0,0,3.7,1,15,17,5,9,0,1,Online ad,0,0
RW-103933,Hillcrest,37,14,Monthly,0,Basic,29,0,0,0,5.5,0,8,5,1,7,0,0,Friend,1,0
RW-103934,Lakeview,24,120,Annual,6,Basic,24,0,0,0,2.1,1,11,13,1,6,0,1,Online ad,0,0
RW-103935,Northgate,36,25,Monthly,0,Premium,79,0,0,0,4.0,0,1,7,18,1,0,0,Online ad,0,0
RW-103936,Riverside,32,20,Monthly,0,Basic,29,0,0,0,3.7,1,7,4,3,1,0,0,Walk-in,1,0
RW-103937,Lakeview,31,2,Annual,11,Basic,24,0,0,0,16.6,1,6,7,9,0,0,1,Online ad,0,0
RW-103938,Northgate,34,11,Annual,7,Plus,44,1,0,0,2.6,0,5,3,10,0,0,0,Online ad,2,0
RW-103939,Riverside,32,46,Monthly,0,Plus,49,0,0,0,9.5,1,9,18,6,5,0,0,Online ad,0,0
RW-103940,Riverside,38,19,Annual,10,Premium,74,0,1,0,3.6,0,8,7,4,0,0,0,Walk-in,0,0
RW-103941,Northgate,28,23,Annual,3,Premium,74,0,0,0,4.3,0,11,4,6,0,0,0,Friend,0,0
RW-103942,Downtown,41,15,Annual,11,Premium,74,0,1,1,2.2,0,10,8,2,0,0,0,Walk-in,1,0
RW-103943,Hillcrest,27,37,Monthly,0,Basic,29,1,0,0,8.7,1,21,16,6,12,1,0,Walk-in,0,0
RW-103944,Downtown,50,7,Annual,8,Basic,24,0,0,0,7.1,0,1,4,5,0,0,0,Online ad,0,0
RW-103945,Westfield,28,15,Monthly,0,Plus,49,0,0,0,23.9,1,8,6,9,5,0,0,Online ad,0,0
RW-103946,Lakeview,29,11,Monthly,0,Plus,49,0,1,0,2.2,1,12,10,2,1,0,0,Corporate,0,0
RW-103947,Downtown,38,1,Annual,10,Basic,24,0,1,0,9.2,1,0,0,65,0,0,0,Online ad,0,0
RW-103948,Downtown,31,5,Annual,11,Basic,24,0,0,0,2.5,0,11,10,1,5,0,0,Corporate,0,0
RW-103949,Riverside,49,6,Monthly,0,Basic,29,0,0,0,8.4,0,6,13,1,2,1,0,Online ad,0,1
RW-103950,Westfield,31,12,Monthly,0,Basic,29,1,0,0,5.4,0,5,8,4,0,0,0,Online ad,0,0
RW-103951,Riverside,28,3,Annual,4,Basic,14,1,1,0,2.1,1,6,7,8,0,1,0,Corporate,0,0
RW-103952,Northgate,26,20,Monthly,0,Premium,79,0,0,0,2.4,1,8,8,9,1,1,1,Online ad,0,0
RW-103953,Lakeview,24,9,Annual,9,Basic,24,0,0,0,19.6,0,3,9,12,1,0,0,Walk-in,0,0
RW-103954,Hillcrest,35,17,Monthly,0,Basic,29,0,0,0,1.0,1,13,7,5,0,0,0,Walk-in,0,0
RW-103955,Westfield,29,20,Annual,11,Plus,44,0,0,0,5.8,0,2,18,16,0,0,0,Friend,0,0
RW-103956,Downtown,42,24,Monthly,0,Plus,49,0,0,0,9.8,0,7,4,0,8,2,0,Online ad,0,0
RW-103957,Hillcrest,29,72,Monthly,0,Basic,19,1,1,0,5.1,1,14,8,1,6,0,0,Walk-in,0,0
RW-103958,Hillcrest,43,7,Annual,2,Premium,74,0,0,1,7.8,0,16,10,0,8,1,0,Friend,0,0
RW-103959,Downtown,51,4,Monthly,0,Basic,29,0,0,0,3.8,1,1,13,1,0,1,1,Online ad,0,1
RW-103960,Riverside,24,25,Monthly,0,Plus,44,1,0,0,13.6,0,5,10,2,5,0,0,Friend,0,1
RW-103961,Northgate,39,2,Monthly,0,Premium,79,0,0,0,10.0,0,1,3,16,0,0,0,Friend,0,1
RW-103962,Westfield,24,16,Annual,7,Premium,74,0,0,0,4.6,0,0,1,47,0,0,0,Online ad,0,0
RW-103963,Northgate,31,6,Annual,5,Plus,44,1,0,1,8.6,1,17,13,4,2,0,0,Online ad,1,0
RW-103964,Riverside,47,5,Monthly,0,Plus,49,0,1,1,6.0,1,15,14,2,6,0,0,Corporate,0,0
RW-103965,Lakeview,38,18,Monthly,0,Basic,29,0,1,0,6.7,1,2,7,3,0,0,1,Corporate,0,0
RW-103966,Lakeview,38,38,Monthly,0,Basic,29,0,1,0,3.2,1,14,10,6,0,0,0,Friend,0,0
RW-103967,Hillcrest,63,48,Annual,7,Plus,39,1,0,0,1.3,1,8,2,9,0,0,0,Friend,1,0
RW-103968,Northgate,28,44,Monthly,0,Plus,49,0,1,0,28.7,0,9,4,4,1,0,0,Friend,1,0
RW-103969,Lakeview,37,18,Monthly,0,Plus,49,1,0,0,9.0,0,6,5,6,0,0,0,Online ad,0,0
RW-103970,Lakeview,34,79,Annual,1,Basic,24,1,0,0,13.1,0,6,9,11,0,0,0,Online ad,0,0
RW-103971,Downtown,39,5,Annual,11,Basic,19,1,0,0,7.0,0,2,9,12,0,2,0,Online ad,0,1
RW-103972,Lakeview,26,17,Annual,11,Plus,44,0,0,0,5.4,1,16,13,7,11,0,1,Online ad,0,0
RW-103973,Lakeview,32,5,Annual,11,Basic,24,0,0,0,16.3,1,1,4,16,0,0,0,Friend,0,0
RW-103974,Hillcrest,43,14,Annual,8,Premium,74,0,0,1,4.5,1,23,28,4,1,0,0,Online ad,0,0
RW-103975,Downtown,45,35,Annual,1,Basic,19,1,0,0,4.4,0,1,6,1,0,1,0,Walk-in,0,0
RW-103976,Riverside,19,17,Annual,8,Plus,34,1,0,1,5.1,1,24,20,3,2,0,0,Corporate,0,0
RW-103977,Riverside,59,62,Annual,11,Basic,24,0,0,0,10.3,0,6,7,5,3,0,0,Online ad,0,0
RW-103978,Northgate,46,25,Annual,1,Premium,69,1,0,0,5.5,0,5,4,10,0,0,0,Online ad,1,1
RW-103979,Westfield,37,10,Annual,6,Plus,44,1,0,0,6.3,0,28,28,2,9,0,1,Online ad,0,0
RW-103980,Riverside,54,13,Annual,1,Premium,74,0,0,0,5.1,0,2,9,3,0,0,0,Friend,0,1
RW-103981,Downtown,33,6,Annual,4,Plus,44,0,0,1,7.1,0,5,1,10,1,0,0,Friend,0,0
RW-103982,Lakeview,32,13,Monthly,0,Basic,24,1,0,0,6.9,1,17,10,2,0,0,0,Walk-in,1,0
RW-103983,Riverside,34,52,Monthly,0,Premium,74,1,0,0,7.1,1,9,4,7,2,1,1,Online ad,0,0
RW-103984,Downtown,35,12,Monthly,0,Basic,29,0,0,0,10.5,0,9,8,9,0,0,0,Walk-in,0,0
RW-103985,Downtown,36,13,Annual,4,Plus,44,0,0,0,2.1,0,10,8,0,0,1,0,Online ad,1,0
RW-103986,Riverside,27,2,Monthly,0,Plus,49,0,0,0,5.9,0,0,2,60,0,0,0,Friend,0,1
RW-103987,Riverside,24,79,Monthly,0,Premium,79,0,0,0,5.8,0,28,26,4,2,0,0,Online ad,0,0
RW-103988,Westfield,41,22,Annual,2,Basic,19,1,0,0,1.4,0,8,8,9,0,0,0,Walk-in,0,0
RW-103989,Downtown,35,43,Monthly,0,Plus,44,1,1,0,2.3,1,24,28,4,2,0,1,Walk-in,0,0
RW-103990,Downtown,27,14,Monthly,0,Basic,19,1,0,0,2.5,1,10,13,2,7,0,0,Online ad,1,1
RW-103991,Northgate,41,78,Annual,5,Plus,44,0,1,0,2.5,1,2,6,17,0,0,0,Online ad,0,0
RW-103992,Northgate,20,57,Monthly,0,Basic,29,1,0,1,3.0,1,8,11,6,1,1,0,Online ad,0,0
RW-103993,Riverside,23,6,Annual,8,Basic,24,0,0,0,3.8,0,6,13,1,3,0,0,Online ad,1,0
RW-103994,Lakeview,38,11,Annual,1,Plus,34,1,0,0,6.2,1,12,17,4,9,0,0,Friend,0,1
RW-103995,Northgate,45,16,Annual,8,Plus,44,0,0,0,2.5,1,7,3,9,1,0,0,Online ad,0,0
RW-103996,Lakeview,39,17,Monthly,0,Plus,49,0,0,0,4.3,0,15,8,0,2,0,0,Walk-in,0,0
RW-103997,Northgate,32,5,Monthly,0,Basic,29,0,0,0,0.8,1,11,11,7,0,0,0,Online ad,0,0
RW-103998,Lakeview,35,3,Monthly,0,Plus,49,0,0,0,3.9,1,3,6,0,0,0,0,Walk-in,0,0
RW-103999,Riverside,54,7,Annual,2,Basic,24,0,0,0,2.7,0,9,5,3,0,0,0,Online ad,0,0
RW-104000,Northgate,45,20,Monthly,0,Basic,29,0,0,0,1.4,1,11,5,7,4,1,0,Walk-in,0,0
RW-104001,Westfield,50,33,Monthly,0,Premium,79,0,0,0,9.2,0,7,5,3,2,0,0,Friend,1,0
RW-104002,Riverside,21,71,Monthly,0,Basic,29,0,0,0,5.7,1,2,8,3,0,0,0,Online ad,0,1
RW-104003,Hillcrest,42,83,Monthly,0,Premium,69,1,0,0,3.6,0,5,6,7,0,0,0,Walk-in,0,0
RW-104004,Northgate,24,3,Annual,4,Plus,44,0,0,0,8.0,0,5,4,7,2,0,0,Friend,0,0
RW-104005,Westfield,33,12,Monthly,0,Plus,49,0,0,0,14.6,0,1,1,18,1,1,0,Online ad,0,1
RW-104006,Hillcrest,29,25,Monthly,0,Basic,29,1,0,0,4.9,0,5,5,12,0,1,0,Friend,0,0
RW-104007,Downtown,38,17,Annual,9,Basic,24,0,0,0,3.3,1,1,8,20,2,0,1,Friend,1,0
RW-104008,Downtown,41,2,Monthly,0,Basic,29,0,0,0,3.2,0,17,23,5,14,0,0,Walk-in,1,1
RW-104009,Lakeview,21,2,Monthly,0,Basic,29,0,0,0,3.7,0,7,5,8,2,0,1,Online ad,0,0
RW-104010,Riverside,25,7,Monthly,0,Basic,29,0,0,0,7.8,1,3,10,4,2,0,1,Walk-in,1,0
RW-104011,Westfield,36,41,Monthly,0,Basic,29,1,0,0,7.2,1,1,6,18,0,0,0,Walk-in,1,0
RW-104012,Westfield,51,24,Monthly,0,Basic,29,1,0,0,6.8,0,1,2,4,0,0,0,Walk-in,1,0
RW-104013,Hillcrest,50,25,Monthly,0,Basic,29,1,0,0,4.8,1,18,28,0,13,0,0,Friend,1,0
RW-104014,Lakeview,23,13,Monthly,0,Plus,39,1,0,0,10.4,0,4,9,12,0,0,0,Corporate,0,1
RW-104015,Northgate,26,6,Monthly,0,Plus,49,0,1,0,5.5,1,26,20,3,3,1,0,Friend,0,0
RW-104016,Northgate,37,6,Annual,7,Premium,74,0,0,0,9.2,0,7,6,10,3,0,0,Corporate,0,0
RW-104017,Downtown,33,35,Monthly,0,Basic,29,0,0,0,2.0,1,6,12,10,0,0,1,Walk-in,0,0
RW-104018,Lakeview,28,13,Annual,8,Basic,14,1,0,0,23.1,1,1,13,13,0,0,0,Walk-in,0,0
RW-104019,Riverside,34,34,Annual,3,Plus,44,0,1,0,4.2,1,10,28,8,5,0,0,Online ad,1,0
RW-104020,Lakeview,36,6,Monthly,0,Basic,29,0,0,1,3.9,1,22,14,0,10,0,0,Friend,0,0
RW-104021,Downtown,29,72,Monthly,0,Premium,79,0,0,1,9.7,0,0,5,33,0,1,0,Walk-in,0,1
RW-104022,Downtown,49,25,Annual,0,Premium,74,0,0,0,1.7,0,10,4,4,1,0,0,Walk-in,0,1
RW-104023,Lakeview,25,15,Monthly,0,Basic,29,0,1,0,17.7,1,3,3,0,2,0,0,Walk-in,0,0
RW-104024,Westfield,28,14,Annual,9,Basic,24,0,0,0,3.0,0,10,13,7,0,1,0,Friend,0,0
RW-104025,Hillcrest,67,33,Monthly,0,Basic,29,0,1,1,4.7,1,4,8,10,0,0,1,Corporate,0,0
RW-104026,Northgate,27,2,Monthly,0,Plus,49,0,1,0,13.3,0,2,5,3,3,0,0,Walk-in,0,0
RW-104027,Hillcrest,22,6,Monthly,0,Basic,29,0,0,1,2.5,0,4,3,6,0,0,1,Walk-in,0,0
RW-104028,Hillcrest,24,10,Monthly,0,Basic,29,0,0,0,5.8,0,2,11,5,0,0,0,Online ad,1,1
RW-104029,Riverside,34,30,Monthly,0,Basic,19,1,0,1,25.8,1,10,6,2,0,0,0,Online ad,0,0
RW-104030,Northgate,32,33,Monthly,0,Plus,49,0,0,0,4.8,1,3,4,12,0,1,0,Friend,0,0
RW-104031,Riverside,40,6,Monthly,0,Basic,19,1,0,0,6.1,1,9,7,7,1,0,1,Friend,0,0
RW-104032,Riverside,34,14,Monthly,0,Basic,29,0,0,0,6.2,0,1,2,5,1,0,0,Walk-in,0,0
RW-104033,Lakeview,45,1,Annual,0,Premium,74,0,1,1,2.9,1,11,0,6,0,0,0,Walk-in,1,0
RW-104034,Downtown,47,18,Annual,4,Plus,44,0,0,1,2.0,1,19,23,3,13,1,1,Online ad,0,0
RW-104035,Riverside,43,8,Annual,2,Plus,44,0,0,0,5.4,0,1,0,6,0,0,0,Online ad,0,0
RW-104036,Northgate,21,9,Annual,6,Premium,74,0,0,0,15.2,0,8,17,2,2,0,0,Friend,0,0
RW-104037,Northgate,36,8,Monthly,0,Basic,29,0,0,1,7.2,0,13,3,6,2,1,0,Online ad,0,0
RW-104038,Lakeview,43,21,Monthly,0,Premium,79,0,0,0,5.2,1,9,9,6,0,1,1,Friend,0,0
RW-104039,Downtown,24,21,Monthly,0,Plus,49,0,0,0,8.8,1,14,6,5,2,1,0,Friend,0,0
RW-104040,Riverside,58,29,Monthly,0,Premium,79,0,0,0,3.2,0,6,5,3,2,0,0,Friend,0,0
RW-104041,Downtown,22,37,Monthly,0,Plus,49,0,0,0,6.3,0,5,4,4,1,0,0,Friend,0,0
RW-104042,Northgate,29,3,Monthly,0,Basic,29,0,0,0,3.5,0,10,7,3,6,0,1,Online ad,0,0
RW-104043,Lakeview,34,5,Annual,6,Basic,24,0,0,0,4.2,1,9,7,7,0,0,1,Friend,0,0
RW-104044,Riverside,25,7,Annual,11,Premium,74,0,0,0,5.2,1,12,12,6,0,1,1,Friend,0,0
RW-104045,Downtown,37,20,Monthly,0,Premium,79,0,1,1,7.1,0,5,4,0,2,0,0,Friend,0,0
RW-104046,Riverside,34,26,Annual,4,Plus,44,0,0,0,2.7,1,16,18,6,1,1,0,Friend,0,0
RW-104047,Westfield,23,26,Annual,6,Plus,44,0,0,0,35.9,0,6,11,5,0,1,0,Walk-in,0,0
RW-104048,Hillcrest,26,51,Annual,1,Plus,39,1,0,0,1.9,0,28,28,0,11,0,0,Online ad,0,0
RW-104049,Downtown,28,93,Annual,11,Basic,24,0,0,0,5.1,0,5,5,3,0,0,0,Corporate,0,0
RW-104050,Westfield,30,19,Annual,10,Basic,24,0,0,0,5.3,0,0,2,31,0,1,0,Online ad,0,0
RW-104051,Riverside,51,21,Annual,1,Premium,74,0,0,0,2.5,0,21,28,1,12,1,0,Corporate,0,0
RW-104052,Riverside,24,4,Annual,5,Plus,44,0,0,0,2.9,0,6,10,6,1,0,0,Friend,0,0
RW-104053,Northgate,37,2,Monthly,0,Plus,49,0,0,0,3.7,1,2,6,0,4,1,0,Online ad,0,1
RW-104054,Lakeview,30,40,Monthly,0,Basic,29,0,0,0,4.9,1,27,22,4,11,0,1,Corporate,0,0
RW-104055,Hillcrest,40,16,Annual,6,Basic,24,0,1,0,5.2,1,4,2,9,1,0,0,Online ad,0,0
RW-104056,Riverside,37,58,Monthly,0,Premium,79,0,0,1,13.6,1,4,9,12,1,1,0,Walk-in,2,0
RW-104057,Downtown,30,29,Annual,8,Basic,24,0,0,0,2.9,1,7,5,1,0,0,0,Walk-in,0,0
RW-104058,Downtown,63,4,Monthly,0,Basic,19,1,0,0,6.9,1,8,22,2,1,1,0,Online ad,0,0
RW-104059,Riverside,38,21,Monthly,0,Basic,24,1,0,0,6.2,0,7,6,8,0,1,0,Corporate,0,1
RW-104060,Hillcrest,40,38,Annual,10,Basic,24,0,0,1,10.7,1,8,3,6,1,0,0,Online ad,0,0
RW-104061,Lakeview,28,53,Monthly,0,Plus,49,0,0,0,7.6,0,14,14,6,5,2,1,Online ad,0,0
RW-104062,Westfield,35,45,Monthly,0,Basic,29,0,0,0,2.6,0,7,4,1,0,0,0,Walk-in,1,0
RW-104063,Downtown,45,2,Annual,10,Basic,14,1,0,1,3.2,1,0,9,34,0,1,1,Online ad,0,0
RW-104064,Lakeview,46,32,Monthly,0,Plus,49,0,0,0,8.4,1,9,16,6,0,0,0,Corporate,0,1
RW-104065,Lakeview,23,44,Monthly,0,Basic,29,0,0,0,6.5,1,13,14,1,7,0,0,Friend,1,0
RW-104066,Hillcrest,26,49,Monthly,0,Premium,79,0,0,0,2.1,1,2,7,5,0,0,1,Corporate,0,0
RW-104067,Westfield,46,14,Annual,6,Basic,24,0,0,1,8.4,1,9,8,2,1,0,1,Corporate,0,0
RW-104068,Lakeview,32,12,Monthly,0,Plus,44,1,0,1,1.5,1,2,28,16,1,0,0,Walk-in,0,0
RW-104069,Westfield,57,2,Monthly,0,Plus,49,0,1,0,3.6,0,8,8,5,0,0,0,Walk-in,0,0
RW-104070,Downtown,47,19,Monthly,0,Basic,29,1,0,1,3.6,0,4,11,7,0,1,0,Friend,0,0
RW-104071,Hillcrest,25,10,Monthly,0,Basic,29,0,0,0,1.6,1,7,5,5,1,0,0,Online ad,2,0
RW-104072,Riverside,31,14,Monthly,0,Plus,49,0,0,0,5.9,0,8,7,2,0,0,0,Online ad,0,0
RW-104073,Downtown,40,8,Annual,4,Plus,44,0,0,1,4.7,0,3,12,10,2,0,1,Friend,0,0
RW-104074,Hillcrest,28,12,Annual,2,Plus,44,0,1,0,7.9,0,2,3,1,1,0,1,Friend,0,0
RW-104075,Northgate,35,5,Monthly,0,Plus,49,0,0,0,8.5,1,4,9,12,0,0,1,Friend,0,0
RW-104076,Riverside,30,33,Monthly,0,Plus,49,0,0,0,2.4,0,1,14,4,0,1,0,Corporate,0,1
RW-104077,Downtown,28,57,Monthly,0,Basic,19,1,0,0,4.6,1,8,9,2,4,0,1,Walk-in,0,0
RW-104078,Hillcrest,29,12,Monthly,0,Plus,49,0,0,0,7.0,1,6,9,8,4,0,1,Online ad,0,0
RW-104079,Downtown,42,23,Annual,2,Basic,24,0,0,0,8.4,0,14,15,3,1,0,0,Online ad,0,0
RW-104080,Downtown,41,17,Monthly,0,Basic,29,0,0,0,8.5,1,15,17,7,6,0,0,Walk-in,0,0
RW-104081,Northgate,26,30,Annual,10,Basic,24,0,0,0,5.0,0,16,7,1,8,0,0,Friend,0,0
RW-104082,Hillcrest,34,4,Annual,2,Plus,44,1,0,0,12.9,0,9,10,7,0,0,1,Online ad,0,0
RW-104083,Westfield,25,7,Monthly,0,Plus,49,0,0,0,6.3,0,9,6,8,2,0,0,Online ad,0,0
RW-104084,Lakeview,27,56,Annual,8,Basic,24,0,0,0,9.0,1,6,7,0,3,0,1,Online ad,0,0
RW-104085,Lakeview,64,21,Annual,7,Plus,44,0,0,0,2.3,1,8,4,6,3,0,0,Online ad,0,0
RW-104086,Lakeview,29,23,Annual,2,Premium,74,0,0,1,6.2,0,0,5,51,0,0,0,Online ad,0,0
RW-104087,Westfield,23,8,Monthly,0,Basic,29,1,0,0,2.1,1,7,12,2,5,1,0,Friend,0,0
RW-104088,Downtown,30,58,Monthly,0,Basic,29,0,0,0,11.3,1,10,7,5,4,0,1,Friend,0,0
RW-104089,Hillcrest,23,22,Annual,8,Basic,24,0,0,0,7.3,1,1,6,7,0,0,0,Online ad,0,0
RW-104090,Riverside,19,48,Monthly,0,Basic,29,0,0,0,3.4,1,6,10,7,0,0,0,Walk-in,0,1
RW-104091,Riverside,49,42,Monthly,0,Basic,29,1,0,0,6.0,1,1,4,18,1,1,0,Walk-in,0,0
RW-104092,Westfield,45,12,Annual,2,Premium,74,0,0,0,2.2,0,4,4,12,0,0,0,Online ad,0,0
RW-104093,Riverside,21,18,Monthly,0,Plus,49,0,0,0,6.2,0,18,15,6,6,0,0,Friend,3,0
RW-104094,Riverside,29,24,Monthly,0,Plus,49,0,0,0,16.2,1,9,17,5,3,0,0,Corporate,0,0
RW-104095,Northgate,29,13,Monthly,0,Plus,49,0,0,0,2.0,0,2,4,7,0,0,0,Walk-in,0,0
RW-104096,Westfield,34,51,Monthly,0,Plus,49,0,0,0,4.5,1,5,6,0,1,0,0,Corporate,0,0
RW-104097,Westfield,39,5,Annual,2,Basic,24,1,0,0,7.7,1,13,15,3,0,0,0,Walk-in,0,0
RW-104098,Lakeview,32,13,Annual,2,Premium,74,1,0,0,8.0,1,2,11,5,1,0,0,Walk-in,0,0
RW-104099,Westfield,27,5,Annual,2,Basic,24,0,1,0,7.6,0,0,7,75,0,0,0,Online ad,0,0
RW-104100,Westfield,31,23,Monthly,0,Basic,29,0,1,0,4.4,0,6,3,3,0,0,0,Friend,0,0
RW-104101,Northgate,44,1,Monthly,0,Premium,79,1,0,0,11.9,0,4,0,8,0,0,0,Walk-in,0,1
RW-104102,Downtown,38,38,Monthly,0,Premium,79,0,0,0,16.9,0,11,13,8,4,1,0,Walk-in,0,0
RW-104103,Westfield,34,18,Monthly,0,Plus,49,1,0,0,2.6,1,3,6,12,0,0,0,Online ad,0,0
RW-104104,Westfield,44,21,Monthly,0,Basic,29,0,0,0,5.4,0,17,22,2,1,0,0,Online ad,0,0
RW-104105,Lakeview,28,32,Monthly,0,Premium,79,0,0,0,5.8,1,7,8,1,0,1,1,Online ad,1,0
RW-104106,Downtown,21,2,Annual,3,Basic,14,1,1,0,6.6,0,1,2,13,0,0,0,Walk-in,0,1
RW-104107,Westfield,48,10,Annual,6,Plus,44,0,1,0,12.3,1,4,4,11,0,0,0,Corporate,0,0
RW-104108,Lakeview,39,35,Annual,0,Basic,24,0,0,0,1.0,1,20,15,4,12,1,0,Friend,0,0
RW-104109,Northgate,41,20,Annual,2,Basic,24,0,0,0,4.0,1,14,13,2,1,0,0,Friend,0,0
RW-104110,Riverside,25,24,Annual,2,Basic,24,0,0,1,6.4,1,7,11,9,0,0,0,Walk-in,1,0
RW-104111,Downtown,40,22,Monthly,0,Basic,29,0,0,0,4.1,1,2,11,14,0,0,0,Online ad,0,0
RW-104112,Hillcrest,42,27,Monthly,0,Basic,29,0,1,0,4.5,0,14,10,7,1,0,0,Walk-in,0,0
RW-104113,Riverside,23,23,Annual,9,Basic,19,1,0,0,7.0,1,0,5,39,0,0,0,Walk-in,0,0
RW-104114,Downtown,29,18,Annual,1,Plus,44,0,0,0,3.2,1,13,10,5,0,0,0,Walk-in,0,1
RW-104115,Lakeview,45,67,Monthly,0,Basic,29,0,0,0,8.0,0,11,6,5,1,0,0,Walk-in,0,0
RW-104116,Lakeview,61,4,Monthly,0,Basic,29,0,0,0,5.0,1,3,5,2,2,0,0,Online ad,1,0
RW-104117,Riverside,78,1,Monthly,0,Plus,49,0,0,0,14.7,1,5,0,9,0,1,0,Friend,0,1
RW-104118,Northgate,20,7,Monthly,0,Basic,24,1,0,0,17.1,0,0,2,40,0,0,0,Corporate,0,1
RW-104119,Hillcrest,24,32,Monthly,0,Basic,24,1,0,0,4.3,0,3,4,8,1,0,1,Walk-in,1,1
RW-104120,Northgate,30,32,Monthly,0,Basic,29,0,0,0,3.3,0,0,15,42,0,0,1,Friend,0,1
RW-104121,Hillcrest,20,15,Monthly,0,Basic,29,0,1,0,10.0,1,6,5,6,1,0,0,Friend,0,0
RW-104122,Riverside,29,33,Annual,10,Premium,74,0,0,1,4.6,1,2,5,16,0,2,1,Friend,0,1
RW-104123,Riverside,19,49,Monthly,0,Basic,29,0,0,0,2.2,1,28,28,0,2,0,0,Online ad,0,0
RW-104124,Riverside,31,9,Monthly,0,Plus,49,0,0,0,3.4,1,10,10,5,0,0,0,Corporate,0,0
RW-104125,Northgate,39,3,Monthly,0,Basic,29,0,0,0,1.6,1,10,7,5,1,1,0,Friend,1,0
RW-104126,Westfield,42,19,Annual,10,Premium,74,0,0,0,8.3,1,21,21,4,0,1,0,Corporate,0,0
RW-104127,Lakeview,30,7,Monthly,0,Premium,79,0,0,0,5.5,0,1,10,10,0,0,0,Friend,0,1
RW-104128,Northgate,40,72,Annual,9,Premium,74,0,0,0,1.0,1,9,7,9,0,0,0,Walk-in,0,0
RW-104129,Northgate,50,34,Monthly,0,Premium,79,0,0,1,25.7,0,7,9,9,2,1,0,Friend,0,0
RW-104130,Lakeview,39,17,Monthly,0,Basic,29,0,0,0,1.0,0,8,8,1,4,0,0,Online ad,0,0
RW-104131,Hillcrest,28,22,Monthly,0,Basic,24,1,0,0,1.6,1,2,2,5,0,0,0,Walk-in,0,0
RW-104132,Riverside,60,9,Monthly,0,Basic,29,0,0,0,7.3,0,3,5,12,0,0,0,Online ad,0,1
RW-104133,Westfield,50,19,Monthly,0,Plus,49,0,0,0,5.8,1,4,7,0,0,1,0,Walk-in,0,1
RW-104134,Downtown,21,14,Annual,9,Basic,24,0,0,0,12.2,1,10,8,0,0,0,0,Online ad,0,0
RW-104135,Northgate,24,77,Annual,0,Basic,24,0,0,0,9.4,0,8,2,2,0,0,1,Walk-in,1,1
RW-104136,Northgate,54,21,Monthly,0,Plus,39,1,0,0,5.3,1,2,8,13,0,0,0,Online ad,1,1
RW-104137,Westfield,45,36,Annual,11,Basic,24,0,0,0,1.2,0,4,11,8,0,0,1,Online ad,0,0
RW-104138,Westfield,47,93,Monthly,0,Plus,49,0,0,0,1.7,1,7,12,8,2,0,0,Online ad,0,0
RW-104139,Downtown,31,18,Monthly,0,Premium,79,0,0,0,6.0,0,4,6,9,1,0,1,Walk-in,0,1
RW-104140,Downtown,29,49,Monthly,0,Basic,29,0,0,0,3.7,1,5,4,5,2,1,0,Walk-in,0,0
RW-104141,Downtown,36,24,Monthly,0,Plus,49,0,0,1,8.6,0,11,8,5,5,1,1,Friend,0,1
RW-104142,Riverside,36,28,Monthly,0,Plus,49,0,0,0,6.1,0,3,9,8,0,0,1,Online ad,0,0
RW-104143,Lakeview,45,10,Annual,2,Basic,19,1,0,0,3.8,1,24,8,2,0,0,0,Online ad,0,0
RW-104144,Downtown,50,41,Annual,6,Basic,24,0,0,0,7.7,1,3,5,10,0,1,0,Online ad,0,0
RW-104145,Northgate,26,15,Monthly,0,Premium,79,0,0,1,3.8,0,2,5,6,1,0,0,Online ad,0,1
RW-104146,Riverside,29,2,Annual,11,Plus,34,1,0,0,7.0,1,3,8,6,0,0,0,Online ad,0,1
RW-104147,Lakeview,35,6,Monthly,0,Plus,49,0,1,0,6.3,1,2,1,6,0,0,1,Walk-in,0,0
RW-104148,Northgate,72,6,Monthly,0,Premium,69,1,0,0,3.9,1,5,10,1,2,0,0,Online ad,0,0
RW-104149,Hillcrest,37,11,Annual,11,Premium,74,0,0,0,8.6,0,9,5,3,0,0,1,Online ad,0,0
RW-104150,Downtown,37,1,Monthly,0,Basic,29,0,1,0,9.7,1,2,0,6,0,0,0,Corporate,0,1
RW-104151,Downtown,45,13,Annual,0,Basic,14,1,0,0,11.2,1,2,4,8,0,1,0,Friend,0,1
RW-104152,Downtown,36,40,Annual,4,Plus,44,0,0,0,4.6,0,11,10,2,3,0,0,Online ad,0,0
RW-104153,Riverside,67,17,Monthly,0,Basic,29,0,0,0,4.1,1,1,4,18,1,2,0,Online ad,0,1
RW-104154,Downtown,37,9,Monthly,0,Plus,49,0,1,0,1.8,1,28,24,3,4,0,0,Online ad,0,0
RW-104155,Downtown,24,24,Annual,9,Plus,39,1,0,0,10.0,0,4,8,2,1,0,0,Walk-in,0,0
RW-104156,Riverside,33,6,Annual,5,Premium,74,0,0,0,15.0,1,9,7,2,0,0,0,Friend,0,0
RW-104157,Lakeview,26,5,Annual,3,Plus,34,1,1,0,1.4,1,7,7,9,4,1,0,Online ad,0,0
RW-104158,Lakeview,39,22,Annual,0,Basic,24,0,0,1,9.2,0,9,9,5,2,1,0,Online ad,0,0
RW-104159,Downtown,45,81,Monthly,0,Plus,39,1,0,0,3.0,0,12,24,3,1,1,0,Corporate,0,0
RW-104160,Westfield,53,25,Monthly,0,Basic,29,0,1,0,11.2,1,1,3,8,0,0,0,Online ad,0,0
RW-104161,Downtown,76,6,Monthly,0,Premium,79,0,0,1,2.1,1,17,21,5,0,0,0,Walk-in,1,0
RW-104162,Westfield,23,47,Monthly,0,Basic,29,0,1,0,6.3,0,9,11,6,0,0,0,Friend,0,0
RW-104163,Downtown,48,35,Annual,1,Basic,24,0,1,0,2.5,0,9,27,6,0,0,0,Walk-in,0,1
RW-104164,Downtown,30,1,Monthly,0,Basic,29,0,0,0,8.0,0,3,0,14,1,0,1,Friend,1,1
RW-104165,Westfield,34,13,Monthly,0,Plus,49,0,0,0,5.2,0,3,2,14,0,0,0,Friend,0,0
RW-104166,Downtown,26,12,Monthly,0,Plus,49,0,0,0,2.0,1,14,12,6,5,1,0,Walk-in,0,0
RW-104167,Hillcrest,22,7,Monthly,0,Premium,79,0,0,0,1.6,0,11,13,7,0,0,0,Friend,0,0
RW-104168,Westfield,19,16,Annual,10,Basic,24,0,0,0,4.4,0,12,20,7,3,0,0,Friend,0,0
RW-104169,Hillcrest,31,15,Monthly,0,Basic,19,1,0,0,9.0,1,16,17,5,7,0,0,Corporate,0,0
RW-104170,Lakeview,33,33,Monthly,0,Basic,29,0,0,0,4.6,1,5,11,11,1,0,1,Walk-in,1,0
RW-104171,Lakeview,37,5,Monthly,0,Basic,19,1,1,0,16.7,1,9,7,2,1,0,0,Walk-in,0,0
RW-104172,Downtown,23,44,Annual,5,Premium,74,0,0,1,1.3,0,0,6,46,0,0,0,Friend,0,1
RW-104173,Westfield,53,19,Monthly,0,Premium,79,0,0,1,4.5,0,3,5,4,0,0,0,Friend,0,0
RW-104174,Hillcrest,27,5,Monthly,0,Plus,49,0,0,1,10.4,0,12,9,7,1,0,0,Online ad,0,0
RW-104175,Riverside,18,11,Monthly,0,Premium,79,0,0,0,4.6,1,14,15,1,0,0,0,Corporate,0,1
RW-104176,Northgate,39,24,Annual,0,Plus,44,0,1,0,5.5,1,11,9,8,4,0,1,Friend,0,0
RW-104177,Northgate,52,69,Monthly,0,Basic,29,0,0,0,3.6,0,9,8,7,4,0,1,Walk-in,0,0
RW-104178,Northgate,32,28,Annual,8,Basic,24,0,0,1,6.1,1,5,10,12,3,1,0,Friend,0,0
RW-104179,Riverside,29,36,Annual,7,Plus,44,1,0,0,2.8,0,1,2,9,2,0,0,Online ad,0,0
RW-104180,Northgate,62,6,Annual,10,Basic,24,0,0,0,3.8,1,3,13,4,0,0,0,Friend,0,0
RW-104181,Riverside,33,10,Annual,9,Basic,24,0,1,0,10.0,0,3,1,9,0,0,0,Corporate,0,0
RW-104182,Lakeview,31,12,Monthly,0,Basic,29,0,0,0,7.0,1,2,9,14,0,0,0,Online ad,0,1
RW-104183,Northgate,51,9,Annual,2,Basic,24,0,0,0,12.6,1,5,7,9,4,0,0,Friend,1,0
RW-104184,Downtown,25,58,Monthly,0,Plus,49,0,0,0,3.0,0,4,5,1,0,1,0,Walk-in,0,0
RW-104185,Hillcrest,35,14,Monthly,0,Premium,79,0,0,0,10.1,0,5,6,7,0,0,0,Corporate,1,0
RW-104186,Northgate,26,13,Annual,10,Plus,44,0,0,0,2.6,1,4,7,4,0,1,0,Friend,0,0
RW-104187,Northgate,20,46,Monthly,0,Basic,29,0,0,0,4.0,1,5,2,11,0,1,0,Walk-in,0,0
RW-104188,Lakeview,34,2,Annual,9,Basic,14,1,1,0,1.7,0,6,7,3,0,0,0,Walk-in,0,0
RW-104189,Northgate,32,13,Annual,6,Basic,24,0,0,0,7.4,0,5,3,1,0,1,0,Online ad,0,0
RW-104190,Lakeview,52,6,Annual,9,Plus,44,1,0,0,5.8,1,4,9,7,0,0,1,Walk-in,0,0
RW-104191,Lakeview,33,10,Monthly,0,Basic,29,1,0,0,4.7,0,12,5,4,0,1,0,Walk-in,1,1
RW-104192,Northgate,32,5,Annual,1,Plus,44,0,0,0,5.2,1,24,13,3,1,0,0,Online ad,0,0
RW-104193,Lakeview,30,24,Annual,3,Basic,24,0,0,0,2.1,0,13,9,4,0,0,1,Online ad,0,0
RW-104194,Westfield,38,24,Monthly,0,Basic,29,1,0,0,4.6,0,11,9,7,0,0,0,Walk-in,0,0
RW-104195,Downtown,42,26,Monthly,0,Basic,29,1,0,0,5.0,1,10,15,8,1,0,0,Online ad,0,0
RW-104196,Hillcrest,23,7,Annual,4,Premium,74,0,0,0,20.5,0,0,8,48,0,1,0,Walk-in,0,1
RW-104197,Northgate,21,14,Monthly,0,Basic,29,0,0,0,11.5,1,28,28,1,5,0,0,Walk-in,0,0
RW-104198,Westfield,33,54,Monthly,0,Plus,49,0,0,0,1.4,1,5,6,0,3,1,0,Friend,1,0
RW-104199,Lakeview,32,1,Monthly,0,Plus,49,0,0,0,9.7,0,0,0,45,0,0,0,Walk-in,0,0
RW-104200,Northgate,34,24,Annual,5,Basic,24,0,0,1,4.6,1,19,14,6,7,1,0,Friend,0,0
RW-104201,Westfield,32,11,Monthly,0,Premium,79,0,0,0,15.1,1,4,24,10,0,2,0,Corporate,0,1
RW-104202,Downtown,36,85,Monthly,0,Plus,49,0,0,0,14.7,0,1,6,21,1,0,0,Walk-in,0,1
RW-104203,Riverside,46,20,Annual,1,Basic,24,0,0,0,6.8,0,7,6,0,4,1,1,Online ad,0,0
RW-104204,Hillcrest,32,53,Monthly,0,Premium,74,1,1,1,6.1,1,16,15,4,6,0,0,Online ad,0,0
RW-104205,Lakeview,38,1,Annual,9,Basic,24,0,0,0,9.7,1,3,0,7,0,1,0,Walk-in,0,0
RW-104206,Downtown,60,9,Monthly,0,Basic,29,0,0,0,6.9,0,8,9,4,1,0,0,Walk-in,0,1
RW-104207,Westfield,33,26,Monthly,0,Basic,29,0,0,0,10.9,0,11,8,5,0,0,0,Online ad,0,0
RW-104208,Downtown,26,64,Monthly,0,Premium,79,0,1,0,9.8,0,7,8,5,3,0,0,Friend,0,0
RW-104209,Lakeview,31,62,Monthly,0,Plus,49,0,0,0,2.2,1,4,7,1,0,0,0,Corporate,0,0
RW-104210,Hillcrest,47,25,Annual,6,Basic,24,0,0,0,4.8,1,10,12,6,4,0,0,Online ad,1,0
RW-104211,Hillcrest,78,51,Annual,9,Plus,44,0,0,0,2.4,1,28,28,2,12,0,0,Walk-in,0,0
RW-104212,Northgate,34,5,Annual,3,Basic,24,0,0,0,1.6,0,6,17,0,1,0,0,Online ad,0,1
RW-104213,Lakeview,26,11,Monthly,0,Plus,49,0,0,0,2.8,1,23,18,1,1,1,0,Online ad,0,0
RW-104214,Downtown,26,44,Annual,9,Basic,24,0,0,1,2.5,0,21,21,6,7,0,0,Online ad,0,0
RW-104215,Downtown,46,19,Annual,5,Premium,74,0,0,0,11.8,0,3,4,2,0,0,0,Online ad,0,0
RW-104216,Northgate,31,82,Annual,2,Basic,24,0,0,0,13.1,1,8,16,4,3,0,0,Friend,0,0
RW-104217,Northgate,33,5,Monthly,0,Plus,49,0,1,0,2.4,1,10,8,5,2,1,0,Friend,1,0
RW-104218,Westfield,42,15,Monthly,0,Premium,79,0,1,0,8.3,0,2,5,16,0,0,0,Walk-in,0,1
RW-104219,Westfield,60,3,Monthly,0,Basic,19,1,0,0,8.5,0,1,2,13,2,0,0,Online ad,0,1
RW-104220,Northgate,33,24,Monthly,0,Basic,29,0,0,0,8.5,1,5,8,4,0,0,0,Online ad,0,1
RW-104221,Lakeview,24,2,Annual,7,Plus,44,0,1,0,5.2,1,5,3,9,0,0,0,Friend,0,0
RW-104222,Downtown,21,20,Monthly,0,Premium,79,0,1,0,4.6,0,5,15,8,0,0,0,Walk-in,0,1
RW-104223,Hillcrest,22,3,Monthly,0,Basic,29,0,0,0,4.3,1,8,7,9,0,1,0,Corporate,0,0
RW-104224,Downtown,27,4,Monthly,0,Basic,19,1,0,0,4.7,0,16,22,0,9,0,0,Corporate,0,0
RW-104225,Riverside,26,19,Annual,7,Basic,24,1,0,0,4.2,1,14,8,2,1,1,0,Friend,0,0
RW-104226,Northgate,46,4,Annual,0,Plus,44,1,0,0,2.1,0,10,11,1,7,0,0,Online ad,0,1
RW-104227,Riverside,57,13,Annual,4,Basic,24,1,0,0,2.7,1,10,7,4,0,0,0,Friend,0,0
RW-104228,Northgate,32,8,Annual,7,Plus,44,1,0,0,3.8,0,3,2,9,0,0,0,Friend,0,0
RW-104229,Downtown,54,42,Monthly,0,Basic,29,0,0,1,7.0,0,3,19,2,2,0,0,Walk-in,0,0
RW-104230,Riverside,31,67,Annual,2,Plus,39,1,0,0,13.1,1,8,7,6,4,0,0,Online ad,1,0
RW-104231,Downtown,29,35,Annual,9,Plus,44,0,0,0,2.0,1,13,11,0,0,0,0,Online ad,1,0
RW-104232,Northgate,34,4,Annual,5,Plus,44,0,0,0,5.8,1,1,2,10,0,1,0,Friend,0,0
RW-104233,Downtown,44,45,Monthly,0,Plus,39,1,0,0,4.4,1,3,10,0,0,0,0,Online ad,0,0
RW-104234,Lakeview,30,41,Monthly,0,Basic,29,0,0,0,1.5,1,4,9,12,1,0,0,Online ad,0,0
RW-104235,Riverside,39,16,Annual,2,Plus,44,0,0,0,1.4,0,7,10,0,0,1,1,Walk-in,0,0
RW-104236,Riverside,18,2,Monthly,0,Basic,29,0,0,0,1.7,0,11,6,5,1,0,0,Friend,1,0
RW-104237,Lakeview,40,18,Monthly,0,Basic,19,1,0,0,5.1,0,2,5,1,1,0,0,Online ad,0,0
RW-104238,Westfield,23,92,Annual,4,Premium,74,0,0,0,3.9,0,4,13,1,0,0,0,Walk-in,0,0
RW-104239,Downtown,20,36,Monthly,0,Basic,29,0,0,0,4.1,0,10,9,7,2,0,1,Walk-in,1,0
RW-104240,Lakeview,23,10,Monthly,0,Basic,29,1,1,0,4.8,0,4,4,13,3,0,0,Walk-in,0,0
RW-104241,Hillcrest,30,51,Annual,9,Basic,24,0,0,0,9.8,0,1,13,8,0,1,1,Walk-in,1,0
RW-104242,Lakeview,29,6,Annual,6,Plus,44,0,0,0,3.6,1,0,6,54,0,0,1,Online ad,0,1
RW-104243,Westfield,25,114,Monthly,0,Plus,49,1,0,0,2.4,1,10,13,4,10,1,0,Friend,0,0
RW-104244,Hillcrest,20,62,Monthly,0,Plus,49,0,0,0,2.0,1,6,18,3,0,0,0,Online ad,0,0
RW-104245,Downtown,50,30,Monthly,0,Basic,29,0,0,0,4.8,1,6,4,2,3,0,0,Walk-in,0,0
RW-104246,Hillcrest,38,45,Monthly,0,Plus,49,0,0,0,5.4,1,0,13,55,0,0,1,Corporate,0,0
RW-104247,Northgate,32,23,Monthly,0,Plus,49,0,0,0,0.6,1,25,28,2,10,0,0,Friend,0,0
RW-104248,Downtown,32,1,Annual,10,Basic,24,0,0,0,1.3,0,14,0,2,0,1,0,Corporate,0,0
RW-104249,Downtown,52,27,Annual,10,Plus,44,0,0,0,1.9,1,4,24,9,0,0,0,Corporate,1,0
RW-104250,Downtown,37,23,Annual,1,Basic,24,0,1,0,4.7,1,17,10,2,8,0,0,Online ad,0,0
RW-104251,Northgate,36,21,Annual,5,Plus,44,0,0,0,9.9,0,14,11,5,11,0,0,Online ad,1,0
RW-104252,Hillcrest,19,22,Annual,3,Basic,24,0,0,0,6.7,0,8,9,8,1,1,0,Corporate,0,0
RW-104253,Northgate,58,9,Annual,3,Plus,44,0,1,0,11.4,1,21,18,0,1,0,0,Walk-in,0,0
RW-104254,Northgate,26,11,Monthly,0,Basic,29,0,0,1,5.3,1,5,16,11,4,1,0,Online ad,1,0
RW-104255,Westfield,36,9,Monthly,0,Basic,29,1,0,0,10.0,0,12,15,1,0,0,0,Walk-in,0,1
RW-104256,Westfield,41,16,Annual,0,Plus,44,0,0,0,2.3,0,9,14,7,0,0,0,Online ad,0,1
RW-104257,Downtown,28,40,Monthly,0,Basic,29,0,0,0,3.8,1,2,5,8,0,0,0,Walk-in,0,0
RW-104258,Lakeview,25,30,Monthly,0,Premium,79,0,0,0,1.9,1,13,10,1,2,0,0,Corporate,0,0
RW-104259,Westfield,34,6,Monthly,0,Premium,69,1,0,0,6.2,1,1,5,19,0,0,1,Friend,0,1
RW-104260,Hillcrest,75,14,Annual,6,Premium,74,0,0,1,1.5,0,7,17,6,0,0,0,Online ad,0,0
RW-104261,Northgate,26,5,Annual,7,Basic,14,1,1,0,3.7,1,14,10,1,0,0,1,Walk-in,0,0
RW-104262,Lakeview,36,7,Monthly,0,Premium,79,1,1,1,11.0,1,3,3,14,0,0,0,Online ad,0,0
RW-104263,Downtown,23,28,Annual,2,Basic,24,0,1,0,3.0,1,15,18,3,9,1,0,Walk-in,0,0
RW-104264,Hillcrest,39,45,Annual,1,Plus,44,0,0,0,2.9,1,14,13,1,2,0,0,Walk-in,0,1
RW-104265,Downtown,47,4,Monthly,0,Plus,49,0,0,0,4.8,0,19,22,3,8,0,0,Walk-in,0,0
RW-104266,Northgate,38,5,Monthly,0,Basic,29,0,0,0,6.0,0,1,6,12,0,1,0,Online ad,0,0
RW-104267,Hillcrest,19,31,Annual,7,Basic,24,0,0,0,3.5,1,16,17,3,1,0,1,Friend,0,0
RW-104268,Hillcrest,28,26,Monthly,0,Plus,49,0,0,0,10.0,1,23,13,4,11,0,0,Online ad,0,0
RW-104269,Northgate,25,72,Monthly,0,Plus,49,0,0,0,8.1,1,2,7,14,1,0,0,Corporate,0,0
RW-104270,Northgate,21,32,Monthly,0,Plus,44,1,1,0,5.4,0,8,11,0,1,0,0,Online ad,0,0
RW-104271,Northgate,41,101,Monthly,0,Plus,49,1,0,0,1.2,1,1,6,10,0,0,0,Walk-in,1,1
RW-104272,Downtown,43,40,Annual,2,Plus,44,1,0,0,13.4,0,5,5,5,0,0,0,Walk-in,0,0
RW-104273,Northgate,34,34,Monthly,0,Basic,24,1,0,0,3.0,0,0,1,38,0,0,1,Walk-in,0,1
RW-104274,Westfield,33,23,Monthly,0,Plus,49,1,0,0,3.1,0,10,13,2,3,0,0,Friend,0,0
RW-104275,Riverside,27,38,Monthly,0,Premium,79,1,0,0,4.3,0,3,3,9,0,2,1,Walk-in,0,0
RW-104276,Lakeview,40,44,Annual,11,Basic,24,1,0,0,2.9,0,7,2,8,0,0,0,Online ad,0,0
RW-104277,Downtown,29,27,Monthly,0,Plus,49,0,0,0,9.1,0,5,5,7,0,1,0,Online ad,0,0
RW-104278,Hillcrest,24,14,Monthly,0,Plus,49,0,0,0,24.3,0,7,3,7,0,0,0,Online ad,0,1
RW-104279,Westfield,46,6,Monthly,0,Plus,49,0,0,0,17.2,0,10,10,5,6,2,0,Online ad,1,0
RW-104280,Westfield,21,7,Monthly,0,Basic,29,0,0,0,8.9,1,0,7,45,0,0,0,Online ad,1,1
RW-104281,Northgate,26,33,Annual,4,Plus,34,1,1,0,2.3,1,11,13,5,7,1,0,Online ad,0,0
RW-104282,Downtown,31,3,Monthly,0,Basic,29,0,1,0,3.2,0,6,5,11,3,0,0,Walk-in,1,0
RW-104283,Lakeview,26,10,Monthly,0,Premium,69,1,0,1,1.3,0,5,7,6,2,0,0,Friend,0,0
RW-104284,Downtown,37,19,Monthly,0,Plus,44,1,0,0,3.2,1,12,13,4,1,0,1,Online ad,0,1
RW-104285,Northgate,27,12,Monthly,0,Premium,79,0,0,1,2.9,1,4,9,12,0,0,1,Corporate,1,1
RW-104286,Northgate,37,5,Monthly,0,Plus,49,0,0,0,7.2,0,10,4,8,5,1,0,Walk-in,0,1
RW-104287,Lakeview,58,9,Annual,6,Basic,24,0,0,0,7.6,0,5,8,10,1,0,0,Online ad,0,0
RW-104288,Northgate,38,9,Monthly,0,Basic,29,0,0,1,3.3,0,4,2,10,0,0,0,Walk-in,0,0
RW-104289,Downtown,52,28,Monthly,0,Plus,44,1,0,0,2.9,1,11,18,7,0,2,0,Corporate,0,1
RW-104290,Downtown,21,12,Monthly,0,Basic,24,1,0,0,2.8,0,2,8,3,0,0,0,Walk-in,0,1
RW-104291,Northgate,33,26,Annual,8,Basic,24,1,0,0,4.9,1,2,15,8,1,0,0,Friend,0,0
RW-104292,Westfield,25,5,Annual,10,Plus,44,0,0,0,7.6,0,7,8,7,6,0,0,Friend,0,0
RW-104293,Lakeview,41,62,Monthly,0,Basic,29,0,1,1,14.5,0,7,4,9,0,0,0,Online ad,0,0
RW-104294,Hillcrest,43,59,Monthly,0,Basic,29,0,0,0,3.9,0,4,5,2,0,0,0,Walk-in,0,0
RW-104295,Lakeview,44,19,Annual,0,Plus,44,0,0,0,4.7,0,6,17,9,3,0,0,Online ad,0,1
RW-104296,Westfield,27,8,Monthly,0,Premium,79,0,0,0,6.7,0,23,16,0,2,0,0,Walk-in,0,0
RW-104297,Westfield,30,120,Annual,1,Plus,44,0,0,0,0.7,0,6,13,2,3,1,0,Corporate,1,1
RW-104298,Riverside,18,10,Annual,5,Basic,24,0,1,0,7.3,1,8,9,2,0,0,0,Corporate,0,0
RW-104299,Lakeview,37,6,Annual,7,Premium,74,1,0,1,3.4,1,2,2,17,0,0,0,Online ad,0,0
RW-104300,Westfield,23,13,Monthly,0,Plus,49,0,0,0,2.4,1,15,8,2,3,0,0,Walk-in,0,0
RW-104301,Lakeview,32,18,Annual,0,Plus,44,0,0,0,8.4,1,11,5,3,6,0,0,Online ad,0,0
RW-104302,Northgate,37,10,Monthly,0,Basic,29,0,0,0,4.6,1,8,5,5,7,0,0,Friend,0,0
RW-104303,Westfield,28,30,Annual,4,Premium,74,0,0,1,6.1,0,6,13,9,4,0,0,Online ad,0,0
RW-104304,Hillcrest,38,4,Annual,10,Plus,44,0,0,0,16.3,1,25,28,3,7,0,0,Friend,0,0
RW-104305,Downtown,40,15,Annual,1,Basic,24,0,0,0,7.6,0,4,3,2,2,0,0,Online ad,0,1
RW-104306,Lakeview,56,5,Annual,0,Plus,44,0,0,0,3.7,0,12,4,3,0,0,1,Friend,1,1
RW-104307,Northgate,38,13,Annual,2,Plus,44,0,0,0,2.6,0,16,13,0,0,0,0,Corporate,0,0
RW-104308,Riverside,61,22,Monthly,0,Premium,79,0,0,0,1.0,1,0,0,42,0,0,0,Online ad,0,1
RW-104309,Westfield,22,30,Annual,9,Premium,74,0,1,1,1.2,0,12,10,7,0,0,0,Corporate,0,0
RW-104310,Riverside,28,42,Monthly,0,Basic,29,0,1,0,4.1,1,4,5,5,3,0,1,Walk-in,0,0
RW-104311,Downtown,58,20,Annual,1,Premium,74,0,0,0,2.4,1,3,5,8,0,0,0,Online ad,0,1
RW-104312,Northgate,29,8,Annual,2,Plus,44,0,0,0,6.7,0,5,8,6,0,0,0,Online ad,0,0
RW-104313,Lakeview,29,16,Annual,1,Premium,74,0,0,0,2.6,0,7,8,7,0,0,0,Online ad,0,1
RW-104314,Downtown,24,74,Annual,6,Basic,24,0,0,0,7.7,1,28,22,2,0,0,1,Walk-in,0,0
RW-104315,Lakeview,37,5,Annual,4,Basic,24,0,0,0,2.2,1,28,28,3,14,0,0,Walk-in,0,0
RW-104316,Riverside,59,52,Monthly,0,Plus,49,0,0,0,2.6,1,18,6,4,0,0,1,Walk-in,2,0
RW-104317,Downtown,36,120,Annual,11,Basic,24,0,0,0,7.4,1,15,13,2,10,1,0,Corporate,0,0
RW-104318,Northgate,40,56,Annual,8,Basic,14,1,1,0,3.8,0,13,11,3,0,1,0,Walk-in,0,0
RW-104319,Hillcrest,23,15,Monthly,0,Basic,29,0,1,0,4.4,1,6,9,3,1,0,0,Online ad,1,0
RW-104320,Downtown,49,10,Monthly,0,Plus,49,0,0,0,4.0,1,10,12,8,1,1,0,Walk-in,0,0
RW-104321,Northgate,27,20,Annual,1,Plus,44,1,0,0,20.7,0,6,4,7,2,0,0,Friend,1,1
RW-104322,Lakeview,47,4,Annual,11,Premium,74,0,0,0,2.5,0,4,20,10,0,0,0,Friend,0,0
RW-104323,Westfield,20,16,Monthly,0,Plus,49,0,1,0,3.6,1,2,4,17,3,0,0,Online ad,0,0
RW-104324,Downtown,22,12,Monthly,0,Plus,39,1,0,0,3.7,0,1,3,14,0,0,0,Friend,0,0
RW-104325,Westfield,36,19,Monthly,0,Premium,69,1,1,0,7.7,0,5,1,9,0,1,0,Walk-in,1,0
RW-104326,Northgate,44,28,Annual,0,Premium,74,0,0,0,6.7,0,4,2,8,1,0,1,Online ad,1,0
RW-104327,Hillcrest,47,3,Monthly,0,Plus,49,0,1,0,10.6,1,5,11,4,0,0,1,Online ad,0,0
RW-104328,Northgate,51,6,Annual,0,Basic,24,0,0,0,5.5,0,5,6,3,4,0,1,Walk-in,0,1
RW-104329,Downtown,30,4,Annual,11,Basic,24,0,0,0,2.5,1,7,6,7,3,0,0,Friend,0,0
RW-104330,Lakeview,37,15,Annual,6,Basic,24,0,0,0,1.6,0,10,12,3,2,0,0,Walk-in,0,0
RW-104331,Downtown,37,37,Annual,2,Plus,44,0,1,0,2.2,1,20,18,1,10,1,0,Corporate,0,0
RW-104332,Downtown,25,58,Annual,10,Plus,44,1,1,0,6.0,0,1,3,2,0,0,0,Online ad,0,0
RW-104333,Hillcrest,33,11,Monthly,0,Premium,79,1,0,0,3.2,1,3,13,6,0,0,0,Friend,0,1
RW-104334,Northgate,25,61,Monthly,0,Basic,29,1,0,0,34.1,0,1,5,8,0,0,0,Walk-in,0,1
RW-104335,Westfield,39,10,Annual,9,Premium,64,1,1,1,10.3,1,8,8,9,0,0,1,Online ad,0,0
RW-104336,Northgate,26,75,Monthly,0,Basic,24,1,0,0,3.5,1,3,12,2,1,0,0,Online ad,1,1
RW-104337,Northgate,70,8,Monthly,0,Premium,79,0,0,0,3.2,0,16,6,1,0,0,0,Online ad,0,1
RW-104338,Northgate,34,6,Monthly,0,Basic,29,0,1,0,2.5,1,5,6,6,0,1,0,Corporate,1,0
RW-104339,Lakeview,33,28,Monthly,0,Premium,74,1,1,0,3.7,1,11,15,3,0,0,0,Online ad,0,0
RW-104340,Northgate,30,4,Monthly,0,Plus,49,0,0,0,10.7,0,0,7,49,0,0,0,Friend,0,1
RW-104341,Lakeview,30,71,Annual,1,Premium,74,1,1,0,6.8,1,15,13,2,5,0,1,Walk-in,0,0
RW-104342,Lakeview,29,65,Annual,4,Premium,74,1,0,1,4.7,0,7,9,7,0,0,0,Friend,0,0
RW-104343,Lakeview,29,11,Monthly,0,Plus,49,0,0,0,6.5,0,5,14,1,1,0,0,Walk-in,0,1
RW-104344,Riverside,53,14,Monthly,0,Basic,29,1,0,0,5.9,1,7,7,3,2,0,0,Friend,0,0
RW-104345,Northgate,50,15,Monthly,0,Plus,44,1,0,0,15.0,0,12,10,4,7,0,1,Corporate,0,0
RW-104346,Downtown,48,76,Monthly,0,Plus,49,0,0,0,6.0,1,1,18,10,0,0,1,Friend,0,1
RW-104347,Hillcrest,37,24,Monthly,0,Basic,29,1,0,0,13.2,0,2,10,10,0,0,0,Online ad,0,1
RW-104348,Riverside,37,7,Annual,10,Premium,74,0,1,1,5.2,0,10,7,8,0,1,0,Online ad,0,0
RW-104349,Lakeview,43,5,Monthly,0,Premium,79,0,0,0,22.5,1,1,3,10,2,1,0,Corporate,0,1
RW-104350,Northgate,35,33,Monthly,0,Plus,49,0,0,0,6.3,0,19,23,4,0,0,0,Online ad,0,0
RW-104351,Northgate,27,24,Annual,11,Basic,19,1,0,0,5.0,1,17,12,3,6,1,0,Walk-in,0,0
RW-104352,Downtown,33,13,Monthly,0,Premium,79,1,0,0,6.6,1,9,6,6,4,1,1,Online ad,2,1
RW-104353,Lakeview,20,36,Annual,2,Basic,24,0,0,0,10.4,0,5,4,3,2,0,1,Corporate,0,0
RW-104354,Riverside,41,31,Monthly,0,Basic,29,0,0,0,8.0,0,0,10,83,0,0,0,Online ad,0,0
RW-104355,Hillcrest,51,39,Monthly,0,Basic,24,1,0,0,4.6,1,6,9,10,3,0,0,Online ad,2,0
RW-104356,Hillcrest,36,29,Annual,6,Premium,74,0,1,0,1.8,0,15,19,6,7,0,0,Online ad,0,0
RW-104357,Northgate,25,22,Monthly,0,Plus,49,0,0,0,8.2,0,10,22,2,2,0,1,Friend,0,0
RW-104358,Westfield,37,12,Annual,0,Premium,74,0,0,0,5.5,0,9,14,4,6,0,0,Online ad,0,1
RW-104359,Northgate,41,12,Annual,5,Premium,74,0,1,0,2.3,1,8,7,9,0,0,0,Walk-in,0,0
RW-104360,Riverside,35,11,Annual,9,Basic,24,0,0,0,9.2,1,4,5,10,3,0,0,Friend,0,0
RW-104361,Westfield,38,32,Monthly,0,Plus,49,0,0,0,17.3,0,14,6,4,8,0,0,Online ad,0,0
RW-104362,Downtown,25,15,Monthly,0,Plus,44,1,0,0,4.2,1,3,12,5,0,1,0,Friend,0,0
RW-104363,Westfield,26,7,Annual,6,Plus,44,0,0,0,1.8,0,5,9,4,0,0,1,Online ad,0,0
RW-104364,Lakeview,38,19,Monthly,0,Plus,49,0,0,0,4.0,1,13,7,1,2,1,0,Walk-in,0,0
RW-104365,Hillcrest,50,15,Annual,1,Plus,34,1,0,0,3.0,1,5,7,9,0,0,0,Walk-in,0,0
RW-104366,Northgate,38,12,Annual,6,Basic,24,0,0,0,3.6,0,10,17,7,0,0,0,Online ad,0,1
RW-104367,Hillcrest,33,17,Annual,7,Premium,74,0,1,0,6.4,1,13,11,3,0,0,0,Walk-in,0,0
RW-104368,Westfield,22,3,Annual,6,Basic,14,1,0,0,8.0,1,3,10,12,0,1,1,Walk-in,0,1
RW-104369,Lakeview,21,55,Monthly,0,Plus,49,0,0,0,3.7,1,17,5,2,0,0,1,Walk-in,0,0
RW-104370,Westfield,75,17,Monthly,0,Basic,29,0,0,0,2.8,0,2,11,6,0,0,0,Friend,0,1
RW-104371,Lakeview,44,7,Annual,7,Plus,44,0,0,0,3.2,1,5,8,6,3,1,0,Corporate,0,0
RW-104372,Northgate,36,3,Monthly,0,Basic,29,0,1,0,6.4,1,9,11,4,1,1,0,Friend,0,0
RW-104373,Northgate,31,17,Monthly,0,Basic,29,0,0,0,5.6,1,2,5,13,0,0,0,Online ad,0,0
RW-104374,Downtown,27,33,Annual,3,Plus,44,0,1,0,7.1,0,4,5,1,3,0,0,Online ad,0,0
RW-104375,Riverside,35,7,Monthly,0,Premium,79,1,0,0,1.1,0,7,8,2,0,0,0,Corporate,0,0
RW-104376,Riverside,38,45,Annual,3,Basic,24,0,1,0,11.2,0,5,5,9,1,0,1,Corporate,1,0
RW-104377,Northgate,31,3,Monthly,0,Basic,29,0,0,0,1.9,0,4,7,7,2,0,0,Walk-in,0,1
RW-104378,Downtown,48,36,Monthly,0,Basic,24,1,0,0,5.1,0,11,6,0,2,0,1,Walk-in,1,0
RW-104379,Downtown,23,14,Monthly,0,Plus,49,0,0,0,3.8,0,12,14,8,5,0,1,Friend,0,0
RW-104380,Lakeview,48,82,Monthly,0,Premium,79,0,0,1,1.8,0,14,5,1,1,0,0,Friend,0,0
RW-104381,Northgate,32,35,Monthly,0,Premium,79,0,0,1,7.1,1,12,7,6,0,0,0,Walk-in,0,0
RW-104382,Northgate,40,38,Annual,11,Basic,24,0,0,0,8.8,1,4,5,10,2,0,0,Corporate,0,0
RW-104383,Northgate,54,20,Monthly,0,Plus,39,1,0,0,8.0,0,11,14,1,2,0,1,Online ad,0,0
RW-104384,Hillcrest,29,56,Monthly,0,Plus,49,0,0,0,13.2,1,6,1,2,4,0,0,Friend,0,0
RW-104385,Lakeview,24,51,Annual,2,Basic,14,1,0,0,4.2,1,5,8,6,1,2,0,Online ad,0,0
RW-104386,Hillcrest,65,11,Monthly,0,Basic,29,0,0,1,8.5,1,5,6,2,0,0,0,Walk-in,1,0
RW-104387,Northgate,31,19,Monthly,0,Premium,79,0,0,0,2.8,0,3,1,4,0,0,0,Corporate,0,0
RW-104388,Riverside,34,3,Monthly,0,Plus,49,0,1,0,6.6,1,5,4,11,4,0,0,Friend,0,0
RW-104389,Westfield,70,38,Annual,1,Plus,44,0,0,0,7.7,0,10,14,5,0,0,0,Walk-in,0,1
RW-104390,Riverside,47,22,Annual,0,Basic,24,0,0,1,10.0,1,3,3,5,2,1,0,Online ad,0,0
RW-104391,Riverside,70,3,Annual,8,Basic,24,0,0,0,4.3,1,1,2,6,0,0,0,Corporate,1,0
RW-104392,Downtown,40,17,Monthly,0,Basic,29,0,0,0,8.1,0,0,8,39,0,0,0,Walk-in,0,1
RW-104393,Downtown,32,5,Annual,9,Basic,24,0,0,0,7.4,1,17,17,0,3,0,1,Online ad,1,0
RW-104394,Northgate,44,41,Annual,0,Plus,44,0,0,0,7.4,1,10,13,0,3,1,1,Online ad,0,0
RW-104395,Hillcrest,32,51,Annual,0,Plus,44,0,0,0,12.3,0,9,10,5,4,0,0,Corporate,0,1
RW-104396,Lakeview,52,2,Monthly,0,Basic,29,0,1,0,2.8,1,10,16,2,2,0,1,Online ad,0,0
RW-104397,Hillcrest,28,17,Monthly,0,Basic,24,1,0,0,2.8,0,1,10,1,0,0,0,Friend,0,1
RW-104398,Lakeview,24,38,Annual,9,Premium,74,1,0,0,8.0,0,16,28,4,10,0,0,Online ad,0,0
RW-104399,Northgate,50,8,Annual,11,Basic,24,0,0,1,4.0,0,22,28,3,15,0,0,Friend,0,0
RW-104400,Hillcrest,46,3,Monthly,0,Premium,79,0,0,0,9.6,1,12,18,1,0,0,0,Online ad,0,0
RW-104401,Westfield,26,2,Monthly,0,Premium,79,0,0,0,4.7,1,8,9,7,2,0,0,Walk-in,0,0
RW-104402,Westfield,40,11,Monthly,0,Premium,79,0,0,0,2.8,0,6,5,3,3,0,0,Online ad,0,0
RW-104403,Lakeview,19,5,Monthly,0,Premium,79,1,0,1,5.2,0,2,8,12,2,0,0,Corporate,0,1
RW-104404,Northgate,31,25,Annual,0,Premium,74,0,0,0,0.6,1,5,13,9,2,1,0,Walk-in,2,1
RW-104405,Hillcrest,31,13,Monthly,0,Premium,79,0,1,0,8.1,0,2,5,4,0,1,0,Walk-in,0,0
RW-104406,Northgate,41,10,Monthly,0,Basic,29,0,0,0,5.4,1,3,1,2,0,0,0,Online ad,0,0
RW-104407,Northgate,53,34,Monthly,0,Plus,49,0,0,0,4.6,1,11,8,8,10,0,0,Corporate,0,0
RW-104408,Riverside,35,2,Annual,4,Premium,74,0,0,0,4.9,0,7,13,5,3,0,1,Online ad,0,0
RW-104409,Riverside,27,36,Monthly,0,Premium,74,1,0,1,5.6,1,28,28,1,10,0,0,Walk-in,0,0
RW-104410,Downtown,37,51,Monthly,0,Basic,29,0,1,0,1.4,1,24,26,4,14,0,0,Walk-in,0,0
RW-104411,Lakeview,33,35,Monthly,0,Basic,29,0,0,0,9.8,1,5,9,4,0,1,0,Online ad,0,1
RW-104412,Westfield,28,13,Monthly,0,Plus,49,0,0,0,2.2,0,4,0,7,3,2,0,Corporate,0,0
RW-104413,Hillcrest,35,6,Monthly,0,Plus,49,0,0,0,2.2,0,4,5,10,0,1,0,Walk-in,2,0
RW-104414,Westfield,44,3,Annual,0,Basic,24,0,0,0,3.5,1,7,8,3,0,0,0,Walk-in,0,1
RW-104415,Hillcrest,31,51,Annual,0,Basic,24,0,1,0,3.3,0,13,19,6,0,0,0,Friend,1,1
RW-104416,Hillcrest,20,8,Monthly,0,Basic,29,1,0,0,2.2,0,10,9,7,0,0,0,Walk-in,1,0
RW-104417,Lakeview,35,44,Annual,4,Basic,19,1,0,0,10.1,0,4,3,11,1,1,0,Online ad,0,0
RW-104418,Riverside,28,12,Monthly,0,Plus,49,0,0,0,12.0,1,4,7,7,1,0,0,Online ad,0,1
RW-104419,Northgate,43,2,Annual,5,Premium,74,0,0,1,8.2,1,8,9,5,0,0,0,Corporate,0,0
RW-104420,Northgate,31,5,Annual,1,Basic,24,0,0,0,5.0,0,5,3,11,1,0,0,Friend,0,1
RW-104421,Lakeview,20,20,Annual,4,Plus,44,0,0,0,4.7,1,10,12,6,0,1,0,Online ad,0,0
RW-104422,Hillcrest,34,23,Annual,2,Plus,44,0,0,1,2.4,1,3,13,13,3,0,1,Online ad,0,0
RW-104423,Lakeview,46,11,Monthly,0,Premium,79,1,0,0,9.2,0,9,5,1,1,0,0,Online ad,0,0
RW-104424,Downtown,71,29,Annual,6,Plus,44,0,1,0,4.0,0,8,7,9,3,1,0,Friend,0,0
RW-104425,Hillcrest,40,57,Annual,2,Basic,24,0,0,0,9.4,0,6,4,7,0,0,0,Online ad,0,0
RW-104426,Lakeview,28,9,Monthly,0,Basic,29,0,0,0,4.0,1,5,19,1,0,1,0,Online ad,0,0
RW-104427,Downtown,19,16,Annual,6,Basic,24,0,0,0,12.5,1,26,20,1,12,2,0,Friend,1,0
RW-104428,Westfield,30,9,Monthly,0,Basic,19,1,0,1,13.2,0,5,6,1,3,0,1,Walk-in,0,0
RW-104429,Westfield,32,54,Annual,5,Plus,44,0,0,0,4.8,1,19,18,4,0,0,0,Online ad,0,0
RW-104430,Hillcrest,27,39,Annual,10,Basic,24,0,1,0,2.5,1,6,12,2,4,1,1,Online ad,0,0
RW-104431,Westfield,20,22,Annual,1,Premium,69,1,0,0,7.6,0,3,9,12,0,1,0,Online ad,0,1
RW-104432,Riverside,67,21,Monthly,0,Plus,49,1,0,0,16.1,1,21,11,4,8,0,1,Walk-in,0,0
RW-104433,Hillcrest,20,67,Monthly,0,Plus,49,0,0,0,20.8,0,10,5,1,5,0,0,Online ad,0,0
RW-104434,Downtown,36,15,Monthly,0,Premium,79,0,0,1,8.7,1,6,12,6,0,1,0,Walk-in,0,0
RW-104435,Northgate,78,23,Monthly,0,Plus,49,0,0,1,6.3,0,1,14,5,0,0,0,Friend,0,0
RW-104436,Lakeview,39,3,Annual,11,Plus,44,0,0,0,1.7,0,8,16,6,0,0,1,Online ad,0,0
RW-104437,Downtown,63,31,Monthly,0,Basic,19,1,0,0,7.3,0,3,11,0,5,1,1,Friend,0,0
RW-104438,Downtown,37,13,Monthly,0,Premium,79,0,1,0,1.9,0,28,28,0,1,0,0,Walk-in,0,1
RW-104439,Westfield,24,2,Annual,2,Plus,44,0,0,0,7.1,0,17,6,0,2,0,0,Friend,0,0
RW-104440,Downtown,57,51,Annual,0,Plus,39,1,0,0,10.5,0,6,3,8,2,0,0,Corporate,0,0
RW-104441,Riverside,32,29,Monthly,0,Basic,29,1,0,0,2.8,0,8,3,0,3,0,0,Online ad,3,1
RW-104442,Northgate,61,6,Monthly,0,Plus,49,0,1,0,5.1,0,12,9,4,0,0,0,Walk-in,0,0
RW-104443,Lakeview,27,4,Monthly,0,Basic,29,0,0,0,4.1,0,13,18,2,1,0,0,Walk-in,0,1
RW-104444,Lakeview,37,21,Monthly,0,Basic,29,0,0,0,8.2,1,4,5,7,0,0,0,Walk-in,2,0
RW-104445,Northgate,32,19,Monthly,0,Plus,49,0,0,0,3.8,1,16,7,6,0,1,1,Walk-in,0,0
RW-104446,Riverside,39,1,Annual,5,Premium,74,0,0,1,3.8,1,11,0,5,3,0,0,Walk-in,0,0
RW-104447,Westfield,46,28,Monthly,0,Plus,49,0,0,0,3.1,1,11,13,5,4,0,1,Corporate,0,0
RW-104448,Hillcrest,28,20,Monthly,0,Basic,29,0,1,0,6.0,0,22,15,1,12,0,0,Online ad,0,0
RW-104449,Lakeview,23,7,Monthly,0,Basic,29,0,1,0,3.9,1,25,23,2,1,0,0,Walk-in,0,0
RW-104450,Westfield,38,11,Monthly,0,Premium,79,0,0,0,6.4,1,2,9,1,0,0,0,Walk-in,0,0
RW-104451,Downtown,28,51,Monthly,0,Plus,49,0,0,0,7.1,1,7,15,5,2,0,1,Friend,0,0
RW-104452,Riverside,34,31,Monthly,0,Plus,49,0,0,0,3.9,1,3,10,8,0,1,0,Online ad,0,0
RW-104453,Downtown,32,9,Annual,6,Premium,74,0,0,0,4.7,0,13,11,1,0,0,0,Friend,0,0
RW-104454,Riverside,26,33,Annual,8,Plus,34,1,0,0,2.4,0,4,7,5,0,0,0,Corporate,0,0
RW-104455,Lakeview,21,3,Annual,2,Plus,34,1,0,0,2.1,0,12,15,3,3,0,0,Friend,0,0
RW-104456,Downtown,60,71,Monthly,0,Plus,49,0,0,0,4.1,0,5,9,11,0,1,0,Corporate,0,0
RW-104457,Lakeview,21,37,Monthly,0,Basic,29,0,0,0,6.3,0,1,2,17,0,0,1,Online ad,1,1
RW-104458,Westfield,38,75,Annual,8,Basic,24,0,0,0,4.3,0,6,7,0,4,0,0,Online ad,0,0
RW-104459,Downtown,30,5,Annual,5,Premium,74,0,0,1,9.6,0,13,17,3,5,0,0,Corporate,0,0
RW-104460,Northgate,26,6,Annual,7,Premium,74,0,0,0,2.1,1,1,13,18,0,0,0,Online ad,0,0
RW-104461,Westfield,22,3,Monthly,0,Basic,29,0,0,0,5.9,0,15,23,7,5,0,0,Online ad,0,0
RW-104462,Hillcrest,49,15,Annual,7,Plus,44,0,1,0,4.7,1,14,15,1,0,0,0,Walk-in,0,0
RW-104463,Riverside,48,15,Monthly,0,Premium,79,0,0,1,21.8,0,1,14,11,0,1,1,Online ad,0,1
RW-104464,Downtown,35,1,Annual,11,Premium,74,0,0,0,6.2,0,3,0,8,2,1,0,Friend,0,0
RW-104465,Lakeview,51,16,Monthly,0,Basic,29,0,0,0,5.5,0,0,5,83,0,0,0,Online ad,0,1
RW-104466,Northgate,31,6,Annual,10,Basic,24,0,0,0,3.1,0,0,0,37,0,1,0,Corporate,0,0
RW-104467,Riverside,26,11,Monthly,0,Basic,29,0,0,0,4.8,1,1,10,20,0,0,0,Walk-in,0,1
RW-104468,Hillcrest,55,30,Monthly,0,Basic,29,0,0,1,7.1,0,4,8,1,0,0,1,Online ad,1,0
RW-104469,Downtown,40,2,Monthly,0,Plus,49,0,0,0,3.1,1,9,28,8,0,0,0,Friend,0,0
RW-104470,Westfield,41,2,Monthly,0,Premium,79,0,0,0,8.4,1,12,10,0,4,0,0,Walk-in,0,0
RW-104471,Riverside,33,9,Annual,9,Basic,14,1,0,0,6.9,0,1,6,6,0,0,0,Walk-in,0,0
RW-104472,Hillcrest,44,1,Monthly,0,Plus,49,0,0,0,6.3,1,2,0,11,0,0,0,Corporate,1,1
RW-104473,Westfield,29,29,Monthly,0,Plus,49,0,1,0,5.0,1,5,6,2,0,0,0,Online ad,0,0
RW-104474,Lakeview,21,31,Monthly,0,Basic,29,0,1,0,3.9,0,13,9,4,0,1,0,Walk-in,0,0
RW-104475,Hillcrest,31,35,Monthly,0,Basic,29,0,0,0,6.7,0,5,4,11,0,2,0,Walk-in,0,1
RW-104476,Hillcrest,31,44,Annual,10,Basic,24,0,0,0,4.3,1,13,14,8,5,0,1,Online ad,0,0
RW-104477,Lakeview,36,34,Monthly,0,Basic,19,1,0,0,3.0,0,7,8,3,0,2,0,Friend,0,1
RW-104478,Westfield,30,8,Annual,5,Basic,24,0,1,1,5.0,1,9,4,0,1,0,1,Friend,0,0
RW-104479,Hillcrest,26,2,Annual,3,Plus,44,1,0,0,3.8,0,10,12,2,1,0,0,Friend,0,0
RW-104480,Westfield,41,11,Monthly,0,Premium,79,0,0,1,4.4,0,9,16,0,0,0,0,Walk-in,0,0
RW-104481,Westfield,26,16,Monthly,0,Basic,29,0,1,0,1.6,1,2,15,10,0,1,0,Walk-in,0,0
RW-104482,Downtown,32,19,Monthly,0,Basic,29,0,0,0,1.9,0,16,24,2,1,0,0,Corporate,0,0
RW-104483,Lakeview,41,3,Annual,11,Plus,44,0,0,0,9.1,1,14,20,0,1,1,0,Online ad,0,0
RW-104484,Downtown,25,2,Monthly,0,Premium,79,0,0,1,6.1,1,7,12,2,1,0,1,Friend,0,1
RW-104485,Downtown,19,26,Annual,9,Plus,44,0,1,0,5.1,0,8,8,9,4,0,0,Walk-in,0,0
RW-104486,Downtown,27,9,Monthly,0,Plus,49,0,0,0,2.3,1,3,5,3,0,0,0,Walk-in,0,0
RW-104487,Riverside,37,60,Monthly,0,Premium,79,0,0,0,9.9,0,1,7,14,0,0,0,Corporate,1,1
RW-104488,Northgate,43,7,Monthly,0,Plus,49,0,0,0,3.8,1,8,3,9,0,0,0,Online ad,0,0
RW-104489,Downtown,24,40,Monthly,0,Plus,49,0,0,0,7.3,1,3,10,0,0,0,0,Online ad,0,0
RW-104490,Lakeview,28,37,Monthly,0,Basic,29,0,0,0,5.0,1,28,28,5,13,1,0,Friend,0,0
RW-104491,Westfield,33,30,Monthly,0,Basic,19,1,0,0,5.1,1,21,8,2,8,0,0,Walk-in,0,0
RW-104492,Westfield,42,33,Annual,0,Basic,24,0,0,0,5.5,1,3,5,6,1,0,1,Online ad,0,0
RW-104493,Riverside,27,16,Monthly,0,Plus,49,0,0,0,4.5,1,1,7,6,0,1,0,Online ad,0,0
RW-104494,Lakeview,27,34,Annual,0,Premium,74,0,0,0,6.1,0,12,9,7,0,0,1,Online ad,0,0
RW-104495,Riverside,44,29,Monthly,0,Premium,74,1,0,0,4.4,0,9,11,0,0,1,0,Walk-in,0,0
RW-104496,Northgate,21,29,Monthly,0,Basic,24,1,1,0,1.2,0,1,8,18,0,0,0,Walk-in,0,1
RW-104497,Downtown,29,67,Monthly,0,Plus,49,0,0,0,1.3,1,16,21,5,1,0,0,Friend,1,0
RW-104498,Hillcrest,78,14,Monthly,0,Basic,29,0,1,0,8.9,0,1,10,4,0,1,0,Online ad,0,1
RW-104499,Downtown,28,2,Monthly,0,Basic,29,0,1,0,3.8,1,4,3,7,3,0,0,Friend,0,0
RW-104500,Northgate,29,40,Annual,8,Plus,44,0,0,0,3.8,1,7,5,7,0,0,0,Corporate,0,0
RW-104501,Hillcrest,31,13,Annual,3,Basic,24,0,1,0,1.9,0,6,17,5,4,0,0,Walk-in,0,0
RW-104502,Riverside,37,76,Annual,10,Plus,44,0,0,0,8.7,1,5,9,2,3,0,1,Friend,0,0
RW-104503,Riverside,40,4,Annual,10,Plus,34,1,0,0,2.4,1,22,17,5,0,1,0,Friend,0,0
RW-104504,Westfield,42,21,Annual,3,Plus,44,0,0,0,2.0,1,7,14,9,0,0,0,Online ad,0,0
RW-104505,Westfield,33,9,Monthly,0,Plus,49,0,0,0,10.9,1,16,28,2,6,0,1,Online ad,0,0
RW-104506,Northgate,44,21,Monthly,0,Basic,29,1,1,0,3.7,0,1,7,10,1,0,0,Corporate,0,1
RW-104507,Lakeview,33,1,Monthly,0,Plus,49,0,0,0,6.1,0,7,0,9,0,1,0,Walk-in,1,1
RW-104508,Lakeview,23,10,Monthly,0,Basic,29,0,0,0,5.5,0,2,8,3,0,0,0,Online ad,0,0
RW-104509,Hillcrest,42,1,Monthly,0,Premium,79,0,0,0,4.5,1,1,0,15,1,0,0,Walk-in,0,1
RW-104510,Downtown,39,42,Monthly,0,Basic,29,0,0,0,2.6,0,3,4,10,0,0,1,Walk-in,0,0
RW-104511,Riverside,46,5,Monthly,0,Basic,29,1,0,0,3.7,1,16,14,3,17,0,0,Friend,0,0
RW-104512,Riverside,27,53,Monthly,0,Premium,79,0,0,0,1.8,1,20,17,5,0,0,0,Online ad,2,0
RW-104513,Riverside,40,25,Monthly,0,Premium,79,0,0,0,13.1,1,6,15,1,3,2,0,Online ad,0,1
RW-104514,Northgate,43,15,Monthly,0,Premium,79,0,1,0,5.6,1,0,4,56,0,0,0,Online ad,0,1
RW-104515,Riverside,46,26,Annual,7,Basic,24,0,0,0,2.7,1,14,8,6,5,0,1,Online ad,1,0
RW-104516,Riverside,28,32,Annual,3,Basic,24,0,0,0,5.2,0,4,4,6,0,0,0,Corporate,0,0
RW-104517,Westfield,58,5,Monthly,0,Plus,49,0,1,0,3.9,0,12,8,2,0,0,0,Walk-in,0,0
RW-104518,Hillcrest,43,11,Annual,9,Plus,44,0,0,0,0.7,0,15,6,6,13,0,0,Walk-in,0,0
RW-104519,Hillcrest,40,29,Annual,6,Premium,74,0,1,0,4.3,1,9,8,8,1,0,1,Walk-in,0,0
RW-104520,Riverside,32,32,Annual,11,Plus,44,0,0,0,1.6,1,2,4,6,0,0,1,Walk-in,0,0
RW-104521,Downtown,48,28,Monthly,0,Plus,49,0,0,0,4.3,1,2,3,14,1,1,1,Friend,0,0
RW-104522,Northgate,42,42,Annual,11,Plus,39,1,1,0,7.0,0,1,0,1,0,0,1,Online ad,0,0
RW-104523,Hillcrest,21,37,Monthly,0,Plus,49,0,0,0,3.7,0,3,5,4,0,1,0,Corporate,0,0
RW-104524,Lakeview,30,13,Annual,4,Premium,74,0,0,1,2.9,0,8,10,2,1,0,0,Friend,1,0
RW-104525,Westfield,42,8,Monthly,0,Premium,79,1,0,1,8.0,0,10,15,2,0,1,0,Friend,0,0
RW-104526,Hillcrest,34,12,Monthly,0,Basic,29,0,0,0,5.0,0,4,2,10,0,0,0,Corporate,0,0
RW-104527,Downtown,26,60,Annual,9,Plus,44,0,0,1,5.6,1,9,17,2,4,1,0,Online ad,0,0
RW-104528,Downtown,32,9,Monthly,0,Basic,29,0,0,0,5.7,1,19,11,5,8,0,0,Walk-in,1,0
RW-104529,Downtown,47,9,Monthly,0,Basic,29,0,0,0,6.4,1,3,8,0,1,0,1,Online ad,0,0
RW-104530,Hillcrest,40,4,Annual,7,Basic,24,0,0,0,14.7,0,0,7,71,0,0,0,Corporate,0,0
RW-104531,Lakeview,47,26,Annual,5,Basic,24,1,0,0,2.4,1,7,25,5,1,0,0,Online ad,0,0
RW-104532,Northgate,36,16,Annual,8,Premium,69,1,0,1,6.2,0,6,13,4,0,0,0,Online ad,0,0
RW-104533,Lakeview,20,14,Annual,2,Basic,24,0,1,0,8.7,1,21,27,4,7,0,0,Friend,0,0
RW-104534,Northgate,29,3,Monthly,0,Premium,74,1,0,1,3.8,0,20,18,6,0,0,1,Corporate,0,1
RW-104535,Riverside,29,8,Annual,10,Plus,34,1,1,0,1.4,0,5,7,7,1,0,0,Online ad,0,0
RW-104536,Westfield,38,41,Annual,6,Plus,44,0,0,1,1.9,0,1,13,3,0,1,1,Online ad,0,0
RW-104537,Lakeview,34,12,Annual,0,Plus,44,0,0,0,5.5,0,3,2,0,0,0,1,Online ad,0,1
RW-104538,Hillcrest,57,1,Annual,10,Plus,44,0,0,0,9.8,1,10,0,7,1,0,0,Online ad,0,0
RW-104539,Northgate,27,8,Annual,1,Premium,74,0,1,0,4.2,0,5,3,3,0,2,0,Corporate,0,1
RW-104540,Hillcrest,34,8,Monthly,0,Plus,49,0,1,0,9.2,1,1,4,4,0,0,0,Online ad,0,0
RW-104541,Downtown,37,39,Annual,11,Plus,44,0,0,0,3.6,1,27,16,5,1,2,1,Online ad,0,0
RW-104542,Riverside,48,27,Monthly,0,Plus,49,0,0,0,2.8,0,13,27,7,2,0,0,Walk-in,0,1
RW-104543,Hillcrest,37,20,Annual,0,Plus,44,0,0,0,4.5,1,5,7,6,0,0,1,Online ad,0,1
RW-104544,Northgate,23,20,Monthly,0,Plus,49,0,0,0,9.3,0,3,5,2,1,0,0,Walk-in,0,1
RW-104545,Northgate,34,6,Annual,11,Plus,44,0,0,0,5.4,0,22,25,2,2,0,0,Walk-in,0,0
RW-104546,Riverside,36,3,Monthly,0,Basic,19,1,0,0,5.8,1,12,10,2,0,0,0,Online ad,0,0
RW-104547,Westfield,29,6,Monthly,0,Plus,49,0,0,0,4.5,0,9,2,3,0,1,1,Friend,0,0
RW-104548,Lakeview,19,18,Annual,5,Basic,24,0,0,0,1.3,0,23,17,3,7,0,0,Online ad,0,0
RW-104549,Hillcrest,21,120,Annual,6,Premium,74,0,0,0,2.8,1,18,13,5,5,0,0,Walk-in,0,0
RW-104550,Lakeview,35,13,Monthly,0,Premium,74,1,0,0,4.6,1,4,14,6,0,0,0,Online ad,0,0
RW-104551,Hillcrest,26,40,Monthly,0,Basic,29,0,0,0,3.6,1,10,5,0,0,0,0,Walk-in,0,0
RW-104552,Hillcrest,23,23,Monthly,0,Basic,29,0,0,0,6.3,0,6,11,8,0,0,1,Walk-in,0,1
RW-104553,Downtown,44,3,Annual,1,Basic,24,0,0,0,5.7,1,25,28,3,11,0,0,Corporate,1,0
RW-104554,Westfield,36,26,Monthly,0,Plus,49,0,0,0,4.7,1,2,9,2,0,0,0,Online ad,0,0
RW-104555,Westfield,24,5,Monthly,0,Premium,74,1,0,0,8.3,0,4,7,9,1,1,0,Friend,0,0
RW-104556,Northgate,33,7,Annual,4,Premium,74,0,1,1,4.5,0,10,16,8,0,0,0,Friend,0,0
RW-104557,Lakeview,20,5,Monthly,0,Basic,29,0,0,0,3.5,1,8,4,7,0,0,0,Walk-in,1,1
RW-104558,Downtown,34,8,Monthly,0,Basic,24,1,1,0,5.1,1,12,5,5,0,0,0,Friend,0,0
RW-104559,Northgate,45,70,Annual,5,Premium,74,0,0,0,3.1,1,22,20,2,1,0,0,Online ad,0,0
RW-104560,Downtown,32,92,Monthly,0,Plus,49,0,0,0,6.5,1,8,11,8,1,0,0,Online ad,0,0
RW-104561,Northgate,23,69,Monthly,0,Basic,29,0,0,0,8.1,1,3,8,4,1,0,0,Friend,0,0
RW-104562,Downtown,46,25,Annual,2,Basic,24,0,0,0,9.7,1,9,7,5,0,0,0,Online ad,0,0
RW-104563,Northgate,30,7,Annual,2,Plus,44,0,0,0,1.8,0,0,5,33,0,0,0,Walk-in,0,0
RW-104564,Westfield,34,6,Monthly,0,Basic,29,0,0,0,2.8,0,6,6,7,2,0,0,Friend,0,0
RW-104565,Northgate,47,19,Monthly,0,Basic,19,1,0,0,2.6,0,14,12,7,1,0,0,Online ad,0,0
RW-104566,Riverside,29,8,Monthly,0,Plus,49,0,0,0,8.1,0,3,7,11,1,1,0,Online ad,0,0
RW-104567,Hillcrest,29,29,Annual,11,Plus,44,0,0,0,0.5,0,12,10,4,0,1,0,Online ad,0,0
RW-104568,Downtown,55,11,Monthly,0,Plus,49,0,0,1,4.9,0,18,22,3,2,0,0,Friend,0,0
RW-104569,Riverside,27,18,Monthly,0,Plus,49,0,0,0,4.0,0,17,7,2,1,0,0,Online ad,1,0
RW-104570,Northgate,22,33,Monthly,0,Basic,29,1,0,0,27.8,1,4,6,6,0,0,0,Friend,0,1
RW-104571,Lakeview,29,18,Annual,5,Basic,24,0,0,0,3.1,1,1,8,9,0,1,0,Online ad,0,0
RW-104572,Westfield,37,14,Annual,6,Premium,69,1,0,0,2.5,0,2,11,6,0,0,1,Friend,0,0
RW-104573,Northgate,27,32,Monthly,0,Premium,79,0,0,0,1.7,1,6,3,2,0,1,0,Online ad,0,0
RW-104574,Hillcrest,41,8,Monthly,0,Premium,79,0,0,0,4.2,0,9,9,6,0,0,1,Walk-in,0,0
RW-104575,Northgate,29,33,Annual,3,Plus,39,1,0,0,14.3,0,3,13,11,0,0,0,Friend,0,0
RW-104576,Downtown,36,16,Monthly,0,Basic,29,0,0,1,7.7,1,8,10,4,0,0,1,Walk-in,0,0
RW-104577,Northgate,58,8,Monthly,0,Plus,49,0,1,0,4.0,0,0,10,42,0,0,0,Corporate,0,0
RW-104578,Westfield,22,5,Monthly,0,Plus,49,0,0,0,26.1,1,7,11,8,4,0,0,Friend,0,0
RW-104579,Hillcrest,59,49,Annual,7,Plus,44,0,1,0,3.1,1,18,11,6,1,3,0,Walk-in,0,0
RW-104580,Riverside,29,11,Annual,2,Plus,44,0,0,0,5.9,1,15,14,5,1,0,0,Online ad,0,0
RW-104581,Lakeview,29,8,Annual,9,Basic,14,1,0,0,3.2,0,2,12,13,2,0,0,Online ad,0,0
RW-104582,Lakeview,24,9,Monthly,0,Plus,49,0,1,0,3.3,1,7,5,3,1,0,0,Online ad,1,0
RW-104583,Hillcrest,22,56,Annual,9,Plus,39,1,1,0,1.9,0,2,3,13,0,0,0,Corporate,2,0
RW-104584,Lakeview,29,7,Monthly,0,Plus,49,0,0,0,3.9,1,21,9,4,13,0,0,Online ad,1,0
RW-104585,Downtown,49,2,Monthly,0,Plus,49,0,0,0,8.0,1,2,9,17,0,0,0,Online ad,0,1
RW-104586,Northgate,49,5,Annual,7,Basic,24,0,1,0,5.3,1,5,14,11,3,0,0,Online ad,0,0
RW-104587,Northgate,43,75,Annual,5,Basic,24,0,0,0,3.3,0,1,4,3,2,0,0,Online ad,0,0
RW-104588,Northgate,41,22,Annual,5,Plus,44,0,0,0,5.6,0,2,10,15,0,0,0,Friend,0,0
RW-104589,Northgate,50,3,Annual,3,Plus,34,1,0,0,1.9,1,10,18,3,6,0,0,Friend,0,0
RW-104590,Downtown,25,5,Monthly,0,Basic,29,0,0,0,2.9,0,2,3,10,1,0,0,Online ad,1,0
RW-104591,Westfield,44,15,Annual,3,Plus,44,0,1,0,4.9,0,8,9,3,0,0,1,Friend,0,0
RW-104592,Westfield,38,4,Monthly,0,Plus,49,0,1,0,1.0,0,20,19,6,0,1,0,Walk-in,0,0
RW-104593,Riverside,38,38,Annual,9,Basic,24,0,0,0,3.8,1,7,8,2,0,2,0,Online ad,0,0
RW-104594,Downtown,42,2,Annual,8,Basic,24,0,0,0,1.5,1,13,15,0,1,0,0,Online ad,0,0
RW-104595,Hillcrest,30,31,Annual,10,Premium,74,1,0,1,7.4,0,13,6,2,9,1,0,Online ad,0,0
RW-104596,Northgate,18,20,Annual,0,Premium,74,0,0,1,3.3,0,2,10,12,0,0,0,Corporate,0,1
RW-104597,Downtown,52,3,Monthly,0,Basic,29,0,0,0,3.9,1,7,8,9,0,0,0,Walk-in,0,0
RW-104598,Downtown,26,4,Monthly,0,Basic,29,0,0,0,7.0,0,0,5,84,0,0,0,Online ad,0,1
RW-104599,Hillcrest,38,38,Annual,3,Premium,74,0,0,0,8.1,0,1,2,14,0,1,0,Online ad,0,0
RW-104600,Lakeview,37,41,Monthly,0,Basic,29,0,0,0,2.7,0,8,8,0,4,1,1,Friend,0,1
RW-104601,Westfield,35,5,Monthly,0,Plus,44,1,0,0,4.0,1,2,2,4,0,0,0,Corporate,1,0
RW-104602,Hillcrest,50,6,Annual,7,Plus,44,0,0,1,10.8,0,6,1,3,0,0,1,Friend,0,0
RW-104603,Riverside,29,12,Annual,2,Basic,14,1,0,0,4.9,1,9,7,2,5,0,0,Corporate,0,0
RW-104604,Northgate,46,22,Annual,8,Premium,64,1,0,0,4.6,0,11,12,4,0,0,0,Walk-in,1,0
RW-104605,Hillcrest,34,6,Monthly,0,Basic,19,1,0,0,13.8,0,10,18,7,4,0,1,Online ad,0,0
RW-104606,Lakeview,33,10,Annual,10,Plus,44,0,1,0,2.1,0,5,4,6,3,0,0,Walk-in,0,0
RW-104607,Lakeview,56,33,Monthly,0,Premium,79,1,0,0,7.6,0,0,6,33,0,0,0,Corporate,0,1
RW-104608,Riverside,38,8,Monthly,0,Plus,49,0,0,0,5.4,0,7,9,9,2,0,1,Walk-in,1,0
RW-104609,Westfield,35,21,Monthly,0,Plus,49,0,0,0,3.1,0,0,1,32,0,0,0,Corporate,0,1
RW-104610,Westfield,52,47,Monthly,0,Basic,29,0,0,0,2.4,0,13,11,5,7,1,1,Friend,1,0
RW-104611,Lakeview,25,27,Annual,7,Premium,74,0,0,0,2.6,1,0,5,45,0,0,0,Online ad,0,1
RW-104612,Downtown,39,26,Annual,11,Basic,24,0,0,0,2.1,1,24,14,0,12,1,0,Walk-in,0,0
RW-104613,Riverside,24,31,Monthly,0,Basic,19,1,0,0,12.1,1,24,9,6,3,0,0,Corporate,0,0
RW-104614,Westfield,39,83,Monthly,0,Plus,49,0,1,0,11.7,0,3,7,8,0,0,0,Walk-in,0,0
RW-104615,Northgate,37,11,Monthly,0,Basic,29,0,0,0,4.2,0,23,8,0,0,1,0,Online ad,0,0
RW-104616,Downtown,69,10,Annual,11,Plus,44,1,0,0,4.5,0,5,7,11,0,0,0,Walk-in,0,0
RW-104617,Downtown,41,8,Annual,1,Premium,74,0,0,0,8.8,1,7,12,1,0,0,0,Online ad,0,1
RW-104618,Northgate,28,7,Monthly,0,Plus,49,1,0,0,6.0,1,22,17,3,0,1,0,Friend,1,0
RW-104619,Northgate,29,47,Annual,11,Basic,24,0,0,0,4.1,0,15,12,2,0,0,0,Walk-in,0,0
RW-104620,Lakeview,33,3,Monthly,0,Premium,79,0,0,1,5.4,1,2,12,0,0,0,0,Online ad,0,0
RW-104621,Westfield,57,4,Monthly,0,Premium,79,0,0,0,2.9,0,4,6,2,1,0,0,Friend,0,1
RW-104622,Lakeview,27,48,Annual,9,Premium,74,0,0,1,4.9,0,15,16,0,1,0,0,Online ad,0,0
RW-104623,Westfield,32,29,Monthly,0,Basic,19,1,1,0,11.7,0,2,4,3,0,1,0,Online ad,0,1
RW-104624,Northgate,44,94,Monthly,0,Plus,49,0,0,0,19.3,0,11,6,3,0,0,1,Online ad,1,0
RW-104625,Northgate,24,32,Monthly,0,Basic,29,0,0,0,1.7,0,7,4,10,1,0,0,Walk-in,0,0
RW-104626,Northgate,65,10,Monthly,0,Plus,39,1,0,0,2.3,1,7,12,9,5,1,0,Walk-in,0,0
RW-104627,Northgate,51,27,Monthly,0,Basic,24,1,0,0,5.9,1,4,2,0,5,0,1,Online ad,0,0
RW-104628,Downtown,41,6,Annual,9,Basic,24,0,0,0,6.2,1,2,4,0,0,0,0,Walk-in,0,0
RW-104629,Riverside,22,8,Annual,4,Basic,14,1,0,0,1.3,1,6,4,9,0,1,0,Corporate,0,0
RW-104630,Hillcrest,28,36,Monthly,0,Plus,49,1,0,1,8.9,0,8,8,1,1,0,0,Walk-in,0,0
RW-104631,Northgate,40,29,Monthly,0,Premium,69,1,0,1,10.9,1,10,28,2,6,0,0,Online ad,0,0
RW-104632,Northgate,78,16,Annual,4,Basic,24,0,0,0,1.9,0,8,4,4,0,0,1,Online ad,0,0
RW-104633,Hillcrest,42,14,Monthly,0,Plus,44,1,1,0,2.6,0,6,4,9,1,0,0,Online ad,1,0
RW-104634,Northgate,48,41,Annual,6,Plus,44,0,0,0,7.4,0,12,16,7,1,1,0,Online ad,0,0
RW-104635,Northgate,30,8,Monthly,0,Basic,29,0,0,0,12.4,0,11,9,4,0,0,0,Friend,2,1
RW-104636,Northgate,33,19,Annual,9,Plus,44,0,0,0,2.7,0,10,13,6,0,1,0,Online ad,0,0
RW-104637,Westfield,22,40,Monthly,0,Plus,49,0,0,0,6.0,0,3,24,2,0,1,0,Corporate,0,0
RW-104638,Riverside,44,28,Monthly,0,Plus,44,1,0,0,6.8,0,2,7,1,0,2,0,Walk-in,0,1
RW-104639,Northgate,51,14,Monthly,0,Basic,29,0,0,0,2.4,1,13,16,8,2,0,0,Walk-in,0,0
RW-104640,Lakeview,44,32,Annual,8,Plus,44,0,0,0,14.9,1,13,13,7,2,0,0,Corporate,0,0
RW-104641,Lakeview,21,8,Monthly,0,Plus,49,1,0,0,2.0,1,12,18,7,0,0,0,Friend,1,0
RW-104642,Downtown,36,55,Annual,9,Basic,24,0,0,0,6.6,0,9,10,8,0,0,1,Online ad,0,0
RW-104643,Northgate,30,13,Annual,3,Premium,74,0,1,1,10.8,1,10,12,3,4,0,0,Walk-in,0,0
RW-104644,Riverside,42,27,Annual,8,Basic,14,1,0,0,8.9,0,1,1,7,0,1,0,Walk-in,0,0
RW-104645,Lakeview,23,32,Annual,1,Plus,44,0,0,0,8.3,1,13,8,0,4,1,0,Friend,1,1
RW-104646,Lakeview,34,30,Monthly,0,Plus,49,0,0,0,1.4,1,3,10,14,0,0,0,Friend,0,1
RW-104647,Lakeview,49,6,Monthly,0,Basic,29,0,0,0,19.0,0,5,3,1,0,0,0,Online ad,0,0
RW-104648,Riverside,22,7,Annual,5,Basic,24,0,0,0,10.4,1,6,7,9,0,0,0,Friend,0,0
RW-104649,Riverside,28,24,Annual,6,Basic,19,1,0,0,3.4,0,7,7,2,0,0,0,Walk-in,0,0
RW-104650,Lakeview,37,41,Annual,1,Plus,44,0,0,0,5.2,1,4,12,8,1,0,1,Walk-in,0,0
RW-104651,Westfield,25,41,Annual,3,Premium,74,0,0,1,1.4,0,28,28,4,1,0,0,Online ad,0,0
RW-104652,Westfield,22,17,Monthly,0,Basic,29,0,0,0,3.5,0,11,11,8,1,0,1,Friend,0,0
RW-104653,Downtown,47,5,Monthly,0,Basic,19,1,0,0,9.6,0,4,4,11,2,0,0,Walk-in,0,0
RW-104654,Hillcrest,60,15,Annual,6,Premium,74,0,0,0,3.8,1,1,4,10,0,0,0,Friend,0,0
RW-104655,Westfield,21,32,Annual,2,Premium,74,0,0,1,2.8,0,17,21,6,10,0,0,Online ad,0,1
RW-104656,Hillcrest,38,3,Annual,10,Basic,24,0,0,0,3.2,1,10,7,4,5,0,1,Walk-in,0,0
RW-104657,Northgate,29,40,Annual,7,Premium,74,0,0,0,1.2,1,15,21,2,3,0,0,Friend,0,0
RW-104658,Riverside,25,13,Annual,5,Plus,44,0,1,0,3.3,1,3,10,12,1,1,0,Online ad,0,0
RW-104659,Lakeview,28,13,Monthly,0,Basic,29,0,0,1,4.0,0,7,3,4,1,0,0,Online ad,0,0
RW-104660,Lakeview,29,33,Monthly,0,Basic,29,0,0,0,4.0,1,14,16,4,0,1,1,Friend,0,0
RW-104661,Downtown,22,9,Monthly,0,Basic,19,1,0,0,12.6,1,12,10,3,3,0,1,Walk-in,0,0
RW-104662,Northgate,25,8,Monthly,0,Plus,49,1,0,0,1.8,1,7,11,2,2,0,0,Walk-in,0,0
RW-104663,Hillcrest,41,11,Annual,8,Plus,44,0,0,0,9.4,0,1,1,8,0,0,0,Friend,0,0
RW-104664,Downtown,35,4,Annual,9,Basic,24,0,0,0,3.2,1,10,1,4,5,1,0,Online ad,0,0
RW-104665,Northgate,35,1,Monthly,0,Basic,29,0,0,0,8.5,1,12,0,8,0,0,0,Online ad,0,0
RW-104666,Northgate,40,62,Annual,2,Basic,24,0,1,0,10.3,1,10,4,6,1,2,0,Online ad,0,0
RW-104667,Lakeview,21,13,Monthly,0,Basic,29,0,0,1,2.0,1,14,15,2,1,0,0,Walk-in,0,1
RW-104668,Riverside,31,17,Monthly,0,Plus,49,0,0,0,1.9,0,6,11,9,1,0,1,Walk-in,0,0
RW-104669,Westfield,22,6,Monthly,0,Basic,29,0,1,0,6.0,1,19,7,2,1,1,1,Online ad,0,1
RW-104670,Northgate,32,3,Monthly,0,Plus,49,0,0,0,10.9,1,0,12,37,0,0,0,Walk-in,1,1
RW-104671,Riverside,38,18,Annual,4,Basic,24,0,0,0,4.1,0,11,15,5,1,0,0,Online ad,0,0
RW-104672,Downtown,39,13,Monthly,0,Basic,29,0,0,0,6.2,1,4,2,13,0,0,0,Friend,0,1
RW-104673,Downtown,34,8,Annual,7,Premium,74,0,0,0,5.8,1,9,15,7,2,0,0,Online ad,0,0
RW-104674,Downtown,31,3,Monthly,0,Plus,49,0,1,0,2.2,0,1,2,3,0,0,1,Walk-in,1,1
RW-104675,Downtown,50,28,Annual,1,Basic,24,0,0,0,3.3,1,11,8,8,2,0,0,Walk-in,1,1
RW-104676,Lakeview,21,30,Annual,3,Basic,24,0,1,0,2.5,0,17,15,3,0,0,0,Friend,2,0
RW-104677,Riverside,45,56,Monthly,0,Plus,49,0,1,0,10.0,0,7,7,10,6,0,0,Online ad,0,0
RW-104678,Riverside,32,8,Annual,2,Premium,74,0,0,0,2.4,0,1,13,20,0,0,1,Online ad,1,0
RW-104679,Hillcrest,42,3,Annual,6,Basic,24,0,0,0,5.6,1,17,10,6,11,0,0,Friend,0,0
RW-104680,Lakeview,24,8,Monthly,0,Plus,49,0,0,0,11.5,1,8,8,6,0,0,0,Online ad,0,0
RW-104681,Northgate,21,26,Annual,0,Basic,14,1,0,0,2.1,1,7,6,8,1,0,0,Friend,1,1
RW-104682,Downtown,34,10,Monthly,0,Premium,79,0,1,0,6.4,1,17,12,6,5,1,1,Online ad,0,0
RW-104683,Riverside,57,3,Monthly,0,Plus,49,0,0,0,3.8,1,4,7,1,4,0,0,Walk-in,0,0
RW-104684,Westfield,35,4,Monthly,0,Basic,24,1,0,0,9.6,1,0,0,84,0,0,0,Online ad,0,1
RW-104685,Northgate,54,39,Monthly,0,Basic,19,1,0,0,2.3,1,19,9,4,12,0,0,Walk-in,1,0
RW-104686,Westfield,44,23,Annual,5,Plus,44,0,0,0,0.5,1,3,5,14,0,1,0,Walk-in,0,0
RW-104687,Riverside,26,15,Monthly,0,Plus,49,0,0,0,3.5,0,7,4,10,1,0,0,Online ad,0,0
RW-104688,Riverside,35,21,Annual,2,Plus,44,0,0,0,8.1,0,13,8,3,1,0,0,Online ad,0,0
RW-104689,Downtown,24,59,Monthly,0,Premium,79,0,0,0,5.3,1,9,7,2,1,1,1,Walk-in,0,0
RW-104690,Westfield,25,6,Monthly,0,Plus,49,0,0,0,16.2,1,3,7,14,1,0,0,Friend,1,1
RW-104691,Downtown,35,13,Monthly,0,Basic,29,0,0,0,5.8,1,13,16,5,4,0,1,Walk-in,0,0
RW-104692,Downtown,37,23,Annual,1,Plus,44,0,0,0,5.8,1,5,8,5,1,0,0,Online ad,0,0
RW-104693,Westfield,50,12,Annual,10,Premium,74,0,0,1,16.8,1,7,3,1,0,0,1,Online ad,0,0
RW-104694,Lakeview,63,2,Annual,1,Premium,74,0,0,1,20.2,1,1,2,17,1,0,1,Online ad,1,1
RW-104695,Downtown,39,12,Annual,3,Plus,44,0,0,0,3.7,1,11,12,1,0,0,1,Walk-in,0,0
RW-104696,Westfield,40,27,Annual,11,Basic,24,0,1,0,7.3,1,3,3,12,1,0,0,Online ad,0,0
RW-104697,Westfield,36,4,Monthly,0,Basic,19,1,0,0,10.3,1,0,2,70,0,0,0,Walk-in,0,1
RW-104698,Lakeview,54,13,Annual,4,Premium,74,1,0,1,11.3,1,8,6,8,0,0,0,Online ad,0,0
RW-104699,Riverside,25,31,Monthly,0,Premium,79,0,1,0,5.6,0,2,6,17,1,1,0,Corporate,2,1
RW-104700,Hillcrest,32,11,Annual,9,Basic,24,0,0,0,17.0,0,5,3,12,4,1,0,Online ad,1,0
RW-104701,Lakeview,29,15,Annual,0,Plus,44,0,0,0,4.2,0,1,4,4,0,1,0,Walk-in,0,1
RW-104702,Northgate,27,17,Monthly,0,Plus,49,0,0,0,1.3,1,17,28,1,0,1,0,Online ad,0,1
RW-104703,Lakeview,29,6,Monthly,0,Plus,49,0,0,0,11.7,0,7,11,2,0,1,0,Walk-in,0,1
RW-104704,Lakeview,29,44,Monthly,0,Basic,24,1,0,0,3.7,1,13,17,3,8,1,0,Friend,0,0
RW-104705,Westfield,26,33,Monthly,0,Plus,49,1,0,0,4.7,1,9,20,5,7,0,0,Online ad,0,0
RW-104706,Northgate,45,2,Monthly,0,Premium,79,0,0,0,4.7,1,6,2,0,0,0,0,Online ad,0,0
RW-104707,Northgate,56,42,Monthly,0,Premium,74,1,0,1,0.9,1,8,13,5,0,0,1,Friend,0,0
RW-104708,Lakeview,52,36,Monthly,0,Basic,29,1,0,1,16.8,1,7,5,7,2,0,1,Friend,0,0
RW-104709,Downtown,61,16,Annual,5,Premium,69,1,1,0,5.7,1,11,11,8,11,0,0,Walk-in,0,0
RW-104710,Downtown,33,39,Annual,0,Basic,19,1,1,0,4.9,1,7,9,5,1,0,1,Friend,0,0
RW-104711,Hillcrest,50,3,Monthly,0,Basic,29,0,1,0,4.3,1,0,3,61,0,0,0,Walk-in,0,1
RW-104712,Downtown,53,37,Annual,4,Plus,44,0,0,0,5.2,1,1,6,0,0,0,0,Walk-in,0,0
RW-104713,Northgate,44,40,Monthly,0,Basic,24,1,0,0,6.9,0,7,4,6,3,0,1,Walk-in,1,0
RW-104714,Riverside,24,12,Annual,3,Basic,19,1,0,0,6.4,0,6,6,0,0,0,0,Online ad,0,0
RW-104715,Hillcrest,38,18,Monthly,0,Plus,49,0,0,0,14.0,0,2,2,8,0,0,0,Online ad,0,1
RW-104716,Northgate,72,9,Monthly,0,Premium,79,0,0,0,8.3,1,13,11,6,4,0,1,Walk-in,0,0
RW-104717,Hillcrest,27,52,Annual,8,Plus,44,0,0,0,32.1,1,4,2,4,0,0,0,Friend,0,0
RW-104718,Riverside,35,4,Monthly,0,Basic,29,0,1,0,1.8,0,8,7,5,4,0,0,Friend,0,0
RW-104719,Westfield,36,6,Monthly,0,Basic,29,0,0,0,3.5,0,1,1,1,0,0,0,Friend,1,0
RW-104720,Downtown,31,15,Annual,11,Premium,74,1,0,1,8.9,0,3,4,6,0,1,0,Online ad,0,0
RW-104721,Downtown,25,16,Annual,2,Premium,74,0,1,1,0.9,1,16,21,2,5,1,0,Online ad,0,0
RW-104722,Northgate,18,8,Monthly,0,Plus,49,0,1,0,14.9,1,8,6,8,1,0,0,Walk-in,0,0
RW-104723,Lakeview,35,9,Annual,11,Basic,24,0,1,0,1.8,0,3,15,8,0,1,0,Friend,0,0
RW-104724,Lakeview,38,2,Monthly,0,Premium,74,1,0,0,4.3,0,12,19,2,4,0,1,Walk-in,0,1
RW-104725,Riverside,69,1,Annual,4,Plus,44,0,0,0,4.1,0,9,0,1,5,0,0,Walk-in,0,0
RW-104726,Riverside,35,10,Monthly,0,Premium,69,1,0,0,1.5,1,8,3,1,0,0,0,Online ad,0,0
RW-104727,Lakeview,29,99,Annual,8,Plus,39,1,0,0,3.5,0,12,3,6,0,0,1,Walk-in,2,0
RW-104728,Riverside,28,21,Monthly,0,Plus,49,0,0,0,15.1,1,5,7,10,1,0,0,Online ad,0,1
RW-104729,Lakeview,37,7,Annual,11,Basic,24,0,0,0,5.9,0,8,5,9,0,0,1,Walk-in,0,0
RW-104730,Downtown,34,60,Annual,7,Basic,24,0,0,0,2.7,0,1,4,12,1,0,0,Walk-in,0,0
RW-104731,Downtown,21,72,Monthly,0,Basic,29,0,0,0,4.9,0,15,11,6,1,0,0,Online ad,0,0
RW-104732,Northgate,33,52,Monthly,0,Plus,49,0,0,0,4.9,0,12,20,3,0,0,0,Friend,0,0
RW-104733,Downtown,55,46,Monthly,0,Plus,49,0,0,0,12.9,0,7,7,4,0,1,0,Online ad,0,0
RW-104734,Riverside,40,18,Monthly,0,Basic,24,1,0,0,6.2,0,11,23,4,0,0,0,Online ad,0,0
RW-104735,Northgate,38,18,Annual,2,Plus,44,0,0,0,4.0,0,11,7,1,5,0,0,Online ad,0,0
RW-104736,Downtown,46,5,Monthly,0,Premium,79,0,1,0,2.8,0,14,15,6,1,0,0,Online ad,1,0
RW-104737,Northgate,78,35,Annual,0,Basic,24,0,0,0,5.0,0,18,11,5,8,0,0,Online ad,0,1
RW-104738,Riverside,33,59,Annual,2,Premium,64,1,1,0,6.8,1,3,6,8,0,0,0,Corporate,0,0
RW-104739,Northgate,53,40,Annual,2,Plus,44,0,0,0,1.1,1,10,2,6,7,1,0,Friend,1,0
RW-104740,Lakeview,68,16,Annual,4,Basic,24,0,0,0,6.8,0,25,28,0,4,0,1,Walk-in,0,0
RW-104741,Northgate,32,23,Annual,4,Premium,64,1,0,1,1.2,1,9,14,3,0,0,0,Walk-in,0,0
RW-104742,Westfield,21,39,Monthly,0,Basic,29,0,0,0,1.1,0,23,14,2,2,0,0,Friend,1,0
RW-104743,Downtown,26,27,Monthly,0,Basic,29,0,0,0,5.8,0,3,7,12,1,0,0,Corporate,0,0
RW-104744,Downtown,46,8,Annual,0,Plus,44,0,0,0,23.6,0,3,11,11,0,0,0,Online ad,0,1
RW-104745,Westfield,62,35,Annual,2,Plus,44,0,0,0,4.1,1,2,3,15,0,0,0,Friend,0,0
RW-104746,Northgate,25,14,Monthly,0,Basic,29,0,0,0,3.9,0,7,7,2,0,0,0,Online ad,0,0
RW-104747,Riverside,39,2,Annual,7,Basic,19,1,0,0,4.8,0,19,12,1,11,0,1,Walk-in,0,0
RW-104748,Riverside,32,49,Monthly,0,Premium,79,0,0,0,7.9,0,4,6,8,1,1,0,Online ad,0,0
RW-104749,Downtown,23,17,Monthly,0,Basic,29,0,0,0,7.6,0,3,3,14,2,0,0,Online ad,0,0
RW-104750,Westfield,46,28,Monthly,0,Premium,79,0,1,0,5.6,1,4,12,0,2,1,0,Online ad,2,0
RW-104751,Westfield,30,14,Annual,3,Plus,44,0,0,0,4.7,1,0,10,75,0,0,0,Online ad,1,0
RW-104752,Riverside,34,1,Annual,10,Plus,44,1,0,1,4.9,1,15,0,6,4,0,0,Walk-in,1,0
RW-104753,Downtown,55,19,Monthly,0,Plus,49,0,0,0,5.3,1,5,4,1,1,0,0,Walk-in,1,1
RW-104754,Westfield,43,12,Annual,0,Premium,74,0,0,1,1.3,0,13,8,4,1,0,0,Walk-in,0,0
RW-104755,Downtown,45,2,Monthly,0,Basic,29,0,0,1,5.8,1,5,7,8,3,0,0,Corporate,0,0
RW-104756,Lakeview,34,27,Annual,2,Plus,44,0,0,1,1.6,0,4,14,13,2,0,0,Online ad,0,0
RW-104757,Northgate,43,2,Monthly,0,Plus,39,1,0,0,4.9,1,2,3,12,1,0,0,Walk-in,0,1
RW-104758,Lakeview,38,6,Monthly,0,Basic,29,0,0,0,8.9,0,4,4,10,3,0,0,Corporate,0,0
RW-104759,Northgate,24,22,Monthly,0,Basic,29,0,1,0,8.8,1,2,9,15,1,0,0,Walk-in,0,1
RW-104760,Downtown,31,23,Annual,5,Basic,14,1,0,0,5.2,1,7,4,3,0,2,0,Walk-in,0,0
RW-104761,Riverside,23,6,Annual,8,Basic,24,0,0,0,2.2,0,7,5,4,6,0,0,Online ad,0,0
RW-104762,Riverside,36,17,Annual,3,Basic,24,0,0,0,11.4,1,7,2,2,5,0,1,Walk-in,1,0
RW-104763,Lakeview,28,6,Monthly,0,Basic,29,0,1,0,10.8,1,9,6,2,0,1,1,Walk-in,1,1
RW-104764,Hillcrest,35,52,Annual,1,Basic,14,1,0,0,4.9,1,8,8,2,0,0,0,Online ad,0,0
RW-104765,Hillcrest,41,28,Monthly,0,Basic,29,0,0,0,11.2,0,8,4,5,4,0,0,Friend,0,0
RW-104766,Riverside,24,11,Annual,5,Plus,44,0,0,0,11.7,0,4,11,8,0,1,0,Online ad,0,0
RW-104767,Riverside,22,9,Annual,2,Plus,44,0,1,0,4.3,1,0,6,33,0,0,0,Walk-in,0,0
RW-104768,Lakeview,35,13,Monthly,0,Basic,29,1,0,0,17.4,1,2,7,0,0,0,0,Online ad,0,1
RW-104769,Westfield,29,13,Annual,0,Basic,24,0,0,0,3.0,0,6,5,10,0,0,0,Friend,0,1
RW-104770,Lakeview,55,2,Monthly,0,Premium,79,0,0,0,3.9,0,2,2,16,0,0,0,Corporate,0,1
RW-104771,Downtown,49,34,Annual,0,Plus,44,1,0,0,7.4,1,1,12,18,0,0,0,Online ad,0,1
RW-104772,Lakeview,48,12,Monthly,0,Premium,79,0,1,1,4.7,0,3,16,0,2,0,0,Online ad,0,1
RW-104773,Hillcrest,29,3,Monthly,0,Plus,49,0,0,0,11.2,1,17,12,6,7,0,0,Friend,0,0
RW-104774,Northgate,29,4,Monthly,0,Plus,39,1,0,0,6.2,1,7,11,9,1,1,1,Friend,0,0
RW-104775,Westfield,39,1,Monthly,0,Plus,49,0,0,0,7.2,0,1,0,1,1,0,0,Friend,0,1
RW-104776,Riverside,32,2,Monthly,0,Plus,49,1,0,0,25.3,1,4,7,5,0,1,0,Online ad,1,1
RW-104777,Lakeview,40,14,Annual,6,Basic,24,0,1,0,6.0,1,4,12,11,0,1,0,Walk-in,0,0
RW-104778,Hillcrest,51,14,Annual,11,Basic,24,0,0,0,8.4,1,7,18,2,1,0,0,Friend,0,0
RW-104779,Hillcrest,24,39,Monthly,0,Basic,19,1,0,0,7.4,1,1,13,16,0,0,0,Friend,0,1
RW-104780,Northgate,36,31,Monthly,0,Premium,79,0,0,1,4.8,1,14,12,4,3,0,0,Walk-in,0,0
RW-104781,Hillcrest,34,34,Annual,6,Basic,24,0,0,0,8.2,0,7,6,5,0,0,1,Friend,0,0
RW-104782,Downtown,48,19,Monthly,0,Basic,29,0,0,0,4.5,0,2,9,12,0,1,0,Online ad,1,1
RW-104783,Northgate,35,1,Monthly,0,Basic,29,1,0,0,11.7,1,14,0,4,5,0,1,Online ad,0,0
RW-104784,Northgate,41,4,Monthly,0,Plus,49,0,0,0,9.0,1,2,2,10,0,0,0,Corporate,0,0
RW-104785,Downtown,37,10,Monthly,0,Basic,29,0,0,0,6.6,0,1,2,20,0,0,0,Walk-in,0,0
RW-104786,Northgate,31,30,Monthly,0,Plus,44,1,0,0,10.1,1,3,3,10,0,0,0,Friend,0,0
RW-104787,Northgate,36,2,Annual,0,Premium,74,0,1,0,4.1,1,2,0,1,0,0,0,Friend,0,1
RW-104788,Hillcrest,48,4,Monthly,0,Premium,69,1,1,1,6.7,0,18,12,6,1,1,1,Online ad,0,0
RW-104789,Northgate,54,5,Monthly,0,Basic,29,0,0,0,3.3,0,8,2,8,0,0,1,Online ad,0,1
RW-104790,Westfield,23,24,Monthly,0,Plus,44,1,0,0,6.5,0,2,6,11,0,0,1,Online ad,0,1
RW-104791,Downtown,22,22,Monthly,0,Premium,79,0,0,0,9.5,0,2,2,0,0,0,0,Walk-in,1,0
RW-104792,Northgate,31,10,Monthly,0,Plus,49,0,0,0,27.0,0,3,15,2,0,0,0,Online ad,1,1
RW-104793,Westfield,34,2,Annual,6,Basic,24,0,1,0,2.4,1,2,11,10,0,0,0,Walk-in,0,0
RW-104794,Northgate,23,2,Monthly,0,Premium,79,0,0,1,7.2,1,20,15,2,1,2,1,Corporate,0,0
RW-104795,Northgate,25,21,Annual,10,Basic,14,1,0,0,11.8,0,0,4,61,0,0,0,Friend,0,0
RW-104796,Hillcrest,47,66,Monthly,0,Premium,79,0,0,0,15.7,1,2,4,6,0,0,0,Online ad,0,0
RW-104797,Downtown,64,7,Monthly,0,Basic,29,0,0,1,8.7,1,16,9,0,0,0,0,Corporate,0,0
RW-104798,Westfield,38,28,Monthly,0,Plus,49,0,0,0,2.9,0,0,0,58,0,0,0,Walk-in,0,1
RW-104799,Lakeview,27,21,Monthly,0,Plus,44,1,0,0,5.2,0,5,4,4,2,0,1,Walk-in,0,0
RW-104800,Westfield,72,28,Annual,11,Plus,39,1,1,0,2.3,0,13,8,7,5,1,0,Walk-in,0,0
RW-104801,Riverside,34,10,Annual,7,Plus,44,0,0,0,13.4,1,2,6,16,0,0,0,Walk-in,0,0
RW-104802,Riverside,40,15,Monthly,0,Basic,24,1,0,0,7.9,0,19,13,1,2,0,0,Friend,0,0
RW-104803,Downtown,43,2,Monthly,0,Premium,79,0,1,0,3.9,0,9,6,4,0,0,0,Online ad,0,0
RW-104804,Lakeview,53,10,Monthly,0,Premium,79,1,0,1,6.0,1,18,13,1,7,0,0,Online ad,0,0
RW-104805,Westfield,78,7,Monthly,0,Basic,29,0,0,0,4.9,0,12,12,5,0,0,0,Walk-in,1,0
RW-104806,Lakeview,42,13,Monthly,0,Plus,49,0,0,0,16.0,1,15,10,6,0,0,0,Online ad,0,0
RW-104807,Downtown,27,18,Monthly,0,Plus,44,1,0,1,3.6,1,14,17,1,3,0,1,Friend,0,0
RW-104808,Hillcrest,31,1,Monthly,0,Plus,49,1,0,0,2.0,1,2,0,14,0,1,0,Online ad,0,0
RW-104809,Riverside,46,53,Annual,5,Basic,24,0,0,1,2.0,0,6,28,5,3,0,0,Walk-in,0,0
RW-104810,Northgate,35,21,Annual,5,Basic,24,0,0,0,4.7,1,10,17,0,1,0,0,Friend,0,0
RW-104811,Hillcrest,53,75,Monthly,0,Basic,24,1,0,0,2.9,1,9,7,6,3,1,0,Walk-in,1,0
RW-104812,Lakeview,46,25,Monthly,0,Basic,29,0,0,0,3.5,1,6,6,5,1,0,1,Online ad,1,1
RW-104813,Lakeview,53,16,Monthly,0,Plus,49,0,0,0,5.2,0,7,8,3,5,2,0,Corporate,0,0
RW-104814,Northgate,21,109,Monthly,0,Plus,49,0,0,0,12.1,1,3,3,14,2,0,0,Online ad,0,1
RW-104815,Westfield,22,78,Monthly,0,Premium,74,1,0,1,4.7,1,9,11,2,0,1,1,Online ad,0,0
RW-104816,Lakeview,34,6,Monthly,0,Basic,29,0,0,0,2.4,1,28,28,3,2,0,0,Corporate,1,0
RW-104817,Downtown,23,1,Monthly,0,Basic,29,0,0,0,3.3,1,14,0,2,2,1,0,Online ad,0,0
RW-104818,Downtown,52,4,Monthly,0,Basic,29,0,0,0,14.0,1,7,9,5,0,0,0,Online ad,1,0
RW-104819,Riverside,47,4,Annual,6,Plus,44,0,0,0,3.8,0,10,13,7,6,1,0,Online ad,0,0
RW-104820,Riverside,32,4,Annual,9,Plus,44,0,1,0,5.8,1,23,25,2,1,0,0,Online ad,0,0
RW-104821,Downtown,44,39,Monthly,0,Plus,44,1,0,0,5.3,0,6,13,6,1,0,0,Walk-in,0,0
RW-104822,Riverside,40,91,Monthly,0,Plus,49,0,0,0,3.0,1,8,14,8,2,0,0,Walk-in,1,1
RW-104823,Westfield,33,51,Annual,8,Basic,24,0,0,0,3.4,0,3,14,12,1,0,0,Corporate,0,0
RW-104824,Westfield,19,26,Monthly,0,Plus,49,0,1,0,4.9,0,1,5,12,0,0,0,Walk-in,0,0
RW-104825,Northgate,31,18,Monthly,0,Basic,29,0,0,0,2.7,0,6,4,9,1,0,0,Walk-in,0,0
RW-104826,Northgate,36,15,Monthly,0,Basic,29,0,0,0,3.7,0,19,8,2,6,0,0,Walk-in,0,1
RW-104827,Hillcrest,45,76,Monthly,0,Plus,49,0,0,0,5.1,0,3,4,8,1,0,0,Walk-in,0,0
RW-104828,Northgate,41,15,Monthly,0,Basic,29,0,0,1,3.3,1,3,6,1,1,0,0,Online ad,1,0
RW-104829,Westfield,47,24,Annual,9,Basic,24,0,0,0,4.0,1,4,4,6,0,0,0,Online ad,1,0
RW-104830,Lakeview,33,10,Monthly,0,Basic,29,1,0,1,1.7,1,11,13,2,5,0,0,Walk-in,0,0
RW-104831,Hillcrest,46,11,Monthly,0,Basic,29,0,0,0,5.2,1,8,9,3,7,0,0,Online ad,1,0
RW-104832,Downtown,28,2,Annual,2,Basic,19,1,0,0,11.8,0,9,12,2,3,0,1,Walk-in,0,0
RW-104833,Northgate,26,13,Monthly,0,Premium,79,0,0,0,8.2,1,7,11,6,3,0,0,Online ad,1,0
RW-104834,Downtown,38,70,Annual,11,Basic,14,1,0,0,4.6,1,1,4,20,0,0,0,Walk-in,0,0
RW-104835,Westfield,26,15,Annual,6,Basic,24,0,0,0,7.0,1,2,6,2,0,0,0,Friend,0,0
RW-104836,Northgate,71,2,Monthly,0,Premium,69,1,0,0,18.3,1,3,2,6,3,0,0,Online ad,0,1
RW-104837,Riverside,54,12,Monthly,0,Premium,79,0,1,0,9.6,1,7,19,3,4,1,1,Friend,0,0
RW-104838,Riverside,49,37,Annual,8,Basic,14,1,0,1,3.1,0,4,10,6,0,0,0,Walk-in,0,0
RW-104839,Hillcrest,26,61,Monthly,0,Basic,29,0,1,0,8.6,1,18,8,4,0,0,0,Friend,0,1
RW-104840,Riverside,55,9,Annual,10,Basic,24,0,1,0,2.2,1,6,6,10,0,0,1,Walk-in,0,0
RW-104841,Northgate,39,7,Monthly,0,Basic,29,0,0,0,2.8,1,5,10,6,2,0,0,Walk-in,0,0
RW-104842,Hillcrest,44,26,Monthly,0,Plus,49,0,0,1,1.8,0,19,25,6,10,0,0,Online ad,0,1
RW-104843,Hillcrest,54,11,Monthly,0,Basic,29,0,0,0,2.9,0,6,7,5,2,1,0,Walk-in,0,0
RW-104844,Westfield,24,10,Monthly,0,Premium,79,0,0,0,1.6,0,28,26,2,1,0,0,Friend,0,0
RW-104845,Northgate,23,23,Monthly,0,Premium,79,0,0,0,7.4,0,5,5,10,0,0,0,Friend,0,0
RW-104846,Lakeview,29,11,Monthly,0,Basic,29,0,0,0,5.6,0,12,6,8,0,0,0,Walk-in,0,0
RW-104847,Hillcrest,21,4,Annual,0,Basic,24,0,0,0,5.7,1,12,12,3,5,0,0,Online ad,1,0
RW-104848,Westfield,27,74,Annual,9,Plus,44,0,0,0,6.3,1,5,6,0,0,0,0,Online ad,0,0
RW-104849,Hillcrest,25,31,Monthly,0,Plus,49,0,0,0,9.3,0,6,12,2,0,0,0,Online ad,1,0
RW-104850,Riverside,28,5,Annual,7,Premium,74,0,0,1,2.9,1,1,5,10,0,1,0,Walk-in,0,0
RW-104851,Hillcrest,52,36,Annual,8,Basic,24,0,0,0,17.5,0,0,0,47,0,0,0,Online ad,0,0
RW-104852,Northgate,53,5,Monthly,0,Plus,49,0,0,0,6.9,0,12,9,2,1,0,0,Friend,0,0
RW-104853,Downtown,34,4,Monthly,0,Basic,29,0,0,0,4.5,0,16,19,6,7,0,1,Walk-in,0,0
RW-104854,Hillcrest,35,5,Monthly,0,Basic,29,0,0,0,5.8,1,5,4,1,0,0,0,Walk-in,0,0
RW-104855,Westfield,44,54,Monthly,0,Basic,29,0,0,0,10.5,1,8,11,8,5,1,1,Walk-in,1,0
RW-104856,Downtown,41,25,Monthly,0,Plus,49,0,0,0,6.9,1,6,7,11,1,0,1,Walk-in,1,0
RW-104857,Downtown,27,7,Monthly,0,Basic,29,0,0,0,2.4,0,7,15,0,0,0,0,Online ad,0,0
RW-104858,Downtown,71,4,Annual,6,Premium,74,0,0,0,2.3,0,9,2,7,2,0,0,Online ad,0,0
RW-104859,Lakeview,30,66,Monthly,0,Plus,49,0,1,0,4.4,1,8,11,6,0,0,0,Friend,0,0
RW-104860,Northgate,24,13,Annual,5,Basic,24,1,0,0,4.1,0,23,22,2,1,0,0,Walk-in,0,0
RW-104861,Lakeview,31,4,Monthly,0,Basic,19,1,0,0,6.4,1,1,11,12,0,0,0,Online ad,0,1
RW-104862,Lakeview,31,11,Monthly,0,Basic,29,0,0,0,8.6,1,5,7,10,3,0,0,Corporate,0,0
RW-104863,Westfield,37,8,Annual,0,Basic,24,0,0,0,6.3,0,4,5,11,0,1,1,Friend,0,1
RW-104864,Riverside,27,10,Annual,9,Plus,44,0,0,0,2.1,1,9,9,4,4,0,1,Corporate,0,0
RW-104865,Downtown,26,3,Monthly,0,Basic,29,1,0,0,1.6,1,10,5,2,0,0,0,Walk-in,1,1
RW-104866,Downtown,39,3,Monthly,0,Plus,49,1,0,0,3.7,1,13,11,7,7,0,0,Walk-in,1,1
RW-104867,Lakeview,30,26,Annual,4,Plus,44,0,0,0,4.3,1,5,6,10,0,1,0,Online ad,0,0
RW-104868,Riverside,46,17,Annual,2,Plus,44,0,0,0,4.5,0,6,5,1,3,0,0,Friend,0,0
RW-104869,Hillcrest,42,1,Monthly,0,Premium,79,0,0,1,7.4,1,7,0,1,0,1,1,Online ad,0,0
RW-104870,Downtown,39,1,Annual,11,Plus,44,0,0,0,3.9,0,1,0,16,0,2,0,Friend,0,1
RW-104871,Downtown,29,5,Annual,2,Plus,44,0,0,0,8.7,0,0,7,30,0,1,0,Friend,0,0
RW-104872,Northgate,40,35,Monthly,0,Plus,49,0,0,0,10.8,1,11,12,8,2,0,1,Online ad,0,0
RW-104873,Westfield,38,16,Monthly,0,Basic,29,0,0,0,1.7,1,2,4,2,0,1,0,Walk-in,1,0
RW-104874,Downtown,30,64,Annual,2,Basic,24,1,0,0,1.9,1,4,0,9,0,0,0,Online ad,0,0
RW-104875,Northgate,34,4,Monthly,0,Plus,49,0,0,0,7.0,0,14,11,1,1,0,0,Corporate,0,1
RW-104876,Northgate,30,2,Annual,3,Basic,24,0,0,0,14.0,1,2,6,16,0,0,0,Online ad,0,0
RW-104877,Lakeview,34,2,Annual,1,Basic,24,0,0,1,6.7,1,18,20,3,5,0,0,Friend,0,0
RW-104878,Downtown,33,7,Annual,11,Basic,24,0,0,0,6.1,1,6,14,6,0,0,1,Online ad,0,0
RW-104879,Hillcrest,24,29,Monthly,0,Premium,79,0,0,0,6.5,1,21,20,3,7,0,0,Walk-in,0,0
RW-104880,Riverside,28,40,Monthly,0,Basic,29,0,0,0,11.3,1,2,2,14,0,0,1,Friend,0,0
RW-104881,Hillcrest,31,15,Monthly,0,Premium,79,0,1,0,7.4,1,5,9,11,0,0,0,Walk-in,0,1
RW-104882,Riverside,34,3,Annual,1,Premium,74,0,0,1,2.3,1,11,2,3,3,0,1,Walk-in,0,0
RW-104883,Westfield,30,16,Monthly,0,Plus,49,0,0,0,2.8,0,5,9,4,4,0,0,Online ad,1,0
RW-104884,Northgate,39,35,Annual,0,Premium,74,0,0,0,2.4,1,15,10,1,12,1,0,Friend,0,0
RW-104885,Lakeview,32,12,Monthly,0,Plus,49,0,0,0,2.2,0,9,12,1,0,0,0,Walk-in,2,1
RW-104886,Downtown,27,12,Annual,10,Premium,74,0,0,1,22.6,1,1,1,21,0,1,0,Friend,1,1
RW-104887,Riverside,27,10,Monthly,0,Plus,39,1,0,0,1.9,0,5,3,6,0,0,0,Corporate,0,0
RW-104888,Hillcrest,65,3,Monthly,0,Premium,79,0,0,1,3.6,0,6,11,8,0,0,1,Online ad,0,0
RW-104889,Downtown,37,93,Annual,1,Basic,24,0,0,0,7.3,1,4,23,3,2,1,1,Friend,0,1
RW-104890,Hillcrest,30,5,Annual,1,Plus,39,1,0,0,3.9,0,0,3,36,0,0,0,Walk-in,0,1
RW-104891,Riverside,48,25,Monthly,0,Plus,39,1,0,1,8.4,1,4,4,0,0,0,0,Online ad,1,0
RW-104892,Northgate,26,57,Monthly,0,Plus,49,0,0,0,3.2,1,6,11,10,0,0,0,Friend,0,0
RW-104893,Westfield,44,34,Annual,10,Basic,24,0,0,1,11.7,0,8,4,4,1,0,0,Friend,0,0
RW-104894,Riverside,30,14,Monthly,0,Basic,29,0,0,0,29.6,0,2,1,10,2,0,0,Walk-in,0,0
RW-104895,Downtown,38,32,Monthly,0,Premium,79,0,0,1,4.6,0,2,12,12,0,1,0,Online ad,0,1
RW-104896,Northgate,21,72,Monthly,0,Basic,29,0,0,0,3.8,0,5,4,7,0,1,0,Corporate,0,0
RW-104897,Westfield,47,7,Annual,8,Premium,74,0,1,1,6.6,1,1,6,3,0,0,1,Friend,0,0
RW-104898,Downtown,35,5,Monthly,0,Plus,49,0,0,0,6.3,0,7,6,3,4,1,0,Online ad,0,0
RW-104899,Downtown,74,26,Annual,6,Plus,44,0,0,0,4.4,1,4,9,12,0,1,0,Corporate,0,0
RW-104900,Westfield,36,2,Monthly,0,Plus,39,1,0,0,6.5,1,18,21,2,1,0,0,Walk-in,0,1
RW-104901,Hillcrest,26,18,Annual,3,Basic,24,0,0,0,4.2,0,10,13,9,1,0,0,Corporate,0,0
RW-104902,Northgate,42,23,Annual,10,Plus,44,0,1,0,3.7,1,8,3,2,3,1,0,Online ad,0,1
RW-104903,Riverside,45,63,Monthly,0,Basic,29,0,0,0,2.9,1,0,10,39,0,0,0,Online ad,0,0
RW-104904,Hillcrest,36,30,Monthly,0,Basic,29,0,0,0,6.4,0,5,14,9,0,1,0,Online ad,0,1
RW-104905,Lakeview,23,27,Monthly,0,Basic,29,0,0,0,4.2,0,2,2,10,1,0,0,Friend,0,0
RW-104906,Lakeview,28,10,Monthly,0,Plus,49,0,0,0,10.6,0,3,2,11,0,0,0,Walk-in,0,1
RW-104907,Downtown,31,30,Monthly,0,Basic,29,0,0,0,3.6,1,1,16,8,0,0,0,Online ad,0,0
RW-104908,Riverside,45,13,Monthly,0,Plus,49,0,0,1,12.2,1,6,9,2,5,0,0,Online ad,0,0
RW-104909,Westfield,30,7,Monthly,0,Premium,74,1,1,0,7.1,1,9,7,7,6,0,1,Friend,0,0
RW-104910,Lakeview,25,12,Annual,1,Plus,44,0,0,0,8.2,1,8,12,7,0,0,0,Online ad,0,1
RW-104911,Lakeview,38,9,Monthly,0,Plus,49,0,1,0,7.1,0,6,6,6,3,0,0,Walk-in,0,0
RW-104912,Downtown,38,22,Monthly,0,Plus,49,0,0,0,2.7,1,27,25,4,2,0,0,Online ad,0,0
RW-104913,Riverside,50,17,Monthly,0,Basic,19,1,0,0,6.6,1,5,6,5,4,0,0,Online ad,0,0
RW-104914,Lakeview,45,21,Annual,2,Basic,24,0,1,0,3.3,0,2,9,13,0,1,0,Corporate,0,0
RW-104915,Lakeview,68,9,Annual,7,Basic,24,0,0,0,1.9,0,1,4,16,1,0,0,Corporate,0,0
RW-104916,Hillcrest,21,24,Monthly,0,Basic,29,0,1,0,2.9,0,10,18,1,4,0,0,Online ad,0,1
RW-104917,Northgate,23,37,Annual,1,Premium,74,0,0,0,4.2,1,10,12,3,4,0,0,Online ad,0,0
RW-104918,Westfield,23,18,Monthly,0,Premium,79,1,0,1,5.3,1,17,9,0,7,0,0,Corporate,0,0
RW-104919,Riverside,30,33,Monthly,0,Basic,29,0,0,0,10.4,1,7,3,1,0,1,0,Corporate,1,0
RW-104920,Downtown,32,24,Monthly,0,Basic,29,0,0,0,8.7,0,8,7,1,4,0,0,Walk-in,0,0
RW-104921,Riverside,23,5,Annual,2,Basic,14,1,0,0,3.3,0,14,10,4,0,0,0,Walk-in,2,0
RW-104922,Hillcrest,23,7,Monthly,0,Plus,44,1,0,0,12.2,0,9,3,5,1,3,0,Walk-in,0,0
RW-104923,Riverside,57,24,Annual,8,Basic,24,0,0,0,3.1,1,2,5,14,2,0,0,Online ad,0,0
RW-104924,Riverside,30,11,Annual,0,Plus,44,1,0,0,6.5,1,28,26,0,13,0,0,Friend,0,1
RW-104925,Riverside,33,10,Annual,1,Basic,24,0,1,0,10.1,1,2,11,1,0,0,0,Friend,0,1
RW-104926,Riverside,44,8,Annual,5,Basic,24,0,1,0,6.4,1,6,5,5,4,0,0,Friend,0,0
RW-104927,Lakeview,30,7,Monthly,0,Basic,29,0,0,0,6.8,1,11,20,2,5,0,0,Online ad,0,0
RW-104928,Hillcrest,64,2,Monthly,0,Basic,29,0,0,0,6.2,0,0,3,38,0,0,1,Corporate,0,0
RW-104929,Westfield,37,24,Annual,1,Premium,74,0,0,0,15.1,1,5,7,8,2,0,0,Online ad,0,1
RW-104930,Hillcrest,68,9,Annual,3,Basic,14,1,0,0,5.0,1,6,7,9,2,0,0,Online ad,0,0
RW-104931,Northgate,28,6,Monthly,0,Plus,49,1,0,0,4.6,0,17,17,6,1,0,0,Walk-in,0,0
RW-104932,Downtown,21,64,Monthly,0,Plus,44,1,0,0,5.5,1,6,13,2,0,0,1,Walk-in,1,0
RW-104933,Riverside,41,16,Monthly,0,Basic,29,0,0,1,9.4,1,15,12,7,8,0,1,Online ad,0,0
RW-104934,Westfield,24,37,Monthly,0,Plus,49,0,0,0,3.5,1,3,10,1,0,0,0,Friend,0,1
RW-104935,Riverside,36,70,Monthly,0,Basic,29,0,0,0,3.3,0,1,6,2,0,0,0,Friend,0,0
RW-104936,Riverside,26,78,Annual,2,Plus,34,1,0,0,5.0,0,5,4,2,0,0,0,Friend,0,0
RW-104937,Downtown,31,24,Annual,9,Plus,44,0,0,0,10.7,0,13,18,5,2,0,0,Online ad,1,0
RW-104938,Westfield,51,36,Monthly,0,Basic,29,1,0,0,15.8,1,7,10,2,0,0,1,Friend,0,0
RW-104939,Northgate,34,6,Monthly,0,Basic,29,1,0,0,1.8,1,2,3,14,0,0,0,Walk-in,0,1
RW-104940,Riverside,19,4,Monthly,0,Basic,29,0,0,1,6.9,0,2,6,1,0,0,0,Friend,0,0
RW-104941,Riverside,38,79,Annual,3,Basic,24,0,0,0,5.7,1,7,10,1,0,0,0,Online ad,0,0
RW-104942,Northgate,29,10,Monthly,0,Basic,29,0,0,0,4.5,0,3,6,2,0,0,0,Friend,0,0
RW-104943,Riverside,38,30,Monthly,0,Plus,49,0,0,0,3.6,1,5,10,7,1,0,1,Walk-in,0,1
RW-104944,Riverside,32,16,Monthly,0,Plus,49,0,1,0,8.0,1,28,26,5,3,1,1,Online ad,0,0
RW-104945,Hillcrest,25,78,Monthly,0,Premium,79,0,0,0,7.3,0,7,10,5,3,0,0,Friend,0,0
RW-104946,Westfield,66,51,Annual,3,Premium,74,0,1,1,5.5,0,6,9,5,0,0,0,Walk-in,0,0
RW-104947,Downtown,49,19,Annual,0,Plus,44,0,0,0,1.2,0,0,11,43,0,2,0,Online ad,0,1
RW-104948,Hillcrest,66,15,Monthly,0,Basic,19,1,0,0,14.1,1,3,2,3,0,0,0,Corporate,0,0
RW-104949,Downtown,22,12,Annual,5,Plus,44,1,1,0,3.1,0,12,9,2,0,1,0,Online ad,0,0
RW-104950,Downtown,38,7,Annual,5,Basic,24,0,0,0,8.7,0,22,17,1,0,0,0,Walk-in,0,0
RW-104951,Westfield,18,2,Annual,7,Basic,24,0,0,0,7.4,1,8,5,2,7,0,0,Online ad,0,0
RW-104952,Hillcrest,33,14,Monthly,0,Premium,79,0,0,0,5.4,0,5,5,2,2,0,1,Corporate,0,0
RW-104953,Downtown,22,1,Annual,2,Premium,74,0,0,0,1.3,0,1,0,13,0,0,1,Friend,0,0
RW-104954,Northgate,49,14,Monthly,0,Basic,29,0,0,0,2.8,1,11,13,7,0,0,0,Online ad,0,0
RW-104955,Downtown,41,24,Annual,8,Basic,24,0,0,0,3.7,1,7,4,10,3,1,0,Online ad,0,0
RW-104956,Northgate,31,13,Monthly,0,Premium,79,0,1,0,5.2,0,7,3,8,0,0,0,Walk-in,0,0
RW-104957,Hillcrest,20,16,Monthly,0,Premium,74,1,1,0,5.1,1,20,17,2,0,0,0,Friend,0,0
RW-104958,Downtown,42,4,Monthly,0,Premium,79,0,0,0,2.7,1,3,3,10,3,0,0,Online ad,0,1
RW-104959,Lakeview,34,6,Monthly,0,Plus,49,0,0,0,6.8,1,15,22,7,10,0,0,Walk-in,0,0
RW-104960,Riverside,50,23,Monthly,0,Plus,44,1,0,0,3.9,0,4,11,9,1,0,0,Walk-in,0,0
RW-104961,Downtown,47,14,Monthly,0,Plus,44,1,0,0,3.1,1,9,12,3,8,0,0,Corporate,0,0
RW-104962,Hillcrest,22,7,Monthly,0,Basic,29,0,1,0,1.4,1,9,12,9,0,1,0,Friend,0,0
RW-104963,Westfield,65,14,Annual,8,Plus,34,1,0,0,9.9,0,6,7,6,1,1,0,Online ad,0,0
RW-104964,Lakeview,34,78,Annual,0,Basic,24,0,1,0,18.3,0,3,0,8,3,0,0,Walk-in,1,1
RW-104965,Hillcrest,38,12,Monthly,0,Basic,29,0,0,0,2.7,0,9,8,8,0,1,0,Online ad,0,0
RW-104966,Downtown,26,76,Annual,0,Basic,24,0,0,0,2.4,1,13,13,5,2,0,0,Online ad,0,0
RW-104967,Lakeview,31,56,Monthly,0,Basic,29,0,1,1,1.9,1,0,20,31,0,0,0,Friend,0,0
RW-104968,Downtown,33,2,Annual,6,Premium,74,0,0,0,4.2,1,20,18,6,1,2,0,Online ad,2,0
RW-104969,Downtown,39,2,Monthly,0,Basic,29,0,0,0,7.5,1,3,5,6,0,0,0,Walk-in,1,0
RW-104970,Riverside,48,4,Monthly,0,Basic,29,0,1,0,8.0,0,7,11,2,4,0,0,Online ad,0,1
RW-104971,Northgate,33,64,Monthly,0,Plus,44,1,0,1,0.9,1,15,12,4,5,0,0,Walk-in,0,0
RW-104972,Riverside,36,6,Annual,2,Premium,74,0,0,1,4.9,0,7,3,8,3,0,0,Walk-in,0,0
RW-104973,Downtown,52,4,Monthly,0,Plus,49,0,0,0,4.3,1,21,18,2,3,0,0,Online ad,0,0
RW-104974,Northgate,36,89,Monthly,0,Premium,69,1,0,1,9.9,1,1,28,11,0,0,0,Corporate,0,1
RW-104975,Westfield,42,11,Annual,7,Basic,24,1,0,0,10.6,1,6,7,2,0,1,0,Friend,0,0
RW-104976,Hillcrest,25,7,Monthly,0,Basic,29,0,0,0,3.9,1,9,5,9,1,0,0,Online ad,0,0
RW-104977,Downtown,54,9,Monthly,0,Premium,79,0,0,1,3.3,1,22,17,4,2,0,0,Online ad,0,0
RW-104978,Westfield,43,12,Annual,6,Premium,74,0,0,0,2.7,0,5,20,5,2,0,1,Walk-in,0,0
RW-104979,Westfield,28,1,Monthly,0,Basic,29,0,0,0,4.1,0,9,0,2,1,0,0,Online ad,0,0
RW-104980,Downtown,24,4,Monthly,0,Premium,69,1,1,0,9.7,1,2,4,12,0,0,0,Walk-in,0,1
RW-104981,Hillcrest,34,31,Annual,6,Premium,74,0,0,0,9.1,1,6,8,1,3,0,0,Friend,0,0
RW-104982,Hillcrest,46,29,Annual,9,Basic,24,0,1,0,18.3,1,8,11,1,1,0,0,Online ad,0,0
RW-104983,Northgate,38,19,Monthly,0,Plus,49,0,0,0,8.5,1,6,8,9,0,0,0,Walk-in,0,0
RW-104984,Downtown,27,23,Annual,0,Basic,24,0,0,0,11.1,1,5,5,10,0,0,0,Friend,0,0
RW-104985,Hillcrest,50,14,Annual,3,Premium,74,0,0,0,8.0,1,5,6,7,2,0,0,Online ad,0,0
RW-104986,Westfield,21,23,Monthly,0,Basic,29,0,0,0,11.8,1,9,5,1,1,0,0,Online ad,0,0
RW-104987,Riverside,43,14,Monthly,0,Plus,49,0,1,0,1.0,0,5,8,6,0,1,1,Online ad,0,0
RW-104988,Lakeview,57,32,Annual,5,Basic,24,0,0,0,13.8,0,8,13,2,0,0,0,Friend,0,0
RW-104989,Downtown,28,9,Monthly,0,Premium,79,0,1,1,1.7,1,18,16,5,3,1,0,Friend,0,0
RW-104990,Riverside,29,22,Monthly,0,Premium,79,0,0,0,10.6,1,5,15,4,4,0,0,Walk-in,0,0
RW-104991,Westfield,24,15,Monthly,0,Premium,69,1,0,1,18.5,0,11,7,5,3,0,0,Friend,0,0
RW-104992,Northgate,43,3,Annual,0,Basic,24,0,0,0,5.2,0,4,3,12,0,0,0,Online ad,1,1
RW-104993,Lakeview,52,11,Monthly,0,Basic,29,0,0,0,8.9,0,1,5,4,2,1,0,Walk-in,0,1
RW-104994,Downtown,39,5,Annual,11,Basic,24,0,0,0,1.5,0,2,1,8,0,0,1,Friend,0,0
RW-104995,Downtown,31,7,Monthly,0,Premium,69,1,0,0,2.9,0,3,1,3,1,0,0,Walk-in,1,0
RW-104996,Riverside,39,38,Monthly,0,Basic,29,0,0,0,3.3,1,18,13,6,1,2,0,Walk-in,0,0
RW-104997,Downtown,22,22,Monthly,0,Plus,49,0,0,0,2.3,0,13,15,8,8,0,0,Friend,0,1
RW-104998,Hillcrest,36,5,Monthly,0,Basic,29,0,0,0,7.7,1,7,5,1,4,0,0,Friend,0,0
RW-104999,Lakeview,20,2,Monthly,0,Basic,29,0,0,0,2.2,0,4,7,6,3,0,0,Corporate,0,0
RW-105000,Hillcrest,25,41,Monthly,0,Premium,79,0,0,0,3.6,1,8,13,3,1,0,0,Online ad,0,1
RW-105001,Hillcrest,26,11,Annual,2,Plus,44,1,1,0,2.5,1,8,7,4,0,0,0,Walk-in,0,0
RW-105002,Lakeview,37,4,Monthly,0,Basic,29,0,0,0,3.1,0,19,15,1,8,0,1,Walk-in,0,0
RW-105003,Northgate,24,10,Annual,0,Basic,19,1,0,0,10.6,1,13,8,6,5,0,0,Online ad,0,0
RW-105004,Westfield,40,30,Annual,10,Basic,24,0,0,0,11.0,0,10,7,9,2,0,0,Walk-in,0,0
RW-105005,Downtown,48,6,Annual,9,Basic,14,1,0,0,2.2,0,6,3,4,2,0,0,Friend,0,0
RW-105006,Westfield,26,25,Annual,4,Basic,24,0,0,0,10.1,0,15,9,0,0,0,0,Walk-in,0,0
RW-105007,Downtown,37,120,Annual,2,Basic,24,0,0,0,2.3,1,7,6,2,0,0,0,Friend,0,0
RW-105008,Northgate,42,41,Monthly,0,Basic,29,0,0,0,5.3,1,9,9,0,0,2,0,Walk-in,0,1
RW-105009,Downtown,51,1,Monthly,0,Basic,19,1,0,0,4.5,0,3,0,2,2,0,0,Online ad,0,0
RW-105010,Northgate,38,45,Monthly,0,Basic,29,0,1,0,5.7,0,7,5,2,0,0,0,Walk-in,0,0
RW-105011,Westfield,46,15,Monthly,0,Basic,29,0,0,0,12.1,1,7,8,7,1,0,0,Corporate,0,0
RW-105012,Downtown,23,29,Monthly,0,Plus,49,0,0,0,5.1,1,7,5,3,0,0,1,Friend,0,0
RW-105013,Hillcrest,36,1,Monthly,0,Premium,79,0,1,1,4.2,0,2,0,6,1,0,0,Online ad,0,0
RW-105014,Northgate,46,28,Annual,8,Plus,44,0,0,0,25.8,0,4,7,10,0,0,0,Online ad,1,0
RW-105015,Downtown,30,7,Annual,3,Plus,44,0,0,1,4.9,1,5,6,2,0,1,0,Online ad,0,0
RW-105016,Northgate,56,61,Annual,4,Plus,44,0,0,0,3.0,0,0,8,53,0,0,0,Walk-in,0,0
RW-105017,Northgate,45,8,Monthly,0,Basic,29,0,1,0,9.1,0,5,5,4,2,1,0,Online ad,0,0
RW-105018,Riverside,39,28,Annual,8,Plus,44,0,0,0,4.8,1,9,7,2,0,2,0,Walk-in,0,0
RW-105019,Northgate,52,57,Monthly,0,Basic,29,0,0,0,6.9,1,6,8,1,4,0,0,Online ad,0,0
RW-105020,Riverside,23,8,Monthly,0,Basic,29,0,0,0,5.5,1,8,5,9,0,0,0,Corporate,0,0
RW-105021,Downtown,48,8,Monthly,0,Basic,29,0,0,0,9.3,1,4,9,4,0,0,0,Online ad,0,0
RW-105022,Downtown,61,5,Annual,8,Plus,44,0,0,0,1.6,1,16,22,7,9,0,1,Corporate,0,0
RW-105023,Northgate,25,27,Annual,10,Premium,74,0,0,0,1.8,0,6,2,11,1,1,0,Walk-in,0,0
RW-105024,Northgate,26,40,Monthly,0,Basic,29,1,0,0,4.8,0,10,10,5,1,0,0,Online ad,0,0
RW-105025,Northgate,30,11,Annual,6,Basic,24,0,0,0,5.5,1,24,15,1,4,1,1,Friend,0,0
RW-105026,Lakeview,41,2,Annual,3,Plus,44,0,0,0,3.1,1,2,6,4,2,0,0,Online ad,0,0
RW-105027,Riverside,62,47,Annual,2,Basic,24,0,0,0,1.3,0,19,18,6,1,0,0,Walk-in,0,0
RW-105028,Westfield,27,33,Monthly,0,Basic,29,0,0,0,3.4,1,18,12,4,8,0,1,Online ad,1,0
RW-105029,Downtown,39,14,Monthly,0,Basic,29,0,1,0,2.3,1,6,15,10,2,0,0,Friend,0,1
RW-105030,Lakeview,37,11,Monthly,0,Plus,49,0,0,0,2.4,1,12,16,5,0,0,0,Walk-in,0,0
RW-105031,Lakeview,48,35,Annual,2,Premium,69,1,1,1,2.2,1,18,13,6,0,1,0,Walk-in,0,0
RW-105032,Westfield,43,17,Annual,5,Basic,24,0,1,0,1.2,0,3,1,5,0,0,0,Walk-in,0,0
RW-105033,Downtown,33,55,Monthly,0,Basic,29,1,0,0,7.3,1,11,6,3,0,0,0,Walk-in,0,0
RW-105034,Riverside,21,28,Monthly,0,Basic,29,0,0,0,4.0,0,3,8,8,2,0,0,Walk-in,0,0
RW-105035,Northgate,47,7,Monthly,0,Basic,29,1,0,0,3.3,0,0,4,53,0,1,0,Online ad,0,1
RW-105036,Northgate,41,5,Annual,2,Basic,19,1,0,0,10.8,1,6,8,5,0,0,0,Walk-in,0,0
RW-105037,Downtown,31,5,Monthly,0,Basic,29,0,0,0,5.1,0,5,6,2,0,1,0,Online ad,0,1
RW-105038,Westfield,34,39,Annual,7,Basic,24,0,0,1,10.3,1,8,14,3,0,1,0,Walk-in,0,0
RW-105039,Riverside,47,19,Annual,2,Basic,24,0,0,1,10.5,1,11,17,5,0,1,1,Online ad,0,0
RW-105040,Westfield,47,2,Monthly,0,Plus,49,0,0,0,9.8,1,8,4,5,2,0,1,Friend,0,0
RW-105041,Riverside,46,41,Monthly,0,Basic,29,1,0,0,5.2,1,28,28,3,0,0,0,Friend,0,0
RW-105042,Hillcrest,33,10,Monthly,0,Basic,29,0,1,0,7.7,0,5,14,4,0,0,1,Walk-in,0,0
RW-105043,Westfield,22,10,Monthly,0,Plus,49,0,0,0,5.1,0,10,11,2,3,0,1,Online ad,0,0
RW-105044,Northgate,36,14,Monthly,0,Basic,29,0,1,0,1.1,0,1,6,1,1,0,0,Walk-in,1,1
RW-105045,Lakeview,51,18,Monthly,0,Premium,79,1,0,0,8.2,1,6,9,9,2,0,0,Walk-in,0,1
RW-105046,Hillcrest,29,76,Monthly,0,Basic,29,0,0,0,2.5,1,2,2,2,2,1,0,Online ad,0,0
RW-105047,Riverside,38,9,Monthly,0,Plus,39,1,0,0,13.5,0,2,3,0,0,1,0,Walk-in,1,1
RW-105048,Downtown,41,16,Monthly,0,Basic,29,0,0,0,5.6,1,4,4,10,2,0,0,Walk-in,0,0
RW-105049,Westfield,26,16,Annual,7,Plus,44,0,1,0,1.7,1,7,7,2,1,1,0,Online ad,0,1
RW-105050,Downtown,43,15,Annual,10,Plus,44,0,0,0,9.8,1,2,2,3,1,0,1,Friend,0,0
RW-105051,Westfield,40,12,Monthly,0,Plus,49,0,1,0,5.0,0,4,12,0,0,0,0,Corporate,1,1
RW-105052,Northgate,27,6,Annual,11,Basic,24,0,0,0,5.4,0,12,11,4,6,1,0,Corporate,0,0
RW-105053,Hillcrest,21,14,Monthly,0,Basic,29,0,0,0,9.2,1,7,14,3,3,2,1,Online ad,0,1
RW-105054,Northgate,28,3,Monthly,0,Basic,29,0,0,0,1.5,0,7,11,5,5,0,0,Walk-in,0,0
RW-105055,Riverside,30,7,Monthly,0,Plus,49,1,1,0,7.9,0,4,1,13,0,1,0,Walk-in,1,0
RW-105056,Lakeview,78,47,Annual,10,Plus,44,0,0,0,1.1,1,14,8,5,9,1,0,Friend,1,0
RW-105057,Riverside,34,68,Monthly,0,Premium,69,1,0,0,4.3,0,18,21,2,10,1,0,Online ad,0,0
RW-105058,Hillcrest,23,45,Monthly,0,Basic,29,0,0,0,4.4,1,3,4,6,0,0,0,Corporate,0,0
RW-105059,Riverside,23,38,Annual,5,Basic,24,0,1,0,9.4,0,3,5,6,0,0,0,Corporate,0,0
RW-105060,Riverside,39,9,Monthly,0,Plus,49,0,0,0,4.9,1,14,18,3,8,0,0,Walk-in,0,0
RW-105061,Westfield,42,23,Annual,10,Plus,44,0,0,0,8.6,0,8,16,6,5,0,1,Friend,0,0
RW-105062,Lakeview,36,45,Monthly,0,Premium,79,0,0,0,5.1,1,7,12,10,0,0,0,Friend,0,1
RW-105063,Riverside,34,35,Annual,10,Basic,24,0,0,0,8.2,0,20,17,3,1,0,0,Online ad,1,0
RW-105064,Northgate,22,27,Annual,9,Basic,24,0,1,0,6.4,1,7,8,6,1,0,0,Friend,0,0
RW-105065,Downtown,41,23,Annual,5,Basic,19,1,0,1,7.1,0,23,28,0,8,0,0,Online ad,0,0
RW-105066,Riverside,20,9,Monthly,0,Plus,49,0,1,0,1.3,0,4,7,1,1,0,1,Walk-in,0,1
RW-105067,Hillcrest,44,1,Annual,2,Plus,39,1,0,0,2.6,0,2,0,0,0,0,0,Corporate,0,0
RW-105068,Hillcrest,22,3,Annual,10,Premium,74,0,1,0,8.0,0,2,2,12,0,0,0,Walk-in,0,0
RW-105069,Downtown,30,6,Monthly,0,Plus,44,1,0,1,4.5,0,6,7,4,4,0,0,Walk-in,0,0
RW-105070,Hillcrest,26,26,Monthly,0,Basic,29,0,0,1,15.8,1,3,7,2,2,0,0,Walk-in,0,1
RW-105071,Riverside,29,16,Monthly,0,Plus,49,0,0,0,5.0,0,4,4,9,0,2,0,Online ad,0,1
RW-105072,Lakeview,25,67,Annual,2,Premium,74,0,0,1,3.3,1,23,16,6,7,0,0,Online ad,0,0
RW-105073,Riverside,44,13,Monthly,0,Plus,49,0,0,0,1.8,1,13,11,3,6,0,0,Online ad,0,1
RW-105074,Northgate,49,3,Monthly,0,Basic,29,0,0,0,7.9,0,3,2,8,0,0,0,Walk-in,0,1
RW-105075,Northgate,38,23,Monthly,0,Plus,49,0,0,0,2.2,1,1,7,8,0,0,1,Walk-in,0,0
RW-105076,Northgate,39,49,Monthly,0,Plus,49,0,0,0,14.2,1,2,2,8,0,1,0,Friend,0,1
RW-105077,Northgate,29,33,Monthly,0,Basic,29,0,0,0,11.0,1,9,4,1,0,0,0,Friend,0,1
RW-105078,Hillcrest,19,31,Monthly,0,Basic,29,0,0,1,3.6,1,16,24,3,5,0,1,Corporate,0,0
RW-105079,Northgate,30,78,Monthly,0,Plus,49,0,0,0,12.5,0,6,9,2,1,0,0,Friend,1,0
RW-105080,Hillcrest,31,52,Monthly,0,Plus,49,0,0,0,10.7,1,4,6,13,3,0,0,Online ad,0,1
RW-105081,Hillcrest,35,4,Annual,11,Plus,34,1,1,0,2.2,1,4,7,1,0,1,0,Friend,0,0
RW-105082,Downtown,76,7,Monthly,0,Basic,29,0,0,0,2.1,0,4,7,12,1,0,1,Online ad,0,0
RW-105083,Downtown,37,12,Monthly,0,Premium,69,1,0,0,4.7,1,2,12,4,0,1,0,Corporate,0,1
RW-105084,Lakeview,35,39,Monthly,0,Plus,39,1,0,0,4.3,0,2,5,13,0,1,0,Online ad,0,0
RW-105085,Riverside,36,28,Annual,9,Basic,14,1,0,0,5.3,0,10,7,2,4,0,0,Walk-in,0,0
RW-105086,Riverside,63,33,Annual,11,Basic,24,0,0,0,2.8,0,4,4,8,1,0,0,Online ad,0,0
RW-105087,Northgate,35,14,Monthly,0,Basic,29,0,1,1,2.2,1,28,23,2,0,0,0,Online ad,0,0
RW-105088,Northgate,28,17,Annual,4,Plus,44,0,0,0,10.4,1,2,4,1,1,0,0,Friend,0,0
RW-105089,Downtown,37,12,Monthly,0,Basic,29,0,1,1,3.1,0,0,6,34,0,0,0,Friend,0,1
RW-105090,Riverside,26,3,Monthly,0,Basic,29,0,1,0,10.3,0,4,5,10,0,0,0,Online ad,0,0
RW-105091,Westfield,34,8,Monthly,0,Premium,74,1,0,0,6.9,0,3,6,12,2,0,0,Friend,0,1
RW-105092,Westfield,40,72,Monthly,0,Plus,49,0,1,0,6.0,1,6,3,2,3,1,0,Walk-in,0,0
RW-105093,Downtown,58,8,Annual,4,Basic,19,1,0,0,2.0,0,14,12,2,0,0,0,Corporate,0,0
RW-105094,Lakeview,46,6,Annual,6,Basic,24,0,1,0,6.7,0,6,5,0,3,1,0,Online ad,0,0
RW-105095,Westfield,37,8,Monthly,0,Basic,29,0,0,0,2.7,1,28,28,2,5,0,0,Online ad,0,0
RW-105096,Westfield,36,4,Annual,2,Basic,24,0,1,0,3.5,1,20,14,0,1,0,0,Corporate,0,0
RW-105097,Hillcrest,47,33,Annual,1,Basic,24,0,1,0,15.2,0,4,0,0,0,0,0,Online ad,0,1
RW-105098,Riverside,57,8,Monthly,0,Premium,79,0,0,0,16.7,1,7,4,5,1,0,0,Walk-in,0,0
RW-105099,Lakeview,32,4,Annual,9,Basic,14,1,0,0,6.5,1,3,3,2,1,0,0,Walk-in,0,0
RW-105100,Downtown,34,38,Annual,2,Premium,74,0,0,0,4.8,1,6,8,2,0,0,0,Walk-in,0,0
RW-105101,Northgate,37,17,Monthly,0,Basic,29,0,0,0,4.1,1,28,28,3,11,1,0,Friend,0,0
RW-105102,Lakeview,34,35,Monthly,0,Plus,49,0,1,0,1.7,0,9,12,7,2,0,0,Friend,0,0
RW-105103,Northgate,24,3,Monthly,0,Basic,29,0,0,0,5.0,0,4,7,7,0,0,0,Online ad,0,0
RW-105104,Northgate,43,11,Annual,7,Basic,24,0,0,0,4.8,0,5,8,2,0,1,0,Corporate,0,0
RW-105105,Westfield,34,11,Monthly,0,Basic,29,0,0,0,4.8,1,9,12,5,2,2,0,Friend,0,0
RW-105106,Hillcrest,25,9,Monthly,0,Basic,29,0,0,0,3.2,1,7,8,8,1,0,1,Online ad,0,0
RW-105107,Westfield,30,28,Annual,2,Basic,19,1,0,0,4.6,1,11,15,6,1,0,0,Walk-in,0,0
RW-105108,Hillcrest,34,14,Annual,1,Plus,44,0,0,0,8.1,1,5,1,2,1,2,0,Walk-in,0,1
RW-105109,Downtown,22,31,Monthly,0,Plus,49,0,1,0,1.9,0,8,15,8,5,0,0,Online ad,0,0
RW-105110,Downtown,37,60,Monthly,0,Plus,39,1,0,0,1.4,1,8,3,9,5,0,0,Online ad,0,0
RW-105111,Riverside,27,22,Annual,7,Basic,24,0,0,0,2.9,1,5,3,9,0,0,0,Walk-in,0,0
RW-105112,Northgate,39,17,Monthly,0,Basic,29,1,0,0,5.8,0,12,13,5,1,0,1,Online ad,0,0
RW-105113,Northgate,28,8,Annual,6,Plus,44,0,0,0,1.8,1,2,9,1,0,0,0,Corporate,0,0
RW-105114,Riverside,38,51,Annual,6,Plus,44,0,1,0,6.1,1,23,24,0,9,0,0,Friend,0,0
RW-105115,Hillcrest,44,11,Annual,2,Basic,19,1,1,0,6.3,0,22,18,6,2,0,0,Online ad,0,0
RW-105116,Northgate,31,9,Annual,9,Plus,39,1,0,0,2.5,1,2,5,13,2,0,0,Walk-in,1,0
RW-105117,Downtown,43,4,Annual,10,Plus,44,0,0,0,7.9,1,6,7,6,6,0,0,Online ad,0,0
RW-105118,Hillcrest,55,11,Monthly,0,Basic,24,1,0,0,13.4,0,1,3,18,1,1,0,Friend,0,1
RW-105119,Hillcrest,26,29,Monthly,0,Plus,49,0,0,0,14.2,1,11,6,1,0,1,0,Walk-in,0,0
RW-105120,Northgate,45,17,Annual,7,Basic,24,0,0,0,4.6,0,0,2,63,0,1,1,Online ad,0,0
RW-105121,Westfield,42,29,Annual,0,Basic,24,0,0,0,10.3,1,9,7,5,7,1,0,Online ad,1,0
RW-105122,Hillcrest,25,38,Annual,1,Basic,24,0,0,0,5.7,0,20,25,6,8,0,1,Online ad,0,1
RW-105123,Northgate,37,10,Monthly,0,Plus,49,0,0,0,3.2,1,3,11,0,0,0,0,Friend,0,1
RW-105124,Riverside,27,1,Annual,2,Basic,24,0,0,0,3.3,0,6,0,9,3,1,0,Corporate,0,0
RW-105125,Lakeview,41,1,Monthly,0,Basic,29,0,0,0,5.3,0,9,0,7,0,0,0,Corporate,0,0
RW-105126,Westfield,31,23,Monthly,0,Plus,44,1,0,1,6.3,1,7,8,6,0,0,0,Friend,0,0
RW-105127,Hillcrest,20,2,Monthly,0,Plus,49,0,0,0,1.9,1,8,4,7,0,0,1,Walk-in,1,0
RW-105128,Downtown,33,43,Monthly,0,Basic,29,0,0,1,7.0,0,28,25,1,2,0,0,Friend,0,0
RW-105129,Northgate,28,23,Annual,0,Premium,74,0,1,0,2.0,0,5,6,5,3,0,0,Friend,0,1
RW-105130,Hillcrest,21,56,Monthly,0,Basic,29,0,1,0,32.9,0,0,11,50,0,0,0,Online ad,1,1
RW-105131,Riverside,28,8,Monthly,0,Plus,49,0,0,0,6.6,1,7,4,9,2,1,0,Online ad,0,0
RW-105132,Westfield,29,5,Annual,5,Basic,24,0,0,0,6.8,1,11,4,7,0,0,0,Corporate,0,0
RW-105133,Hillcrest,41,35,Annual,11,Plus,44,0,0,0,2.8,0,7,12,2,1,0,0,Online ad,0,1
RW-105134,Downtown,57,1,Monthly,0,Plus,39,1,0,0,3.3,1,5,0,7,0,0,0,Walk-in,0,1
RW-105135,Downtown,27,10,Monthly,0,Plus,49,0,0,0,3.5,1,6,9,9,2,0,0,Corporate,0,0
RW-105136,Riverside,27,6,Annual,2,Basic,19,1,0,0,6.1,0,4,1,1,6,0,0,Friend,0,0
RW-105137,Northgate,56,12,Monthly,0,Plus,49,0,0,0,3.1,1,6,10,2,0,0,1,Friend,1,1
RW-105138,Northgate,44,24,Monthly,0,Basic,29,1,0,0,3.7,0,5,8,3,1,0,0,Friend,0,1
RW-105139,Westfield,49,118,Monthly,0,Plus,49,0,1,0,5.1,0,2,8,10,1,0,1,Online ad,0,0
RW-105140,Northgate,35,7,Monthly,0,Basic,29,0,0,0,2.4,1,28,25,1,1,1,0,Friend,0,1
RW-105141,Downtown,29,10,Annual,2,Plus,39,1,0,0,6.7,0,7,11,9,1,0,0,Walk-in,0,0
RW-105142,Downtown,26,14,Monthly,0,Basic,29,0,0,0,4.6,0,13,17,3,0,0,0,Corporate,1,0
RW-105143,Hillcrest,24,21,Monthly,0,Premium,74,1,0,1,3.0,1,2,14,14,1,0,1,Walk-in,0,1
RW-105144,Downtown,38,19,Monthly,0,Basic,29,1,0,0,6.0,0,4,9,1,0,2,0,Friend,0,0
RW-105145,Lakeview,25,18,Monthly,0,Basic,29,1,0,0,2.6,0,16,10,7,1,0,0,Walk-in,0,0
RW-105146,Westfield,38,7,Monthly,0,Basic,24,1,0,0,13.6,0,10,7,2,0,0,1,Friend,1,0
RW-105147,Riverside,35,62,Annual,6,Basic,24,0,1,0,7.3,1,5,7,5,0,0,0,Friend,0,0
RW-105148,Lakeview,31,116,Monthly,0,Basic,29,0,0,1,7.5,1,5,19,11,5,0,0,Friend,1,0
RW-105149,Northgate,55,55,Monthly,0,Premium,74,1,0,0,2.4,0,19,25,0,1,0,0,Corporate,0,1
RW-105150,Northgate,30,16,Monthly,0,Basic,29,0,0,0,7.1,0,3,3,13,1,1,1,Walk-in,0,0
RW-105151,Hillcrest,58,19,Monthly,0,Premium,79,0,1,0,11.9,1,0,6,49,0,0,0,Online ad,1,1
RW-105152,Riverside,35,11,Annual,6,Basic,24,0,0,0,0.8,1,4,3,12,2,0,1,Walk-in,0,0
RW-105153,Downtown,50,2,Monthly,0,Basic,29,0,0,0,4.9,1,4,2,3,0,0,0,Corporate,0,1
RW-105154,Northgate,29,4,Annual,1,Basic,24,0,0,0,0.9,1,9,13,4,0,0,0,Online ad,0,1
RW-105155,Riverside,32,14,Annual,11,Basic,24,0,1,0,9.4,1,13,8,1,8,0,0,Friend,0,0
RW-105156,Hillcrest,27,14,Monthly,0,Plus,39,1,0,0,1.8,0,3,16,0,0,0,1,Friend,0,1
RW-105157,Hillcrest,33,14,Monthly,0,Basic,29,0,1,0,2.5,0,5,7,6,2,0,0,Walk-in,0,1
RW-105158,Lakeview,34,2,Annual,5,Basic,24,0,0,0,3.5,1,11,12,4,10,0,0,Online ad,0,0
RW-105159,Riverside,41,2,Annual,1,Plus,39,1,0,0,3.0,1,4,4,11,1,1,0,Walk-in,0,1
RW-105160,Hillcrest,23,31,Monthly,0,Plus,39,1,0,0,6.0,0,11,8,6,9,0,0,Online ad,0,0
RW-105161,Westfield,23,2,Monthly,0,Basic,29,0,1,0,4.3,0,8,7,1,0,0,0,Online ad,0,0
RW-105162,Northgate,31,37,Monthly,0,Basic,29,1,0,0,3.5,1,28,27,0,1,0,0,Friend,0,0
RW-105163,Lakeview,25,71,Monthly,0,Plus,49,0,0,0,5.8,1,2,9,13,0,0,0,Corporate,0,1
RW-105164,Downtown,65,2,Annual,4,Plus,44,0,0,0,3.4,0,8,4,1,0,0,1,Walk-in,1,0
RW-105165,Northgate,34,14,Annual,11,Basic,24,0,0,0,2.0,1,6,8,2,1,0,0,Friend,0,0
RW-105166,Riverside,26,20,Annual,8,Basic,24,0,0,0,5.7,1,2,10,15,0,0,0,Online ad,0,0
RW-105167,Downtown,60,9,Annual,4,Basic,24,0,1,0,1.7,1,3,2,6,3,1,1,Walk-in,0,0
RW-105168,Downtown,31,29,Monthly,0,Basic,29,0,0,0,8.7,1,0,4,34,0,0,0,Online ad,0,0
RW-105169,Hillcrest,34,26,Annual,3,Basic,24,0,0,0,9.5,1,3,7,5,1,0,0,Friend,0,0
RW-105170,Downtown,28,17,Monthly,0,Premium,79,0,0,0,2.5,0,2,8,1,0,0,0,Friend,0,0
RW-105171,Riverside,41,6,Monthly,0,Premium,79,0,1,0,7.3,1,3,5,12,3,1,0,Walk-in,0,0
RW-105172,Hillcrest,51,16,Annual,0,Basic,24,0,1,0,3.4,1,8,10,8,0,0,0,Walk-in,0,0
RW-105173,Downtown,36,9,Monthly,0,Plus,49,1,1,0,4.5,0,6,4,1,1,0,1,Walk-in,0,0
RW-105174,Downtown,70,30,Annual,8,Plus,44,0,0,0,4.7,0,6,16,10,1,1,1,Online ad,0,0
RW-105175,Northgate,30,10,Annual,6,Plus,34,1,0,0,2.3,0,1,7,11,1,0,0,Friend,0,0
RW-105176,Westfield,34,12,Monthly,0,Basic,29,0,0,0,1.6,1,8,15,5,1,0,0,Walk-in,0,1
RW-105177,Westfield,35,19,Annual,7,Plus,44,0,1,0,2.3,1,28,28,4,11,1,0,Friend,0,0
RW-105178,Downtown,38,3,Annual,1,Plus,44,1,0,0,4.2,0,1,5,6,1,1,0,Online ad,1,1
RW-105179,Riverside,18,28,Monthly,0,Premium,79,0,1,1,5.5,0,10,14,1,3,0,0,Walk-in,1,0
RW-105180,Downtown,47,26,Monthly,0,Plus,49,1,0,0,6.9,0,7,4,7,2,0,0,Friend,0,0
RW-105181,Westfield,78,4,Monthly,0,Plus,49,0,1,0,2.6,1,17,7,5,6,1,0,Walk-in,0,0
RW-105182,Lakeview,22,2,Annual,10,Premium,74,0,0,0,16.4,0,1,7,13,0,0,1,Online ad,0,1
RW-105183,Hillcrest,27,9,Annual,7,Premium,74,0,0,1,10.2,1,13,16,7,9,0,0,Online ad,1,0
RW-105184,Downtown,49,6,Annual,8,Basic,24,0,0,0,2.4,0,3,3,4,0,0,0,Walk-in,0,0
RW-105185,Lakeview,62,29,Monthly,0,Plus,49,0,0,0,10.1,0,0,2,41,0,0,0,Walk-in,2,1
RW-105186,Downtown,47,4,Monthly,0,Plus,49,0,0,0,3.8,1,6,15,7,4,1,0,Friend,1,1
RW-105187,Lakeview,75,21,Annual,8,Plus,44,0,0,0,3.8,1,9,8,2,1,0,0,Online ad,0,0
RW-105188,Downtown,44,9,Monthly,0,Premium,79,0,0,1,6.1,1,13,9,2,1,0,0,Walk-in,0,0
RW-105189,Downtown,27,8,Monthly,0,Basic,29,0,1,0,3.3,0,1,9,10,0,0,0,Online ad,0,0
RW-105190,Downtown,40,22,Monthly,0,Basic,29,0,0,0,4.9,1,6,4,2,1,0,0,Online ad,0,0
RW-105191,Downtown,77,10,Annual,0,Plus,44,0,0,0,7.1,1,9,8,7,1,1,0,Friend,0,1
RW-105192,Riverside,40,8,Monthly,0,Basic,19,1,0,0,3.9,0,11,10,8,5,1,0,Walk-in,0,0
RW-105193,Hillcrest,25,16,Monthly,0,Basic,29,0,0,0,5.7,1,4,7,2,0,0,0,Friend,1,1
RW-105194,Riverside,34,70,Monthly,0,Basic,29,0,1,0,4.0,0,6,10,5,0,0,1,Walk-in,0,0
RW-105195,Hillcrest,47,12,Monthly,0,Premium,79,0,0,1,4.1,1,11,12,8,2,1,0,Online ad,1,0
RW-105196,Westfield,31,27,Monthly,0,Basic,29,1,0,0,4.7,1,0,11,37,0,1,0,Online ad,0,0
RW-105197,Lakeview,35,20,Monthly,0,Plus,44,1,0,0,1.9,0,7,9,8,0,0,1,Online ad,0,1
RW-105198,Lakeview,44,8,Annual,0,Basic,24,1,0,0,9.4,0,4,2,10,1,1,1,Friend,0,1
RW-105199,Westfield,25,7,Monthly,0,Premium,79,0,0,0,7.0,1,9,8,4,3,0,0,Friend,0,0
RW-105200,Westfield,24,8,Monthly,0,Basic,19,1,0,1,2.8,0,5,3,5,0,0,1,Corporate,0,0
RW-105201,Downtown,53,27,Monthly,0,Basic,29,0,1,0,10.0,1,3,4,6,1,0,0,Walk-in,0,0
RW-105202,Northgate,34,23,Monthly,0,Premium,79,0,0,0,4.3,1,0,9,72,0,0,1,Corporate,1,1
RW-105203,Downtown,26,44,Monthly,0,Plus,49,0,0,1,6.4,0,12,19,6,2,0,0,Online ad,0,0
RW-105204,Riverside,29,61,Monthly,0,Premium,79,0,0,0,10.5,0,5,1,1,3,0,0,Online ad,0,0
RW-105205,Hillcrest,47,9,Annual,8,Premium,74,0,0,1,4.0,0,13,13,3,0,0,0,Walk-in,1,0
RW-105206,Riverside,23,1,Monthly,0,Plus,49,0,1,0,2.1,1,2,0,1,0,2,0,Online ad,0,1
RW-105207,Lakeview,38,30,Monthly,0,Premium,79,0,0,0,1.2,0,23,14,0,2,1,0,Walk-in,0,0
RW-105208,Riverside,40,47,Monthly,0,Plus,49,0,1,1,2.5,1,6,16,9,1,0,0,Online ad,0,0
RW-105209,Hillcrest,20,63,Monthly,0,Plus,49,0,0,0,18.0,1,6,9,8,0,0,1,Walk-in,1,0
RW-105210,Hillcrest,24,24,Monthly,0,Basic,29,0,0,0,2.1,1,5,4,10,1,0,0,Friend,1,0
RW-105211,Downtown,37,84,Monthly,0,Plus,44,1,0,0,2.4,1,11,12,2,3,0,0,Online ad,0,0
RW-105212,Hillcrest,62,13,Monthly,0,Plus,44,1,1,0,4.4,0,7,8,4,0,0,0,Corporate,0,0
RW-105213,Downtown,28,31,Monthly,0,Basic,29,1,0,0,4.4,0,6,12,8,0,0,0,Friend,0,0
RW-105214,Northgate,46,4,Annual,6,Plus,34,1,0,0,4.0,1,9,28,1,2,0,0,Walk-in,0,0
RW-105215,Hillcrest,40,1,Monthly,0,Plus,39,1,0,0,7.2,1,6,0,6,0,0,1,Corporate,1,0
RW-105216,Riverside,45,5,Monthly,0,Basic,29,0,0,0,12.6,1,28,25,2,11,0,0,Corporate,1,0
RW-105217,Downtown,27,1,Monthly,0,Basic,24,1,0,0,7.6,1,28,0,3,1,0,0,Online ad,0,1
RW-105218,Hillcrest,38,41,Annual,5,Basic,24,0,0,0,11.2,1,18,28,1,0,0,1,Friend,0,0
RW-105219,Riverside,30,108,Annual,5,Premium,74,0,0,0,10.4,1,1,2,20,0,0,1,Walk-in,0,0
RW-105220,Downtown,47,14,Monthly,0,Basic,29,0,0,0,4.4,1,17,21,2,9,0,0,Friend,0,0
RW-105221,Downtown,38,120,Annual,7,Plus,44,0,0,0,3.6,1,21,24,5,8,1,0,Online ad,0,0
RW-105222,Downtown,26,24,Annual,5,Plus,44,0,0,0,5.1,1,15,7,4,6,0,0,Walk-in,2,0
RW-105223,Lakeview,36,5,Monthly,0,Basic,29,0,0,0,6.2,0,6,2,5,0,0,0,Online ad,0,1
RW-105224,Downtown,45,9,Monthly,0,Plus,49,1,0,0,3.5,1,18,11,2,9,0,0,Friend,1,0
RW-105225,Downtown,42,63,Annual,4,Basic,24,0,0,1,8.7,1,15,5,5,6,0,0,Walk-in,1,0
RW-105226,Lakeview,42,3,Annual,3,Basic,24,0,0,0,6.8,0,7,3,6,5,0,0,Friend,0,0
RW-105227,Hillcrest,28,21,Monthly,0,Plus,49,0,0,0,2.9,1,1,15,11,0,1,0,Walk-in,0,0
RW-105228,Hillcrest,25,3,Annual,5,Premium,74,1,0,0,11.9,1,6,8,10,0,0,0,Friend,0,1
RW-105229,Riverside,45,7,Annual,2,Basic,24,1,0,0,7.1,0,11,3,6,4,0,0,Online ad,0,0
RW-105230,Riverside,29,5,Annual,11,Basic,19,1,0,0,2.2,0,7,14,8,0,0,0,Corporate,0,0
RW-105231,Downtown,37,21,Annual,6,Basic,24,0,0,0,2.4,0,8,6,9,1,0,1,Friend,0,0
RW-105232,Westfield,31,73,Monthly,0,Plus,49,0,0,0,2.0,1,7,13,0,4,0,0,Friend,0,0
RW-105233,Westfield,27,16,Monthly,0,Basic,29,0,0,0,11.9,0,5,6,11,0,0,0,Walk-in,0,0
RW-105234,Northgate,41,20,Annual,5,Plus,44,0,0,0,4.1,1,6,7,2,4,0,0,Friend,0,0
RW-105235,Hillcrest,39,29,Annual,7,Premium,74,0,0,0,6.3,1,13,14,5,7,2,1,Online ad,0,0
RW-105236,Downtown,26,47,Annual,0,Basic,24,0,0,0,4.3,1,7,3,2,5,1,0,Walk-in,0,0
RW-105237,Riverside,36,27,Monthly,0,Premium,79,0,1,0,2.9,0,2,7,6,0,0,1,Online ad,0,0
RW-105238,Lakeview,24,16,Annual,6,Basic,24,0,0,0,2.2,1,12,6,8,5,0,1,Online ad,0,0
RW-105239,Downtown,23,5,Monthly,0,Basic,24,1,0,0,2.4,0,0,6,42,0,2,0,Online ad,0,1
RW-105240,Westfield,33,36,Monthly,0,Basic,29,0,0,0,5.5,0,4,5,10,0,2,0,Walk-in,0,1
RW-105241,Westfield,30,2,Annual,10,Plus,44,1,1,0,14.0,0,16,10,3,0,0,1,Online ad,0,0
RW-105242,Hillcrest,19,4,Monthly,0,Plus,49,0,1,0,3.9,0,4,5,13,0,0,1,Walk-in,0,0
RW-105243,Westfield,26,32,Monthly,0,Plus,49,0,0,0,1.7,1,25,22,1,0,0,1,Online ad,0,0
RW-105244,Hillcrest,24,3,Monthly,0,Basic,29,0,0,0,8.7,0,6,6,7,1,1,0,Walk-in,0,0
RW-105245,Riverside,28,27,Monthly,0,Premium,79,0,1,0,5.3,1,12,14,6,3,0,0,Walk-in,0,0
RW-105246,Downtown,46,4,Monthly,0,Plus,44,1,0,0,12.8,1,22,23,2,0,1,0,Walk-in,0,0
RW-105247,Downtown,35,34,Monthly,0,Plus,49,0,0,0,3.7,0,7,5,8,2,0,0,Online ad,0,1
RW-105248,Westfield,35,15,Annual,4,Plus,39,1,0,0,2.6,1,1,3,10,0,3,0,Walk-in,0,0
RW-105249,Lakeview,37,3,Monthly,0,Basic,19,1,0,1,3.3,0,8,13,4,0,1,0,Friend,0,1
RW-105250,Downtown,35,18,Annual,7,Basic,24,0,1,0,5.9,1,8,4,7,0,0,1,Walk-in,1,0
RW-105251,Lakeview,45,9,Annual,11,Basic,24,0,1,0,2.8,0,8,7,4,1,1,0,Online ad,0,0
RW-105252,Downtown,30,10,Annual,11,Basic,24,0,0,1,3.6,1,28,28,1,2,0,1,Online ad,0,0
RW-105253,Hillcrest,48,4,Annual,1,Basic,24,0,0,1,4.9,1,26,28,1,10,0,0,Online ad,1,1
RW-105254,Downtown,38,9,Monthly,0,Premium,79,0,0,1,1.7,0,6,13,8,0,0,1,Walk-in,0,1
RW-105255,Riverside,38,27,Annual,5,Basic,24,0,0,1,6.5,1,9,11,6,0,0,1,Friend,0,0
RW-105256,Downtown,34,37,Monthly,0,Plus,49,0,1,0,5.3,0,6,7,8,5,0,0,Friend,0,0
RW-105257,Downtown,29,54,Monthly,0,Plus,49,0,0,0,4.4,1,15,5,2,0,1,0,Online ad,0,0
RW-105258,Downtown,34,5,Monthly,0,Plus,49,0,0,1,5.5,0,4,5,11,1,1,0,Friend,1,0
RW-105259,Westfield,33,3,Annual,5,Basic,24,0,0,0,6.9,1,3,3,2,1,0,0,Friend,0,0
RW-105260,Downtown,24,17,Monthly,0,Basic,29,0,1,0,5.4,1,7,9,7,3,0,1,Online ad,1,0
RW-105261,Downtown,47,14,Annual,6,Basic,24,0,0,0,3.2,0,5,7,9,3,1,0,Walk-in,0,0
RW-105262,Northgate,35,65,Monthly,0,Basic,29,0,0,0,14.8,0,4,5,13,3,0,0,Online ad,0,0
RW-105263,Westfield,64,11,Monthly,0,Basic,29,0,0,0,2.3,1,28,27,5,11,0,0,Online ad,0,0
RW-105264,Hillcrest,39,2,Annual,8,Plus,44,0,0,0,3.1,1,28,8,5,17,0,0,Online ad,0,0
RW-105265,Lakeview,34,120,Annual,3,Plus,44,0,1,1,7.3,1,19,7,0,1,1,0,Walk-in,0,0
RW-105266,Hillcrest,39,77,Annual,1,Basic,24,0,0,0,5.4,0,1,8,17,0,0,0,Corporate,1,0
RW-105267,Riverside,29,103,Monthly,0,Plus,49,0,0,0,5.0,0,10,4,6,1,0,0,Online ad,0,1
RW-105268,Hillcrest,38,56,Annual,7,Premium,69,1,0,0,4.4,1,2,7,2,1,0,0,Walk-in,0,0
RW-105269,Northgate,52,23,Annual,4,Plus,44,0,0,0,3.1,0,3,11,10,1,1,0,Friend,1,0
RW-105270,Hillcrest,30,110,Annual,0,Basic,24,0,0,0,4.1,1,5,5,10,0,0,0,Walk-in,0,0
RW-105271,Hillcrest,39,21,Annual,2,Premium,74,0,0,0,2.7,1,23,22,1,0,0,0,Friend,0,0
RW-105272,Hillcrest,26,46,Annual,11,Basic,24,0,0,0,10.1,1,5,6,10,7,0,0,Corporate,0,0
RW-105273,Riverside,59,2,Monthly,0,Basic,29,0,0,0,14.1,1,2,12,15,0,0,0,Friend,0,1
RW-105274,Northgate,26,51,Annual,9,Premium,74,0,0,0,6.7,1,19,16,1,0,0,0,Online ad,0,0
RW-105275,Westfield,32,37,Annual,10,Premium,74,0,0,0,5.7,1,5,5,8,1,0,0,Online ad,0,0
RW-105276,Northgate,19,65,Monthly,0,Basic,29,0,0,0,9.4,1,1,11,20,0,0,0,Online ad,0,1
RW-105277,Westfield,37,6,Annual,4,Plus,34,1,0,0,1.6,0,3,1,6,0,0,0,Corporate,0,0
RW-105278,Riverside,23,22,Monthly,0,Basic,24,1,0,0,8.5,0,0,10,37,0,0,0,Online ad,1,1
RW-105279,Northgate,40,26,Monthly,0,Plus,49,0,0,0,8.5,1,12,11,4,4,1,0,Online ad,0,0
RW-105280,Riverside,32,10,Annual,0,Plus,44,0,0,0,6.5,1,2,2,12,1,0,0,Friend,0,0
RW-105281,Northgate,23,28,Monthly,0,Premium,79,0,0,0,8.4,0,6,6,3,2,0,0,Friend,0,0
RW-105282,Downtown,20,15,Annual,8,Premium,74,0,0,1,3.9,0,8,18,8,0,1,0,Online ad,0,0
RW-105283,Riverside,20,11,Annual,0,Basic,24,0,0,0,9.3,0,7,6,9,5,0,0,Online ad,1,1
RW-105284,Riverside,40,39,Annual,6,Basic,24,0,0,0,5.7,0,13,23,3,5,0,0,Walk-in,0,0
RW-105285,Northgate,32,31,Monthly,0,Premium,79,0,0,0,6.3,0,10,12,2,11,0,1,Friend,0,0
RW-105286,Westfield,22,6,Annual,11,Plus,44,0,0,0,2.1,0,13,8,3,8,1,0,Walk-in,0,0
RW-105287,Westfield,30,5,Monthly,0,Premium,79,0,0,0,3.1,1,3,7,10,0,0,0,Corporate,0,1
RW-105288,Downtown,41,14,Monthly,0,Basic,29,0,0,0,2.9,1,10,28,4,1,0,1,Online ad,0,0
RW-105289,Lakeview,35,3,Monthly,0,Basic,29,0,1,0,4.7,1,14,9,5,0,0,0,Walk-in,0,0
RW-105290,Westfield,53,12,Annual,3,Basic,24,0,0,0,6.5,1,3,6,10,0,1,0,Walk-in,0,0
RW-105291,Hillcrest,47,27,Annual,10,Plus,44,0,0,0,10.2,0,1,2,7,0,0,0,Friend,0,0
RW-105292,Westfield,22,12,Monthly,0,Premium,79,0,0,0,5.9,1,21,13,2,13,1,1,Online ad,0,0
RW-105293,Downtown,28,11,Monthly,0,Premium,79,0,0,1,6.8,1,13,7,3,10,1,0,Walk-in,0,0
RW-105294,Hillcrest,20,3,Annual,7,Premium,74,0,0,1,8.0,1,13,18,4,0,1,0,Online ad,0,0
RW-105295,Lakeview,39,19,Annual,1,Plus,44,0,1,0,4.0,1,0,8,44,0,0,0,Corporate,1,1
RW-105296,Riverside,26,49,Annual,10,Premium,74,0,0,0,4.5,0,11,16,1,3,1,0,Walk-in,0,0
RW-105297,Lakeview,20,2,Annual,7,Basic,24,0,0,0,2.9,1,14,25,1,7,1,0,Friend,0,0
RW-105298,Lakeview,36,1,Monthly,0,Plus,49,0,0,0,3.1,1,10,0,6,0,0,0,Online ad,0,0
RW-105299,Hillcrest,30,8,Monthly,0,Basic,29,0,0,0,1.7,1,14,17,4,6,0,0,Walk-in,0,0
RW-105300,Downtown,39,56,Annual,4,Plus,44,0,0,0,3.3,0,6,9,2,1,0,1,Online ad,0,0
RW-105301,Downtown,35,21,Monthly,0,Basic,29,0,0,0,6.8,1,1,8,19,0,0,0,Online ad,2,1
RW-105302,Northgate,38,10,Annual,7,Premium,74,0,1,1,2.2,1,17,9,2,9,1,0,Online ad,0,0
RW-105303,Downtown,48,12,Monthly,0,Basic,29,0,0,0,1.2,1,18,19,1,0,0,0,Friend,0,0
RW-105304,Riverside,37,34,Annual,3,Basic,24,0,0,0,1.8,0,1,1,14,0,0,0,Online ad,0,0
RW-105305,Westfield,41,41,Monthly,0,Plus,39,1,0,0,5.1,1,3,17,14,0,0,0,Walk-in,0,0
RW-105306,Hillcrest,30,11,Monthly,0,Basic,29,0,0,1,3.8,0,1,2,19,0,1,0,Walk-in,0,0
RW-105307,Hillcrest,28,4,Monthly,0,Basic,29,0,0,0,1.7,1,12,7,2,4,0,0,Walk-in,0,0
RW-105308,Northgate,51,11,Annual,9,Premium,74,0,0,0,1.3,1,12,14,2,8,0,1,Walk-in,0,0
RW-105309,Lakeview,58,3,Annual,6,Basic,24,0,0,0,6.2,1,2,3,7,0,0,0,Walk-in,0,0
RW-105310,Lakeview,24,8,Annual,7,Basic,24,0,0,0,4.3,1,4,8,10,2,0,1,Walk-in,0,0
RW-105311,Riverside,49,44,Annual,4,Plus,44,1,0,0,4.4,1,19,23,2,1,0,0,Online ad,0,0
RW-105312,Downtown,29,1,Monthly,0,Basic,29,0,0,0,3.8,0,2,0,8,2,0,0,Walk-in,0,0
RW-105313,Lakeview,35,2,Monthly,0,Basic,29,0,0,0,27.3,1,5,11,1,0,0,0,Walk-in,0,1
RW-105314,Riverside,19,9,Monthly,0,Basic,29,0,0,0,3.6,0,14,9,7,5,1,0,Online ad,0,0
RW-105315,Downtown,32,17,Monthly,0,Plus,49,0,1,0,4.4,1,2,7,5,0,0,0,Online ad,0,0
RW-105316,Westfield,52,42,Monthly,0,Plus,49,0,0,1,7.6,0,11,9,5,1,0,0,Friend,0,0
RW-105317,Northgate,33,7,Annual,1,Basic,24,0,0,0,5.3,0,7,9,0,2,0,1,Walk-in,0,1
RW-105318,Hillcrest,35,34,Annual,4,Plus,44,1,0,0,3.9,1,18,17,3,5,0,0,Walk-in,0,0
RW-105319,Lakeview,52,2,Annual,2,Basic,24,0,0,1,3.3,0,3,13,8,2,1,0,Online ad,0,0
RW-105320,Hillcrest,42,7,Monthly,0,Plus,39,1,0,0,4.9,0,7,4,1,1,0,1,Walk-in,0,0
RW-105321,Downtown,29,16,Monthly,0,Plus,44,1,0,0,6.1,1,3,7,14,0,1,0,Friend,0,1
RW-105322,Westfield,38,76,Annual,4,Premium,64,1,0,0,2.8,0,4,4,1,2,1,1,Online ad,0,0
RW-105323,Westfield,42,10,Annual,5,Basic,24,0,0,0,2.6,0,7,5,5,0,2,0,Walk-in,0,0
RW-105324,Riverside,31,1,Annual,7,Basic,24,0,0,0,12.9,1,18,0,0,1,1,1,Friend,0,0
RW-105325,Hillcrest,37,7,Annual,3,Plus,44,0,1,0,3.8,1,2,3,12,0,0,0,Walk-in,0,0
RW-105326,Northgate,23,43,Monthly,0,Basic,29,1,1,0,3.8,0,5,6,6,2,1,0,Corporate,0,0
RW-105327,Westfield,45,4,Annual,11,Plus,44,0,1,0,2.7,1,8,12,9,1,0,0,Corporate,1,0
RW-105328,Downtown,41,17,Monthly,0,Plus,39,1,0,0,3.3,1,11,14,1,5,0,0,Online ad,1,0
RW-105329,Hillcrest,57,35,Annual,0,Basic,24,0,0,0,7.0,0,2,2,5,0,0,0,Friend,0,1
RW-105330,Downtown,37,25,Monthly,0,Basic,29,0,0,0,7.7,1,2,4,15,0,0,0,Friend,0,1
RW-105331,Westfield,41,9,Annual,9,Plus,44,0,0,0,9.8,1,18,10,6,2,0,0,Friend,1,0
RW-105332,Riverside,41,22,Monthly,0,Basic,29,1,1,0,7.8,0,9,11,6,5,0,0,Online ad,0,0
RW-105333,Riverside,25,2,Annual,11,Plus,44,0,0,0,7.1,0,1,6,13,0,0,0,Online ad,0,0
RW-105334,Lakeview,22,2,Annual,3,Premium,64,1,0,0,5.6,0,6,9,1,0,1,0,Corporate,0,0
RW-105335,Riverside,36,60,Annual,10,Basic,24,0,0,0,5.8,0,5,5,10,0,0,0,Online ad,0,0
RW-105336,Riverside,55,8,Annual,2,Basic,24,0,0,0,1.9,0,3,7,1,0,2,0,Corporate,0,0
RW-105337,Downtown,27,62,Annual,0,Basic,24,1,0,0,8.0,1,3,2,12,0,0,1,Walk-in,0,0
RW-105338,Westfield,40,29,Annual,7,Basic,14,1,0,0,2.1,1,0,8,46,0,0,0,Online ad,1,0
RW-105339,Lakeview,32,12,Annual,2,Plus,44,0,1,1,8.6,0,10,20,6,9,1,1,Online ad,0,0
RW-105340,Northgate,36,76,Monthly,0,Basic,29,0,0,0,8.5,1,4,10,4,0,0,0,Corporate,0,0
RW-105341,Hillcrest,27,14,Annual,8,Basic,24,0,0,0,1.3,1,27,11,5,3,1,0,Online ad,0,0
RW-105342,Downtown,39,16,Monthly,0,Plus,49,0,1,1,1.9,0,10,10,9,1,1,0,Corporate,0,0
RW-105343,Northgate,23,8,Monthly,0,Basic,29,0,0,0,1.7,1,13,12,5,2,0,0,Walk-in,0,0
RW-105344,Westfield,33,36,Monthly,0,Plus,49,0,0,0,2.9,1,19,17,5,2,0,0,Walk-in,0,0
RW-105345,Westfield,31,69,Monthly,0,Basic,19,1,0,0,16.8,1,3,3,2,3,1,0,Online ad,0,1
RW-105346,Northgate,24,1,Monthly,0,Basic,29,0,0,0,2.6,1,6,0,8,1,1,0,Walk-in,0,0
RW-105347,Westfield,27,13,Annual,11,Basic,24,0,0,0,4.0,0,1,2,7,0,0,0,Walk-in,0,0
RW-105348,Downtown,35,3,Annual,6,Plus,44,0,0,0,9.4,1,13,12,5,10,0,0,Walk-in,0,0
RW-105349,Riverside,33,33,Monthly,0,Basic,29,0,0,0,5.5,0,3,8,14,0,0,1,Online ad,0,0
RW-105350,Lakeview,34,45,Monthly,0,Plus,49,0,1,0,6.8,0,10,5,5,0,0,0,Friend,0,1
RW-105351,Downtown,22,43,Annual,5,Plus,44,0,0,0,18.5,0,7,8,6,0,0,0,Walk-in,0,0
RW-105352,Lakeview,36,58,Annual,2,Basic,24,1,0,0,6.1,0,9,14,1,0,0,0,Online ad,0,0
RW-105353,Hillcrest,31,14,Monthly,0,Basic,29,0,0,0,4.6,0,6,7,9,2,0,0,Online ad,0,0
RW-105354,Northgate,29,33,Monthly,0,Basic,29,0,0,0,6.7,0,11,16,3,0,0,1,Walk-in,1,1
RW-105355,Riverside,47,23,Annual,1,Premium,74,0,1,0,15.2,0,6,6,1,0,0,0,Online ad,0,0
RW-105356,Westfield,20,18,Monthly,0,Basic,29,0,0,0,3.5,0,4,1,3,0,1,0,Friend,0,0
RW-105357,Westfield,37,1,Monthly,0,Plus,49,0,0,0,2.7,0,12,0,7,4,0,0,Online ad,0,0
RW-105358,Northgate,28,5,Monthly,0,Basic,29,0,0,0,6.5,1,12,14,8,0,1,0,Corporate,1,0
RW-105359,Riverside,31,58,Monthly,0,Basic,29,0,0,0,3.4,1,3,1,14,0,1,1,Online ad,0,1
RW-105360,Lakeview,25,2,Monthly,0,Plus,49,0,0,0,10.1,0,1,4,11,0,0,0,Online ad,1,1
RW-105361,Hillcrest,36,54,Monthly,0,Plus,49,0,0,0,2.9,0,12,10,2,2,0,0,Online ad,0,0
RW-105362,Westfield,41,6,Annual,5,Plus,44,1,1,0,2.2,0,5,10,3,0,0,0,Online ad,0,0
RW-105363,Hillcrest,71,19,Monthly,0,Plus,49,0,1,0,7.1,0,10,13,1,3,0,0,Corporate,0,0
RW-105364,Downtown,23,7,Monthly,0,Basic,29,0,0,0,9.1,1,10,7,8,7,0,1,Walk-in,0,0
RW-105365,Westfield,59,23,Monthly,0,Basic,29,0,0,0,1.4,0,1,3,9,0,0,0,Friend,0,0
RW-105366,Hillcrest,32,37,Annual,6,Plus,44,0,1,0,3.0,0,12,7,6,1,0,0,Online ad,0,0
RW-105367,Downtown,44,12,Monthly,0,Basic,29,0,1,0,2.9,1,12,7,1,7,0,0,Walk-in,0,0
RW-105368,Hillcrest,34,16,Annual,11,Premium,74,0,0,0,3.1,1,4,11,6,2,2,1,Friend,0,0
RW-105369,Riverside,43,11,Annual,4,Basic,24,0,0,0,3.4,1,12,15,1,1,0,0,Online ad,1,0
RW-105370,Downtown,29,23,Monthly,0,Basic,29,0,0,0,15.2,0,1,3,10,0,0,1,Online ad,0,0
RW-105371,Riverside,59,4,Monthly,0,Basic,19,1,1,0,6.3,1,1,1,13,2,0,1,Friend,0,0
RW-105372,Northgate,47,33,Annual,4,Premium,74,0,0,0,6.4,0,6,7,10,0,0,0,Online ad,0,0
RW-105373,Downtown,24,8,Annual,4,Premium,64,1,0,0,9.1,1,10,11,5,3,0,0,Corporate,1,0
RW-105374,Westfield,22,54,Annual,6,Plus,44,0,0,0,18.6,1,8,6,8,0,0,0,Friend,1,0
RW-105375,Westfield,24,40,Annual,8,Basic,24,0,1,0,1.9,0,6,19,7,3,0,0,Walk-in,0,0
RW-105376,Hillcrest,68,2,Annual,0,Plus,44,0,0,0,6.8,1,6,4,9,0,0,1,Friend,0,1
RW-105377,Northgate,57,69,Annual,7,Plus,44,0,0,0,4.3,1,3,4,10,0,0,0,Online ad,0,0
RW-105378,Westfield,36,18,Monthly,0,Basic,19,1,0,0,5.2,0,3,12,9,1,0,0,Online ad,0,1
RW-105379,Westfield,25,5,Annual,5,Plus,44,0,0,0,6.8,0,6,8,2,2,0,0,Corporate,0,0
RW-105380,Hillcrest,32,21,Annual,1,Plus,44,0,0,0,1.5,1,2,5,1,1,0,1,Friend,0,0
RW-105381,Northgate,34,44,Monthly,0,Plus,49,0,0,0,5.6,1,6,13,0,1,0,0,Walk-in,0,0
RW-105382,Downtown,31,4,Annual,1,Plus,44,1,1,1,10.3,1,4,19,5,0,0,0,Friend,0,1
RW-105383,Riverside,20,27,Annual,7,Basic,24,0,0,0,6.6,1,9,5,9,0,2,0,Walk-in,0,0
RW-105384,Northgate,30,11,Monthly,0,Premium,79,0,0,0,15.8,1,13,6,7,0,0,0,Online ad,0,1
RW-105385,Lakeview,52,9,Monthly,0,Plus,49,0,0,0,5.5,0,3,4,4,0,0,0,Corporate,0,0
RW-105386,Lakeview,44,8,Annual,10,Basic,24,0,0,0,5.3,1,7,2,1,0,0,0,Friend,0,0
RW-105387,Westfield,33,36,Annual,11,Plus,39,1,0,0,0.9,1,3,8,13,1,0,0,Online ad,0,0
RW-105388,Hillcrest,21,19,Monthly,0,Basic,24,1,0,0,2.5,1,2,3,14,0,0,0,Online ad,1,0
RW-105389,Riverside,28,5,Monthly,0,Basic,29,0,1,1,7.6,0,16,17,3,0,0,1,Walk-in,0,0
RW-105390,Northgate,51,3,Monthly,0,Basic,29,0,0,0,8.0,1,0,3,106,0,0,0,Corporate,0,1
RW-105391,Downtown,37,16,Monthly,0,Basic,29,0,0,0,2.1,0,11,7,2,0,0,1,Friend,0,0
RW-105392,Hillcrest,22,3,Monthly,0,Plus,49,0,0,0,3.8,1,21,27,2,2,0,0,Walk-in,0,0
RW-105393,Hillcrest,64,10,Monthly,0,Premium,74,1,0,0,5.2,0,15,7,4,1,0,1,Walk-in,0,0
RW-105394,Riverside,47,54,Monthly,0,Basic,29,0,0,0,4.2,1,6,10,9,1,0,0,Walk-in,0,0
RW-105395,Riverside,41,56,Annual,7,Plus,44,1,0,1,3.0,1,26,18,5,18,0,0,Online ad,0,0
RW-105396,Downtown,45,1,Annual,4,Plus,44,0,0,0,11.0,0,8,0,9,0,0,0,Friend,0,0
RW-105397,Westfield,24,14,Annual,11,Plus,44,0,1,0,15.0,0,2,3,6,0,1,1,Walk-in,0,0
RW-105398,Westfield,61,8,Monthly,0,Basic,29,0,0,0,2.0,0,5,8,4,0,0,0,Corporate,1,0
RW-105399,Riverside,70,2,Monthly,0,Plus,49,0,0,1,4.4,0,4,1,5,1,0,0,Walk-in,0,0
RW-105400,Downtown,54,23,Annual,0,Basic,24,0,0,0,6.7,1,8,25,1,2,0,0,Walk-in,0,0
RW-105401,Riverside,46,14,Monthly,0,Plus,49,1,0,0,2.6,1,5,7,11,0,0,0,Corporate,0,0
RW-105402,Hillcrest,55,17,Annual,10,Plus,44,0,1,0,8.7,1,4,5,0,4,1,0,Online ad,1,0
RW-105403,Northgate,38,1,Annual,9,Basic,24,0,0,0,4.9,1,15,0,4,0,0,0,Online ad,0,0
RW-105404,Riverside,53,10,Annual,3,Plus,44,1,1,0,6.5,1,4,3,4,1,0,0,Online ad,0,0
RW-105405,Hillcrest,31,35,Monthly,0,Plus,49,0,0,0,8.9,0,7,5,4,1,0,0,Friend,0,0
RW-105406,Lakeview,31,50,Monthly,0,Basic,29,0,0,0,2.4,1,9,9,3,2,0,0,Friend,0,0
RW-105407,Northgate,24,9,Monthly,0,Premium,79,0,0,0,6.3,0,8,8,7,0,0,1,Walk-in,0,0
RW-105408,Northgate,46,15,Monthly,0,Basic,29,0,0,0,7.4,0,4,5,3,0,0,0,Friend,0,0
RW-105409,Hillcrest,34,5,Monthly,0,Basic,29,0,0,0,3.2,0,19,27,3,8,0,0,Online ad,1,0
RW-105410,Lakeview,34,7,Monthly,0,Premium,79,0,0,1,3.9,0,24,28,2,8,0,1,Friend,1,0
RW-105411,Hillcrest,25,78,Monthly,0,Plus,44,1,0,0,3.4,1,7,10,6,2,0,1,Walk-in,0,0
RW-105412,Hillcrest,28,21,Monthly,0,Basic,29,0,1,0,4.9,0,1,4,5,0,0,0,Walk-in,0,0
RW-105413,Northgate,24,17,Monthly,0,Basic,29,0,0,0,5.6,1,9,11,9,0,0,0,Walk-in,0,1
RW-105414,Riverside,24,65,Monthly,0,Basic,29,0,0,0,14.3,0,1,7,6,0,0,0,Walk-in,1,1
RW-105415,Lakeview,29,26,Annual,7,Basic,24,0,0,0,6.5,0,10,2,6,0,0,0,Friend,0,0
RW-105416,Riverside,41,23,Monthly,0,Basic,29,0,0,0,3.4,1,7,18,7,4,1,0,Online ad,0,0
RW-105417,Riverside,78,8,Annual,8,Premium,69,1,0,0,3.0,1,14,14,3,2,0,0,Online ad,0,0
RW-105418,Hillcrest,42,14,Monthly,0,Basic,29,0,0,0,3.1,1,16,10,7,0,0,0,Walk-in,0,0
RW-105419,Lakeview,42,5,Annual,6,Basic,24,0,0,0,5.0,0,0,2,31,0,0,0,Online ad,0,0
RW-105420,Hillcrest,26,26,Annual,3,Basic,24,0,0,0,2.6,1,1,9,18,1,0,0,Walk-in,0,0
RW-105421,Riverside,41,24,Monthly,0,Plus,44,1,0,0,2.0,0,12,6,5,1,0,0,Online ad,0,0
RW-105422,Hillcrest,36,1,Annual,0,Basic,24,0,0,0,3.8,1,20,0,2,5,0,0,Walk-in,0,0
RW-105423,Riverside,38,11,Monthly,0,Basic,29,0,0,0,4.4,0,2,13,2,0,0,0,Online ad,0,0
RW-105424,Lakeview,25,3,Monthly,0,Plus,49,0,0,0,11.2,1,0,12,32,0,0,0,Online ad,0,0
RW-105425,Lakeview,58,26,Monthly,0,Premium,79,0,0,1,8.9,0,8,8,7,0,0,0,Corporate,1,0
RW-105426,Riverside,49,30,Monthly,0,Plus,49,1,0,0,3.6,0,7,9,8,4,3,0,Corporate,1,0
RW-105427,Downtown,36,7,Monthly,0,Plus,49,0,0,0,18.7,1,15,17,4,0,0,0,Walk-in,0,0
RW-105428,Hillcrest,53,1,Annual,9,Plus,44,0,1,0,6.8,0,3,0,8,2,0,1,Friend,0,0
RW-105429,Westfield,37,25,Annual,2,Basic,24,0,0,1,7.0,1,2,10,6,1,1,0,Friend,0,0
RW-105430,Riverside,30,2,Annual,1,Premium,69,1,0,0,1.0,1,3,4,6,2,1,0,Online ad,0,1
RW-105431,Northgate,44,9,Annual,6,Basic,24,0,0,0,3.4,1,3,4,4,0,0,1,Online ad,0,0
RW-105432,Northgate,47,27,Annual,11,Premium,74,0,0,1,3.5,0,28,19,0,4,0,0,Corporate,1,0
RW-105433,Hillcrest,46,15,Monthly,0,Plus,49,0,0,0,2.3,1,5,2,11,0,0,0,Walk-in,0,1
RW-105434,Northgate,50,10,Annual,2,Basic,19,1,0,0,8.4,1,5,9,11,0,0,0,Online ad,0,0
RW-105435,Northgate,51,2,Monthly,0,Plus,49,0,0,0,3.7,1,15,7,7,2,0,0,Friend,0,0
RW-105436,Riverside,40,20,Annual,11,Plus,44,0,0,0,26.0,0,0,2,34,0,0,0,Online ad,1,0
RW-105437,Northgate,34,3,Annual,3,Basic,24,0,1,0,4.5,0,13,14,7,0,0,0,Friend,0,0
RW-105438,Riverside,33,55,Annual,2,Basic,24,0,0,0,22.3,1,1,1,11,0,0,0,Online ad,0,0
RW-105439,Northgate,39,64,Monthly,0,Basic,24,1,0,0,8.6,1,11,9,7,3,0,0,Friend,0,0
RW-105440,Riverside,38,22,Monthly,0,Plus,44,1,0,1,3.8,0,6,4,8,2,0,0,Online ad,0,0
RW-105441,Westfield,57,13,Annual,9,Plus,44,0,0,0,3.4,0,3,7,2,0,0,0,Corporate,0,0
RW-105442,Westfield,32,18,Monthly,0,Plus,49,0,1,0,4.8,1,9,6,8,3,0,0,Walk-in,0,0
RW-105443,Lakeview,37,23,Monthly,0,Premium,79,0,0,0,6.9,1,3,12,0,0,1,0,Friend,1,1
RW-105444,Northgate,26,31,Annual,7,Plus,44,1,0,0,1.2,1,3,7,4,1,0,1,Walk-in,0,0
RW-105445,Hillcrest,42,3,Monthly,0,Basic,29,0,0,0,2.0,1,1,12,16,0,0,0,Corporate,1,1
RW-105446,Downtown,26,35,Monthly,0,Plus,39,1,0,1,20.9,0,10,2,3,0,0,0,Online ad,0,0
RW-105447,Northgate,24,4,Monthly,0,Plus,49,0,0,0,35.0,0,4,5,10,0,0,0,Corporate,1,1
RW-105448,Lakeview,32,17,Annual,10,Premium,74,0,0,0,4.6,0,1,6,13,0,2,1,Walk-in,0,1
RW-105449,Hillcrest,38,11,Annual,9,Basic,24,1,0,0,4.1,0,8,8,1,1,0,1,Online ad,0,0
RW-105450,Hillcrest,53,3,Annual,5,Plus,44,0,1,0,5.3,1,1,11,14,0,0,0,Online ad,0,0
RW-105451,Riverside,30,15,Monthly,0,Plus,49,0,0,0,9.5,0,0,5,41,0,0,0,Online ad,0,1
RW-105452,Northgate,41,120,Annual,9,Basic,24,0,1,0,10.4,1,3,11,9,3,0,1,Online ad,0,0
RW-105453,Hillcrest,34,16,Annual,9,Plus,44,0,0,0,5.5,0,8,12,3,2,0,0,Online ad,0,0
RW-105454,Downtown,23,5,Monthly,0,Plus,49,1,0,0,25.5,0,6,6,6,1,0,0,Friend,1,1
RW-105455,Hillcrest,29,13,Monthly,0,Basic,29,0,0,0,5.7,1,13,11,1,5,0,0,Friend,0,1
RW-105456,Westfield,35,16,Annual,11,Premium,74,0,0,1,5.3,1,8,9,4,4,0,0,Friend,1,0
RW-105457,Lakeview,38,5,Annual,4,Basic,24,0,0,0,4.3,0,3,5,4,0,1,0,Walk-in,0,0
RW-105458,Hillcrest,36,17,Monthly,0,Premium,79,1,0,1,4.7,1,3,15,4,1,0,0,Online ad,0,1
RW-105459,Hillcrest,22,9,Monthly,0,Plus,49,0,0,0,8.8,1,14,15,2,0,0,1,Online ad,0,0
RW-105460,Hillcrest,45,18,Annual,9,Plus,39,1,0,0,4.2,1,7,6,7,0,0,0,Walk-in,1,0
RW-105461,Riverside,33,14,Monthly,0,Basic,29,0,0,0,3.8,1,6,3,3,2,0,0,Online ad,0,0
RW-105462,Westfield,22,73,Monthly,0,Plus,49,1,1,0,5.3,1,5,5,3,0,1,0,Online ad,0,0
RW-105463,Northgate,30,11,Monthly,0,Plus,49,0,0,0,7.8,0,3,8,2,2,0,0,Online ad,0,0
RW-105464,Hillcrest,53,17,Annual,8,Plus,44,0,0,0,4.7,0,10,6,3,0,1,0,Friend,0,1
RW-105465,Lakeview,29,51,Monthly,0,Plus,49,0,0,0,3.3,0,6,7,6,0,1,0,Walk-in,0,0
RW-105466,Lakeview,45,29,Annual,10,Plus,44,0,0,0,6.6,0,10,10,8,0,0,1,Walk-in,0,0
RW-105467,Northgate,28,4,Monthly,0,Basic,29,0,1,0,4.3,0,2,11,2,2,1,0,Friend,0,1
RW-105468,Riverside,39,11,Monthly,0,Premium,74,1,0,0,8.0,1,1,6,15,0,0,1,Walk-in,0,1
RW-105469,Northgate,19,23,Monthly,0,Basic,24,1,0,0,5.6,1,15,17,6,7,1,1,Corporate,0,0
RW-105470,Hillcrest,23,62,Annual,7,Premium,74,0,0,0,1.5,1,4,6,8,0,0,0,Walk-in,0,0
RW-105471,Lakeview,50,13,Monthly,0,Basic,29,1,1,0,12.0,1,12,12,7,3,0,0,Friend,0,0
RW-105472,Northgate,32,1,Monthly,0,Plus,44,1,1,0,3.7,0,10,0,8,0,0,0,Friend,0,0
RW-105473,Downtown,22,2,Annual,4,Plus,44,1,0,0,7.3,1,4,3,5,1,0,1,Corporate,0,0
RW-105474,Northgate,68,4,Monthly,0,Basic,29,0,1,0,8.2,1,12,7,5,0,0,0,Online ad,0,0
RW-105475,Lakeview,48,1,Monthly,0,Basic,29,0,0,0,4.3,0,1,0,8,2,0,0,Walk-in,1,0
RW-105476,Lakeview,32,10,Annual,7,Basic,24,0,0,0,12.0,1,12,8,8,1,1,0,Online ad,0,0
RW-105477,Northgate,21,5,Monthly,0,Basic,29,1,0,1,1.4,0,16,4,7,6,0,1,Walk-in,0,0
RW-105478,Downtown,25,18,Annual,9,Basic,24,0,0,0,5.0,1,14,11,4,3,1,0,Walk-in,0,0
RW-105479,Northgate,44,47,Monthly,0,Plus,49,0,0,0,3.7,1,3,1,7,0,0,0,Online ad,0,0
RW-105480,Lakeview,48,22,Monthly,0,Premium,79,0,0,1,3.0,1,17,20,2,10,1,0,Friend,0,0
RW-105481,Downtown,24,17,Monthly,0,Premium,79,0,1,0,1.4,1,7,5,7,5,0,0,Online ad,0,0
RW-105482,Riverside,27,7,Monthly,0,Basic,29,0,0,0,6.9,1,8,21,9,3,0,0,Corporate,0,1
RW-105483,Northgate,25,52,Monthly,0,Basic,29,0,0,0,11.3,1,6,6,3,0,0,0,Online ad,0,1
RW-105484,Westfield,25,30,Monthly,0,Basic,29,1,0,0,2.7,0,4,7,10,2,1,0,Online ad,0,0
RW-105485,Hillcrest,37,8,Monthly,0,Basic,29,0,0,0,6.0,0,5,5,7,0,0,0,Friend,1,0
RW-105486,Riverside,68,3,Annual,6,Basic,24,0,0,0,4.3,0,3,6,1,0,0,0,Friend,0,0
RW-105487,Hillcrest,24,4,Monthly,0,Basic,29,0,0,0,2.1,0,7,10,10,5,0,0,Friend,0,1
RW-105488,Downtown,23,4,Monthly,0,Basic,19,1,0,0,2.2,1,0,4,40,0,1,1,Online ad,0,1
RW-105489,Lakeview,51,17,Monthly,0,Premium,79,0,0,0,2.9,1,16,12,2,1,0,1,Online ad,0,1
RW-105490,Westfield,49,7,Monthly,0,Plus,39,1,1,0,5.5,1,28,21,3,0,0,0,Friend,0,0
RW-105491,Northgate,55,43,Monthly,0,Plus,49,0,1,0,3.0,0,9,5,8,7,0,0,Friend,0,0
RW-105492,Northgate,25,3,Monthly,0,Basic,29,0,0,0,14.5,0,4,3,10,2,0,0,Friend,0,0
RW-105493,Riverside,19,68,Monthly,0,Premium,79,0,1,0,0.9,0,1,5,13,0,0,0,Online ad,0,1
RW-105494,Westfield,32,5,Monthly,0,Basic,29,0,0,0,6.6,1,18,22,1,6,0,0,Walk-in,0,0
RW-105495,Northgate,40,11,Monthly,0,Plus,49,0,0,0,1.7,1,9,5,5,4,2,1,Walk-in,0,1
RW-105496,Westfield,33,77,Annual,2,Basic,24,0,0,0,27.2,1,6,5,1,1,0,0,Corporate,0,0
RW-105497,Lakeview,19,30,Monthly,0,Premium,79,0,0,1,4.2,1,5,12,7,2,0,0,Friend,0,0
RW-105498,Lakeview,23,37,Annual,0,Basic,14,1,0,0,2.0,1,7,11,4,2,1,0,Corporate,0,1
RW-105499,Northgate,36,18,Annual,10,Basic,24,0,0,0,18.7,0,1,2,10,0,0,0,Walk-in,0,0
RW-105500,Lakeview,31,5,Monthly,0,Plus,49,0,0,0,1.8,0,7,7,8,6,0,0,Walk-in,0,0
RW-105501,Lakeview,23,12,Annual,4,Plus,44,0,1,0,3.9,0,5,9,5,3,0,1,Corporate,0,0
RW-105502,Westfield,53,9,Monthly,0,Basic,29,0,0,0,3.5,1,14,12,4,8,0,0,Online ad,1,0
RW-105503,Riverside,33,30,Monthly,0,Plus,49,0,0,1,3.8,1,14,15,7,8,0,0,Online ad,1,0
RW-105504,Lakeview,21,3,Monthly,0,Premium,79,0,0,1,2.2,0,8,17,0,0,0,1,Walk-in,0,0
RW-105505,Northgate,46,3,Monthly,0,Plus,49,0,0,0,3.6,1,3,10,9,1,0,0,Friend,2,1
RW-105506,Downtown,41,25,Annual,7,Premium,74,0,0,1,7.7,0,1,10,2,1,2,0,Walk-in,0,0
RW-105507,Riverside,30,18,Monthly,0,Basic,29,0,0,0,6.8,0,6,16,10,3,0,0,Walk-in,0,1
RW-105508,Hillcrest,37,8,Monthly,0,Premium,79,0,0,0,3.8,0,0,8,63,0,2,0,Friend,0,1
RW-105509,Westfield,46,3,Monthly,0,Basic,29,0,0,1,2.7,0,7,8,6,6,0,0,Walk-in,0,0
RW-105510,Hillcrest,54,40,Annual,3,Basic,14,1,1,0,3.2,1,6,6,11,0,0,1,Walk-in,0,0
RW-105511,Downtown,23,52,Annual,9,Basic,24,0,0,0,5.6,0,0,4,39,0,0,1,Walk-in,1,0
RW-105512,Riverside,37,29,Monthly,0,Basic,29,0,0,0,3.1,1,10,9,5,3,1,0,Friend,0,0
RW-105513,Lakeview,49,1,Monthly,0,Plus,49,0,1,0,7.6,0,8,0,0,2,0,0,Friend,0,0
RW-105514,Lakeview,47,28,Annual,3,Basic,24,0,0,0,7.7,0,9,8,2,0,1,0,Corporate,0,0
RW-105515,Riverside,35,31,Annual,1,Premium,74,1,0,1,6.8,1,2,23,0,1,1,0,Friend,0,1
RW-105516,Downtown,35,14,Monthly,0,Basic,29,0,0,1,6.0,0,11,3,6,2,0,0,Walk-in,0,1
RW-105517,Northgate,27,7,Monthly,0,Basic,29,0,0,0,2.5,1,13,8,1,2,0,0,Online ad,0,0
RW-105518,Hillcrest,35,19,Annual,6,Plus,44,1,0,0,1.4,1,3,4,2,2,0,0,Online ad,0,0
RW-105519,Northgate,32,7,Monthly,0,Plus,49,0,0,0,6.2,1,9,5,7,1,0,1,Walk-in,0,0
RW-105520,Hillcrest,28,1,Monthly,0,Premium,79,0,0,1,10.8,0,6,0,6,0,0,0,Online ad,1,0
RW-105521,Downtown,37,3,Monthly,0,Basic,24,1,0,0,5.5,0,2,8,12,2,0,0,Friend,0,1
RW-105522,Lakeview,54,29,Monthly,0,Plus,49,0,0,0,9.9,1,9,12,8,6,0,0,Corporate,0,0
RW-105523,Lakeview,26,34,Monthly,0,Plus,49,0,0,0,4.5,1,10,13,8,2,1,0,Friend,0,0
RW-105524,Northgate,28,19,Annual,2,Plus,44,0,0,0,7.9,0,6,1,10,6,0,0,Walk-in,0,0
RW-105525,Lakeview,33,7,Monthly,0,Plus,49,0,0,0,5.8,1,0,1,33,0,0,1,Corporate,0,1
RW-105526,Lakeview,23,62,Monthly,0,Plus,49,0,0,0,7.3,1,4,7,8,1,0,1,Friend,0,0
RW-105527,Riverside,32,2,Monthly,0,Premium,69,1,0,0,5.2,1,3,4,6,0,0,1,Friend,1,1
RW-105528,Westfield,25,42,Annual,7,Plus,44,0,0,0,2.3,0,2,8,14,0,0,1,Friend,0,0
RW-105529,Hillcrest,49,49,Annual,10,Premium,74,0,0,0,4.2,0,5,5,10,0,0,0,Online ad,0,0
RW-105530,Downtown,38,16,Annual,11,Basic,24,1,0,0,3.8,0,11,10,3,0,1,1,Friend,0,0
RW-105531,Westfield,24,16,Monthly,0,Basic,19,1,0,0,4.6,0,0,9,43,0,0,0,Online ad,0,1
RW-105532,Northgate,42,21,Annual,0,Premium,74,0,0,0,6.2,0,0,1,54,0,0,0,Walk-in,0,1
RW-105533,Riverside,47,66,Annual,4,Basic,24,0,0,0,3.9,0,6,5,2,0,0,0,Online ad,0,0
RW-105534,Hillcrest,46,20,Annual,9,Premium,74,0,0,1,3.5,1,27,28,5,6,0,0,Online ad,0,0
RW-105535,Riverside,30,31,Monthly,0,Basic,29,0,1,0,2.1,1,23,13,6,1,0,0,Friend,1,0
RW-105536,Lakeview,24,6,Annual,1,Basic,24,0,0,0,0.9,0,4,8,8,0,0,0,Walk-in,0,1
RW-105537,Northgate,24,5,Monthly,0,Plus,49,0,0,0,5.2,1,14,9,5,3,0,0,Friend,1,0
RW-105538,Hillcrest,23,6,Monthly,0,Basic,19,1,0,0,3.4,1,2,8,17,1,0,0,Online ad,0,0
RW-105539,Lakeview,39,13,Monthly,0,Basic,29,0,0,0,4.0,1,13,6,1,8,0,0,Online ad,0,0
RW-105540,Northgate,53,40,Monthly,0,Plus,49,1,1,0,5.8,0,2,4,6,0,0,0,Corporate,1,0
RW-105541,Lakeview,35,4,Monthly,0,Plus,49,0,1,0,6.6,0,1,5,0,1,0,0,Friend,0,0
RW-105542,Hillcrest,39,4,Monthly,0,Basic,29,1,0,0,2.6,1,4,5,12,0,0,1,Online ad,0,1
RW-105543,Riverside,29,21,Monthly,0,Basic,29,1,0,0,9.2,0,8,3,2,0,0,0,Walk-in,1,0
RW-105544,Riverside,23,13,Monthly,0,Premium,79,0,0,0,2.4,1,3,13,9,0,0,0,Online ad,0,1
RW-105545,Northgate,46,2,Monthly,0,Plus,39,1,1,0,19.8,1,12,13,0,0,1,0,Walk-in,0,1
RW-105546,Riverside,36,56,Monthly,0,Basic,29,0,0,0,0.8,0,5,3,8,0,0,0,Online ad,0,0
RW-105547,Westfield,26,71,Monthly,0,Plus,49,0,0,0,40.0,0,1,1,17,1,0,0,Walk-in,0,1
RW-105548,Westfield,28,1,Annual,7,Plus,44,0,0,0,6.1,0,0,0,33,0,1,0,Walk-in,0,0
RW-105549,Riverside,25,14,Monthly,0,Basic,29,0,0,0,6.7,1,4,5,2,1,0,0,Walk-in,1,0
RW-105550,Hillcrest,69,9,Monthly,0,Basic,29,0,0,0,18.5,0,6,5,2,7,0,0,Walk-in,0,0
RW-105551,Downtown,58,18,Monthly,0,Basic,29,0,1,0,15.0,1,4,8,9,1,0,0,Online ad,0,1
RW-105552,Hillcrest,35,67,Monthly,0,Plus,49,0,0,0,10.5,1,4,1,6,0,1,1,Corporate,0,0
RW-105553,Hillcrest,26,10,Monthly,0,Basic,29,0,0,0,8.9,0,11,13,0,6,1,0,Walk-in,0,0
RW-105554,Riverside,36,1,Monthly,0,Basic,29,0,0,0,1.8,1,5,0,7,3,0,0,Online ad,0,0
RW-105555,Lakeview,27,21,Monthly,0,Basic,29,0,0,0,6.6,1,6,8,7,0,1,0,Online ad,0,0
RW-105556,Northgate,44,9,Annual,0,Premium,74,0,0,0,13.2,1,11,14,3,2,0,0,Walk-in,0,1
RW-105557,Hillcrest,46,53,Annual,9,Plus,44,0,0,1,4.0,0,5,7,11,0,0,0,Online ad,0,0
RW-105558,Hillcrest,25,14,Annual,5,Basic,24,0,1,0,12.8,1,5,5,0,0,0,0,Walk-in,0,0
RW-105559,Riverside,31,11,Annual,7,Basic,24,0,0,0,6.4,0,9,11,4,0,1,0,Walk-in,0,0
RW-105560,Hillcrest,45,12,Annual,10,Basic,24,0,1,1,2.5,0,5,4,2,0,0,0,Online ad,0,0
RW-105561,Riverside,45,14,Annual,9,Plus,44,0,0,0,9.2,1,3,2,10,0,0,0,Walk-in,0,0
RW-105562,Westfield,27,14,Annual,5,Plus,44,0,0,0,4.7,0,7,12,0,0,0,0,Friend,0,0
RW-105563,Lakeview,23,21,Monthly,0,Premium,74,1,0,1,4.0,0,3,6,10,0,0,1,Online ad,0,1
RW-105564,Riverside,42,23,Annual,5,Basic,24,0,0,0,5.6,0,10,18,7,3,0,0,Corporate,1,0
RW-105565,Lakeview,47,72,Annual,8,Basic,24,0,0,0,2.8,0,3,10,12,2,0,0,Online ad,0,0
RW-105566,Westfield,52,42,Monthly,0,Plus,49,1,0,0,3.6,1,12,13,2,1,0,0,Corporate,0,0
RW-105567,Hillcrest,27,4,Monthly,0,Plus,44,1,0,0,4.0,0,9,12,3,0,0,0,Walk-in,0,1
RW-105568,Westfield,39,17,Monthly,0,Basic,29,0,0,0,7.2,1,1,0,18,0,3,1,Walk-in,0,0
RW-105569,Hillcrest,33,29,Annual,1,Basic,24,0,0,0,11.4,1,12,16,8,4,1,0,Online ad,0,0
RW-105570,Riverside,25,15,Annual,3,Plus,44,0,0,0,5.8,1,12,14,3,4,0,0,Online ad,0,0
RW-105571,Downtown,31,2,Annual,9,Plus,44,0,0,0,3.2,0,3,2,6,0,0,0,Friend,0,0
RW-105572,Westfield,52,24,Annual,6,Basic,24,0,0,0,4.5,1,5,3,2,0,0,1,Walk-in,0,0
RW-105573,Westfield,44,12,Monthly,0,Basic,29,0,0,0,4.3,0,5,2,2,1,0,0,Walk-in,0,0
RW-105574,Downtown,44,60,Monthly,0,Plus,49,0,0,1,6.4,1,4,7,7,2,1,0,Walk-in,0,1
RW-105575,Downtown,35,20,Monthly,0,Premium,79,0,0,0,1.2,1,2,19,10,0,0,0,Friend,0,1
RW-105576,Northgate,27,17,Monthly,0,Plus,49,0,1,0,6.5,1,10,15,6,1,1,0,Corporate,0,0
RW-105577,Lakeview,37,116,Annual,11,Plus,44,0,0,0,6.4,0,10,12,3,0,0,0,Online ad,0,0
RW-105578,Northgate,42,16,Annual,7,Plus,39,1,0,0,4.7,1,5,0,1,0,0,0,Online ad,0,0
RW-105579,Lakeview,37,22,Annual,7,Plus,44,1,0,0,2.7,0,12,10,2,0,0,0,Walk-in,0,0
RW-105580,Lakeview,33,4,Annual,11,Plus,44,0,0,0,18.0,1,0,7,45,0,1,0,Friend,1,0
RW-105581,Downtown,48,17,Monthly,0,Premium,79,0,1,0,11.3,0,10,5,6,1,0,1,Online ad,1,0
RW-105582,Downtown,76,6,Annual,8,Basic,14,1,0,0,4.8,1,11,10,5,8,0,1,Friend,0,0
RW-105583,Riverside,26,40,Annual,8,Premium,74,0,0,1,3.0,0,7,6,9,0,0,0,Friend,0,0
RW-105584,Westfield,28,3,Monthly,0,Plus,49,1,1,0,3.7,0,8,8,9,3,0,1,Friend,0,1
RW-105585,Westfield,54,5,Monthly,0,Basic,29,0,1,0,4.3,0,3,6,2,2,0,0,Corporate,0,0
RW-105586,Downtown,38,10,Annual,11,Basic,24,0,0,0,2.7,1,13,23,0,1,0,0,Walk-in,0,0
RW-105587,Downtown,25,29,Monthly,0,Basic,19,1,0,0,10.1,1,12,10,5,7,0,0,Friend,0,0
RW-105588,Lakeview,32,46,Annual,9,Basic,24,0,0,0,8.2,1,14,14,6,8,1,0,Friend,0,0
RW-105589,Riverside,44,22,Monthly,0,Premium,79,0,0,0,8.4,1,13,10,3,4,0,0,Walk-in,0,1
RW-105590,Northgate,43,2,Annual,1,Basic,24,0,0,0,6.2,1,0,12,69,0,0,0,Online ad,0,1
RW-105591,Northgate,31,18,Monthly,0,Plus,49,0,0,0,2.7,1,8,7,2,1,0,1,Corporate,0,0
RW-105592,Westfield,24,17,Monthly,0,Plus,49,0,0,0,5.1,1,18,24,1,11,0,0,Online ad,0,0
RW-105593,Westfield,25,5,Monthly,0,Premium,79,0,0,0,4.7,1,4,3,13,0,0,0,Friend,0,0
RW-105594,Downtown,38,15,Annual,9,Premium,69,1,0,0,8.9,1,14,6,4,7,0,0,Online ad,0,0
RW-105595,Northgate,33,55,Monthly,0,Basic,19,1,0,0,5.0,1,9,6,2,0,0,0,Friend,0,0
RW-105596,Westfield,20,22,Annual,10,Plus,44,0,0,0,7.6,1,5,9,9,7,0,1,Walk-in,0,0
RW-105597,Lakeview,39,18,Monthly,0,Premium,79,0,0,1,5.3,1,6,7,8,0,0,0,Walk-in,0,0
RW-105598,Lakeview,23,2,Annual,8,Premium,64,1,0,1,2.8,0,12,9,2,2,0,1,Online ad,0,0
RW-105599,Westfield,58,25,Monthly,0,Plus,49,0,0,1,3.5,0,7,11,6,3,0,0,Corporate,0,0
RW-105600,Lakeview,34,4,Monthly,0,Basic,24,1,0,0,7.2,1,13,12,5,2,0,1,Online ad,0,1
RW-105601,Northgate,49,34,Monthly,0,Basic,29,0,0,0,1.8,0,1,6,11,0,0,0,Online ad,0,1
RW-105602,Riverside,34,17,Annual,6,Premium,74,0,0,0,2.6,0,24,17,3,7,0,1,Online ad,1,0
RW-105603,Downtown,31,7,Annual,1,Basic,24,0,1,0,5.6,1,1,3,18,2,0,0,Walk-in,0,1
RW-105604,Hillcrest,46,14,Monthly,0,Basic,29,0,0,1,3.8,1,2,7,10,0,0,1,Corporate,0,0
RW-105605,Riverside,29,24,Annual,5,Basic,24,0,0,0,3.8,0,6,3,0,2,0,0,Walk-in,0,0
RW-105606,Lakeview,40,39,Monthly,0,Basic,19,1,0,0,2.3,1,4,13,1,0,1,0,Walk-in,0,0
RW-105607,Northgate,31,54,Annual,4,Basic,19,1,0,0,1.8,1,3,12,0,0,1,1,Friend,1,0
RW-105608,Riverside,22,35,Monthly,0,Basic,29,0,0,0,3.5,1,1,8,18,0,0,1,Walk-in,1,1
RW-105609,Downtown,38,14,Annual,3,Basic,24,0,0,0,6.3,1,8,9,4,0,1,1,Walk-in,0,0
RW-105610,Downtown,27,14,Monthly,0,Plus,49,0,0,0,4.6,1,0,5,54,0,1,0,Friend,1,1
RW-105611,Hillcrest,29,1,Monthly,0,Basic,29,0,0,0,4.7,1,11,0,0,0,0,0,Walk-in,2,1
RW-105612,Northgate,40,81,Monthly,0,Plus,49,0,0,0,5.2,1,17,25,6,2,0,0,Online ad,0,0
RW-105613,Lakeview,21,5,Monthly,0,Basic,29,0,0,0,4.0,1,2,18,15,1,0,0,Walk-in,0,0
RW-105614,Hillcrest,45,100,Annual,9,Plus,39,1,0,0,8.9,1,6,7,9,3,1,0,Online ad,0,0
RW-105615,Westfield,39,70,Monthly,0,Plus,49,0,1,0,7.2,1,9,15,1,1,0,0,Walk-in,0,0
RW-105616,Riverside,31,27,Annual,3,Basic,24,0,1,0,5.1,1,5,8,0,0,1,0,Walk-in,0,0
RW-105617,Westfield,34,7,Monthly,0,Basic,29,0,0,0,5.2,1,4,1,4,1,0,0,Walk-in,0,0
RW-105618,Lakeview,62,21,Monthly,0,Basic,29,0,0,0,6.3,1,8,5,2,2,1,0,Walk-in,0,0
RW-105619,Riverside,24,85,Monthly,0,Basic,24,1,1,1,4.3,1,10,10,3,5,0,0,Friend,0,0
RW-105620,Riverside,29,79,Annual,7,Premium,74,0,1,1,2.3,0,13,10,1,2,0,0,Online ad,0,0
RW-105621,Lakeview,31,3,Annual,2,Plus,44,0,0,0,4.2,0,0,5,46,0,0,0,Online ad,0,1
RW-105622,Westfield,60,2,Monthly,0,Plus,49,0,0,0,6.6,0,3,9,4,0,0,0,Walk-in,0,0
RW-105623,Riverside,27,50,Annual,4,Basic,24,0,1,0,8.0,0,11,11,5,0,0,0,Online ad,0,0
RW-105624,Hillcrest,52,39,Monthly,0,Plus,49,0,0,0,9.7,1,6,11,3,5,0,1,Walk-in,0,0
RW-105625,Downtown,38,11,Annual,2,Plus,44,0,0,0,2.0,0,5,14,8,2,0,0,Walk-in,0,0
RW-105626,Downtown,34,30,Annual,9,Premium,74,0,0,0,9.2,1,1,2,15,0,0,0,Online ad,0,0
RW-105627,Lakeview,44,11,Monthly,0,Basic,29,0,1,0,2.4,1,13,13,1,0,0,0,Walk-in,0,0
RW-105628,Downtown,29,12,Annual,3,Basic,24,0,0,0,9.5,0,1,5,11,0,1,1,Walk-in,0,0
RW-105629,Riverside,29,6,Annual,4,Basic,24,0,0,0,2.3,1,19,20,2,4,0,0,Online ad,0,0
RW-105630,Hillcrest,30,5,Monthly,0,Plus,49,0,0,0,2.4,1,3,4,14,0,1,0,Online ad,0,0
RW-105631,Northgate,23,25,Monthly,0,Plus,49,0,0,0,2.5,0,2,10,14,0,1,0,Online ad,0,1
RW-105632,Lakeview,19,18,Annual,6,Premium,74,1,0,0,3.0,1,4,2,0,0,0,0,Online ad,0,0
RW-105633,Hillcrest,28,6,Annual,0,Basic,24,0,0,0,5.9,1,6,14,4,0,0,0,Online ad,0,0
RW-105634,Northgate,32,22,Annual,5,Basic,19,1,1,0,6.5,1,1,6,2,0,0,1,Online ad,1,0
RW-105635,Riverside,49,14,Monthly,0,Plus,44,1,0,0,10.1,0,5,3,3,0,2,0,Walk-in,0,0
RW-105636,Hillcrest,39,60,Monthly,0,Plus,49,1,0,0,8.6,0,8,8,5,0,1,0,Friend,0,0
RW-105637,Northgate,54,11,Monthly,0,Basic,29,0,0,0,3.5,0,16,12,5,4,0,0,Friend,1,0
RW-105638,Downtown,65,1,Annual,8,Plus,44,0,1,0,8.4,1,0,0,48,0,0,0,Corporate,0,0
RW-105639,Hillcrest,42,34,Monthly,0,Plus,39,1,1,1,5.4,1,5,9,8,0,0,0,Friend,1,0
RW-105640,Northgate,28,10,Annual,4,Basic,24,0,1,0,9.7,0,6,6,0,0,0,0,Walk-in,0,0
RW-105641,Northgate,23,27,Monthly,0,Plus,44,1,1,0,6.6,1,8,4,0,0,1,0,Walk-in,0,1
RW-105642,Riverside,34,21,Monthly,0,Basic,19,1,0,0,2.6,1,14,11,2,2,0,0,Corporate,0,0
RW-105643,Northgate,41,36,Monthly,0,Basic,29,0,1,0,6.4,0,4,12,3,5,2,1,Friend,0,0
RW-105644,Northgate,27,9,Annual,5,Basic,24,0,0,0,8.5,1,22,21,0,2,0,1,Walk-in,0,0
RW-105645,Downtown,28,27,Monthly,0,Plus,49,0,0,0,13.6,0,11,20,5,4,2,1,Walk-in,0,1
RW-105646,Downtown,23,7,Annual,5,Basic,24,0,0,0,3.6,0,9,6,9,0,1,1,Friend,0,0
RW-105647,Hillcrest,47,7,Annual,1,Plus,44,1,0,0,9.4,1,12,14,6,2,0,0,Walk-in,0,1
RW-105648,Hillcrest,29,54,Monthly,0,Plus,44,1,1,0,2.2,1,4,7,3,0,0,0,Online ad,0,1
RW-105649,Northgate,45,15,Monthly,0,Premium,79,0,0,0,8.2,0,0,13,35,0,1,0,Online ad,0,0
RW-105650,Downtown,33,12,Monthly,0,Premium,79,0,0,1,3.7,1,15,19,3,1,0,0,Online ad,0,0
RW-105651,Northgate,33,23,Monthly,0,Plus,49,0,0,0,4.1,0,10,16,4,1,1,0,Corporate,0,0
RW-105652,Riverside,29,54,Monthly,0,Plus,49,0,1,0,3.4,0,6,9,8,0,1,0,Friend,0,0
RW-105653,Riverside,34,7,Monthly,0,Basic,29,0,0,0,1.7,1,13,14,6,0,0,0,Online ad,1,1
RW-105654,Downtown,52,6,Annual,2,Plus,44,0,0,0,5.4,1,3,8,0,0,1,0,Online ad,0,0
RW-105655,Northgate,26,12,Monthly,0,Basic,24,1,0,0,11.1,0,4,0,10,2,0,0,Friend,0,0
RW-105656,Hillcrest,24,23,Monthly,0,Premium,74,1,0,0,12.8,1,6,17,6,2,1,0,Walk-in,0,0
RW-105657,Downtown,26,5,Monthly,0,Premium,79,0,1,1,11.5,0,9,7,3,0,0,0,Walk-in,0,0
RW-105658,Northgate,41,53,Annual,7,Basic,24,0,0,0,1.5,0,23,20,4,0,0,0,Friend,0,0
RW-105659,Downtown,30,5,Annual,4,Plus,44,0,0,0,3.4,1,1,4,18,0,0,0,Online ad,0,0
RW-105660,Westfield,34,13,Annual,5,Basic,24,0,0,0,4.1,0,1,3,10,1,0,0,Walk-in,1,0
RW-105661,Downtown,26,105,Annual,3,Basic,24,0,0,0,10.9,1,7,2,9,5,0,0,Online ad,0,0
RW-105662,Downtown,24,2,Monthly,0,Plus,49,0,0,0,5.6,0,10,5,8,7,0,1,Corporate,0,0
RW-105663,Westfield,28,28,Annual,7,Plus,44,0,0,0,4.7,1,4,8,3,2,0,1,Walk-in,0,0
RW-105664,Northgate,41,51,Annual,5,Plus,39,1,0,1,5.3,0,1,11,14,0,0,0,Walk-in,0,1
RW-105665,Hillcrest,46,1,Monthly,0,Premium,79,0,0,1,7.2,1,5,0,9,1,1,0,Online ad,0,0
RW-105666,Hillcrest,46,34,Annual,7,Plus,44,0,0,0,22.4,1,6,9,3,0,0,1,Online ad,0,0
RW-105667,Riverside,27,40,Annual,9,Basic,24,0,0,1,1.7,0,13,16,5,0,1,0,Online ad,0,0
RW-105668,Riverside,40,13,Monthly,0,Plus,49,0,0,0,4.7,1,13,9,3,1,2,0,Online ad,0,0
RW-105669,Lakeview,34,16,Monthly,0,Plus,49,0,1,0,10.8,0,3,7,2,0,0,0,Walk-in,0,0
RW-105670,Hillcrest,24,32,Monthly,0,Plus,49,0,0,0,20.0,1,5,7,11,0,0,1,Online ad,1,1
RW-105671,Riverside,22,11,Monthly,0,Basic,29,1,0,0,4.1,1,9,3,6,5,0,0,Friend,1,0
RW-105672,Downtown,25,7,Annual,1,Plus,44,0,1,0,4.1,1,4,7,12,1,0,0,Walk-in,1,1
RW-105673,Hillcrest,35,4,Annual,7,Premium,74,0,0,1,4.8,1,28,28,0,10,0,1,Online ad,0,0
RW-105674,Hillcrest,27,46,Monthly,0,Plus,49,0,0,0,4.5,1,11,10,2,1,0,0,Walk-in,0,0
RW-105675,Lakeview,36,15,Monthly,0,Basic,29,0,0,0,2.7,1,28,18,5,20,0,1,Corporate,0,0
RW-105676,Downtown,34,120,Annual,0,Basic,24,0,0,0,4.5,0,12,19,4,1,0,0,Walk-in,1,0
RW-105677,Riverside,45,49,Annual,11,Premium,74,0,0,1,1.2,1,3,3,7,0,0,1,Walk-in,1,0
RW-105678,Hillcrest,54,9,Monthly,0,Plus,49,0,0,0,1.6,1,2,19,16,0,1,0,Corporate,0,0
RW-105679,Downtown,32,50,Monthly,0,Plus,49,0,0,0,4.3,1,13,28,0,8,0,0,Walk-in,0,0
RW-105680,Hillcrest,24,16,Monthly,0,Premium,79,0,0,1,1.5,1,13,9,3,1,0,1,Friend,0,0
RW-105681,Westfield,27,10,Monthly,0,Basic,29,0,0,0,3.3,1,4,8,8,0,1,0,Walk-in,0,0
RW-105682,Downtown,30,15,Annual,0,Premium,69,1,0,0,3.0,0,4,2,11,0,0,0,Friend,0,1
RW-105683,Northgate,52,11,Monthly,0,Plus,49,0,0,1,5.2,1,5,9,9,0,0,1,Online ad,0,0
RW-105684,Downtown,40,9,Monthly,0,Basic,29,0,0,0,4.3,0,11,12,4,6,0,0,Walk-in,0,0
RW-105685,Westfield,37,44,Annual,3,Premium,69,1,0,0,3.7,1,9,11,7,1,0,0,Online ad,0,0
RW-105686,Hillcrest,28,36,Monthly,0,Premium,74,1,0,1,7.3,1,19,21,5,10,0,0,Walk-in,0,0
RW-105687,Downtown,30,15,Annual,8,Plus,44,1,0,0,15.5,1,5,9,7,1,1,0,Online ad,0,0
RW-105688,Hillcrest,26,7,Monthly,0,Basic,29,0,0,0,4.8,1,5,6,4,0,0,0,Online ad,0,0
RW-105689,Riverside,50,21,Monthly,0,Basic,29,0,0,0,4.3,1,1,8,5,0,0,0,Walk-in,0,0
RW-105690,Hillcrest,31,11,Monthly,0,Premium,79,0,0,0,6.4,1,24,25,3,1,0,0,Friend,0,0
RW-105691,Riverside,35,28,Annual,2,Plus,44,0,0,0,2.6,1,6,5,3,1,0,1,Online ad,0,0
RW-105692,Downtown,32,31,Monthly,0,Plus,49,0,0,0,2.8,1,12,1,8,0,0,1,Walk-in,0,0
RW-105693,Westfield,26,16,Annual,7,Premium,74,0,0,0,10.3,1,3,4,0,2,0,0,Online ad,0,0
RW-105694,Westfield,40,30,Annual,1,Premium,74,0,0,0,2.4,1,9,12,6,3,0,0,Online ad,0,0
RW-105695,Riverside,31,9,Monthly,0,Plus,49,0,0,0,4.3,1,11,19,6,7,0,0,Online ad,0,0
RW-105696,Downtown,34,6,Annual,5,Premium,74,0,0,1,1.8,1,24,15,3,12,0,0,Friend,0,0
RW-105697,Downtown,28,13,Monthly,0,Plus,49,0,1,0,4.5,0,0,14,40,0,0,1,Online ad,0,0
RW-105698,Hillcrest,37,48,Annual,7,Basic,24,1,0,1,7.7,1,12,13,3,8,0,0,Friend,0,0
RW-105699,Downtown,35,15,Annual,8,Basic,24,1,0,0,3.6,0,2,2,16,0,0,0,Online ad,0,0
RW-105700,Riverside,29,3,Monthly,0,Premium,79,0,0,0,3.7,0,16,7,2,1,0,0,Corporate,0,0
RW-105701,Northgate,33,48,Annual,10,Plus,44,0,0,0,3.3,1,28,23,5,10,0,0,Corporate,0,0
RW-105702,Downtown,22,24,Monthly,0,Premium,79,0,0,0,5.8,0,5,19,0,5,0,1,Online ad,1,0
RW-105703,Northgate,28,7,Annual,6,Basic,24,0,1,0,18.3,1,1,1,6,0,1,0,Online ad,1,0
RW-105704,Hillcrest,33,5,Annual,11,Plus,44,0,0,0,2.1,1,5,6,10,3,0,0,Corporate,2,0
RW-105705,Downtown,27,18,Annual,4,Plus,34,1,0,0,4.6,0,4,7,0,0,0,0,Online ad,0,0
RW-105706,Downtown,30,50,Monthly,0,Premium,69,1,1,0,8.6,1,12,21,5,5,0,0,Walk-in,0,0
RW-105707,Riverside,37,23,Monthly,0,Basic,29,0,1,1,6.5,0,18,10,5,1,2,0,Walk-in,0,0
RW-105708,Westfield,33,41,Monthly,0,Basic,29,0,0,0,1.7,0,5,9,0,1,0,0,Walk-in,0,0
RW-105709,Westfield,52,2,Monthly,0,Basic,29,0,0,0,3.5,0,9,10,9,0,1,0,Online ad,0,0
RW-105710,Northgate,54,2,Annual,3,Premium,74,0,0,0,5.0,1,0,8,85,0,1,1,Online ad,0,1
RW-105711,Hillcrest,60,5,Annual,11,Plus,44,0,0,0,15.1,1,3,4,8,1,0,0,Online ad,0,0
RW-105712,Downtown,38,17,Annual,11,Basic,24,0,0,0,4.4,0,0,6,45,0,0,0,Online ad,0,1
RW-105713,Northgate,51,38,Monthly,0,Premium,69,1,0,0,7.5,0,7,8,6,4,0,0,Walk-in,2,0
RW-105714,Northgate,43,51,Monthly,0,Basic,19,1,0,0,7.3,0,9,10,7,2,0,0,Walk-in,1,0
RW-105715,Lakeview,31,13,Annual,6,Basic,24,0,1,0,15.1,0,7,4,10,0,0,1,Walk-in,0,0
RW-105716,Riverside,45,64,Annual,8,Basic,24,0,1,0,7.0,1,18,18,0,0,0,0,Walk-in,0,0
RW-105717,Lakeview,34,36,Monthly,0,Basic,29,0,0,0,3.7,0,12,8,1,1,0,0,Walk-in,1,0
RW-105718,Westfield,46,10,Annual,1,Basic,14,1,0,0,5.0,1,3,7,1,0,0,0,Online ad,0,1
RW-105719,Northgate,65,54,Monthly,0,Plus,49,0,1,0,10.0,0,14,13,0,1,0,0,Corporate,0,0
RW-105720,Westfield,31,2,Monthly,0,Plus,49,0,0,0,2.9,1,2,4,6,2,1,1,Friend,0,0
RW-105721,Westfield,26,6,Annual,5,Basic,24,0,0,0,9.2,0,0,3,32,0,0,0,Corporate,0,0
RW-105722,Downtown,40,28,Monthly,0,Basic,29,0,0,0,11.5,1,4,4,11,1,0,0,Friend,1,0
RW-105723,Westfield,41,51,Monthly,0,Plus,49,1,0,0,3.5,0,1,6,9,0,1,1,Walk-in,0,0
RW-105724,Downtown,36,26,Monthly,0,Plus,44,1,0,0,9.0,0,1,0,18,0,0,0,Walk-in,1,0
RW-105725,Downtown,24,10,Monthly,0,Basic,29,0,0,0,3.1,1,9,8,9,0,0,0,Friend,0,1
RW-105726,Northgate,45,10,Annual,6,Plus,44,0,0,0,8.0,1,8,7,9,3,0,0,Online ad,0,0
RW-105727,Downtown,27,33,Monthly,0,Plus,49,0,0,0,4.3,0,6,6,6,2,0,0,Walk-in,0,0
RW-105728,Northgate,28,1,Monthly,0,Basic,19,1,0,0,7.0,0,1,0,3,0,0,0,Friend,0,1
RW-105729,Westfield,45,18,Monthly,0,Basic,29,0,0,0,1.9,1,7,8,10,0,1,0,Online ad,0,0
RW-105730,Northgate,22,13,Monthly,0,Basic,29,0,0,0,7.2,1,1,4,7,0,0,1,Corporate,1,1
RW-105731,Downtown,39,14,Annual,9,Basic,24,0,0,0,14.1,1,16,23,7,0,0,0,Friend,0,0
RW-105732,Westfield,40,2,Monthly,0,Basic,29,0,0,0,2.5,0,9,8,4,5,1,0,Friend,0,0
RW-105733,Hillcrest,66,3,Monthly,0,Plus,49,0,0,0,12.1,1,10,8,5,8,0,1,Online ad,0,1
RW-105734,Lakeview,31,19,Monthly,0,Premium,79,0,0,0,7.5,0,1,9,21,0,1,0,Corporate,0,1
RW-105735,Downtown,31,1,Monthly,0,Basic,29,0,0,1,3.2,0,16,0,1,5,0,0,Walk-in,1,0
RW-105736,Downtown,36,4,Annual,5,Plus,44,0,0,0,10.4,1,5,4,6,0,1,0,Walk-in,0,0
RW-105737,Hillcrest,34,3,Monthly,0,Basic,29,0,0,0,2.5,0,9,11,9,0,1,1,Friend,0,0
RW-105738,Westfield,33,20,Monthly,0,Basic,29,0,0,0,5.3,0,4,3,4,1,0,0,Corporate,0,1
RW-105739,Downtown,29,14,Monthly,0,Basic,29,0,0,0,2.9,0,2,5,12,0,1,0,Online ad,0,1
RW-105740,Hillcrest,36,3,Monthly,0,Basic,29,0,0,0,3.2,0,10,9,7,3,0,0,Online ad,0,0
RW-105741,Riverside,37,15,Annual,2,Basic,24,0,0,0,2.5,0,0,1,42,0,0,0,Walk-in,0,0
RW-105742,Northgate,26,16,Monthly,0,Plus,49,1,0,0,2.0,1,10,20,2,2,1,1,Walk-in,0,0
RW-105743,Hillcrest,28,21,Annual,0,Basic,24,0,0,0,4.5,1,3,8,8,0,0,0,Walk-in,0,1
RW-105744,Westfield,27,23,Monthly,0,Basic,29,0,0,1,4.4,1,24,10,3,12,0,0,Walk-in,0,0
RW-105745,Downtown,26,34,Monthly,0,Premium,79,0,0,1,22.0,0,4,8,4,0,0,1,Friend,0,1
RW-105746,Northgate,32,35,Monthly,0,Basic,29,0,0,0,9.9,0,13,9,2,0,0,0,Walk-in,0,1
RW-105747,Lakeview,44,7,Monthly,0,Plus,49,0,0,0,1.9,1,1,5,13,0,1,0,Friend,0,1
RW-105748,Lakeview,53,2,Monthly,0,Premium,79,0,0,1,2.6,1,18,12,2,12,1,0,Online ad,0,0
RW-105749,Northgate,46,50,Monthly,0,Premium,74,1,0,0,4.4,0,2,6,17,0,1,0,Online ad,0,0
RW-105750,Riverside,35,28,Annual,2,Basic,24,0,0,0,8.8,1,1,6,1,1,0,0,Online ad,0,0
RW-105751,Riverside,49,31,Monthly,0,Basic,29,0,0,0,7.2,1,7,9,1,0,0,1,Friend,0,0
RW-105752,Hillcrest,32,2,Monthly,0,Premium,69,1,0,0,12.1,0,5,4,7,1,0,0,Friend,0,1
RW-105753,Northgate,33,19,Annual,6,Plus,44,1,0,0,2.0,1,17,21,2,6,1,1,Online ad,1,0
RW-105754,Northgate,31,32,Annual,1,Basic,24,0,0,0,4.0,1,28,20,4,2,0,0,Online ad,0,0
RW-105755,Riverside,38,40,Monthly,0,Plus,49,0,0,0,1.3,1,15,27,7,0,1,0,Online ad,1,0
RW-105756,Downtown,32,12,Monthly,0,Plus,49,0,0,0,7.1,0,0,3,45,0,0,0,Friend,1,0
RW-105757,Downtown,34,29,Monthly,0,Plus,49,0,0,0,9.6,1,2,13,6,0,0,0,Friend,1,0
RW-105758,Riverside,37,44,Monthly,0,Basic,29,0,0,0,5.9,1,13,18,2,1,0,1,Friend,0,0
RW-105759,Lakeview,24,33,Monthly,0,Plus,49,0,0,0,11.0,0,8,8,1,1,0,0,Friend,0,0
RW-105760,Riverside,29,19,Annual,4,Basic,24,0,0,0,5.5,0,10,14,8,1,1,1,Online ad,1,0
RW-105761,Downtown,36,20,Annual,8,Basic,24,0,1,1,9.9,0,6,6,11,0,0,0,Online ad,0,0
RW-105762,Downtown,31,21,Monthly,0,Plus,49,0,0,0,4.5,0,8,11,3,0,0,0,Online ad,0,0
RW-105763,Downtown,38,112,Monthly,0,Premium,79,0,1,0,5.3,0,2,3,6,0,0,0,Online ad,0,0
RW-105764,Northgate,47,5,Annual,1,Premium,64,1,0,0,13.8,1,4,9,11,2,1,1,Walk-in,0,1
RW-105765,Northgate,36,13,Annual,6,Plus,44,0,1,0,4.3,1,10,5,2,0,0,0,Walk-in,0,0
RW-105766,Riverside,44,7,Monthly,0,Premium,79,0,0,1,5.7,1,20,15,5,1,2,0,Friend,0,0
RW-105767,Hillcrest,41,5,Annual,2,Basic,24,0,0,0,1.5,1,5,4,9,0,0,0,Corporate,0,0
RW-105768,Hillcrest,43,30,Annual,8,Plus,44,0,0,0,3.0,0,9,15,3,3,0,0,Online ad,0,0
RW-105769,Northgate,26,2,Annual,2,Basic,19,1,0,0,2.3,0,6,6,8,0,0,0,Walk-in,0,0
RW-105770,Hillcrest,24,69,Monthly,0,Plus,49,0,0,0,6.5,1,6,7,11,0,0,0,Online ad,0,0
RW-105771,Riverside,41,14,Annual,5,Plus,44,0,0,0,9.1,0,3,5,14,0,1,1,Walk-in,0,0
RW-105772,Riverside,27,2,Monthly,0,Plus,49,0,0,0,10.8,1,5,4,11,3,1,0,Walk-in,0,0
RW-105773,Northgate,40,26,Annual,2,Basic,24,0,0,0,4.4,1,0,2,46,0,0,0,Friend,0,0
RW-105774,Northgate,28,33,Annual,5,Plus,44,0,0,0,3.7,1,28,28,2,0,0,0,Walk-in,0,0
RW-105775,Northgate,58,61,Monthly,0,Plus,44,1,0,0,7.4,0,13,3,0,1,0,0,Online ad,0,0
RW-105776,Riverside,30,36,Monthly,0,Premium,79,0,1,0,9.0,0,4,3,0,2,1,0,Friend,0,0
RW-105777,Hillcrest,59,72,Monthly,0,Plus,49,0,1,0,24.5,1,4,7,8,4,2,1,Walk-in,0,1
RW-105778,Hillcrest,27,13,Monthly,0,Premium,79,1,0,0,4.0,1,9,8,8,0,0,0,Walk-in,0,0
RW-105779,Westfield,30,10,Monthly,0,Premium,79,0,0,1,7.5,1,2,7,4,0,0,0,Online ad,0,0
RW-105780,Westfield,35,8,Monthly,0,Plus,49,0,0,0,12.8,0,6,6,6,4,0,0,Online ad,0,0
RW-105781,Downtown,44,40,Annual,10,Basic,24,0,0,1,3.8,0,2,4,5,1,1,0,Online ad,0,0
RW-105782,Riverside,31,54,Monthly,0,Premium,79,0,1,0,3.6,1,19,18,1,0,1,0,Online ad,0,0
RW-105783,Downtown,29,21,Annual,5,Premium,74,1,0,0,2.3,0,1,11,11,0,0,1,Walk-in,0,0
RW-105784,Lakeview,31,66,Annual,6,Plus,44,0,0,0,3.1,1,5,11,2,0,0,1,Friend,1,0
RW-105785,Downtown,38,26,Annual,9,Plus,44,0,0,0,13.8,0,5,8,8,3,1,0,Walk-in,0,0
RW-105786,Downtown,32,12,Monthly,0,Plus,49,0,0,0,10.3,1,19,12,6,7,0,1,Online ad,0,0
RW-105787,Riverside,35,9,Monthly,0,Basic,29,0,0,0,4.5,1,12,6,8,1,0,0,Online ad,1,0
RW-105788,Northgate,52,43,Monthly,0,Basic,29,0,0,0,11.7,0,25,12,4,1,0,0,Friend,0,0
RW-105789,Lakeview,38,31,Annual,1,Plus,44,0,0,0,2.4,0,28,28,5,14,0,1,Online ad,0,0
RW-105790,Lakeview,40,4,Monthly,0,Premium,79,0,0,0,6.2,1,8,11,9,6,0,0,Friend,0,0
RW-105791,Hillcrest,19,6,Annual,9,Basic,24,0,0,0,13.6,1,6,7,8,0,0,0,Corporate,0,0
RW-105792,Westfield,34,34,Annual,10,Basic,24,0,0,0,3.6,0,8,10,1,2,0,0,Walk-in,0,0
RW-105793,Lakeview,53,58,Annual,1,Basic,24,0,0,0,1.4,0,12,13,0,9,1,0,Friend,0,0
RW-105794,Downtown,45,76,Annual,0,Plus,44,1,0,0,6.4,0,4,8,4,2,0,1,Friend,1,1
RW-105795,Northgate,29,19,Annual,5,Basic,24,0,0,0,5.4,1,2,6,5,1,0,1,Walk-in,0,0
RW-105796,Lakeview,62,6,Monthly,0,Plus,44,1,0,0,5.1,1,16,17,5,8,0,0,Walk-in,0,0
RW-105797,Northgate,29,89,Annual,11,Basic,19,1,0,0,7.2,1,9,9,4,1,0,0,Walk-in,0,0
RW-105798,Riverside,39,6,Annual,4,Premium,74,0,0,1,3.8,0,12,16,0,4,0,0,Online ad,0,0
RW-105799,Northgate,33,15,Monthly,0,Basic,29,0,1,1,1.6,1,6,19,0,1,0,0,Online ad,1,0
RW-105800,Hillcrest,28,30,Monthly,0,Basic,29,0,1,0,1.9,0,22,16,2,12,0,0,Corporate,0,0
RW-105801,Westfield,34,7,Monthly,0,Premium,79,0,0,0,11.3,0,1,4,1,0,0,0,Walk-in,0,1
RW-105802,Riverside,35,17,Annual,7,Plus,44,0,0,0,16.5,1,4,4,10,0,0,0,Online ad,1,1
RW-105803,Westfield,30,37,Monthly,0,Premium,79,0,0,1,7.2,0,6,8,2,0,0,0,Online ad,0,0
RW-105804,Downtown,20,28,Monthly,0,Basic,29,1,1,0,3.1,1,8,7,1,5,0,0,Walk-in,0,0
RW-105805,Riverside,26,43,Monthly,0,Basic,29,0,0,0,6.4,0,1,9,2,0,0,0,Online ad,0,1
RW-105806,Lakeview,42,13,Annual,3,Basic,24,0,0,0,9.2,1,8,6,2,3,0,0,Friend,0,0
RW-105807,Riverside,23,16,Monthly,0,Premium,79,0,0,1,2.6,0,3,7,8,0,0,0,Corporate,0,1
RW-105808,Northgate,35,34,Annual,6,Plus,44,0,0,0,2.5,1,18,21,6,1,0,0,Friend,0,0
RW-105809,Downtown,39,16,Monthly,0,Premium,79,0,0,0,3.8,1,4,11,4,1,0,0,Walk-in,0,1
RW-105810,Hillcrest,32,15,Monthly,0,Plus,49,0,0,0,7.5,1,6,0,2,1,1,0,Corporate,0,0
RW-105811,Riverside,39,88,Monthly,0,Plus,49,0,0,1,4.0,1,14,28,4,0,0,0,Online ad,0,0
RW-105812,Downtown,29,12,Annual,5,Basic,24,0,1,0,4.7,0,3,0,0,0,1,0,Friend,0,0
RW-105813,Northgate,23,39,Annual,1,Basic,24,0,1,0,9.8,0,6,16,5,1,0,1,Walk-in,0,1
RW-105814,Hillcrest,30,5,Monthly,0,Basic,29,0,1,0,12.3,0,4,11,1,2,1,0,Online ad,0,0
RW-105815,Northgate,34,5,Annual,3,Plus,44,1,0,0,4.2,1,7,17,2,3,1,0,Walk-in,0,0
RW-105816,Westfield,60,8,Monthly,0,Basic,19,1,0,0,2.4,0,20,10,1,9,0,0,Corporate,0,0
RW-105817,Riverside,74,7,Monthly,0,Basic,29,0,0,0,6.5,0,0,4,34,0,0,0,Corporate,0,0
RW-105818,Northgate,24,24,Monthly,0,Plus,49,0,1,0,9.7,1,4,8,0,0,0,1,Online ad,1,1
RW-105819,Hillcrest,30,49,Monthly,0,Plus,49,0,0,0,3.3,0,6,7,9,3,0,0,Walk-in,0,0
RW-105820,Northgate,21,1,Monthly,0,Premium,79,0,0,1,6.6,0,0,0,57,0,0,0,Walk-in,1,1
RW-105821,Northgate,70,12,Monthly,0,Basic,29,0,0,0,2.5,0,4,17,6,0,1,0,Online ad,0,1
RW-105822,Riverside,33,11,Monthly,0,Basic,29,0,0,0,3.8,1,24,27,4,12,2,0,Friend,0,0
RW-105823,Northgate,35,18,Annual,10,Basic,24,0,0,0,2.0,0,1,7,6,0,0,0,Friend,0,0
RW-105824,Lakeview,27,2,Annual,8,Premium,74,0,0,0,9.3,0,9,8,3,1,0,0,Online ad,0,0
RW-105825,Hillcrest,36,32,Annual,6,Plus,44,0,0,0,1.5,1,5,11,6,0,0,0,Friend,1,0
RW-105826,Northgate,21,48,Monthly,0,Basic,29,0,1,0,3.1,1,5,11,11,2,0,0,Online ad,0,0
RW-105827,Westfield,66,4,Monthly,0,Basic,29,0,0,0,2.6,1,2,9,2,1,1,0,Online ad,0,0
RW-105828,Downtown,24,12,Annual,11,Basic,24,0,0,0,4.0,0,4,5,2,1,1,0,Online ad,0,0
RW-105829,Northgate,36,56,Annual,9,Premium,74,0,0,0,3.3,1,0,3,51,0,0,0,Online ad,1,0
RW-105830,Downtown,35,13,Monthly,0,Basic,19,1,0,0,7.1,0,6,7,2,1,0,0,Walk-in,0,0
RW-105831,Downtown,36,4,Annual,4,Plus,44,0,0,0,6.8,0,2,10,1,0,0,0,Online ad,1,0
RW-105832,Riverside,66,10,Annual,7,Plus,44,0,1,0,4.4,1,11,14,7,0,1,0,Walk-in,0,0
RW-105833,Northgate,48,6,Annual,11,Premium,74,0,1,0,1.3,1,10,8,2,6,0,0,Online ad,0,0
RW-105834,Downtown,34,9,Annual,5,Plus,44,0,0,0,11.4,1,20,25,0,12,2,0,Online ad,0,0
RW-105835,Westfield,28,32,Monthly,0,Plus,49,0,0,0,7.7,0,2,14,13,0,0,0,Walk-in,0,1
RW-105836,Riverside,49,35,Monthly,0,Basic,29,1,0,0,1.6,1,21,17,6,12,0,0,Online ad,0,0
RW-105837,Northgate,23,10,Monthly,0,Plus,49,0,0,0,2.9,1,6,12,5,0,0,0,Online ad,0,0
RW-105838,Lakeview,49,4,Monthly,0,Basic,19,1,0,0,5.6,1,17,7,2,0,1,1,Walk-in,0,1
RW-105839,Hillcrest,33,29,Annual,6,Basic,24,0,0,0,7.8,0,23,18,0,10,0,1,Corporate,0,0
RW-105840,Hillcrest,39,18,Annual,8,Plus,44,0,1,0,4.1,0,5,6,8,0,0,1,Friend,0,0
RW-105841,Westfield,35,33,Annual,7,Basic,19,1,0,0,10.8,0,18,15,1,11,0,1,Walk-in,0,0
RW-105842,Northgate,60,10,Monthly,0,Basic,19,1,0,0,5.3,0,2,5,12,1,0,0,Friend,0,0
RW-105843,Downtown,37,14,Monthly,0,Basic,19,1,0,0,2.6,1,16,15,0,2,0,0,Online ad,0,0
RW-105844,Downtown,52,9,Monthly,0,Basic,29,0,0,0,6.5,1,14,28,3,0,0,0,Online ad,0,0
RW-105845,Northgate,31,9,Monthly,0,Basic,29,1,0,0,6.2,0,6,3,9,0,0,1,Walk-in,0,0
RW-105846,Northgate,36,4,Monthly,0,Premium,79,0,0,1,4.6,1,10,16,5,1,0,0,Walk-in,0,0
RW-105847,Lakeview,38,12,Monthly,0,Basic,19,1,0,1,1.9,0,3,8,10,0,0,0,Friend,1,0
RW-105848,Northgate,30,56,Monthly,0,Premium,69,1,0,1,9.8,1,7,14,0,0,0,1,Online ad,0,0
RW-105849,Hillcrest,29,28,Annual,8,Plus,44,0,0,1,4.9,0,6,8,6,5,0,0,Friend,0,0
RW-105850,Downtown,23,5,Annual,6,Basic,24,0,0,0,5.3,1,2,7,3,0,0,0,Walk-in,1,0
RW-105851,Northgate,24,3,Annual,7,Plus,44,0,0,0,3.8,0,2,6,16,2,0,0,Walk-in,2,1
RW-105852,Riverside,28,120,Annual,4,Plus,44,1,0,0,2.6,0,3,9,8,1,0,0,Walk-in,0,0
RW-105853,Lakeview,56,41,Monthly,0,Plus,49,0,0,0,3.5,0,11,11,1,0,0,1,Walk-in,0,1
RW-105854,Riverside,42,12,Annual,3,Basic,24,0,0,0,6.3,1,1,4,20,0,0,0,Walk-in,0,0
RW-105855,Riverside,32,44,Monthly,0,Basic,29,0,0,0,4.1,1,2,7,14,1,1,0,Corporate,0,0
RW-105856,Riverside,20,11,Monthly,0,Premium,79,0,0,1,17.1,0,7,5,5,2,0,0,Walk-in,0,0
RW-105857,Northgate,25,5,Annual,8,Basic,24,0,0,0,3.5,0,6,9,6,1,0,0,Walk-in,0,0
RW-105858,Northgate,31,69,Annual,7,Plus,44,0,0,0,4.4,1,12,13,5,3,0,0,Online ad,0,0
RW-105859,Hillcrest,52,23,Annual,3,Premium,74,0,0,1,6.4,1,28,28,0,8,0,1,Online ad,0,0
RW-105860,Lakeview,32,13,Monthly,0,Basic,29,0,0,0,1.9,1,28,26,5,11,0,1,Online ad,1,0
RW-105861,Westfield,38,18,Annual,4,Basic,14,1,0,0,4.6,1,7,7,4,0,0,1,Walk-in,0,0
RW-105862,Lakeview,33,23,Monthly,0,Basic,29,0,1,0,4.7,1,9,6,2,1,0,0,Online ad,0,0
RW-105863,Riverside,63,16,Monthly,0,Plus,49,0,1,0,19.3,1,3,2,4,0,0,0,Friend,0,0
RW-105864,Lakeview,52,34,Monthly,0,Plus,49,0,1,0,5.2,0,8,9,8,6,0,0,Walk-in,0,0
RW-105865,Downtown,34,8,Annual,6,Premium,74,0,0,0,0.8,0,4,14,5,1,0,0,Online ad,0,0
RW-105866,Riverside,31,26,Annual,8,Premium,74,0,0,0,0.9,1,2,6,13,1,0,0,Online ad,0,1
RW-105867,Downtown,63,55,Monthly,0,Basic,29,0,0,1,5.2,0,0,7,42,0,0,0,Walk-in,0,1
RW-105868,Downtown,40,28,Annual,3,Plus,44,0,0,0,8.9,1,0,2,39,0,2,0,Friend,0,0
RW-105869,Hillcrest,28,10,Monthly,0,Plus,49,0,0,0,11.0,0,10,14,3,6,0,0,Online ad,0,0
RW-105870,Westfield,57,14,Annual,5,Plus,34,1,0,0,8.6,1,6,10,2,0,0,1,Walk-in,0,0
RW-105871,Riverside,32,2,Monthly,0,Basic,24,1,0,0,2.4,0,2,6,3,2,0,0,Corporate,0,1
RW-105872,Northgate,31,21,Monthly,0,Basic,29,0,0,0,3.9,0,6,5,9,1,0,0,Walk-in,1,0
RW-105873,Lakeview,48,41,Monthly,0,Basic,19,1,0,0,15.8,0,11,13,7,7,0,0,Walk-in,0,0
RW-105874,Northgate,40,5,Monthly,0,Basic,29,1,0,0,5.7,1,9,7,6,3,0,1,Walk-in,0,0
RW-105875,Hillcrest,52,14,Monthly,0,Plus,49,0,0,0,3.3,0,11,11,0,6,0,0,Online ad,0,0
RW-105876,Hillcrest,24,12,Monthly,0,Plus,49,0,0,1,2.4,1,9,7,1,2,0,0,Corporate,1,0
RW-105877,Downtown,49,10,Annual,3,Premium,74,0,0,1,5.0,0,1,5,4,0,0,0,Corporate,1,0
RW-105878,Northgate,41,2,Annual,4,Premium,69,1,0,0,2.1,0,14,16,4,0,0,0,Online ad,0,0
RW-105879,Lakeview,35,13,Annual,9,Plus,39,1,0,0,3.2,0,4,8,11,0,1,0,Online ad,0,0
RW-105880,Hillcrest,24,5,Monthly,0,Plus,49,0,0,0,2.2,0,0,3,36,0,0,1,Friend,0,1
RW-105881,Lakeview,19,4,Monthly,0,Plus,49,0,0,0,5.3,0,5,20,4,0,1,0,Friend,0,0
RW-105882,Westfield,58,40,Annual,4,Basic,14,1,0,0,9.9,1,10,10,7,0,0,0,Walk-in,0,0
RW-105883,Westfield,56,5,Annual,11,Basic,14,1,1,0,15.9,1,7,3,10,1,1,0,Online ad,0,0
RW-105884,Northgate,21,39,Annual,9,Basic,24,0,0,0,4.7,0,2,3,4,0,0,0,Friend,2,0
RW-105885,Lakeview,26,63,Annual,0,Basic,24,0,0,0,1.3,0,13,9,3,1,0,0,Online ad,2,1
RW-105886,Riverside,33,7,Annual,3,Plus,44,0,0,0,2.8,0,6,8,11,0,0,0,Online ad,0,0
RW-105887,Hillcrest,49,16,Annual,9,Plus,44,0,0,1,7.0,1,28,13,4,5,0,0,Corporate,0,0
RW-105888,Westfield,77,10,Monthly,0,Plus,49,0,0,0,9.6,0,0,3,53,0,1,0,Corporate,0,0
RW-105889,Northgate,28,18,Annual,9,Premium,69,1,0,1,2.3,1,11,4,4,5,1,0,Online ad,0,0
RW-105890,Riverside,28,17,Monthly,0,Premium,79,0,0,0,5.8,0,7,7,0,2,0,0,Friend,0,1
RW-105891,Downtown,38,17,Monthly,0,Plus,49,0,0,0,4.5,0,1,6,13,0,0,0,Online ad,0,0
RW-105892,Hillcrest,39,4,Annual,0,Premium,74,0,0,0,3.4,0,6,11,1,0,0,0,Walk-in,0,1
RW-105893,Westfield,23,15,Monthly,0,Plus,49,1,0,0,11.0,0,6,11,1,0,0,0,Online ad,1,0
RW-105894,Westfield,23,24,Annual,11,Basic,24,0,1,0,1.8,1,11,17,0,1,1,0,Friend,0,0
RW-105895,Northgate,26,13,Monthly,0,Premium,79,0,0,1,4.0,0,4,6,4,0,0,1,Online ad,0,0
RW-105896,Downtown,33,37,Monthly,0,Basic,29,0,0,0,3.0,1,9,5,8,1,0,0,Corporate,0,0
RW-105897,Westfield,30,2,Annual,9,Basic,24,0,0,0,1.8,0,2,7,5,0,1,1,Online ad,0,0
RW-105898,Riverside,37,2,Monthly,0,Premium,79,0,0,1,3.4,1,7,12,7,3,0,0,Online ad,1,0
RW-105899,Hillcrest,28,17,Annual,3,Basic,19,1,0,1,6.2,1,18,22,1,0,2,0,Walk-in,0,0
RW-105900,Riverside,20,9,Monthly,0,Basic,24,1,0,0,6.1,0,8,4,7,2,1,0,Friend,0,0
RW-105901,Westfield,24,6,Annual,7,Plus,44,0,0,0,7.0,1,18,14,1,12,1,1,Walk-in,0,0
RW-105902,Westfield,51,26,Monthly,0,Basic,19,1,0,0,3.6,1,6,15,2,0,0,0,Corporate,0,0
RW-105903,Hillcrest,23,34,Annual,7,Plus,44,0,0,0,3.1,1,15,15,2,4,0,0,Online ad,1,0
RW-105904,Westfield,28,26,Monthly,0,Plus,44,1,0,0,2.2,1,4,14,7,1,0,0,Walk-in,0,0
RW-105905,Lakeview,19,40,Monthly,0,Basic,29,0,0,0,1.8,1,21,8,2,1,1,0,Walk-in,0,0
RW-105906,Lakeview,23,7,Annual,2,Basic,24,0,0,0,11.4,1,2,4,6,0,0,0,Walk-in,0,0
RW-105907,Northgate,31,50,Annual,7,Premium,74,0,1,0,31.5,1,5,12,5,0,0,0,Online ad,0,0
RW-105908,Northgate,68,2,Monthly,0,Plus,49,0,1,0,9.9,0,1,5,20,0,3,0,Corporate,1,1
RW-105909,Downtown,38,46,Annual,0,Plus,44,1,0,0,2.6,1,7,5,0,1,1,0,Walk-in,0,0
RW-105910,Downtown,51,54,Monthly,0,Premium,74,1,0,1,2.2,1,22,27,1,9,0,0,Online ad,1,0
RW-105911,Riverside,21,9,Annual,1,Plus,44,0,0,1,2.3,1,8,22,3,0,0,0,Online ad,0,0
RW-105912,Downtown,26,8,Monthly,0,Basic,29,0,0,0,1.0,0,4,5,6,0,0,0,Online ad,1,1
RW-105913,Riverside,23,9,Monthly,0,Premium,79,1,1,1,9.0,0,2,5,1,0,1,0,Online ad,0,0
RW-105914,Northgate,47,78,Annual,0,Basic,24,0,0,0,3.5,0,7,4,10,4,1,0,Friend,1,0
RW-105915,Lakeview,78,14,Monthly,0,Plus,49,0,0,0,9.1,0,4,3,13,0,0,0,Friend,0,0
RW-105916,Riverside,65,3,Annual,9,Plus,44,0,0,0,5.7,1,10,18,6,0,1,0,Friend,1,0
RW-105917,Downtown,27,12,Monthly,0,Basic,29,0,0,0,5.4,0,15,15,3,1,0,0,Online ad,0,0
RW-105918,Westfield,30,23,Monthly,0,Basic,29,0,0,0,10.3,1,9,5,6,0,0,0,Corporate,0,0
RW-105919,Northgate,36,45,Monthly,0,Basic,19,1,0,0,2.7,1,9,8,5,1,2,0,Walk-in,0,0
RW-105920,Hillcrest,21,21,Annual,6,Basic,24,0,0,0,8.5,1,6,7,9,0,0,1,Walk-in,1,0
RW-105921,Hillcrest,23,6,Monthly,0,Premium,79,0,0,0,1.6,0,18,27,1,0,0,0,Friend,0,0
RW-105922,Lakeview,39,2,Annual,9,Plus,39,1,1,0,4.4,0,14,17,5,8,0,0,Online ad,0,0
RW-105923,Downtown,39,31,Monthly,0,Basic,19,1,0,0,3.5,0,28,28,3,14,0,0,Online ad,0,0
RW-105924,Riverside,31,5,Annual,3,Basic,24,0,0,0,14.3,1,0,4,83,0,0,0,Online ad,0,0
RW-105925,Northgate,43,8,Monthly,0,Plus,49,0,0,0,7.7,0,9,4,3,1,0,0,Online ad,1,0
RW-105926,Lakeview,33,26,Monthly,0,Basic,29,0,0,0,2.2,0,9,11,6,5,0,1,Corporate,1,0
RW-105927,Northgate,25,25,Annual,0,Basic,24,0,0,0,3.3,0,16,19,0,0,0,0,Walk-in,0,0
RW-105928,Hillcrest,26,20,Monthly,0,Basic,29,0,0,0,2.2,1,3,15,14,1,0,0,Friend,0,0
RW-105929,Northgate,34,23,Annual,11,Basic,14,1,1,0,3.2,0,14,28,7,4,0,1,Online ad,0,0
RW-105930,Westfield,60,26,Annual,7,Plus,44,0,0,0,2.3,1,11,4,7,0,0,0,Online ad,1,0
RW-105931,Northgate,37,7,Annual,11,Basic,24,0,0,0,1.9,1,3,23,9,0,0,0,Walk-in,0,0
RW-105932,Hillcrest,33,77,Monthly,0,Premium,79,0,0,0,3.6,1,28,23,0,1,1,0,Online ad,0,0
RW-105933,Northgate,38,7,Annual,1,Plus,34,1,1,0,2.9,1,16,12,7,0,1,0,Walk-in,0,1
RW-105934,Downtown,44,34,Monthly,0,Plus,44,1,0,0,4.4,1,10,9,2,6,2,0,Walk-in,0,0
RW-105935,Northgate,24,68,Annual,2,Plus,44,0,0,0,2.9,0,10,8,8,4,0,0,Friend,1,0
RW-105936,Downtown,25,1,Annual,4,Basic,19,1,0,0,3.3,1,11,0,8,5,0,1,Walk-in,0,0
RW-105937,Westfield,21,16,Annual,11,Plus,44,0,0,0,6.0,1,16,17,1,0,0,1,Friend,0,0
RW-105938,Riverside,38,26,Annual,10,Plus,44,0,1,0,8.1,0,1,6,8,0,1,0,Friend,0,0
RW-105939,Riverside,41,25,Monthly,0,Plus,49,1,0,0,18.5,1,17,6,1,1,1,0,Online ad,0,0
RW-105940,Downtown,26,24,Monthly,0,Premium,79,0,1,1,2.6,1,8,11,4,4,0,0,Online ad,0,0
RW-105941,Westfield,43,7,Annual,1,Premium,64,1,0,0,2.2,1,12,9,2,5,1,0,Online ad,0,1
RW-105942,Lakeview,31,4,Monthly,0,Basic,29,0,0,0,2.3,0,12,22,4,4,0,0,Walk-in,0,0
RW-105943,Westfield,41,3,Monthly,0,Basic,29,0,1,0,27.8,1,6,1,0,2,0,0,Walk-in,0,0
RW-105944,Westfield,53,13,Monthly,0,Premium,79,0,0,0,7.7,0,8,8,0,0,1,0,Friend,0,0
RW-105945,Westfield,30,78,Monthly,0,Plus,49,0,0,0,4.1,1,11,11,2,0,1,1,Corporate,0,0
RW-105946,Downtown,37,10,Annual,2,Basic,24,0,0,0,16.5,1,1,7,13,0,0,0,Walk-in,0,1
RW-105947,Downtown,27,11,Annual,11,Basic,24,0,1,0,8.1,1,7,5,2,1,1,1,Walk-in,0,0
RW-105948,Lakeview,40,49,Annual,8,Basic,14,1,0,0,5.5,0,6,6,2,0,0,1,Online ad,0,0
RW-105949,Lakeview,36,16,Monthly,0,Plus,39,1,0,0,6.4,1,14,7,7,3,0,1,Corporate,0,1
RW-105950,Riverside,26,5,Monthly,0,Plus,49,0,0,0,3.5,0,24,14,3,6,1,0,Friend,0,0
RW-105951,Riverside,25,51,Annual,2,Plus,44,0,0,0,5.4,1,7,9,6,3,0,0,Friend,0,0
RW-105952,Northgate,39,12,Annual,7,Plus,44,0,0,0,7.5,0,14,14,0,7,0,0,Online ad,0,0
RW-105953,Hillcrest,28,2,Monthly,0,Plus,49,0,1,0,2.8,0,0,0,38,0,0,0,Online ad,0,1
RW-105954,Downtown,30,7,Monthly,0,Basic,29,0,0,0,2.7,1,1,6,1,0,0,1,Walk-in,0,0
RW-105955,Northgate,61,8,Annual,11,Plus,39,1,0,0,26.4,1,0,5,46,0,0,0,Friend,0,1
RW-105956,Hillcrest,20,20,Annual,10,Plus,39,1,0,0,3.9,1,4,11,6,0,0,0,Corporate,0,0
RW-105957,Lakeview,34,46,Monthly,0,Plus,49,0,0,0,5.6,0,9,9,9,0,0,0,Friend,1,0
RW-105958,Hillcrest,47,5,Monthly,0,Plus,49,0,1,0,3.0,1,3,7,0,3,1,0,Walk-in,0,0
RW-105959,Northgate,72,3,Annual,7,Basic,24,0,0,1,7.6,0,27,28,5,1,0,1,Online ad,0,0
RW-105960,Downtown,41,12,Monthly,0,Plus,49,0,0,0,5.0,1,11,16,1,0,1,1,Friend,0,0
RW-105961,Riverside,41,4,Monthly,0,Basic,29,0,0,0,2.7,0,7,11,4,0,0,1,Walk-in,0,0
RW-105962,Riverside,37,10,Annual,8,Basic,24,0,0,0,3.3,0,10,10,8,0,0,0,Friend,0,0
RW-105963,Riverside,46,29,Annual,7,Premium,69,1,0,0,2.1,1,2,5,16,1,0,1,Friend,0,0
RW-105964,Northgate,42,39,Monthly,0,Basic,29,0,0,0,9.8,1,5,6,9,3,0,0,Friend,0,0
RW-105965,Lakeview,31,2,Monthly,0,Plus,49,0,0,0,4.6,1,8,5,3,0,0,1,Friend,0,0
RW-105966,Northgate,37,9,Monthly,0,Basic,29,0,0,0,5.7,1,4,5,9,0,0,1,Online ad,0,0
RW-105967,Riverside,45,31,Annual,11,Basic,24,0,1,0,2.4,1,14,16,5,0,0,0,Friend,1,0
RW-105968,Downtown,28,8,Monthly,0,Basic,29,0,1,0,2.2,1,7,20,4,0,0,0,Friend,0,0
RW-105969,Hillcrest,51,59,Monthly,0,Basic,29,0,1,0,2.9,0,6,7,8,0,0,0,Online ad,0,0
RW-105970,Downtown,28,10,Annual,10,Plus,44,1,0,0,2.1,0,5,9,9,0,0,1,Friend,0,0
RW-105971,Riverside,34,15,Monthly,0,Basic,29,0,0,0,12.4,1,7,11,10,1,0,0,Walk-in,1,0
RW-105972,Riverside,38,49,Annual,0,Plus,44,0,1,0,3.6,0,12,13,3,1,0,1,Friend,1,1
RW-105973,Westfield,23,3,Annual,7,Plus,44,0,0,1,10.8,0,6,17,8,5,0,0,Online ad,1,0
RW-105974,Westfield,36,27,Annual,11,Basic,14,1,0,0,14.0,0,3,1,10,0,0,0,Friend,0,0
RW-105975,Downtown,28,5,Monthly,0,Basic,29,0,0,0,3.4,0,2,7,1,0,0,0,Walk-in,0,1
RW-105976,Lakeview,35,33,Annual,7,Premium,74,1,0,0,3.4,0,11,8,2,0,0,0,Friend,1,0
RW-105977,Downtown,49,21,Annual,1,Basic,24,0,0,0,8.0,1,1,0,4,0,0,0,Friend,0,0
RW-105978,Hillcrest,27,34,Monthly,0,Premium,79,0,0,1,3.6,0,10,7,2,7,0,0,Online ad,0,1
RW-105979,Hillcrest,29,40,Monthly,0,Basic,24,1,0,0,4.6,1,1,3,6,0,1,0,Online ad,0,0
RW-105980,Hillcrest,30,20,Monthly,0,Basic,29,0,0,0,3.5,0,9,8,6,0,0,0,Corporate,0,0
RW-105981,Lakeview,45,6,Monthly,0,Plus,39,1,0,0,10.4,1,1,6,15,0,0,0,Walk-in,0,1
RW-105982,Northgate,40,35,Annual,2,Plus,44,0,0,0,2.0,0,12,7,3,0,0,0,Friend,1,0
RW-105983,Lakeview,60,15,Annual,8,Basic,24,0,0,0,6.5,0,3,3,4,1,0,0,Walk-in,0,0
RW-105984,Lakeview,24,38,Monthly,0,Basic,29,0,0,0,3.6,0,1,10,4,0,1,1,Online ad,0,1
RW-105985,Downtown,42,10,Monthly,0,Basic,29,0,0,1,20.9,0,3,4,6,0,0,0,Walk-in,0,0
RW-105986,Lakeview,44,2,Monthly,0,Premium,79,0,0,0,3.7,0,7,12,2,1,0,0,Friend,2,1
RW-105987,Northgate,29,11,Monthly,0,Basic,19,1,1,0,6.4,0,13,7,5,0,0,0,Online ad,0,0
RW-105988,Riverside,28,32,Monthly,0,Plus,49,0,1,0,5.5,1,3,5,10,0,1,1,Online ad,1,0
RW-105989,Northgate,22,14,Annual,0,Premium,64,1,0,1,9.1,1,8,3,6,7,0,0,Friend,0,1
RW-105990,Downtown,73,35,Monthly,0,Plus,39,1,0,0,7.0,1,3,1,0,0,0,0,Corporate,0,0
RW-105991,Northgate,46,24,Monthly,0,Plus,49,0,1,1,7.2,0,9,14,7,0,1,0,Corporate,0,0
RW-105992,Northgate,25,45,Annual,9,Basic,24,0,0,0,13.2,1,10,9,4,0,1,0,Walk-in,0,0
RW-105993,Westfield,35,13,Annual,2,Premium,74,0,1,0,9.9,1,11,7,1,0,1,0,Friend,0,0
RW-105994,Westfield,39,4,Monthly,0,Premium,79,0,0,0,1.2,1,8,8,4,0,1,0,Online ad,1,0
RW-105995,Westfield,23,16,Annual,6,Basic,24,0,0,0,5.3,1,0,24,30,0,2,0,Walk-in,0,0
RW-105996,Lakeview,47,15,Monthly,0,Premium,79,0,0,0,4.0,1,1,10,10,0,0,1,Online ad,0,1
RW-105997,Riverside,24,4,Annual,5,Premium,74,0,0,1,10.4,1,11,4,4,7,1,0,Corporate,0,0
RW-105998,Northgate,37,24,Monthly,0,Premium,79,0,0,1,11.5,0,6,11,9,2,0,0,Walk-in,0,0
RW-105999,Riverside,37,16,Monthly,0,Premium,79,0,1,1,9.8,1,18,16,7,0,0,1,Friend,0,0
RW-106000,Hillcrest,19,19,Monthly,0,Plus,49,0,0,0,6.2,1,3,7,12,2,0,0,Online ad,0,0
RW-106001,Downtown,21,17,Monthly,0,Plus,44,1,0,0,10.3,0,0,10,55,0,0,0,Friend,0,1
RW-106002,Lakeview,68,11,Monthly,0,Plus,49,0,1,0,5.4,0,3,2,4,2,0,0,Walk-in,0,0
RW-106003,Lakeview,33,7,Monthly,0,Basic,24,1,0,0,6.2,1,1,4,8,1,1,1,Friend,1,1
RW-106004,Westfield,67,10,Annual,1,Basic,24,0,0,0,3.0,1,1,5,8,1,1,0,Online ad,0,0
RW-106005,Lakeview,27,3,Monthly,0,Premium,79,0,1,1,4.9,0,12,18,1,3,0,0,Online ad,0,0
RW-106006,Lakeview,74,9,Annual,10,Plus,44,0,1,0,13.1,0,7,9,8,1,0,0,Friend,1,0
RW-106007,Downtown,21,3,Annual,2,Basic,19,1,0,0,7.2,1,4,8,4,3,1,0,Online ad,0,1
RW-106008,Northgate,36,7,Annual,3,Premium,74,0,0,0,7.2,0,13,6,2,6,1,0,Online ad,0,0
RW-106009,Lakeview,57,1,Monthly,0,Premium,79,0,0,0,8.1,0,5,0,4,0,0,0,Walk-in,1,1
RW-106010,Lakeview,30,33,Monthly,0,Basic,19,1,0,0,8.8,1,5,21,8,3,0,0,Walk-in,0,1
RW-106011,Hillcrest,29,37,Annual,1,Plus,44,0,1,0,8.3,0,7,9,3,5,0,0,Walk-in,0,0
RW-106012,Lakeview,34,12,Monthly,0,Premium,79,0,0,0,8.0,0,3,9,6,0,1,0,Corporate,0,1
RW-106013,Downtown,52,2,Annual,9,Basic,14,1,0,0,6.5,1,7,4,7,2,0,0,Online ad,0,0
RW-106014,Downtown,48,120,Annual,0,Plus,44,0,0,0,1.6,0,9,13,9,0,0,0,Friend,0,1
RW-106015,Downtown,34,17,Monthly,0,Basic,29,0,0,0,2.7,0,16,14,3,0,0,1,Friend,0,0
RW-106016,Westfield,39,16,Annual,8,Plus,39,1,1,0,10.9,0,0,8,57,0,0,1,Walk-in,0,0
RW-106017,Lakeview,28,9,Annual,10,Basic,19,1,0,0,9.0,1,11,6,3,11,0,0,Online ad,1,0
RW-106018,Lakeview,39,59,Annual,3,Premium,69,1,1,0,17.7,1,6,1,10,0,0,0,Walk-in,2,0
RW-106019,Downtown,45,19,Monthly,0,Premium,79,0,0,0,2.9,0,16,13,4,8,0,0,Friend,0,0
RW-106020,Westfield,31,1,Annual,3,Basic,24,0,0,0,6.9,1,6,0,8,2,0,0,Walk-in,1,0
RW-106021,Downtown,48,60,Annual,1,Basic,24,0,0,0,2.5,0,4,2,13,5,0,0,Corporate,0,0
RW-106022,Riverside,56,4,Annual,2,Plus,44,0,0,0,10.4,0,2,2,1,1,0,0,Corporate,1,0
RW-106023,Riverside,44,10,Monthly,0,Basic,29,0,0,0,8.9,1,0,6,44,0,1,0,Walk-in,0,1
RW-106024,Northgate,42,14,Annual,2,Plus,44,0,1,0,2.8,0,10,5,8,7,0,0,Friend,0,0
RW-106025,Northgate,38,45,Monthly,0,Basic,19,1,0,0,10.9,1,22,15,6,1,1,1,Friend,0,0
RW-106026,Hillcrest,55,30,Monthly,0,Plus,49,0,0,0,3.9,0,5,8,4,4,0,0,Corporate,0,0
RW-106027,Westfield,36,8,Monthly,0,Basic,29,0,0,0,2.4,0,3,15,13,0,1,0,Online ad,1,0
RW-106028,Riverside,41,19,Monthly,0,Plus,39,1,1,0,8.3,1,4,8,9,0,0,0,Walk-in,0,1
RW-106029,Northgate,28,40,Monthly,0,Basic,29,0,0,0,3.2,1,7,7,10,0,0,1,Online ad,0,0
RW-106030,Northgate,44,15,Monthly,0,Basic,29,0,0,0,5.5,0,3,7,8,0,1,0,Friend,0,0
RW-106031,Northgate,41,120,Monthly,0,Basic,29,1,0,0,5.1,0,4,18,4,0,0,0,Friend,0,0
RW-106032,Westfield,34,11,Annual,7,Basic,24,1,0,0,1.6,0,6,16,7,0,0,0,Corporate,0,0
RW-106033,Northgate,28,17,Monthly,0,Plus,49,0,0,0,8.1,1,9,6,6,0,0,0,Walk-in,1,0
RW-106034,Northgate,58,5,Monthly,0,Basic,29,0,0,0,2.5,1,6,5,7,2,0,0,Friend,1,0
RW-106035,Westfield,44,60,Annual,3,Basic,24,0,0,0,1.5,0,4,8,10,1,0,0,Online ad,0,0
RW-106036,Westfield,57,69,Monthly,0,Basic,29,0,0,0,7.4,1,0,14,74,0,0,0,Friend,0,0
RW-106037,Westfield,31,7,Monthly,0,Basic,29,0,0,1,5.4,1,1,19,1,1,0,0,Friend,0,0
RW-106038,Hillcrest,58,2,Annual,9,Basic,24,0,0,0,3.3,1,8,9,7,0,0,0,Online ad,0,0
RW-106039,Lakeview,26,17,Monthly,0,Premium,69,1,0,1,4.1,1,20,28,1,0,0,0,Walk-in,0,1
RW-106040,Lakeview,27,27,Monthly,0,Plus,39,1,0,0,1.4,0,3,7,8,0,0,0,Online ad,0,1
RW-106041,Hillcrest,67,46,Monthly,0,Plus,44,1,0,0,4.8,1,5,8,2,0,0,0,Friend,0,0
RW-106042,Hillcrest,43,41,Monthly,0,Premium,79,1,0,0,2.4,0,0,4,44,0,0,0,Friend,0,1
RW-106043,Northgate,26,76,Annual,1,Basic,19,1,0,0,8.0,0,4,8,13,3,0,0,Friend,0,1
RW-106044,Westfield,76,3,Annual,1,Plus,44,0,0,0,5.7,1,16,16,3,1,1,1,Online ad,1,1
RW-106045,Lakeview,32,20,Monthly,0,Premium,79,0,0,0,4.4,1,10,9,2,5,0,0,Online ad,0,0
RW-106046,Westfield,27,20,Monthly,0,Basic,29,0,0,0,3.3,0,0,4,47,0,2,0,Friend,0,1
RW-106047,Riverside,29,6,Monthly,0,Basic,29,0,1,0,2.9,1,3,22,2,0,0,0,Walk-in,0,0
RW-106048,Westfield,39,53,Monthly,0,Basic,29,0,0,0,6.2,0,9,11,4,3,0,0,Friend,0,0
RW-106049,Hillcrest,38,2,Annual,10,Basic,14,1,1,0,8.2,1,28,14,0,3,1,1,Friend,0,0
RW-106050,Northgate,46,4,Monthly,0,Basic,29,0,0,0,2.7,1,19,19,2,0,0,0,Online ad,0,0
RW-106051,Riverside,30,63,Annual,8,Basic,24,0,0,0,2.9,1,9,12,4,0,1,0,Walk-in,1,0
RW-106052,Downtown,71,1,Monthly,0,Basic,29,0,0,0,10.9,0,0,0,34,0,0,0,Friend,0,1
RW-106053,Hillcrest,37,53,Annual,11,Plus,44,0,0,0,6.0,0,3,4,3,0,0,0,Friend,0,0
RW-106054,Hillcrest,43,23,Monthly,0,Basic,29,0,0,0,7.4,0,21,21,1,1,1,1,Online ad,0,0
RW-106055,Riverside,28,4,Monthly,0,Plus,49,0,1,1,2.5,1,5,6,10,0,0,1,Walk-in,0,0
RW-106056,Hillcrest,51,5,Annual,3,Basic,24,0,1,0,1.8,0,13,15,3,0,1,0,Online ad,1,0
RW-106057,Hillcrest,22,1,Monthly,0,Basic,19,1,1,1,7.8,1,12,0,5,0,0,1,Walk-in,0,0
RW-106058,Riverside,34,45,Annual,5,Premium,74,0,0,1,5.5,1,11,9,4,7,0,0,Online ad,0,0
RW-106059,Hillcrest,49,1,Monthly,0,Basic,29,0,0,0,6.0,0,2,0,12,0,0,0,Friend,0,0
RW-106060,Northgate,39,56,Monthly,0,Basic,29,0,0,0,6.5,0,3,1,4,0,0,0,Walk-in,1,0
RW-106061,Riverside,48,35,Monthly,0,Basic,29,0,0,0,7.3,1,8,14,6,0,0,0,Friend,1,0
RW-106062,Lakeview,54,51,Annual,6,Basic,14,1,0,0,3.0,1,22,28,5,9,0,1,Online ad,0,0
RW-106063,Northgate,33,28,Annual,9,Basic,24,0,0,0,9.9,0,1,9,13,1,0,1,Online ad,0,1
RW-106064,Downtown,46,45,Annual,5,Plus,39,1,0,0,8.0,1,8,13,4,4,0,0,Walk-in,0,0
RW-106065,Westfield,38,38,Annual,10,Plus,44,0,0,0,7.3,1,3,9,10,0,1,1,Online ad,0,0
RW-106066,Northgate,53,7,Monthly,0,Plus,49,0,0,0,37.9,1,13,7,5,0,0,0,Corporate,2,1
RW-106067,Lakeview,33,5,Annual,11,Plus,44,0,0,0,12.8,0,0,5,55,0,0,0,Walk-in,0,0
RW-106068,Hillcrest,30,51,Monthly,0,Plus,49,0,0,0,2.8,1,3,10,7,0,0,0,Online ad,0,0
RW-106069,Hillcrest,28,7,Monthly,0,Basic,29,0,0,0,3.7,1,4,12,4,0,0,0,Friend,0,0
RW-106070,Westfield,29,20,Monthly,0,Basic,29,0,0,0,7.5,1,2,8,17,1,1,1,Online ad,0,0
RW-106071,Lakeview,65,52,Monthly,0,Plus,49,0,0,0,3.0,1,12,3,4,1,0,0,Walk-in,0,0
RW-106072,Westfield,27,20,Monthly,0,Plus,49,0,0,0,7.8,0,4,0,13,0,1,0,Corporate,0,0
RW-106073,Northgate,36,55,Monthly,0,Plus,49,0,0,0,1.8,1,1,4,4,0,1,0,Corporate,0,0
RW-106074,Downtown,24,16,Annual,6,Plus,44,0,0,0,16.2,0,3,3,8,2,0,0,Online ad,0,0
RW-106075,Hillcrest,33,12,Monthly,0,Basic,29,0,0,0,7.9,1,5,11,3,3,0,0,Online ad,0,0
RW-106076,Hillcrest,25,9,Annual,7,Plus,44,0,0,1,9.6,1,4,3,4,0,2,0,Friend,0,0
RW-106077,Lakeview,25,13,Monthly,0,Basic,29,0,1,0,2.9,0,9,10,6,0,0,0,Friend,0,0
RW-106078,Lakeview,30,11,Monthly,0,Premium,79,0,1,1,7.7,0,8,5,7,3,0,0,Friend,1,0
RW-106079,Lakeview,32,27,Monthly,0,Basic,29,1,0,0,2.9,0,13,10,0,1,2,0,Friend,0,1
RW-106080,Downtown,40,2,Monthly,0,Basic,29,0,0,0,6.8,1,3,6,14,0,0,0,Friend,0,0
RW-106081,Riverside,25,46,Monthly,0,Premium,79,0,0,1,3.7,1,7,14,2,0,0,1,Walk-in,0,0
RW-106082,Riverside,27,23,Monthly,0,Premium,79,0,0,1,4.7,1,5,8,3,2,1,1,Online ad,0,0
RW-106083,Downtown,26,12,Monthly,0,Plus,44,1,0,0,2.3,1,6,6,3,3,1,0,Friend,0,0
RW-106084,Riverside,40,17,Monthly,0,Premium,79,0,0,0,16.2,1,7,3,4,0,0,0,Online ad,0,0
RW-106085,Riverside,28,71,Annual,6,Plus,44,0,0,0,11.3,1,5,6,1,1,0,0,Online ad,0,0
RW-106086,Northgate,24,40,Monthly,0,Premium,79,0,0,0,2.2,0,6,5,1,3,0,0,Online ad,0,0
RW-106087,Downtown,43,2,Monthly,0,Plus,49,1,0,0,6.0,1,0,4,54,0,0,0,Walk-in,0,1
RW-106088,Lakeview,27,60,Monthly,0,Basic,29,0,1,0,9.4,1,3,10,13,1,0,0,Friend,0,0
RW-106089,Downtown,25,14,Monthly,0,Plus,49,0,0,0,3.8,1,14,17,4,0,0,1,Walk-in,0,0
RW-106090,Northgate,35,13,Monthly,0,Plus,49,0,0,0,21.2,0,0,12,44,0,0,0,Friend,0,1
RW-106091,Westfield,34,10,Monthly,0,Basic,19,1,0,0,29.1,0,2,10,16,0,0,1,Walk-in,1,1
RW-106092,Lakeview,28,18,Monthly,0,Plus,44,1,0,0,13.0,1,1,1,21,0,0,0,Corporate,1,1
RW-106093,Lakeview,35,11,Annual,8,Plus,44,0,0,0,5.5,1,1,7,12,0,0,0,Corporate,0,0
RW-106094,Northgate,24,3,Annual,7,Premium,74,0,0,0,8.0,1,4,9,0,2,0,1,Walk-in,0,0
RW-106095,Westfield,25,12,Monthly,0,Basic,29,0,1,0,5.5,1,1,4,4,0,0,0,Online ad,0,0
RW-106096,Lakeview,21,18,Monthly,0,Premium,79,0,0,0,3.0,0,5,6,11,2,0,0,Walk-in,0,1
RW-106097,Downtown,30,35,Annual,6,Plus,34,1,0,0,11.4,1,19,6,4,12,0,0,Walk-in,0,0
RW-106098,Lakeview,26,16,Annual,3,Basic,24,0,0,1,9.0,1,17,21,5,2,1,1,Walk-in,0,0
RW-106099,Riverside,40,30,Monthly,0,Basic,29,0,0,0,6.5,0,1,2,8,0,0,0,Walk-in,0,0
RW-106100,Downtown,32,62,Annual,11,Basic,24,0,0,0,3.7,0,12,10,4,7,0,0,Online ad,0,0
RW-106101,Downtown,43,64,Annual,2,Basic,24,0,0,0,6.1,0,8,10,5,1,0,0,Walk-in,1,0
RW-106102,Downtown,39,2,Annual,6,Plus,44,0,0,0,9.0,1,6,4,4,0,1,0,Corporate,0,0
RW-106103,Downtown,24,9,Annual,7,Plus,44,0,0,0,4.7,1,5,6,5,0,0,0,Corporate,0,0
RW-106104,Downtown,32,12,Annual,0,Basic,24,0,0,0,2.0,1,0,5,83,0,0,0,Walk-in,0,1
RW-106105,Riverside,32,3,Annual,1,Plus,44,0,0,0,5.5,1,2,18,2,0,0,0,Friend,0,1
RW-106106,Downtown,61,7,Annual,3,Plus,34,1,1,0,12.8,1,7,9,8,1,0,0,Friend,0,0
RW-106107,Westfield,40,5,Monthly,0,Basic,24,1,0,0,3.9,1,11,23,6,6,1,0,Walk-in,0,0
RW-106108,Lakeview,26,6,Monthly,0,Plus,49,0,0,0,4.7,1,22,17,2,13,1,0,Friend,0,0
RW-106109,Lakeview,53,10,Monthly,0,Basic,29,0,0,0,12.1,0,8,12,10,4,0,0,Friend,0,0
RW-106110,Downtown,21,49,Annual,8,Plus,44,0,0,0,4.1,1,28,22,5,9,0,0,Walk-in,0,0
RW-106111,Hillcrest,27,18,Annual,0,Basic,24,0,0,0,1.3,0,9,17,0,0,0,0,Online ad,0,1
RW-106112,Riverside,39,7,Monthly,0,Basic,29,0,0,0,9.9,1,21,25,6,1,0,0,Friend,0,0
RW-106113,Westfield,24,2,Monthly,0,Plus,49,0,0,0,3.0,1,11,8,8,4,0,0,Online ad,1,1
RW-106114,Downtown,37,19,Monthly,0,Premium,79,0,0,0,5.1,0,10,17,8,0,0,0,Online ad,0,0
RW-106115,Northgate,22,19,Monthly,0,Plus,44,1,0,1,4.5,0,6,11,7,1,0,0,Friend,1,0
RW-106116,Downtown,34,60,Monthly,0,Plus,49,0,1,0,2.0,1,5,7,7,0,0,0,Corporate,0,0
RW-106117,Lakeview,38,83,Monthly,0,Basic,29,0,0,0,1.5,1,15,6,4,3,0,0,Walk-in,0,0
RW-106118,Hillcrest,50,1,Annual,3,Basic,24,0,0,0,5.5,1,6,0,9,0,0,0,Online ad,0,0
RW-106119,Hillcrest,74,20,Monthly,0,Plus,49,0,1,0,3.9,0,6,5,2,3,0,0,Online ad,0,0
RW-106120,Westfield,25,25,Annual,0,Basic,24,0,0,0,9.7,0,3,10,7,1,0,1,Corporate,0,0
RW-106121,Hillcrest,35,45,Monthly,0,Basic,29,0,1,0,3.7,1,9,16,1,2,0,0,Corporate,0,0
RW-106122,Lakeview,67,10,Monthly,0,Plus,49,1,0,0,1.6,1,11,13,5,3,0,0,Friend,1,0
RW-106123,Northgate,30,2,Monthly,0,Basic,29,0,0,0,8.9,0,5,4,9,0,1,0,Online ad,0,1
RW-106124,Riverside,35,9,Annual,7,Basic,24,0,1,0,17.8,1,20,19,3,1,0,0,Online ad,0,0
RW-106125,Westfield,25,27,Annual,8,Plus,34,1,0,0,24.7,0,11,7,2,0,0,1,Corporate,1,0
RW-106126,Riverside,32,18,Annual,7,Plus,39,1,0,0,10.4,0,13,14,3,7,0,0,Walk-in,1,0
RW-106127,Westfield,34,7,Annual,2,Premium,74,0,0,0,5.1,0,9,7,9,1,0,0,Online ad,0,0
RW-106128,Riverside,22,27,Monthly,0,Basic,29,0,0,0,13.2,1,12,23,2,5,0,1,Walk-in,0,0
RW-106129,Riverside,44,5,Monthly,0,Basic,29,0,0,0,3.1,1,6,8,8,1,0,0,Walk-in,0,0
RW-106130,Riverside,33,60,Monthly,0,Plus,49,0,0,0,2.4,1,27,22,5,3,0,1,Online ad,0,0
RW-106131,Northgate,39,18,Monthly,0,Basic,29,0,0,1,1.4,1,18,20,5,12,1,1,Online ad,0,0
RW-106132,Northgate,33,120,Monthly,0,Plus,49,0,1,0,3.8,1,15,5,3,4,1,1,Friend,0,0
RW-106133,Downtown,21,65,Monthly,0,Basic,29,0,1,0,6.6,1,0,12,46,0,1,1,Walk-in,1,0
RW-106134,Hillcrest,31,30,Annual,8,Plus,44,0,1,0,13.6,0,17,3,5,5,1,0,Corporate,0,0
RW-106135,Hillcrest,46,17,Monthly,0,Basic,29,1,0,0,6.0,0,1,4,4,0,0,0,Corporate,1,1
RW-106136,Westfield,29,23,Monthly,0,Basic,29,1,1,1,6.1,0,8,7,10,1,0,0,Online ad,0,0
RW-106137,Westfield,26,19,Monthly,0,Basic,29,0,0,1,7.3,0,11,5,5,1,1,1,Corporate,0,0
RW-106138,Lakeview,30,62,Monthly,0,Plus,39,1,0,0,6.2,0,12,4,7,6,1,1,Friend,1,0
RW-106139,Westfield,41,3,Monthly,0,Plus,49,0,0,0,6.2,1,2,0,3,0,0,1,Walk-in,1,1
RW-106140,Riverside,30,30,Monthly,0,Premium,79,0,0,0,12.6,0,5,7,1,1,0,0,Friend,1,0
RW-106141,Hillcrest,36,52,Annual,8,Premium,74,0,0,0,2.3,1,9,7,7,5,0,0,Corporate,0,0
RW-106142,Westfield,36,35,Monthly,0,Basic,29,0,1,1,9.6,0,1,7,13,0,1,0,Online ad,0,0
RW-106143,Westfield,24,30,Monthly,0,Basic,29,0,0,0,3.1,1,28,27,0,0,0,1,Walk-in,1,0
RW-106144,Downtown,33,4,Annual,10,Plus,39,1,0,0,1.8,1,2,13,5,0,2,1,Friend,0,1
RW-106145,Downtown,57,23,Annual,7,Plus,44,0,1,0,5.5,0,2,8,7,0,0,0,Online ad,0,0
RW-106146,Hillcrest,27,57,Monthly,0,Plus,49,0,1,0,4.6,0,13,14,7,1,0,0,Friend,0,1
RW-106147,Hillcrest,25,7,Annual,2,Basic,24,0,0,0,10.7,1,3,7,8,0,0,0,Online ad,0,0
RW-106148,Hillcrest,37,26,Annual,11,Basic,24,0,0,0,8.9,1,8,4,3,0,0,1,Walk-in,0,0
RW-106149,Downtown,29,30,Annual,2,Basic,24,0,0,0,6.1,0,5,4,11,2,0,0,Walk-in,0,0
RW-106150,Northgate,23,60,Monthly,0,Plus,44,1,1,0,2.9,1,12,18,1,1,0,0,Walk-in,1,0
RW-106151,Lakeview,26,3,Monthly,0,Plus,49,0,1,0,12.7,0,0,2,45,0,1,0,Walk-in,0,1
RW-106152,Riverside,39,4,Monthly,0,Basic,24,1,1,1,5.3,1,18,19,3,2,0,0,Friend,0,0
RW-106153,Hillcrest,26,32,Monthly,0,Premium,79,0,0,1,4.3,1,7,2,9,0,1,1,Walk-in,1,0
RW-106154,Hillcrest,48,22,Monthly,0,Premium,69,1,0,0,3.1,0,6,2,7,4,0,0,Walk-in,1,0
RW-106155,Lakeview,43,13,Annual,3,Premium,74,0,0,1,5.0,1,8,12,9,1,0,0,Friend,0,0
RW-106156,Lakeview,29,36,Monthly,0,Premium,79,1,0,0,2.3,1,8,12,5,2,0,0,Online ad,0,0
RW-106157,Northgate,49,5,Monthly,0,Plus,49,1,1,0,4.2,0,4,8,5,0,0,0,Online ad,0,1
RW-106158,Riverside,32,31,Monthly,0,Basic,29,0,0,0,5.4,1,6,9,11,4,0,1,Walk-in,0,1
RW-106159,Hillcrest,37,1,Annual,4,Plus,34,1,1,0,2.3,0,15,0,6,5,0,0,Walk-in,0,0
RW-106160,Westfield,27,7,Monthly,0,Basic,19,1,0,0,5.2,1,4,17,13,0,0,0,Online ad,0,0
RW-106161,Westfield,28,21,Annual,2,Basic,24,0,1,0,2.4,0,24,12,5,1,0,0,Corporate,0,0
RW-106162,Northgate,48,17,Monthly,0,Basic,29,0,0,0,3.1,0,10,13,9,1,0,0,Walk-in,0,0
RW-106163,Northgate,26,33,Monthly,0,Basic,24,1,1,0,7.0,1,1,7,21,2,1,0,Walk-in,0,1
RW-106164,Lakeview,41,11,Monthly,0,Basic,29,0,0,0,5.1,1,1,4,4,3,0,0,Walk-in,0,0
RW-106165,Lakeview,28,19,Annual,10,Plus,44,0,0,0,7.6,1,7,6,0,8,2,0,Friend,0,0
RW-106166,Downtown,57,9,Monthly,0,Plus,49,0,0,0,3.2,0,1,12,6,0,0,1,Corporate,0,1
RW-106167,Riverside,32,31,Monthly,0,Basic,24,1,0,0,18.5,1,20,20,6,8,0,0,Walk-in,0,0
RW-106168,Lakeview,32,62,Monthly,0,Plus,49,0,0,0,8.0,1,12,9,6,8,0,0,Online ad,0,0
RW-106169,Northgate,47,7,Monthly,0,Basic,24,1,1,0,2.8,1,12,11,0,1,1,0,Friend,0,0
RW-106170,Riverside,32,46,Monthly,0,Plus,49,0,0,1,8.9,0,0,8,51,0,0,0,Online ad,0,1
RW-106171,Downtown,39,29,Annual,7,Basic,19,1,0,0,2.1,1,18,12,3,1,0,0,Walk-in,0,0
RW-106172,Riverside,41,16,Monthly,0,Basic,29,1,0,0,9.3,0,20,23,2,8,0,0,Walk-in,1,0
RW-106173,Northgate,35,15,Monthly,0,Plus,49,0,0,0,7.0,0,13,23,4,6,0,1,Walk-in,0,0
RW-106174,Downtown,31,18,Monthly,0,Basic,29,0,1,0,9.7,1,6,2,7,4,0,0,Friend,0,0
RW-106175,Riverside,63,120,Monthly,0,Plus,49,0,0,0,1.5,1,6,9,9,4,0,0,Walk-in,0,0
RW-106176,Downtown,36,15,Monthly,0,Basic,29,1,0,0,3.2,1,8,28,9,3,0,1,Friend,0,0
RW-106177,Northgate,25,32,Monthly,0,Basic,29,0,0,0,2.2,1,10,4,2,3,0,0,Online ad,0,0
RW-106178,Lakeview,32,43,Monthly,0,Premium,79,0,0,0,2.5,0,5,6,4,1,0,0,Online ad,2,1
RW-106179,Riverside,62,8,Monthly,0,Plus,49,0,0,1,7.8,0,9,7,1,6,0,0,Friend,0,0
RW-106180,Riverside,22,20,Monthly,0,Basic,29,0,0,1,2.6,0,0,4,45,0,0,0,Online ad,0,1
RW-106181,Hillcrest,31,7,Monthly,0,Basic,29,0,1,0,3.3,1,10,20,5,3,0,0,Walk-in,1,0
RW-106182,Northgate,32,4,Annual,4,Premium,74,0,1,1,2.7,1,3,28,2,0,0,0,Walk-in,0,0
RW-106183,Hillcrest,21,42,Monthly,0,Basic,29,0,0,0,2.4,0,7,6,5,4,0,1,Friend,0,0
RW-106184,Downtown,36,17,Monthly,0,Plus,49,0,0,0,2.3,1,3,4,7,1,1,0,Corporate,0,0
RW-106185,Lakeview,29,27,Annual,5,Basic,24,0,0,0,3.5,0,14,8,4,3,1,1,Walk-in,1,0
RW-106186,Hillcrest,50,10,Monthly,0,Plus,49,0,0,0,3.7,1,13,13,6,1,0,0,Online ad,0,0
RW-106187,Downtown,47,15,Monthly,0,Basic,29,0,0,0,19.7,1,3,6,2,1,0,0,Friend,1,1
RW-106188,Lakeview,30,14,Monthly,0,Basic,29,0,0,0,7.4,0,13,9,2,4,0,1,Walk-in,1,0
RW-106189,Northgate,45,20,Annual,3,Basic,24,0,0,1,4.0,0,7,5,2,0,0,0,Friend,0,0
RW-106190,Hillcrest,28,4,Monthly,0,Premium,69,1,0,1,2.5,0,14,8,1,6,0,0,Friend,0,0
RW-106191,Northgate,25,7,Monthly,0,Basic,19,1,0,0,5.6,0,2,2,3,1,0,0,Walk-in,2,0
RW-106192,Hillcrest,22,29,Annual,8,Basic,24,0,1,0,1.5,1,8,12,6,4,0,0,Friend,1,0
RW-106193,Downtown,42,32,Annual,6,Plus,44,0,0,1,5.2,1,15,11,2,0,0,0,Friend,0,0
RW-106194,Westfield,45,10,Annual,8,Basic,24,0,0,1,4.4,0,9,13,1,0,0,0,Online ad,1,0
RW-106195,Lakeview,25,3,Annual,5,Basic,24,0,0,0,4.3,1,12,6,2,0,0,0,Walk-in,0,0
RW-106196,Lakeview,32,6,Monthly,0,Basic,29,1,0,0,8.4,0,3,5,12,0,0,1,Online ad,0,1
RW-106197,Westfield,41,11,Monthly,0,Basic,29,0,0,1,4.4,0,7,11,5,5,0,0,Walk-in,0,0
RW-106198,Riverside,26,15,Annual,10,Basic,24,0,0,0,1.5,0,10,16,0,2,1,0,Walk-in,0,0
RW-106199,Lakeview,54,28,Monthly,0,Basic,19,1,0,0,7.2,1,18,6,4,10,0,1,Friend,0,0
RW-106200,Riverside,29,18,Monthly,0,Plus,49,0,0,1,4.0,1,21,20,2,1,0,0,Walk-in,0,0
RW-106201,Northgate,43,32,Annual,6,Plus,44,0,0,1,4.2,1,3,12,2,0,1,0,Walk-in,1,0
RW-106202,Riverside,39,35,Monthly,0,Plus,44,1,0,0,0.9,1,21,11,0,0,2,0,Friend,0,1
RW-106203,Riverside,28,5,Annual,0,Plus,44,0,1,0,6.6,0,11,5,4,6,0,0,Online ad,0,0
RW-106204,Hillcrest,53,9,Monthly,0,Premium,79,0,1,0,7.1,0,2,2,3,0,0,0,Walk-in,0,0
RW-106205,Riverside,53,17,Annual,4,Plus,44,0,0,0,2.6,0,12,15,3,0,1,0,Friend,2,0
RW-106206,Northgate,30,31,Monthly,0,Premium,79,0,0,0,7.6,0,17,8,7,4,0,0,Friend,0,0
RW-106207,Hillcrest,26,11,Annual,2,Plus,44,0,0,1,12.8,0,4,3,4,2,0,0,Walk-in,1,0
RW-106208,Downtown,51,27,Annual,5,Plus,44,0,0,0,3.5,1,17,22,2,8,1,0,Online ad,0,0
RW-106209,Northgate,43,8,Monthly,0,Plus,49,0,0,0,4.0,1,4,5,13,0,0,0,Online ad,0,0
RW-106210,Riverside,42,30,Annual,3,Premium,74,0,0,0,3.9,0,11,9,8,1,0,0,Friend,1,0
RW-106211,Hillcrest,42,10,Monthly,0,Plus,49,0,0,0,2.7,1,7,10,2,0,0,1,Walk-in,2,0
RW-106212,Northgate,36,11,Monthly,0,Basic,29,0,0,0,3.4,1,0,6,51,0,0,0,Walk-in,0,0
RW-106213,Downtown,39,6,Annual,5,Basic,24,1,0,0,5.1,1,14,18,3,0,0,0,Friend,0,0
RW-106214,Hillcrest,42,3,Monthly,0,Premium,79,0,0,1,10.3,0,2,5,1,0,0,0,Online ad,0,1
RW-106215,Hillcrest,33,5,Monthly,0,Basic,29,1,0,0,1.2,1,9,13,7,4,0,0,Walk-in,0,0
RW-106216,Hillcrest,23,17,Monthly,0,Plus,49,1,0,0,2.8,1,13,7,7,8,0,0,Corporate,0,0
RW-106217,Northgate,30,4,Annual,1,Premium,74,0,0,0,1.5,0,3,4,7,1,0,0,Online ad,1,1
RW-106218,Northgate,30,22,Annual,11,Basic,24,1,0,0,4.2,1,6,15,8,2,0,0,Walk-in,0,0
RW-106219,Hillcrest,37,40,Monthly,0,Plus,49,0,0,0,3.2,1,4,3,4,3,0,0,Walk-in,0,0
RW-106220,Westfield,46,8,Annual,9,Plus,44,0,0,0,3.7,1,3,28,6,0,1,0,Walk-in,0,0
RW-106221,Riverside,40,98,Monthly,0,Basic,24,1,1,0,9.7,0,14,20,6,4,0,0,Friend,1,0
RW-106222,Riverside,64,29,Annual,4,Basic,14,1,1,0,10.0,0,3,0,0,1,0,0,Walk-in,0,0
RW-106223,Northgate,44,12,Monthly,0,Plus,49,0,0,0,6.7,1,10,6,4,1,0,0,Online ad,0,0
RW-106224,Lakeview,33,3,Monthly,0,Basic,29,0,0,0,5.0,1,1,11,12,1,0,0,Walk-in,0,0
RW-106225,Downtown,29,12,Annual,9,Basic,24,0,0,0,8.8,0,6,10,5,3,0,0,Corporate,0,1
RW-106226,Hillcrest,34,2,Monthly,0,Plus,49,0,0,0,1.8,0,8,3,0,4,0,0,Walk-in,1,1
RW-106227,Downtown,29,34,Annual,5,Basic,24,1,0,0,15.2,0,6,6,4,3,0,0,Walk-in,0,0
RW-106228,Downtown,38,38,Monthly,0,Basic,29,0,1,0,4.0,0,22,22,4,1,1,0,Walk-in,0,0
RW-106229,Downtown,28,40,Monthly,0,Basic,29,0,0,1,2.0,1,24,8,3,15,0,0,Online ad,0,0
RW-106230,Downtown,20,1,Monthly,0,Basic,29,0,0,0,1.2,1,3,0,6,1,0,0,Online ad,0,0
RW-106231,Downtown,41,49,Monthly,0,Basic,29,0,1,0,9.2,0,3,7,8,1,0,0,Walk-in,0,1
RW-106232,Downtown,51,17,Annual,4,Premium,74,1,0,0,7.4,0,2,25,7,2,0,0,Online ad,0,1
RW-106233,Hillcrest,31,21,Annual,6,Basic,14,1,0,0,7.2,1,0,10,120,0,1,1,Online ad,1,0
RW-106234,Hillcrest,29,2,Monthly,0,Basic,24,1,0,0,5.4,1,9,4,4,1,0,0,Friend,0,1
RW-106235,Downtown,43,10,Monthly,0,Plus,49,0,0,0,9.1,0,2,8,1,2,0,0,Online ad,0,0
RW-106236,Lakeview,33,17,Annual,4,Plus,44,0,0,0,3.6,1,2,6,8,0,0,0,Walk-in,0,0
RW-106237,Westfield,38,5,Monthly,0,Premium,74,1,0,0,5.6,1,5,10,12,2,0,0,Walk-in,0,1
RW-106238,Northgate,52,15,Monthly,0,Basic,29,0,1,0,20.3,1,7,12,4,5,1,0,Online ad,0,0
RW-106239,Downtown,35,11,Annual,8,Basic,24,0,0,0,1.5,0,7,10,8,1,0,0,Online ad,0,0
RW-106240,Hillcrest,56,22,Monthly,0,Plus,44,1,0,0,7.8,1,11,11,6,0,0,0,Online ad,0,0
RW-106241,Lakeview,41,32,Annual,0,Premium,74,0,0,0,5.4,1,5,5,9,1,1,0,Online ad,0,0
RW-106242,Lakeview,23,15,Monthly,0,Basic,29,0,0,0,3.4,1,10,11,4,3,0,0,Corporate,0,0
RW-106243,Downtown,27,16,Monthly,0,Basic,29,0,0,0,32.3,1,13,7,3,0,0,0,Online ad,0,0
RW-106244,Riverside,31,23,Annual,2,Basic,24,0,0,0,7.8,0,4,4,6,0,0,1,Friend,0,0
RW-106245,Riverside,32,39,Annual,10,Basic,14,1,0,1,3.4,0,10,9,8,4,2,1,Friend,0,0
RW-106246,Lakeview,29,19,Monthly,0,Basic,29,0,0,0,3.8,1,10,7,7,1,2,0,Friend,0,1
RW-106247,Downtown,36,34,Monthly,0,Plus,49,0,0,0,7.2,0,10,5,8,0,0,0,Online ad,0,0
RW-106248,Westfield,58,13,Monthly,0,Premium,79,0,1,0,4.6,1,2,9,8,1,0,0,Corporate,0,0
RW-106249,Northgate,27,38,Annual,3,Basic,24,0,0,0,6.5,1,13,11,3,1,0,0,Online ad,0,0
RW-106250,Westfield,32,3,Monthly,0,Premium,79,0,0,0,13.7,0,2,8,1,0,0,1,Walk-in,0,1
RW-106251,Northgate,58,10,Monthly,0,Basic,29,0,0,0,2.3,1,1,4,19,0,1,0,Friend,1,1
RW-106252,Northgate,38,23,Annual,2,Plus,44,0,0,0,3.2,1,15,6,4,7,0,1,Friend,0,0
RW-106253,Lakeview,25,36,Monthly,0,Plus,49,0,0,0,17.3,1,9,16,9,0,0,0,Friend,0,0
RW-106254,Lakeview,39,34,Monthly,0,Plus,49,0,1,1,5.3,1,4,18,6,0,0,0,Walk-in,1,0
RW-106255,Downtown,46,4,Monthly,0,Plus,49,0,0,0,6.4,0,1,2,0,0,0,0,Online ad,0,1
RW-106256,Northgate,58,4,Annual,9,Basic,24,0,0,0,5.2,0,6,11,1,1,0,1,Friend,0,1
RW-106257,Downtown,37,8,Monthly,0,Basic,29,0,0,0,2.8,0,3,5,3,0,0,1,Online ad,0,1
RW-106258,Westfield,22,2,Monthly,0,Basic,29,0,0,0,7.5,0,1,10,2,2,0,0,Friend,0,0
RW-106259,Northgate,33,6,Monthly,0,Premium,79,0,1,0,7.1,1,15,11,2,11,1,1,Friend,0,0
RW-106260,Riverside,31,10,Annual,5,Basic,19,1,0,0,5.2,0,1,1,4,0,0,0,Corporate,0,0
RW-106261,Riverside,20,6,Monthly,0,Basic,19,1,0,0,4.8,1,15,16,6,1,0,0,Online ad,0,0
RW-106262,Northgate,57,21,Annual,0,Premium,74,0,0,0,5.6,1,3,13,6,0,1,0,Corporate,0,1
RW-106263,Lakeview,37,12,Monthly,0,Basic,29,0,0,0,2.1,0,9,12,7,4,0,1,Online ad,0,0
RW-106264,Downtown,47,120,Annual,1,Premium,74,0,1,0,1.3,0,3,7,4,0,0,0,Walk-in,0,1
RW-106265,Downtown,35,10,Monthly,0,Plus,49,0,0,0,4.4,0,1,6,21,0,0,0,Walk-in,0,1
RW-106266,Downtown,38,7,Monthly,0,Plus,49,0,0,0,13.6,0,1,4,13,0,0,1,Online ad,0,0
RW-106267,Downtown,39,16,Annual,11,Premium,74,0,0,1,2.9,1,8,11,6,0,1,0,Walk-in,1,0
RW-106268,Lakeview,49,12,Annual,3,Plus,34,1,1,0,2.6,0,2,1,6,0,0,0,Walk-in,0,0
RW-106269,Northgate,37,20,Annual,2,Basic,24,0,0,0,8.5,1,0,10,43,0,1,0,Online ad,0,0
RW-106270,Lakeview,40,1,Monthly,0,Premium,79,0,0,1,3.9,1,9,0,8,4,0,0,Online ad,1,0
RW-106271,Hillcrest,52,2,Monthly,0,Plus,49,0,0,0,5.2,0,4,7,9,0,0,0,Walk-in,0,0
RW-106272,Northgate,53,30,Annual,6,Basic,24,0,0,0,6.7,1,18,14,6,8,0,0,Online ad,0,0
RW-106273,Riverside,65,24,Monthly,0,Premium,79,0,0,0,3.1,0,0,3,30,0,1,0,Corporate,1,1
RW-106274,Northgate,40,2,Monthly,0,Plus,49,1,0,0,2.6,0,0,1,32,0,1,0,Online ad,0,1
RW-106275,Northgate,42,12,Monthly,0,Premium,79,0,0,0,1.6,1,6,6,9,3,0,0,Friend,0,1
RW-106276,Riverside,25,47,Annual,11,Basic,24,1,0,0,9.1,1,1,2,11,0,1,0,Walk-in,0,0
RW-106277,Riverside,40,13,Annual,8,Basic,24,0,0,0,10.0,1,1,3,18,0,0,1,Online ad,0,0
RW-106278,Riverside,45,6,Monthly,0,Premium,79,0,0,0,21.0,1,5,4,3,0,0,1,Walk-in,0,1
RW-106279,Northgate,26,26,Monthly,0,Plus,49,0,1,0,6.9,1,12,11,4,0,0,0,Online ad,1,1
RW-106280,Westfield,31,8,Annual,11,Basic,24,0,1,0,11.2,1,10,8,2,0,0,0,Online ad,0,0
RW-106281,Downtown,39,2,Annual,6,Basic,19,1,0,0,7.2,1,14,12,1,0,0,0,Walk-in,0,0
RW-106282,Lakeview,20,39,Annual,8,Basic,24,0,0,0,7.4,0,7,6,9,0,0,1,Corporate,0,0
RW-106283,Downtown,36,3,Monthly,0,Basic,29,0,0,0,3.6,0,4,3,8,0,1,1,Friend,0,0
RW-106284,Downtown,41,11,Monthly,0,Plus,49,0,1,0,2.1,1,6,8,10,1,2,0,Friend,0,0
RW-106285,Northgate,52,7,Monthly,0,Plus,49,0,0,0,3.6,1,1,6,13,0,0,0,Walk-in,1,0
RW-106286,Downtown,28,35,Monthly,0,Basic,29,0,0,1,2.7,0,13,11,3,8,0,0,Online ad,1,0
RW-106287,Downtown,28,2,Annual,8,Plus,44,0,0,0,9.3,1,8,2,1,0,0,0,Online ad,0,0
RW-106288,Riverside,25,21,Annual,6,Basic,19,1,0,0,8.3,0,5,2,0,0,0,0,Corporate,0,0
RW-106289,Downtown,33,7,Monthly,0,Basic,24,1,0,0,10.0,0,9,12,6,3,0,0,Friend,0,1
RW-106290,Northgate,49,74,Annual,8,Plus,44,0,0,0,2.3,1,4,1,11,0,0,0,Friend,0,0
RW-106291,Lakeview,45,21,Monthly,0,Basic,29,0,0,0,4.4,1,28,28,1,0,0,1,Corporate,0,0
RW-106292,Northgate,39,13,Annual,10,Basic,24,0,0,1,11.5,1,3,18,6,0,0,0,Online ad,0,0
RW-106293,Downtown,34,5,Monthly,0,Plus,49,0,0,0,2.6,1,10,7,2,5,0,0,Friend,0,0
RW-106294,Riverside,35,2,Annual,1,Premium,74,0,0,1,7.3,0,9,8,8,6,0,0,Online ad,0,0
RW-106295,Downtown,36,3,Annual,2,Premium,74,0,1,0,7.3,1,15,18,7,9,0,0,Friend,0,0
RW-106296,Northgate,23,21,Monthly,0,Plus,44,1,0,1,7.7,1,15,9,4,2,1,0,Friend,1,0
RW-106297,Westfield,39,13,Monthly,0,Plus,49,0,0,0,1.7,1,3,9,13,2,0,0,Corporate,0,0
RW-106298,Northgate,19,3,Monthly,0,Basic,29,0,0,0,6.2,1,2,4,5,0,0,0,Friend,0,1
RW-106299,Lakeview,36,25,Monthly,0,Plus,49,1,0,0,3.1,1,6,6,5,2,1,0,Walk-in,0,1
RW-106300,Downtown,45,36,Monthly,0,Basic,29,0,0,0,2.2,1,14,21,7,1,0,0,Walk-in,0,1
RW-106301,Northgate,20,34,Monthly,0,Basic,29,0,1,0,2.4,0,7,11,3,1,0,0,Friend,0,1
RW-106302,Northgate,31,35,Annual,6,Premium,74,1,0,0,2.6,0,28,17,1,1,0,0,Corporate,0,0
RW-106303,Riverside,39,39,Annual,8,Plus,44,0,1,0,3.3,1,7,9,4,0,0,1,Friend,0,0
RW-106304,Lakeview,42,10,Monthly,0,Basic,24,1,0,0,3.6,0,13,10,1,2,0,0,Walk-in,1,0
RW-106305,Downtown,32,36,Monthly,0,Basic,29,0,1,0,4.2,0,3,5,13,0,0,0,Corporate,0,0
RW-106306,Riverside,23,29,Annual,2,Premium,74,0,0,1,11.2,1,20,10,5,0,0,1,Online ad,0,0
RW-106307,Westfield,44,12,Monthly,0,Basic,29,0,0,0,4.4,1,2,4,5,0,0,0,Friend,0,0
RW-106308,Northgate,27,28,Monthly,0,Premium,79,0,0,0,4.3,0,11,7,6,2,0,1,Online ad,0,0
RW-106309,Hillcrest,49,4,Monthly,0,Plus,49,0,0,0,2.4,1,2,7,16,1,0,1,Walk-in,0,0
RW-106310,Northgate,38,3,Annual,1,Basic,24,1,1,0,2.4,0,1,10,19,0,0,0,Friend,1,1
RW-106311,Lakeview,19,2,Monthly,0,Basic,29,0,0,0,2.2,0,12,13,4,1,0,0,Walk-in,0,0
RW-106312,Lakeview,48,9,Monthly,0,Plus,49,0,1,1,2.8,0,4,5,5,4,0,0,Friend,0,0
RW-106313,Riverside,31,5,Monthly,0,Plus,49,0,0,0,2.4,1,11,5,6,0,1,0,Online ad,1,0
RW-106314,Westfield,22,23,Annual,11,Plus,44,0,1,0,7.5,0,1,8,4,0,0,0,Online ad,0,0
RW-106315,Downtown,37,2,Annual,10,Plus,39,1,1,0,8.6,1,7,2,6,0,0,1,Online ad,0,1
RW-106316,Westfield,24,30,Annual,4,Basic,24,0,1,0,4.2,0,6,5,7,1,0,0,Online ad,1,0
RW-106317,Downtown,46,9,Annual,3,Plus,44,0,1,0,6.7,1,8,2,4,1,0,0,Online ad,1,0
RW-106318,Downtown,30,3,Annual,11,Plus,44,0,0,1,34.4,1,5,7,0,0,0,1,Friend,0,0
RW-106319,Lakeview,33,46,Monthly,0,Basic,29,0,0,0,11.4,1,18,11,5,0,1,0,Friend,0,0
RW-106320,Northgate,36,20,Annual,9,Plus,44,0,0,0,5.0,1,6,10,8,3,0,0,Online ad,0,0
RW-106321,Northgate,48,20,Annual,8,Plus,44,0,0,0,11.0,0,2,8,14,0,2,0,Walk-in,0,0
RW-106322,Northgate,35,43,Annual,10,Basic,24,0,0,0,10.8,0,3,11,12,0,1,1,Walk-in,0,0
RW-106323,Lakeview,25,9,Annual,10,Plus,44,0,0,0,3.3,1,2,7,11,0,0,1,Online ad,0,0
RW-106324,Westfield,43,38,Monthly,0,Premium,79,0,0,1,1.2,1,1,10,2,2,0,0,Friend,1,0
RW-106325,Riverside,30,6,Monthly,0,Basic,24,1,0,0,2.7,0,14,25,5,6,0,0,Walk-in,0,0
RW-106326,Lakeview,22,20,Monthly,0,Basic,29,0,1,0,6.6,1,9,5,8,1,3,0,Friend,0,0
RW-106327,Riverside,43,1,Monthly,0,Plus,49,0,1,0,5.7,1,19,0,3,6,0,0,Online ad,0,0
RW-106328,Downtown,41,115,Annual,7,Plus,44,0,0,0,3.6,1,12,9,2,5,0,0,Online ad,0,0
RW-106329,Westfield,60,10,Monthly,0,Basic,29,0,0,0,10.8,1,4,3,0,1,0,0,Online ad,0,0
RW-106330,Lakeview,28,5,Monthly,0,Basic,29,0,0,0,1.9,1,7,6,10,0,1,0,Walk-in,0,0
RW-106331,Westfield,33,16,Monthly,0,Premium,79,0,0,1,4.4,1,3,2,14,1,0,1,Walk-in,0,1
RW-106332,Northgate,37,7,Monthly,0,Premium,79,0,0,0,5.6,1,8,9,7,0,0,0,Online ad,0,0
RW-106333,Downtown,42,64,Monthly,0,Plus,49,0,0,0,2.9,1,8,7,5,0,1,0,Walk-in,0,0
RW-106334,Hillcrest,52,12,Annual,3,Premium,69,1,1,1,4.3,1,19,14,2,13,2,0,Walk-in,0,0
RW-106335,Riverside,37,47,Monthly,0,Plus,39,1,1,0,7.4,1,9,7,5,0,0,1,Online ad,0,0
RW-106336,Westfield,26,40,Monthly,0,Basic,29,0,1,1,1.8,1,5,10,1,0,0,0,Online ad,0,0
RW-106337,Riverside,42,3,Annual,5,Premium,74,0,0,0,6.3,0,2,5,11,0,0,0,Walk-in,0,0
RW-106338,Downtown,22,43,Annual,4,Premium,74,0,0,0,2.2,1,6,4,2,5,1,0,Friend,0,0
RW-106339,Downtown,54,18,Annual,5,Basic,24,0,0,0,8.3,0,2,6,3,2,0,0,Friend,0,0
RW-106340,Downtown,52,28,Monthly,0,Basic,29,0,0,0,6.0,0,4,5,2,2,0,0,Corporate,1,0
RW-106341,Lakeview,22,51,Annual,7,Premium,74,0,1,0,4.5,1,14,11,4,1,0,0,Friend,0,0
RW-106342,Northgate,32,15,Annual,3,Plus,34,1,0,0,3.0,1,14,18,2,5,0,0,Walk-in,0,0
RW-106343,Northgate,28,5,Monthly,0,Plus,49,0,1,0,3.9,0,2,12,7,0,0,0,Online ad,0,1
RW-106344,Westfield,65,3,Monthly,0,Basic,29,0,0,1,3.7,0,28,28,4,1,0,1,Walk-in,0,0
RW-106345,Northgate,23,33,Monthly,0,Plus,39,1,0,0,3.0,0,9,5,9,0,0,0,Walk-in,0,1
RW-106346,Downtown,42,12,Annual,0,Premium,69,1,0,1,3.3,0,4,10,12,0,2,1,Corporate,0,1
RW-106347,Lakeview,64,17,Monthly,0,Basic,24,1,1,0,3.3,0,9,8,5,0,0,0,Walk-in,1,0
RW-106348,Hillcrest,51,18,Monthly,0,Premium,79,1,0,0,3.9,0,7,10,5,4,0,0,Walk-in,0,0
RW-106349,Lakeview,39,99,Monthly,0,Premium,69,1,1,0,5.0,0,12,14,2,1,1,1,Friend,0,0
RW-106350,Downtown,23,6,Annual,8,Basic,24,1,0,0,4.0,1,8,15,4,1,0,1,Corporate,1,0
RW-106351,Hillcrest,28,18,Monthly,0,Plus,49,0,0,0,9.5,0,17,22,4,9,0,0,Corporate,0,0
RW-106352,Riverside,26,3,Monthly,0,Plus,49,1,0,0,6.4,1,3,1,6,1,0,0,Corporate,2,1
RW-106353,Hillcrest,29,34,Monthly,0,Basic,24,1,0,0,5.5,0,2,3,9,0,0,1,Corporate,0,1
RW-106354,Riverside,32,40,Annual,2,Plus,44,1,1,0,11.4,0,7,5,1,1,0,0,Corporate,0,0
RW-106355,Downtown,47,80,Monthly,0,Plus,49,0,0,0,8.1,1,5,13,7,0,0,0,Walk-in,0,0
RW-106356,Downtown,29,4,Annual,4,Plus,44,0,1,0,10.1,1,5,7,4,3,0,1,Walk-in,0,0
RW-106357,Westfield,43,13,Annual,11,Premium,74,0,0,0,5.8,0,16,11,7,11,1,1,Online ad,1,0
RW-106358,Lakeview,36,6,Monthly,0,Basic,29,0,1,0,20.1,1,3,4,4,0,1,0,Online ad,0,1
RW-106359,Northgate,47,4,Annual,6,Plus,44,0,0,0,6.3,0,4,3,5,0,0,1,Walk-in,0,0
RW-106360,Northgate,24,25,Annual,11,Plus,44,0,1,0,23.4,1,1,0,18,0,0,0,Friend,0,0
RW-106361,Lakeview,25,4,Monthly,0,Plus,49,0,0,0,2.1,0,4,6,11,0,2,0,Online ad,0,0
RW-106362,Northgate,39,42,Monthly,0,Basic,29,1,0,0,8.6,1,7,5,5,1,0,0,Online ad,0,0
RW-106363,Northgate,37,10,Monthly,0,Premium,79,0,0,0,3.2,0,9,8,3,0,0,0,Walk-in,0,0
RW-106364,Riverside,36,59,Monthly,0,Plus,49,0,0,0,4.6,1,14,11,2,2,0,0,Online ad,0,0
RW-106365,Westfield,38,7,Monthly,0,Basic,29,0,0,0,13.0,1,1,2,14,0,0,0,Online ad,0,1
RW-106366,Riverside,27,29,Annual,6,Plus,44,0,1,1,9.8,0,16,21,1,1,0,0,Online ad,1,0
RW-106367,Downtown,41,22,Monthly,0,Basic,29,0,0,1,2.8,0,28,28,1,1,0,0,Friend,0,0
RW-106368,Lakeview,25,16,Monthly,0,Plus,39,1,0,0,2.8,0,5,10,3,0,1,0,Walk-in,0,1
RW-106369,Hillcrest,52,42,Monthly,0,Premium,79,0,1,1,1.3,0,5,8,1,0,1,0,Walk-in,0,0
RW-106370,Westfield,33,4,Annual,7,Plus,44,0,1,0,13.8,0,7,7,10,6,1,0,Online ad,1,0
RW-106371,Lakeview,36,4,Monthly,0,Basic,29,0,0,0,7.1,1,2,6,10,0,0,1,Walk-in,0,0
RW-106372,Westfield,36,24,Annual,8,Basic,24,0,0,0,6.9,1,11,9,7,0,1,1,Online ad,1,0
RW-106373,Northgate,30,6,Annual,7,Plus,39,1,0,0,1.5,0,21,21,5,1,0,0,Corporate,0,0
RW-106374,Riverside,67,51,Monthly,0,Basic,29,0,0,0,1.9,1,1,12,15,0,0,1,Friend,1,0
RW-106375,Downtown,52,46,Monthly,0,Basic,29,0,0,0,2.2,1,7,15,10,0,0,0,Walk-in,0,0
RW-106376,Northgate,32,4,Monthly,0,Basic,24,1,1,0,5.8,1,9,12,1,0,0,0,Corporate,0,0
RW-106377,Downtown,54,14,Monthly,0,Premium,69,1,0,0,8.4,0,0,4,50,0,0,0,Friend,0,1
RW-106378,Hillcrest,41,75,Annual,6,Plus,44,0,1,0,4.9,1,1,9,1,0,0,0,Online ad,1,0
RW-106379,Downtown,19,14,Monthly,0,Plus,49,0,0,0,3.3,1,8,13,0,0,0,0,Walk-in,0,0
RW-106380,Northgate,50,33,Monthly,0,Plus,49,0,0,0,12.4,0,2,2,12,0,0,0,Online ad,0,0
RW-106381,Westfield,52,28,Annual,1,Premium,74,0,0,0,9.0,0,1,6,8,0,0,1,Friend,1,1
RW-106382,Downtown,32,57,Monthly,0,Basic,29,0,0,0,5.5,1,9,4,8,0,0,1,Walk-in,1,0
RW-106383,Downtown,33,33,Monthly,0,Plus,49,0,0,0,5.2,0,7,2,2,0,0,0,Friend,0,0
RW-106384,Westfield,46,26,Annual,5,Plus,44,0,0,0,6.0,0,6,3,2,2,1,0,Walk-in,0,0
RW-106385,Northgate,27,15,Annual,10,Basic,24,0,1,0,1.4,0,27,26,3,11,1,0,Friend,0,0
RW-106386,Northgate,27,16,Annual,8,Basic,24,0,0,0,2.0,0,28,24,5,4,1,1,Walk-in,0,0
RW-106387,Lakeview,70,23,Monthly,0,Premium,74,1,0,1,5.4,1,14,13,7,0,0,1,Walk-in,1,0
RW-106388,Riverside,39,45,Monthly,0,Plus,49,0,0,0,8.1,1,8,9,2,1,0,0,Online ad,0,0
RW-106389,Lakeview,30,3,Monthly,0,Basic,19,1,1,1,8.3,0,1,2,5,0,0,1,Online ad,1,0
RW-106390,Hillcrest,37,28,Monthly,0,Premium,79,0,0,0,3.6,1,3,16,3,0,0,0,Walk-in,1,1
RW-106391,Northgate,39,45,Monthly,0,Plus,49,0,0,1,6.3,1,1,4,8,0,0,0,Online ad,0,1
RW-106392,Westfield,27,2,Annual,5,Basic,14,1,0,0,19.4,0,8,9,8,0,0,1,Friend,0,0
RW-106393,Lakeview,29,18,Monthly,0,Basic,29,0,0,0,5.8,0,3,6,12,0,0,1,Walk-in,0,0
RW-106394,Westfield,24,13,Monthly,0,Plus,49,0,1,0,1.7,0,0,5,85,0,0,0,Corporate,0,1
RW-106395,Northgate,37,13,Annual,6,Plus,34,1,1,0,2.7,1,12,5,1,6,0,1,Friend,0,0
RW-106396,Riverside,29,1,Monthly,0,Plus,49,0,1,0,14.9,1,4,0,4,0,0,0,Friend,1,1
RW-106397,Downtown,31,10,Annual,3,Basic,19,1,1,0,9.1,1,3,6,6,0,0,0,Walk-in,0,0
RW-106398,Hillcrest,50,10,Annual,7,Basic,24,1,0,0,2.2,1,4,3,11,0,1,0,Walk-in,1,0
RW-106399,Northgate,33,2,Monthly,0,Plus,49,0,0,0,2.5,1,3,11,8,0,0,0,Online ad,0,1
RW-106400,Northgate,30,6,Monthly,0,Premium,79,0,0,1,4.9,0,28,15,2,9,0,0,Friend,0,0
RW-106401,Northgate,47,61,Annual,4,Plus,44,0,0,0,6.2,0,18,15,7,1,0,0,Online ad,0,0
RW-106402,Riverside,39,13,Monthly,0,Plus,49,0,0,1,7.8,1,6,8,2,3,1,0,Friend,0,0
RW-106403,Riverside,28,9,Annual,2,Basic,24,0,0,0,3.6,1,5,6,0,1,0,0,Friend,0,0
RW-106404,Lakeview,29,12,Annual,6,Plus,44,0,0,0,13.7,0,1,0,18,0,0,0,Online ad,1,1
RW-106405,Downtown,36,6,Monthly,0,Plus,49,0,0,0,4.0,0,8,7,4,2,0,0,Walk-in,0,0
RW-106406,Downtown,30,9,Monthly,0,Plus,49,0,0,0,6.2,1,3,3,12,0,0,0,Online ad,0,0
RW-106407,Riverside,29,1,Monthly,0,Basic,29,0,0,0,6.9,1,8,0,3,4,0,0,Friend,0,1
RW-106408,Riverside,64,52,Annual,11,Plus,39,1,0,0,1.2,0,0,11,54,0,1,0,Online ad,0,0
RW-106409,Downtown,39,29,Annual,3,Premium,74,0,0,0,0.7,0,10,12,6,0,0,0,Corporate,2,0
RW-106410,Riverside,45,2,Annual,7,Basic,24,0,0,0,5.8,0,0,4,57,0,0,0,Walk-in,0,0
RW-106411,Riverside,24,5,Annual,8,Basic,24,0,0,0,4.6,1,10,8,5,0,0,1,Online ad,0,0
RW-106412,Downtown,40,41,Annual,4,Basic,24,0,0,1,3.5,1,28,27,4,7,0,0,Corporate,0,0
RW-106413,Lakeview,26,62,Annual,5,Plus,44,0,0,0,5.3,1,8,5,3,3,0,1,Walk-in,0,0
RW-106414,Westfield,26,7,Monthly,0,Plus,49,0,0,0,6.5,1,15,12,5,1,0,0,Friend,0,1
RW-106415,Downtown,22,44,Monthly,0,Basic,29,0,0,0,1.3,1,4,5,6,1,1,1,Friend,0,1
RW-106416,Lakeview,48,61,Monthly,0,Premium,79,0,0,1,4.1,0,16,9,5,10,0,1,Walk-in,0,0
RW-106417,Westfield,39,89,Monthly,0,Plus,49,0,0,0,38.3,0,3,4,8,0,0,1,Online ad,0,1
RW-106418,Northgate,41,23,Annual,6,Plus,44,0,0,0,2.4,1,0,10,64,0,0,0,Friend,0,0
RW-106419,Northgate,27,10,Annual,3,Basic,24,0,0,1,5.1,1,12,8,2,1,0,1,Online ad,0,0
RW-106420,Lakeview,36,27,Monthly,0,Plus,49,0,0,0,5.3,0,10,9,4,6,2,0,Walk-in,0,1
RW-106421,Northgate,23,16,Annual,11,Basic,24,0,0,0,11.0,1,6,23,1,0,0,1,Online ad,0,0
RW-106422,Northgate,33,41,Annual,7,Basic,24,0,1,0,9.1,0,11,9,4,1,1,0,Online ad,0,0
RW-106423,Northgate,72,26,Annual,3,Basic,24,1,0,0,7.7,1,13,7,3,1,0,1,Walk-in,0,0
RW-106424,Westfield,28,5,Annual,5,Plus,44,1,0,0,7.9,1,9,20,4,8,0,0,Online ad,0,0
RW-106425,Riverside,25,57,Annual,1,Basic,24,0,1,0,12.0,0,14,14,4,2,0,0,Online ad,0,0
RW-106426,Northgate,37,34,Monthly,0,Premium,79,0,0,0,3.5,1,18,14,3,0,0,0,Online ad,0,0
RW-106427,Downtown,49,8,Monthly,0,Plus,49,0,0,0,3.9,1,3,2,2,1,0,0,Friend,0,0
RW-106428,Riverside,29,28,Monthly,0,Plus,44,1,0,0,7.7,0,5,4,6,1,0,0,Corporate,0,0
RW-106429,Riverside,28,4,Monthly,0,Plus,49,0,0,1,3.4,0,9,10,7,0,0,1,Online ad,0,0
RW-106430,Lakeview,50,15,Monthly,0,Plus,49,0,1,0,2.0,0,2,10,12,0,0,1,Friend,1,0
RW-106431,Downtown,27,14,Annual,4,Basic,24,0,1,0,8.1,1,8,7,5,4,0,0,Online ad,1,0
RW-106432,Northgate,40,9,Monthly,0,Basic,29,0,0,0,1.8,0,4,4,1,0,0,0,Online ad,0,0
RW-106433,Downtown,24,39,Annual,5,Basic,24,0,0,0,3.4,1,5,5,11,0,0,0,Walk-in,0,0
RW-106434,Riverside,36,17,Monthly,0,Plus,49,0,0,0,20.8,1,3,4,0,1,2,0,Online ad,0,1
RW-106435,Westfield,25,6,Annual,3,Plus,44,0,0,0,4.6,0,2,2,8,0,0,1,Online ad,0,0
RW-106436,Northgate,36,33,Annual,0,Premium,64,1,1,1,17.8,1,9,10,7,0,0,0,Corporate,0,1
RW-106437,Downtown,41,21,Annual,4,Plus,44,0,0,0,4.8,1,2,15,3,0,0,0,Friend,1,0
RW-106438,Northgate,50,38,Monthly,0,Premium,79,0,1,1,4.4,1,8,13,4,1,0,0,Friend,1,0
RW-106439,Hillcrest,24,3,Monthly,0,Basic,29,0,0,0,0.8,1,2,7,2,0,0,0,Online ad,0,1
RW-106440,Riverside,29,7,Annual,9,Plus,44,0,0,0,2.5,0,21,26,0,1,0,1,Friend,1,0
RW-106441,Westfield,28,4,Monthly,0,Plus,49,0,0,0,1.4,1,3,6,6,0,0,0,Walk-in,0,1
RW-106442,Lakeview,37,33,Annual,8,Premium,64,1,0,0,16.4,1,11,10,1,0,1,0,Walk-in,0,0
RW-106443,Hillcrest,29,43,Monthly,0,Basic,29,0,0,0,4.9,1,5,9,2,0,1,0,Online ad,0,0
RW-106444,Riverside,26,13,Monthly,0,Premium,79,0,0,0,5.3,0,3,9,2,0,0,0,Walk-in,1,1
RW-106445,Downtown,46,31,Annual,3,Premium,74,0,0,0,6.6,1,11,12,4,1,0,1,Online ad,1,0
RW-106446,Westfield,32,69,Monthly,0,Basic,29,0,0,0,4.4,0,7,5,7,4,0,0,Online ad,0,0
RW-106447,Riverside,39,46,Monthly,0,Plus,49,0,0,0,16.2,1,4,8,5,4,0,0,Friend,1,1
RW-106448,Northgate,48,28,Annual,3,Premium,74,0,0,0,6.6,1,1,3,6,0,1,1,Corporate,0,0
RW-106449,Lakeview,78,3,Monthly,0,Basic,29,0,0,0,2.8,0,13,9,7,9,0,0,Online ad,1,0
RW-106450,Riverside,50,10,Annual,11,Premium,74,0,0,1,2.4,0,13,15,4,1,0,0,Friend,0,0
RW-106451,Riverside,37,19,Annual,9,Basic,24,0,0,0,2.6,1,7,11,9,3,0,0,Corporate,0,0
RW-106452,Downtown,30,19,Annual,7,Premium,74,0,0,0,14.1,1,6,8,8,1,2,0,Online ad,0,0
RW-106453,Downtown,28,40,Monthly,0,Basic,29,1,0,0,1.3,0,20,20,5,0,1,1,Walk-in,0,0
RW-106454,Westfield,23,2,Annual,7,Plus,44,0,0,0,1.8,0,5,9,6,3,0,0,Friend,0,0
RW-106455,Hillcrest,25,28,Monthly,0,Basic,29,0,1,0,7.4,0,0,10,43,0,0,1,Friend,0,1
RW-106456,Westfield,25,5,Monthly,0,Basic,19,1,0,0,2.1,1,5,20,2,0,1,0,Online ad,0,1
RW-106457,Riverside,39,43,Annual,5,Plus,34,1,0,0,3.5,0,25,22,0,3,0,0,Walk-in,0,0
RW-106458,Lakeview,35,8,Annual,5,Premium,74,1,1,1,4.9,1,26,28,1,12,0,0,Walk-in,0,0
RW-106459,Riverside,39,28,Monthly,0,Plus,49,0,1,0,2.4,0,8,6,2,2,0,1,Friend,0,0
RW-106460,Downtown,35,31,Monthly,0,Plus,49,0,0,0,5.2,0,4,6,2,0,0,0,Friend,0,0
RW-106461,Northgate,40,18,Annual,5,Premium,69,1,0,0,7.0,0,5,7,11,1,1,1,Online ad,0,0
RW-106462,Hillcrest,41,2,Monthly,0,Plus,44,1,1,0,1.5,1,24,11,4,0,1,0,Online ad,0,1
RW-106463,Riverside,51,27,Monthly,0,Plus,49,1,0,0,3.4,0,15,10,6,2,0,0,Walk-in,0,0
RW-106464,Riverside,41,13,Annual,0,Plus,44,0,0,0,3.7,1,23,20,6,1,1,0,Walk-in,0,0
RW-106465,Hillcrest,22,9,Annual,3,Plus,44,0,1,1,2.7,1,2,12,3,0,0,1,Friend,0,0
RW-106466,Downtown,45,53,Annual,3,Premium,74,1,1,0,3.9,0,12,14,8,10,2,0,Online ad,0,0
RW-106467,Westfield,39,10,Monthly,0,Premium,79,0,1,1,6.9,1,9,14,8,0,0,0,Friend,0,0
RW-106468,Hillcrest,36,59,Annual,11,Premium,74,0,0,0,4.4,0,7,12,2,2,0,0,Walk-in,0,0
RW-106469,Northgate,33,1,Monthly,0,Premium,79,0,0,0,7.1,1,7,0,0,0,0,0,Friend,0,1
RW-106470,Downtown,48,66,Monthly,0,Basic,19,1,0,0,3.5,1,10,14,1,1,0,1,Friend,0,0
RW-106471,Hillcrest,59,10,Monthly,0,Plus,49,0,0,0,2.8,0,4,10,3,2,0,0,Walk-in,0,0
RW-106472,Northgate,78,11,Monthly,0,Basic,19,1,0,0,8.1,1,3,8,13,0,0,0,Online ad,0,1
RW-106473,Downtown,47,58,Monthly,0,Basic,24,1,0,0,7.6,1,14,15,2,1,1,0,Friend,0,0
RW-106474,Riverside,32,11,Annual,11,Basic,24,1,1,1,16.8,0,5,5,8,0,1,0,Online ad,0,0
RW-106475,Downtown,37,2,Annual,5,Plus,44,0,0,1,21.4,1,21,19,1,4,0,0,Online ad,1,0
RW-106476,Riverside,20,19,Annual,4,Basic,24,0,0,0,4.2,1,1,12,16,0,0,0,Friend,0,0
RW-106477,Riverside,50,20,Annual,0,Plus,44,0,1,0,5.6,1,10,9,2,5,0,1,Friend,0,0
RW-106478,Riverside,28,12,Monthly,0,Plus,49,0,0,0,10.2,1,4,9,4,1,1,0,Online ad,0,0
RW-106479,Downtown,30,12,Monthly,0,Premium,79,0,0,0,20.6,1,10,6,4,1,0,0,Friend,0,0
RW-106480,Riverside,40,31,Monthly,0,Plus,49,0,1,0,1.1,0,12,21,1,9,0,1,Online ad,0,0
RW-106481,Riverside,28,14,Monthly,0,Plus,44,1,0,0,9.1,1,5,14,6,2,1,1,Online ad,0,0
RW-106482,Northgate,22,15,Monthly,0,Basic,29,0,0,0,9.4,1,4,3,0,1,0,0,Walk-in,1,0
RW-106483,Northgate,40,4,Monthly,0,Basic,29,0,0,0,1.7,1,18,19,6,0,0,0,Friend,0,0
RW-106484,Lakeview,35,32,Monthly,0,Basic,29,0,0,0,3.0,0,7,5,2,1,1,0,Walk-in,0,0
RW-106485,Hillcrest,34,4,Monthly,0,Plus,49,0,0,0,1.7,1,9,12,9,0,0,0,Walk-in,0,0
RW-106486,Lakeview,26,5,Monthly,0,Basic,29,0,0,0,7.8,0,6,3,1,0,1,1,Walk-in,0,1
RW-106487,Westfield,44,88,Monthly,0,Plus,49,0,0,0,2.3,1,12,9,2,8,0,0,Walk-in,0,0
RW-106488,Northgate,25,6,Monthly,0,Plus,49,0,0,1,5.1,0,2,22,8,1,0,0,Online ad,0,0
RW-106489,Lakeview,34,6,Monthly,0,Basic,29,1,0,0,3.2,1,2,8,6,0,2,0,Online ad,0,1
RW-106490,Hillcrest,36,2,Monthly,0,Premium,79,0,1,0,2.1,1,3,4,4,0,0,1,Friend,0,0
RW-106491,Hillcrest,37,19,Annual,7,Premium,74,1,0,0,5.2,0,11,13,4,1,1,0,Corporate,0,0
RW-106492,Northgate,65,24,Monthly,0,Basic,29,1,0,0,10.1,0,3,7,11,3,0,0,Friend,0,0
RW-106493,Northgate,29,27,Monthly,0,Premium,79,0,0,1,2.8,0,7,9,0,2,0,0,Walk-in,0,0
RW-106494,Riverside,32,24,Annual,4,Basic,24,0,0,1,4.6,0,10,9,7,0,0,0,Walk-in,0,0
RW-106495,Northgate,46,2,Monthly,0,Plus,49,0,0,0,1.6,0,17,19,3,5,0,0,Walk-in,0,0
RW-106496,Hillcrest,27,42,Annual,7,Plus,44,0,0,0,11.0,0,15,3,2,8,1,0,Walk-in,0,0
RW-106497,Northgate,42,34,Monthly,0,Plus,49,0,0,0,3.6,0,5,9,3,0,0,0,Friend,0,0
RW-106498,Downtown,29,50,Annual,2,Plus,44,0,0,0,12.7,0,11,11,5,4,0,0,Walk-in,0,0
RW-106499,Hillcrest,53,11,Monthly,0,Premium,69,1,0,1,4.3,0,8,9,0,3,0,1,Friend,0,1
RW-106500,Hillcrest,32,15,Monthly,0,Basic,29,0,0,0,2.8,1,1,4,8,0,0,0,Online ad,0,0
RW-106501,Downtown,34,29,Monthly,0,Plus,49,0,0,0,2.0,1,6,7,2,1,0,0,Online ad,0,0
RW-106502,Riverside,29,5,Monthly,0,Plus,49,0,0,0,8.2,0,1,3,6,0,0,0,Friend,0,1
RW-106503,Downtown,61,30,Monthly,0,Basic,29,1,0,0,4.4,0,2,4,4,0,0,0,Friend,0,0
RW-106504,Riverside,50,31,Annual,3,Basic,24,0,0,0,3.1,0,6,5,3,2,0,0,Online ad,1,0
RW-106505,Northgate,22,52,Monthly,0,Plus,49,0,1,0,8.4,1,13,11,6,6,0,0,Online ad,0,0
RW-106506,Lakeview,28,32,Monthly,0,Plus,49,1,0,0,18.0,1,11,3,6,3,0,0,Walk-in,1,0
RW-106507,Northgate,42,60,Monthly,0,Basic,19,1,1,0,12.0,1,4,5,6,2,1,0,Friend,0,0
RW-106508,Riverside,26,3,Monthly,0,Premium,79,0,0,0,9.0,0,8,2,0,0,0,0,Walk-in,0,0
RW-106509,Hillcrest,42,11,Monthly,0,Basic,29,0,0,0,10.0,0,2,7,12,0,0,1,Corporate,1,1
RW-106510,Northgate,31,28,Annual,0,Premium,74,0,0,0,3.5,1,1,2,11,0,0,0,Friend,0,1
RW-106511,Westfield,27,10,Annual,11,Premium,74,0,0,1,1.9,1,13,9,2,1,1,0,Online ad,0,0
RW-106512,Riverside,48,15,Annual,8,Plus,44,0,0,0,7.9,0,4,7,3,0,0,0,Walk-in,0,0
RW-106513,Lakeview,29,48,Monthly,0,Basic,29,0,0,0,19.6,1,23,19,4,3,0,0,Walk-in,0,0
RW-106514,Riverside,22,17,Monthly,0,Plus,49,0,0,0,1.7,0,11,8,6,1,1,0,Online ad,0,0
RW-106515,Downtown,44,7,Monthly,0,Plus,49,0,0,0,8.2,1,5,9,11,2,1,0,Online ad,0,0
RW-106516,Downtown,78,12,Monthly,0,Plus,49,0,0,0,3.4,0,11,4,6,7,0,1,Walk-in,0,0
RW-106517,Hillcrest,30,19,Monthly,0,Basic,29,0,0,1,22.0,0,7,6,5,6,1,0,Online ad,0,0
RW-106518,Northgate,33,6,Monthly,0,Basic,19,1,0,0,10.4,1,4,1,3,2,0,1,Online ad,0,0
RW-106519,Lakeview,22,5,Monthly,0,Plus,44,1,1,0,6.8,1,0,13,47,0,0,1,Walk-in,0,1
RW-106520,Lakeview,33,113,Annual,11,Basic,14,1,0,1,3.3,1,28,26,4,14,0,1,Walk-in,0,0
RW-106521,Lakeview,50,24,Annual,3,Plus,44,0,0,0,3.7,0,1,5,1,0,1,0,Online ad,1,0
RW-106522,Hillcrest,36,10,Monthly,0,Basic,29,0,0,0,4.5,0,1,2,4,0,0,0,Friend,0,0
RW-106523,Westfield,28,16,Monthly,0,Plus,49,0,0,0,7.7,0,3,5,11,0,1,0,Walk-in,2,0
RW-106524,Downtown,27,55,Monthly,0,Plus,49,0,0,1,1.7,1,23,21,2,7,1,0,Walk-in,0,0
RW-106525,Northgate,49,23,Monthly,0,Basic,29,1,0,0,5.3,0,9,12,7,0,0,0,Walk-in,0,0
RW-106526,Downtown,60,29,Monthly,0,Basic,29,0,0,0,8.0,1,0,2,37,0,0,0,Walk-in,0,1
RW-106527,Hillcrest,25,29,Annual,5,Basic,24,0,0,0,2.4,1,2,12,7,0,0,0,Walk-in,1,0
RW-106528,Westfield,35,11,Annual,2,Basic,24,1,1,0,2.9,1,4,7,10,0,0,0,Walk-in,0,0
RW-106529,Downtown,39,17,Annual,2,Plus,44,0,0,0,9.3,0,6,5,9,0,0,0,Walk-in,0,0
RW-106530,Lakeview,78,12,Annual,9,Plus,34,1,0,0,9.3,0,5,7,11,3,0,0,Walk-in,0,0
RW-106531,Westfield,25,15,Monthly,0,Basic,29,0,0,0,8.1,1,1,3,11,0,1,0,Corporate,0,0
RW-106532,Westfield,43,31,Monthly,0,Plus,49,0,0,0,2.8,1,24,22,5,2,0,0,Online ad,0,1
RW-106533,Northgate,30,20,Annual,7,Plus,44,0,0,0,3.1,1,13,10,1,8,1,0,Friend,0,0
RW-106534,Northgate,54,49,Annual,10,Plus,44,0,0,0,17.3,1,4,9,9,3,0,0,Friend,0,0
RW-106535,Lakeview,33,2,Annual,10,Basic,24,0,0,0,0.9,0,11,5,4,1,0,0,Friend,0,0
RW-106536,Hillcrest,33,32,Monthly,0,Premium,79,0,0,1,5.9,1,28,23,5,2,0,0,Walk-in,0,0
RW-106537,Northgate,47,28,Annual,8,Basic,24,0,0,1,17.6,1,3,1,12,1,0,1,Online ad,0,0
RW-106538,Downtown,64,17,Monthly,0,Basic,29,1,0,0,1.9,1,3,1,6,3,0,0,Online ad,1,0
RW-106539,Hillcrest,32,15,Annual,5,Plus,44,0,1,1,8.4,1,9,9,7,2,0,0,Online ad,0,0
RW-106540,Downtown,29,30,Monthly,0,Basic,19,1,1,0,10.3,0,3,5,4,0,0,0,Walk-in,0,0
RW-106541,Northgate,26,9,Annual,9,Premium,74,0,0,0,20.8,1,6,7,3,0,1,0,Friend,1,0
RW-106542,Downtown,26,8,Annual,1,Basic,24,0,0,0,3.8,0,8,8,6,3,0,0,Online ad,0,1
RW-106543,Northgate,36,5,Annual,3,Basic,24,0,0,0,10.3,1,9,9,8,2,0,1,Online ad,0,0
RW-106544,Westfield,29,19,Monthly,0,Premium,79,0,0,0,16.7,0,1,7,13,0,0,1,Friend,0,1
RW-106545,Downtown,31,20,Annual,10,Plus,44,0,1,0,1.2,1,15,14,4,9,0,1,Friend,0,0
RW-106546,Lakeview,33,33,Monthly,0,Basic,29,0,0,0,7.2,0,4,15,7,0,0,1,Online ad,0,0
RW-106547,Riverside,38,5,Annual,5,Basic,24,1,0,1,7.0,0,11,16,8,0,0,0,Walk-in,0,0
RW-106548,Westfield,43,33,Monthly,0,Premium,79,0,1,0,3.9,1,11,13,3,8,0,0,Walk-in,0,0
RW-106549,Riverside,38,12,Monthly,0,Basic,29,0,0,0,7.1,1,7,2,0,1,0,0,Corporate,0,0
RW-106550,Lakeview,58,53,Annual,9,Plus,44,0,0,0,4.9,1,0,2,32,0,0,0,Friend,0,0
RW-106551,Downtown,24,13,Monthly,0,Plus,44,1,0,0,5.9,0,16,5,6,2,2,0,Friend,1,1
RW-106552,Hillcrest,45,5,Monthly,0,Basic,29,0,1,0,5.3,1,3,16,12,0,0,1,Corporate,0,0
RW-106553,Lakeview,41,9,Annual,5,Basic,19,1,0,0,1.8,0,8,9,6,0,0,0,Friend,0,0
RW-106554,Northgate,37,9,Annual,5,Plus,44,0,0,0,2.5,1,3,10,0,0,0,0,Online ad,0,0
RW-106555,Westfield,42,6,Annual,3,Plus,44,0,0,0,3.0,0,5,4,5,0,1,0,Friend,0,0
RW-106556,Riverside,54,26,Annual,11,Premium,74,1,0,0,4.7,1,8,9,9,0,0,0,Online ad,0,0
RW-106557,Riverside,76,21,Annual,3,Basic,24,1,1,0,1.4,1,6,3,9,1,1,0,Online ad,0,0
RW-106558,Downtown,50,2,Monthly,0,Plus,49,0,1,0,2.6,1,28,28,4,0,0,0,Online ad,1,0
RW-106559,Downtown,34,2,Monthly,0,Premium,79,0,0,1,1.6,1,7,22,2,7,0,0,Friend,0,0
RW-106560,Downtown,27,117,Monthly,0,Plus,44,1,1,0,5.5,1,28,28,5,1,1,0,Friend,0,0
RW-106561,Northgate,33,5,Monthly,0,Plus,49,0,0,0,3.9,0,1,4,19,0,0,0,Online ad,0,1
RW-106562,Westfield,55,9,Monthly,0,Premium,79,0,1,1,1.0,0,7,8,1,0,0,0,Online ad,1,0
RW-106563,Northgate,29,15,Monthly,0,Basic,29,0,0,0,14.8,1,7,18,4,2,0,0,Corporate,0,0
RW-106564,Northgate,41,27,Annual,9,Basic,24,0,1,0,3.8,0,4,9,8,1,2,0,Friend,0,1
RW-106565,Downtown,23,120,Monthly,0,Basic,29,0,0,0,1.8,1,24,28,0,12,1,0,Friend,0,0
RW-106566,Northgate,29,95,Annual,5,Plus,44,0,0,0,3.7,1,12,10,0,9,0,0,Online ad,0,0
RW-106567,Lakeview,39,16,Annual,6,Basic,24,0,0,0,3.9,1,14,12,7,1,0,1,Online ad,0,0
RW-106568,Downtown,29,22,Monthly,0,Plus,49,0,0,0,3.6,1,6,24,8,3,0,0,Friend,0,0
RW-106569,Riverside,33,1,Monthly,0,Basic,29,0,0,0,9.4,1,7,0,9,0,0,0,Corporate,0,1
RW-106570,Northgate,36,21,Monthly,0,Premium,79,0,0,0,40.0,0,4,1,3,0,1,0,Corporate,0,0
RW-106571,Hillcrest,29,12,Annual,11,Basic,24,0,1,0,6.1,1,7,14,6,0,1,0,Walk-in,1,0
RW-106572,Westfield,29,24,Monthly,0,Basic,29,0,1,0,1.7,0,2,4,5,0,0,0,Online ad,0,1
RW-106573,Northgate,35,50,Annual,9,Basic,24,0,0,0,15.3,1,4,10,0,0,0,0,Walk-in,0,0
RW-106574,Hillcrest,32,106,Annual,4,Plus,44,0,0,1,7.2,1,4,3,9,3,0,0,Online ad,0,0
RW-106575,Westfield,32,35,Annual,0,Basic,24,0,0,1,2.5,1,2,17,10,2,0,0,Walk-in,1,0
RW-106576,Northgate,26,6,Monthly,0,Plus,49,0,0,0,9.5,1,1,12,11,0,1,0,Walk-in,0,0
RW-106577,Westfield,30,3,Monthly,0,Basic,29,0,1,0,7.6,1,2,5,5,3,1,0,Corporate,0,0
RW-106578,Lakeview,32,66,Annual,2,Basic,24,0,1,0,3.5,1,14,8,3,6,0,0,Online ad,1,0
RW-106579,Riverside,32,46,Annual,10,Basic,24,0,0,0,7.7,0,10,12,8,1,0,0,Online ad,0,0
RW-106580,Downtown,39,25,Annual,3,Basic,24,0,0,0,1.6,1,28,21,5,1,2,1,Walk-in,1,0
RW-106581,Lakeview,26,8,Monthly,0,Plus,49,0,0,0,4.9,1,9,9,6,7,0,0,Online ad,0,0
RW-106582,Northgate,19,20,Monthly,0,Plus,39,1,1,0,5.2,1,3,11,10,1,0,1,Online ad,1,1
RW-106583,Riverside,32,18,Annual,0,Premium,74,0,0,0,3.4,1,1,17,16,0,1,0,Walk-in,0,1
RW-106584,Downtown,35,14,Annual,7,Plus,44,0,0,0,3.9,0,11,9,4,9,0,0,Friend,2,0
RW-106585,Northgate,34,14,Monthly,0,Plus,44,1,0,0,16.1,1,19,23,5,0,0,1,Online ad,0,0
RW-106586,Westfield,26,80,Annual,10,Basic,19,1,0,0,2.7,0,13,2,7,10,0,0,Online ad,1,0
RW-106587,Northgate,25,11,Monthly,0,Basic,29,0,0,0,7.7,1,2,19,1,0,0,0,Online ad,0,0
RW-106588,Northgate,25,13,Monthly,0,Basic,29,0,1,0,1.5,1,2,3,6,0,1,1,Walk-in,0,0
RW-106589,Hillcrest,34,49,Monthly,0,Plus,49,1,0,0,5.6,1,9,12,7,6,0,0,Walk-in,1,0
RW-106590,Northgate,30,44,Annual,6,Plus,44,0,0,0,3.5,0,6,8,10,1,0,0,Online ad,0,0
RW-106591,Westfield,30,27,Monthly,0,Basic,29,0,0,0,6.5,0,13,8,7,5,0,0,Friend,0,1
RW-106592,Downtown,32,56,Annual,2,Basic,24,0,0,0,13.1,1,6,4,5,0,0,0,Friend,0,0
RW-106593,Downtown,44,9,Annual,2,Plus,44,0,0,0,5.5,0,28,23,5,4,0,1,Corporate,1,0
RW-106594,Downtown,31,20,Monthly,0,Basic,29,0,0,0,6.3,0,1,6,3,0,1,0,Friend,0,0
RW-106595,Westfield,32,3,Monthly,0,Plus,49,0,0,0,2.6,1,14,12,2,4,0,0,Friend,0,0
RW-106596,Hillcrest,52,26,Monthly,0,Plus,49,0,1,0,2.9,1,7,11,5,4,1,0,Walk-in,0,0
RW-106597,Lakeview,30,4,Annual,0,Plus,34,1,0,0,5.6,0,5,5,8,3,0,1,Online ad,0,1
RW-106598,Westfield,43,18,Annual,4,Basic,24,0,0,0,2.2,0,10,11,7,3,0,1,Walk-in,0,0
RW-106599,Hillcrest,25,45,Monthly,0,Premium,79,0,1,1,1.8,0,27,25,2,0,0,0,Walk-in,0,1
RW-106600,Westfield,41,9,Monthly,0,Basic,29,0,0,0,7.1,1,3,5,9,0,0,0,Online ad,0,0
RW-106601,Downtown,78,12,Annual,9,Basic,24,0,0,0,3.8,0,6,2,11,3,0,1,Corporate,0,0
RW-106602,Northgate,37,5,Annual,1,Plus,44,0,0,0,5.2,0,1,4,19,0,0,0,Online ad,0,1
RW-106603,Riverside,63,32,Monthly,0,Plus,49,0,0,0,5.2,0,14,12,6,1,1,0,Friend,0,1
RW-106604,Riverside,23,12,Monthly,0,Basic,19,1,0,0,12.5,0,2,5,5,1,0,0,Walk-in,0,1
RW-106605,Northgate,44,26,Monthly,0,Basic,24,1,0,0,5.9,1,6,1,5,1,0,0,Friend,0,0
RW-106606,Downtown,29,9,Monthly,0,Plus,49,0,1,0,10.5,0,22,23,4,0,2,0,Walk-in,0,0
RW-106607,Riverside,24,25,Monthly,0,Basic,29,0,0,0,2.4,0,2,5,3,0,0,0,Online ad,0,0
RW-106608,Downtown,41,13,Monthly,0,Basic,29,0,0,1,11.0,1,10,8,2,6,0,0,Walk-in,0,0
RW-106609,Northgate,27,22,Annual,1,Basic,24,1,0,0,4.1,0,14,3,5,3,0,1,Online ad,1,0
RW-106610,Downtown,37,21,Monthly,0,Plus,49,0,0,1,11.1,1,18,16,2,2,0,0,Corporate,0,0
RW-106611,Riverside,29,19,Annual,7,Basic,24,0,0,0,2.2,0,14,14,3,1,0,0,Online ad,0,0
RW-106612,Downtown,30,3,Annual,7,Premium,74,1,0,0,2.1,0,4,5,3,5,0,0,Walk-in,1,0
RW-106613,Northgate,34,9,Monthly,0,Plus,49,0,1,0,2.6,1,9,11,3,0,1,0,Friend,0,0
RW-106614,Hillcrest,54,28,Annual,1,Plus,34,1,0,0,3.2,0,12,8,0,6,0,0,Online ad,0,0
RW-106615,Downtown,57,67,Monthly,0,Premium,79,0,0,1,11.1,0,6,5,5,0,1,0,Friend,0,0
RW-106616,Northgate,24,22,Monthly,0,Premium,79,0,0,0,3.9,1,8,24,3,2,0,0,Online ad,0,0
RW-106617,Downtown,30,21,Annual,2,Plus,44,0,0,0,4.0,1,7,6,7,0,1,0,Walk-in,0,0
RW-106618,Northgate,78,3,Annual,8,Basic,19,1,0,0,8.2,0,4,2,3,3,0,0,Friend,0,0
RW-106619,Lakeview,28,22,Monthly,0,Basic,24,1,0,0,1.6,0,13,9,3,10,0,0,Walk-in,0,0
RW-106620,Northgate,54,28,Annual,5,Basic,24,0,0,0,5.3,0,10,13,7,0,0,0,Online ad,0,0
RW-106621,Hillcrest,43,11,Monthly,0,Plus,49,0,1,1,7.6,1,1,21,3,0,1,0,Online ad,0,0
RW-106622,Northgate,71,39,Annual,4,Premium,74,0,0,0,3.6,1,24,19,4,0,0,0,Friend,0,0
RW-106623,Downtown,35,29,Annual,8,Plus,44,0,0,0,4.5,1,17,12,2,2,1,0,Walk-in,0,0
RW-106624,Riverside,51,12,Annual,4,Basic,24,0,0,0,1.6,1,4,7,13,0,1,0,Corporate,0,0
RW-106625,Riverside,51,4,Monthly,0,Premium,79,0,0,1,6.0,1,6,6,10,0,1,0,Online ad,0,0
RW-106626,Hillcrest,23,5,Monthly,0,Basic,29,0,0,0,7.9,0,1,6,8,0,0,0,Friend,0,0
RW-106627,Northgate,20,6,Monthly,0,Plus,49,1,0,0,3.6,1,3,7,5,1,0,0,Walk-in,0,1
RW-106628,Hillcrest,32,15,Monthly,0,Premium,69,1,0,0,6.2,1,11,12,8,0,0,0,Friend,0,0
RW-106629,Downtown,29,21,Annual,9,Plus,44,0,0,0,2.8,1,0,4,39,0,0,0,Walk-in,0,0
RW-106630,Lakeview,30,14,Annual,11,Basic,24,0,0,0,3.3,1,5,11,10,0,0,0,Walk-in,0,0
RW-106631,Riverside,45,37,Monthly,0,Basic,29,0,0,0,1.3,0,0,1,56,0,0,0,Online ad,0,1
RW-106632,Lakeview,31,29,Annual,6,Plus,44,0,1,0,1.5,1,6,7,10,0,1,1,Friend,0,0
RW-106633,Lakeview,29,24,Monthly,0,Basic,19,1,0,0,4.5,1,5,9,9,0,0,0,Walk-in,0,0
RW-106634,Riverside,30,7,Monthly,0,Basic,29,0,0,0,2.9,1,5,5,2,0,0,1,Walk-in,1,0
RW-106635,Hillcrest,26,10,Monthly,0,Plus,49,0,0,0,12.8,0,2,3,16,0,0,1,Walk-in,0,1
RW-106636,Westfield,36,8,Monthly,0,Basic,29,1,1,0,5.9,0,3,4,2,2,0,0,Walk-in,0,0
RW-106637,Westfield,54,17,Monthly,0,Basic,29,1,0,0,11.0,0,12,9,7,6,1,0,Friend,0,0
RW-106638,Northgate,42,60,Annual,9,Plus,44,0,0,0,1.3,1,6,4,6,0,0,1,Walk-in,1,0
RW-106639,Lakeview,42,53,Annual,1,Plus,44,0,0,0,3.4,0,5,8,7,1,0,0,Friend,0,0
RW-106640,Downtown,40,14,Monthly,0,Premium,79,0,0,1,4.5,1,1,11,2,0,0,0,Corporate,0,0
RW-106641,Riverside,41,3,Monthly,0,Plus,39,1,0,0,5.7,0,8,9,4,4,0,1,Online ad,0,1
RW-106642,Northgate,34,27,Monthly,0,Basic,19,1,1,0,9.6,0,6,2,3,2,0,1,Online ad,1,0
RW-106643,Riverside,41,17,Monthly,0,Basic,29,1,0,0,8.0,1,5,2,3,3,0,0,Walk-in,0,0
RW-106644,Hillcrest,32,3,Annual,8,Basic,24,0,0,0,3.4,1,6,6,11,0,1,0,Walk-in,0,0
RW-106645,Northgate,34,4,Monthly,0,Plus,49,0,0,0,7.2,0,10,10,5,1,1,0,Online ad,0,1
RW-106646,Northgate,18,32,Monthly,0,Basic,29,0,0,0,5.9,1,6,8,3,0,0,0,Friend,0,0
RW-106647,Northgate,39,20,Monthly,0,Basic,29,0,0,0,16.5,0,8,7,2,1,1,1,Friend,0,0
RW-106648,Downtown,36,27,Monthly,0,Basic,29,0,0,0,6.9,1,3,2,14,1,0,0,Online ad,1,0
RW-106649,Northgate,32,16,Annual,1,Plus,44,0,0,0,11.7,0,6,27,9,5,1,0,Online ad,1,0
RW-106650,Northgate,69,17,Annual,0,Basic,24,0,0,0,4.9,0,6,1,1,0,0,0,Online ad,2,1
RW-106651,Northgate,26,24,Monthly,0,Plus,49,0,0,0,4.4,1,6,7,6,4,0,0,Walk-in,0,0
RW-106652,Downtown,31,3,Annual,3,Plus,44,0,0,0,4.3,1,13,15,4,1,0,1,Corporate,0,0
RW-106653,Hillcrest,29,6,Monthly,0,Plus,49,0,0,0,2.4,0,10,10,9,4,0,1,Online ad,0,0
RW-106654,Hillcrest,22,7,Annual,6,Basic,24,0,0,1,6.1,0,9,12,4,4,0,0,Online ad,0,0
RW-106655,Northgate,40,27,Monthly,0,Premium,79,0,0,0,2.8,1,11,15,6,9,0,1,Online ad,0,1
RW-106656,Downtown,20,12,Monthly,0,Basic,29,0,0,0,7.2,0,3,9,10,2,0,0,Walk-in,1,0
RW-106657,Westfield,31,38,Annual,5,Basic,19,1,0,0,5.4,1,5,2,9,6,2,1,Online ad,1,0
RW-106658,Northgate,21,6,Monthly,0,Plus,49,0,1,0,1.1,1,8,8,9,4,0,0,Corporate,0,0
RW-106659,Hillcrest,28,2,Monthly,0,Premium,79,0,1,1,4.4,0,15,17,1,0,0,1,Online ad,0,0
RW-106660,Hillcrest,76,23,Monthly,0,Plus,49,0,1,0,6.3,1,0,9,36,0,0,1,Walk-in,0,1
RW-106661,Riverside,26,2,Monthly,0,Plus,49,1,0,0,5.1,1,9,4,5,1,0,0,Friend,0,1
RW-106662,Hillcrest,41,25,Monthly,0,Basic,29,0,1,0,13.0,1,2,4,11,0,0,0,Friend,0,0
RW-106663,Downtown,39,10,Annual,0,Premium,74,0,0,0,9.3,1,14,22,4,12,1,0,Online ad,1,0
RW-106664,Riverside,30,6,Annual,0,Basic,24,1,0,0,3.0,1,7,4,8,3,0,0,Corporate,0,1
RW-106665,Northgate,39,34,Monthly,0,Plus,39,1,0,0,6.8,1,18,27,1,0,0,0,Walk-in,0,1
RW-106666,Westfield,58,10,Monthly,0,Basic,29,1,0,0,2.0,0,9,16,4,7,0,1,Walk-in,0,0
RW-106667,Downtown,33,5,Monthly,0,Basic,29,0,0,0,1.3,0,4,3,0,0,0,1,Online ad,0,0
RW-106668,Riverside,25,27,Monthly,0,Plus,49,0,0,0,4.3,0,1,4,15,0,0,1,Walk-in,0,0
RW-106669,Westfield,63,23,Monthly,0,Plus,44,1,0,0,2.6,1,7,3,1,5,1,0,Friend,1,0
RW-106670,Lakeview,28,17,Monthly,0,Plus,39,1,0,0,8.3,1,3,4,13,0,0,0,Friend,1,0
RW-106671,Westfield,27,12,Monthly,0,Basic,29,0,0,0,2.9,1,7,4,6,3,0,0,Walk-in,0,0
RW-106672,Riverside,43,62,Annual,6,Plus,44,0,1,1,4.2,0,13,18,7,0,0,0,Corporate,0,0
RW-106673,Riverside,22,22,Monthly,0,Basic,19,1,0,0,2.2,1,6,12,3,5,0,0,Friend,0,0
RW-106674,Northgate,43,39,Monthly,0,Plus,49,0,1,0,2.4,0,5,8,6,3,1,1,Friend,1,0
RW-106675,Westfield,28,14,Annual,7,Plus,44,1,0,0,12.6,1,0,5,33,0,0,0,Online ad,0,1
RW-106676,Westfield,19,25,Annual,8,Basic,24,0,1,0,9.8,0,12,8,7,1,0,0,Corporate,0,0
RW-106677,Northgate,34,27,Monthly,0,Plus,39,1,0,0,3.5,0,17,21,5,8,0,0,Online ad,0,1
RW-106678,Northgate,29,11,Annual,9,Plus,44,0,1,0,5.8,1,1,3,18,1,0,0,Online ad,0,0
RW-106679,Riverside,35,44,Annual,9,Basic,24,0,0,0,8.2,0,7,15,8,2,0,0,Walk-in,0,0
RW-106680,Riverside,56,4,Monthly,0,Basic,29,0,0,0,11.1,1,26,28,2,11,0,0,Friend,0,0
RW-106681,Riverside,30,2,Monthly,0,Premium,79,0,0,0,5.1,0,2,11,9,0,0,0,Online ad,0,1
RW-106682,Downtown,46,7,Monthly,0,Basic,29,0,0,1,26.1,1,3,3,14,0,1,1,Walk-in,0,0
RW-106683,Downtown,23,3,Annual,8,Basic,24,0,0,0,8.7,1,1,4,3,0,1,0,Walk-in,0,0
RW-106684,Riverside,41,7,Monthly,0,Basic,29,0,0,0,4.1,1,7,9,8,0,0,1,Corporate,0,0
RW-106685,Downtown,25,45,Monthly,0,Basic,29,1,0,0,5.1,0,1,3,16,1,0,0,Online ad,0,0
RW-106686,Westfield,31,20,Annual,3,Plus,39,1,0,0,11.4,1,1,0,8,0,1,1,Walk-in,0,0
RW-106687,Lakeview,34,50,Annual,0,Plus,44,0,1,0,8.8,1,18,8,1,9,0,1,Friend,0,0
RW-106688,Westfield,24,11,Annual,3,Basic,24,0,0,0,4.2,0,8,9,8,0,1,0,Online ad,0,0
RW-106689,Hillcrest,21,36,Monthly,0,Premium,79,0,0,0,1.8,0,4,15,1,0,0,1,Friend,0,0
RW-106690,Westfield,25,5,Annual,1,Basic,24,1,0,0,11.6,0,2,16,7,0,0,0,Friend,0,1
RW-106691,Riverside,35,10,Monthly,0,Premium,79,0,0,0,6.4,0,2,3,2,0,0,0,Online ad,0,1
RW-106692,Hillcrest,27,3,Monthly,0,Plus,49,0,0,0,21.6,0,2,5,8,0,0,0,Online ad,2,1
RW-106693,Lakeview,62,36,Monthly,0,Plus,39,1,0,0,5.9,1,1,6,1,0,0,0,Walk-in,1,0
RW-106694,Westfield,32,26,Monthly,0,Basic,29,0,0,0,4.0,1,7,18,7,0,0,0,Corporate,0,0
RW-106695,Hillcrest,31,12,Monthly,0,Plus,49,0,0,0,3.8,1,17,19,5,1,0,0,Corporate,1,0
RW-106696,Hillcrest,25,39,Monthly,0,Basic,29,0,0,0,5.8,1,2,10,12,0,0,0,Walk-in,0,0
RW-106697,Downtown,30,45,Annual,7,Basic,19,1,0,0,1.0,1,8,9,9,5,0,0,Online ad,0,0
RW-106698,Northgate,34,44,Monthly,0,Premium,74,1,0,1,4.1,1,2,3,3,0,1,0,Friend,0,0
RW-106699,Lakeview,63,20,Annual,3,Premium,74,1,0,0,4.5,1,10,10,9,0,0,0,Friend,1,0
RW-106700,Westfield,22,20,Monthly,0,Basic,29,0,0,0,3.3,1,13,10,5,9,1,0,Walk-in,0,0
RW-106701,Riverside,31,2,Annual,3,Basic,24,0,0,0,12.4,0,1,2,16,0,0,1,Corporate,0,0
RW-106702,Riverside,38,32,Monthly,0,Premium,79,0,0,1,6.1,1,0,9,37,0,0,0,Friend,0,1
RW-106703,Northgate,34,8,Annual,7,Basic,24,0,0,0,7.1,1,4,7,12,2,0,0,Friend,0,0
RW-106704,Downtown,34,80,Annual,8,Plus,44,0,0,0,3.8,1,0,5,51,0,0,0,Online ad,0,0
RW-106705,Hillcrest,27,3,Monthly,0,Plus,49,0,0,0,16.6,0,7,0,5,7,0,0,Online ad,0,0
RW-106706,Northgate,23,2,Monthly,0,Plus,49,0,0,0,2.0,1,5,5,5,1,0,0,Walk-in,0,0
RW-106707,Westfield,23,7,Monthly,0,Plus,49,0,0,0,7.2,1,0,4,64,0,0,1,Online ad,0,1
RW-106708,Lakeview,32,33,Annual,10,Premium,64,1,1,1,2.8,0,13,9,5,8,0,0,Friend,0,0
RW-106709,Downtown,45,14,Monthly,0,Basic,24,1,1,0,3.4,1,1,3,11,0,0,1,Walk-in,0,0
RW-106710,Westfield,28,98,Annual,0,Premium,74,0,0,1,11.7,0,1,3,5,0,0,0,Online ad,0,0
RW-106711,Hillcrest,37,18,Monthly,0,Plus,49,0,0,1,12.0,0,2,7,16,0,0,0,Online ad,0,0
RW-106712,Hillcrest,32,33,Monthly,0,Premium,74,1,0,1,1.7,1,15,19,7,15,1,0,Online ad,0,0
RW-106713,Lakeview,33,29,Monthly,0,Premium,79,0,0,0,9.7,1,6,5,6,5,0,0,Corporate,0,0
RW-106714,Riverside,30,49,Monthly,0,Premium,79,0,1,1,26.4,0,10,6,8,4,0,0,Walk-in,0,0
RW-106715,Hillcrest,40,62,Annual,6,Basic,24,0,0,0,4.9,0,9,6,6,1,0,0,Walk-in,0,0
RW-106716,Lakeview,30,4,Monthly,0,Basic,29,0,0,0,10.8,1,0,1,61,0,0,0,Friend,0,0
RW-106717,Hillcrest,35,25,Monthly,0,Plus,49,0,0,0,7.5,0,1,2,13,0,1,1,Walk-in,0,0
RW-106718,Northgate,25,37,Monthly,0,Basic,29,0,0,0,4.8,1,24,20,0,12,1,0,Corporate,0,0
RW-106719,Lakeview,35,6,Annual,9,Premium,74,0,0,1,8.2,0,8,5,7,5,0,0,Online ad,1,0
RW-106720,Hillcrest,37,12,Monthly,0,Basic,29,0,0,0,4.8,0,9,6,4,2,0,0,Walk-in,0,1
RW-106721,Northgate,56,2,Annual,10,Plus,44,0,0,0,5.5,1,1,8,8,0,0,0,Walk-in,0,0
RW-106722,Downtown,42,59,Monthly,0,Premium,79,0,0,1,1.9,1,9,8,2,1,0,0,Online ad,0,0
RW-106723,Northgate,45,6,Annual,7,Plus,34,1,0,0,3.8,0,4,5,2,1,0,0,Walk-in,1,0
RW-106724,Riverside,54,2,Monthly,0,Premium,79,0,0,0,3.3,0,3,14,10,0,0,0,Walk-in,0,1
RW-106725,Riverside,23,13,Monthly,0,Plus,49,0,1,0,7.3,0,3,3,12,1,0,1,Online ad,0,0
RW-106726,Lakeview,26,3,Annual,5,Basic,19,1,0,0,2.3,1,4,2,7,2,0,0,Friend,0,0
RW-106727,Downtown,34,3,Monthly,0,Plus,49,0,0,0,5.0,1,4,4,2,0,0,0,Walk-in,0,0
RW-106728,Lakeview,35,1,Monthly,0,Plus,49,0,0,0,7.6,0,3,0,7,1,0,0,Friend,0,0
RW-106729,Downtown,40,11,Monthly,0,Plus,49,0,0,0,5.7,1,1,3,16,0,0,0,Friend,0,0
RW-106730,Downtown,31,3,Annual,7,Plus,44,0,0,0,5.2,0,2,1,5,0,0,0,Friend,0,0
RW-106731,Riverside,35,15,Monthly,0,Premium,79,0,0,0,4.5,0,13,12,5,0,1,0,Friend,0,0
RW-106732,Downtown,34,11,Annual,8,Plus,44,0,1,0,4.9,1,5,16,4,1,0,0,Online ad,1,0
RW-106733,Hillcrest,26,57,Monthly,0,Basic,29,0,0,1,3.4,1,4,11,5,1,0,0,Walk-in,0,1
RW-106734,Downtown,29,22,Monthly,0,Plus,49,1,0,0,1.7,1,7,16,6,0,0,0,Walk-in,0,0
RW-106735,Hillcrest,42,2,Annual,6,Plus,44,0,0,0,5.4,1,8,11,5,0,0,1,Friend,0,0
RW-106736,Westfield,68,21,Monthly,0,Premium,74,1,1,1,12.6,0,7,7,3,2,0,0,Friend,0,0
RW-106737,Hillcrest,36,2,Annual,6,Basic,24,0,0,1,7.6,0,12,15,3,0,0,0,Walk-in,0,0
RW-106738,Lakeview,22,6,Monthly,0,Basic,29,0,0,0,3.4,1,3,6,6,0,0,0,Online ad,0,0
RW-106739,Hillcrest,50,27,Annual,8,Plus,34,1,1,0,9.5,0,1,2,10,1,0,0,Online ad,0,0
RW-106740,Downtown,35,21,Monthly,0,Basic,29,1,0,0,5.6,1,12,18,3,6,0,0,Friend,0,0
RW-106741,Downtown,40,25,Monthly,0,Plus,49,0,0,0,2.3,0,8,5,4,0,1,0,Walk-in,0,1
RW-106742,Riverside,63,49,Monthly,0,Plus,49,0,0,0,1.1,0,23,21,1,1,0,0,Walk-in,1,1
RW-106743,Westfield,30,15,Monthly,0,Plus,49,0,0,0,2.7,0,1,1,15,0,0,0,Online ad,0,0
RW-106744,Riverside,29,17,Monthly,0,Plus,49,0,0,0,2.2,1,13,6,5,1,0,1,Walk-in,0,0
RW-106745,Hillcrest,40,11,Annual,11,Basic,24,0,0,0,24.6,0,7,2,5,4,0,1,Friend,0,0
RW-106746,Westfield,29,13,Annual,0,Plus,44,0,1,0,5.7,1,3,4,1,1,0,0,Walk-in,0,0
RW-106747,Westfield,45,2,Annual,6,Basic,24,0,0,1,2.1,1,15,15,3,0,0,1,Corporate,0,0
RW-106748,Riverside,33,72,Annual,5,Plus,44,0,0,0,1.3,0,6,4,3,0,0,1,Walk-in,3,0
RW-106749,Hillcrest,37,33,Monthly,0,Basic,29,0,0,0,1.7,0,1,7,21,0,0,0,Online ad,1,1
RW-106750,Lakeview,27,39,Annual,6,Premium,64,1,1,0,4.6,1,8,4,7,0,0,0,Corporate,0,0
RW-106751,Downtown,68,45,Annual,9,Basic,24,0,0,1,4.5,0,7,4,8,4,0,1,Online ad,0,0
RW-106752,Westfield,37,36,Annual,5,Plus,44,0,0,0,5.5,0,3,2,12,0,0,1,Walk-in,1,0
RW-106753,Northgate,30,40,Annual,2,Plus,44,0,0,0,3.0,1,10,9,8,2,0,0,Walk-in,0,0
RW-106754,Downtown,37,19,Monthly,0,Premium,79,0,0,0,16.9,0,4,7,7,0,0,0,Friend,0,1
RW-106755,Downtown,45,26,Monthly,0,Basic,29,0,0,0,4.8,1,1,1,12,0,0,1,Walk-in,0,0
RW-106756,Northgate,40,20,Monthly,0,Plus,49,0,0,0,0.7,1,0,2,72,0,0,0,Online ad,0,0
RW-106757,Westfield,25,9,Monthly,0,Premium,79,0,1,0,9.3,1,3,5,6,1,0,1,Corporate,1,1
RW-106758,Downtown,34,7,Monthly,0,Basic,29,0,1,0,4.7,1,8,8,3,0,0,0,Friend,0,0
RW-106759,Northgate,34,36,Monthly,0,Plus,49,0,0,0,3.8,0,3,16,1,1,0,0,Walk-in,0,1
RW-106760,Riverside,35,24,Monthly,0,Basic,19,1,1,1,2.5,0,28,28,3,13,0,1,Online ad,0,0
RW-106761,Hillcrest,22,3,Annual,9,Premium,74,0,1,0,1.6,1,14,5,5,9,0,1,Walk-in,0,0
RW-106762,Riverside,33,4,Monthly,0,Plus,49,0,0,0,6.1,0,10,6,2,0,0,0,Online ad,1,0
RW-106763,Downtown,23,6,Monthly,0,Plus,49,0,0,0,2.3,1,5,4,10,2,0,1,Walk-in,0,0
RW-106764,Northgate,45,33,Monthly,0,Plus,44,1,0,1,10.2,1,17,14,6,6,0,0,Online ad,0,0
RW-106765,Northgate,25,47,Monthly,0,Plus,49,1,0,1,3.4,0,14,12,2,1,0,0,Walk-in,0,0
RW-106766,Westfield,29,3,Annual,7,Plus,44,0,0,0,2.8,1,7,25,3,0,1,0,Online ad,0,0
RW-106767,Lakeview,21,52,Annual,9,Premium,74,0,0,1,3.2,1,11,7,2,4,0,0,Online ad,1,0
RW-106768,Lakeview,42,22,Annual,7,Basic,19,1,0,0,1.7,1,7,5,1,5,0,0,Friend,0,0
RW-106769,Hillcrest,37,39,Monthly,0,Premium,74,1,0,0,19.4,1,6,19,9,0,0,0,Online ad,0,0
RW-106770,Westfield,22,25,Monthly,0,Plus,49,0,0,0,1.5,0,11,6,1,0,0,0,Walk-in,0,0
RW-106771,Northgate,29,6,Annual,0,Premium,74,0,0,0,4.9,1,15,6,1,0,1,0,Online ad,0,0
RW-106772,Downtown,26,5,Annual,3,Basic,19,1,0,0,3.3,0,4,6,1,0,0,1,Walk-in,0,0
RW-106773,Lakeview,28,14,Monthly,0,Basic,29,0,0,0,2.9,1,4,9,6,0,0,1,Friend,0,0
RW-106774,Downtown,41,17,Annual,11,Plus,44,0,0,0,9.8,1,9,3,2,4,0,0,Friend,0,0
RW-106775,Hillcrest,23,13,Monthly,0,Basic,29,0,0,0,26.9,1,3,1,3,0,0,0,Walk-in,1,1
RW-106776,Hillcrest,53,15,Monthly,0,Premium,69,1,0,1,2.8,1,3,6,12,0,1,1,Walk-in,0,0
RW-106777,Downtown,44,7,Monthly,0,Plus,49,0,0,0,5.9,0,6,2,1,0,0,0,Online ad,1,0
RW-106778,Riverside,20,3,Annual,5,Basic,24,0,0,0,1.5,0,1,8,18,1,0,0,Friend,0,1
RW-106779,Lakeview,28,36,Monthly,0,Plus,49,0,0,0,2.5,0,7,12,0,0,0,0,Online ad,0,0
RW-106780,Downtown,36,3,Monthly,0,Premium,79,0,0,0,3.3,0,4,2,11,2,0,0,Corporate,1,0
RW-106781,Riverside,28,3,Annual,3,Basic,24,0,1,0,1.2,0,2,10,16,0,1,0,Walk-in,0,0
RW-106782,Downtown,40,22,Annual,1,Basic,19,1,0,0,10.5,0,5,5,7,0,0,1,Walk-in,0,1
RW-106783,Westfield,33,53,Annual,10,Basic,24,0,0,0,26.5,1,0,2,30,0,0,0,Walk-in,0,0
RW-106784,Lakeview,32,22,Monthly,0,Basic,24,1,0,0,11.9,1,1,18,14,0,0,0,Friend,0,0
RW-106785,Lakeview,54,21,Monthly,0,Premium,79,0,0,0,4.7,1,2,2,10,0,0,0,Online ad,0,1
RW-106786,Riverside,24,15,Monthly,0,Premium,79,1,0,0,3.2,0,4,6,11,1,0,0,Online ad,0,0
RW-106787,Westfield,39,16,Monthly,0,Plus,49,0,0,0,2.5,1,14,14,1,3,0,0,Walk-in,0,0
RW-106788,Riverside,42,11,Monthly,0,Basic,29,0,0,0,4.7,1,11,15,4,0,1,0,Walk-in,0,0
RW-106789,Riverside,52,55,Monthly,0,Plus,49,1,0,0,13.0,1,5,6,6,0,2,0,Walk-in,0,0
RW-106790,Westfield,31,42,Monthly,0,Basic,29,0,0,0,9.1,0,6,7,8,4,0,1,Walk-in,0,0
RW-106791,Westfield,46,3,Annual,5,Premium,64,1,0,0,3.4,1,0,3,30,0,0,0,Online ad,0,1
RW-106792,Northgate,25,10,Monthly,0,Premium,74,1,0,1,8.9,0,5,6,10,0,0,1,Walk-in,0,1
RW-106793,Westfield,35,11,Monthly,0,Basic,29,0,0,0,7.6,1,7,10,7,0,0,0,Online ad,1,0
RW-106794,Lakeview,24,5,Annual,0,Premium,74,0,0,0,3.5,0,10,2,2,7,0,0,Walk-in,0,0
RW-106795,Riverside,43,9,Annual,8,Premium,74,0,0,1,24.7,1,8,4,8,9,0,0,Online ad,0,0
RW-106796,Northgate,24,3,Monthly,0,Basic,29,0,0,0,9.9,0,8,4,3,0,0,0,Walk-in,0,0
RW-106797,Northgate,61,9,Annual,9,Basic,24,0,0,0,4.4,1,4,7,1,0,0,0,Friend,1,0
RW-106798,Downtown,45,30,Annual,4,Premium,74,0,0,1,21.5,1,13,10,5,0,0,0,Friend,0,0
RW-106799,Riverside,42,3,Monthly,0,Plus,49,0,0,0,6.4,0,10,4,2,7,0,0,Friend,0,1
RW-106800,Northgate,31,4,Monthly,0,Basic,29,0,0,0,4.4,1,9,4,6,0,0,0,Online ad,0,0
RW-106801,Downtown,29,65,Monthly,0,Basic,24,1,0,1,3.7,0,28,28,4,1,0,0,Friend,0,0
RW-106802,Riverside,27,6,Annual,4,Premium,74,0,0,0,2.1,0,8,9,7,3,2,1,Corporate,0,0
RW-106803,Westfield,44,39,Monthly,0,Premium,79,0,0,1,6.1,1,13,14,6,5,0,0,Friend,0,0
RW-106804,Westfield,27,13,Annual,6,Premium,74,0,0,1,4.2,1,17,10,4,9,0,0,Online ad,0,0
RW-106805,Westfield,35,35,Monthly,0,Basic,29,0,1,0,10.4,0,2,6,9,0,0,0,Online ad,0,1
RW-106806,Northgate,24,16,Annual,9,Premium,74,0,0,1,4.5,1,21,27,2,3,0,0,Walk-in,0,0
RW-106807,Northgate,42,17,Monthly,0,Premium,79,0,1,0,2.2,0,13,15,6,3,0,0,Walk-in,0,0
RW-106808,Downtown,30,33,Monthly,0,Plus,39,1,0,0,3.4,1,1,6,0,0,0,0,Friend,0,1
RW-106809,Riverside,32,37,Monthly,0,Basic,29,0,0,0,8.5,1,8,9,8,0,0,0,Walk-in,0,0
RW-106810,Lakeview,33,11,Monthly,0,Basic,29,0,0,0,6.1,1,9,6,0,0,1,0,Corporate,0,0
RW-106811,Downtown,34,7,Monthly,0,Basic,29,0,0,0,4.4,1,16,28,4,1,0,0,Walk-in,0,0
RW-106812,Downtown,42,7,Annual,10,Basic,19,1,0,0,11.7,0,4,3,6,0,0,0,Walk-in,0,0
RW-106813,Riverside,50,36,Annual,1,Basic,24,0,1,0,6.6,0,2,2,2,0,0,0,Online ad,0,1
RW-106814,Northgate,24,21,Monthly,0,Plus,49,0,0,0,5.6,0,4,5,0,0,0,0,Online ad,1,1
RW-106815,Downtown,42,27,Annual,1,Plus,44,0,0,1,2.8,1,20,28,0,0,0,0,Walk-in,0,0
RW-106816,Northgate,44,16,Monthly,0,Plus,49,0,0,1,1.9,0,9,15,8,9,1,0,Walk-in,0,0
RW-106817,Westfield,37,4,Annual,3,Basic,24,0,0,0,6.7,0,1,9,6,0,1,0,Friend,2,0
RW-106818,Northgate,57,29,Monthly,0,Basic,29,0,0,0,4.4,1,2,10,14,0,0,0,Online ad,0,1
RW-106819,Downtown,35,22,Monthly,0,Premium,69,1,0,0,6.8,1,10,7,1,0,0,1,Corporate,0,0
RW-106820,Riverside,42,9,Annual,5,Plus,44,0,1,0,5.5,1,8,7,0,0,1,0,Online ad,0,0
RW-106821,Riverside,37,10,Monthly,0,Basic,29,0,0,0,4.3,0,7,10,2,3,0,0,Corporate,0,0
RW-106822,Riverside,33,6,Annual,7,Premium,74,0,0,0,1.7,0,20,24,2,0,0,0,Online ad,1,1
RW-106823,Lakeview,29,22,Annual,3,Basic,24,0,1,0,11.8,1,2,17,17,0,0,0,Walk-in,0,0
RW-106824,Downtown,52,22,Annual,11,Basic,24,1,0,0,3.9,0,1,10,21,1,0,0,Online ad,0,0
RW-106825,Riverside,31,7,Annual,10,Basic,24,0,1,1,3.0,0,16,17,4,0,0,0,Corporate,1,0
RW-106826,Westfield,50,31,Annual,4,Basic,24,0,1,0,2.9,0,2,1,6,0,0,0,Walk-in,1,0
RW-106827,Downtown,24,31,Annual,0,Premium,74,0,1,1,13.5,1,13,8,2,0,1,0,Walk-in,0,0
RW-106828,Northgate,40,2,Annual,2,Premium,74,0,0,1,2.5,0,11,21,3,0,0,0,Online ad,0,0
RW-106829,Downtown,24,20,Annual,0,Plus,44,0,0,0,3.6,1,11,16,0,0,1,0,Walk-in,0,0
RW-106830,Hillcrest,39,7,Monthly,0,Basic,29,0,1,0,10.3,0,6,18,3,0,0,0,Walk-in,0,0
RW-106831,Downtown,44,10,Annual,0,Basic,24,0,0,0,9.6,0,25,17,3,7,1,0,Online ad,0,1
RW-106832,Northgate,34,6,Monthly,0,Plus,49,0,0,0,4.7,0,8,15,9,3,0,1,Walk-in,0,0
RW-106833,Westfield,52,51,Monthly,0,Plus,49,0,1,0,13.3,1,11,12,1,2,0,1,Corporate,2,0
RW-106834,Lakeview,28,78,Annual,9,Basic,24,0,0,0,7.8,0,6,7,9,0,1,1,Friend,0,0
RW-106835,Northgate,29,2,Monthly,0,Premium,79,1,0,1,1.7,0,17,14,5,1,0,0,Friend,0,1
RW-106836,Lakeview,22,53,Monthly,0,Basic,29,0,0,0,11.6,0,6,18,8,0,0,0,Online ad,0,1
RW-106837,Lakeview,24,37,Annual,2,Premium,74,0,0,0,2.4,0,7,7,2,1,0,0,Walk-in,0,0
RW-106838,Westfield,29,22,Monthly,0,Basic,24,1,0,0,3.6,1,4,4,9,1,0,0,Corporate,0,1
RW-106839,Downtown,23,5,Monthly,0,Basic,29,0,0,0,5.4,0,2,4,6,0,0,1,Walk-in,0,0
RW-106840,Hillcrest,37,15,Annual,9,Plus,44,0,0,0,14.2,1,19,20,6,13,0,0,Friend,1,0
RW-106841,Downtown,47,22,Monthly,0,Plus,49,0,0,0,8.8,0,9,12,9,0,0,0,Online ad,0,0
RW-106842,Westfield,27,12,Annual,5,Plus,44,0,0,1,2.9,1,9,6,6,1,1,0,Walk-in,0,0
RW-106843,Westfield,30,1,Monthly,0,Basic,24,1,0,0,9.0,1,10,0,4,0,0,0,Corporate,0,0
RW-106844,Hillcrest,27,17,Annual,1,Basic,14,1,0,0,5.4,1,4,5,4,0,0,0,Walk-in,1,1
RW-106845,Westfield,23,12,Monthly,0,Basic,19,1,0,0,7.4,1,5,5,9,7,0,0,Friend,0,0
RW-106846,Hillcrest,50,33,Annual,0,Premium,74,0,0,1,2.3,0,5,7,1,0,0,0,Online ad,0,0
RW-106847,Northgate,23,13,Annual,3,Plus,44,0,0,0,1.1,1,4,8,13,0,0,0,Walk-in,0,0
RW-106848,Riverside,38,45,Annual,6,Basic,24,0,1,0,10.0,1,5,6,7,1,0,0,Online ad,0,0
RW-106849,Downtown,43,11,Annual,7,Plus,44,0,1,0,4.2,1,10,7,2,4,0,0,Online ad,0,0
RW-106850,Westfield,23,60,Annual,0,Basic,24,0,1,0,2.6,0,11,6,3,0,1,0,Friend,0,1
RW-106851,Riverside,52,19,Monthly,0,Plus,49,0,0,1,3.3,0,28,27,2,0,2,0,Online ad,1,0
RW-106852,Westfield,50,1,Monthly,0,Premium,79,0,1,0,3.8,1,2,0,6,0,0,0,Online ad,0,1
RW-106853,Northgate,18,13,Monthly,0,Plus,49,0,0,0,3.4,0,0,2,32,0,2,0,Walk-in,0,1
RW-106854,Lakeview,38,38,Monthly,0,Plus,49,0,0,1,10.2,0,4,5,4,1,0,0,Walk-in,0,0
RW-106855,Northgate,55,4,Monthly,0,Basic,29,0,0,0,7.1,1,12,21,8,1,0,0,Corporate,0,1
RW-106856,Downtown,58,10,Monthly,0,Plus,49,0,0,0,1.4,1,13,8,2,1,0,0,Online ad,0,0
RW-106857,Hillcrest,35,4,Annual,7,Plus,44,0,0,0,19.5,1,5,14,7,2,1,0,Online ad,0,0
RW-106858,Riverside,37,3,Annual,2,Basic,24,0,0,0,1.9,0,9,24,9,2,1,0,Online ad,1,0
RW-106859,Downtown,25,6,Monthly,0,Plus,49,0,0,0,15.8,1,3,6,12,2,2,0,Walk-in,0,1
RW-106860,Hillcrest,35,2,Monthly,0,Plus,49,0,0,0,4.3,1,9,5,5,0,0,1,Friend,1,1
RW-106861,Lakeview,27,23,Monthly,0,Premium,79,0,0,0,1.8,1,10,9,6,0,1,1,Online ad,1,0
RW-106862,Northgate,40,41,Monthly,0,Plus,49,0,0,0,6.7,0,4,6,4,0,1,0,Online ad,0,0
RW-106863,Riverside,46,3,Annual,0,Basic,24,0,0,0,14.9,1,12,10,3,0,0,0,Walk-in,1,1
RW-106864,Hillcrest,44,12,Monthly,0,Basic,29,1,0,0,4.1,0,2,18,12,2,0,0,Walk-in,0,1
RW-106865,Northgate,26,3,Annual,7,Plus,44,0,0,0,2.5,1,24,22,1,2,0,0,Online ad,1,0
RW-106866,Northgate,27,1,Monthly,0,Premium,79,0,0,1,3.2,0,4,0,6,1,2,1,Walk-in,0,1
RW-106867,Westfield,37,5,Monthly,0,Basic,29,0,0,0,10.8,1,6,11,3,0,1,0,Walk-in,0,0
RW-106868,Hillcrest,42,81,Annual,9,Plus,39,1,0,0,3.5,1,5,1,11,0,0,0,Online ad,0,0
RW-106869,Riverside,33,21,Monthly,0,Basic,19,1,0,0,13.0,0,4,7,3,0,0,0,Walk-in,0,1
RW-106870,Northgate,31,21,Monthly,0,Basic,29,0,0,0,5.4,0,12,10,0,1,0,0,Walk-in,0,0
RW-106871,Northgate,29,15,Monthly,0,Premium,79,0,0,0,9.5,0,4,6,8,0,0,0,Corporate,0,0
RW-106872,Westfield,27,4,Annual,9,Basic,24,0,0,0,5.4,0,3,2,12,0,0,0,Friend,0,0
RW-106873,Downtown,22,21,Monthly,0,Basic,29,0,0,0,12.6,1,2,5,8,1,0,0,Online ad,0,1
RW-106874,Northgate,43,36,Monthly,0,Basic,29,0,0,0,3.9,1,15,6,3,4,0,1,Online ad,1,0
RW-106875,Riverside,32,20,Annual,8,Plus,44,0,0,0,4.2,1,19,14,1,1,0,0,Walk-in,1,0
RW-106876,Riverside,24,2,Monthly,0,Premium,79,0,1,0,4.3,0,10,9,3,0,0,0,Corporate,1,0
RW-106877,Hillcrest,40,30,Monthly,0,Plus,44,1,0,1,3.5,0,4,3,0,1,0,0,Walk-in,0,0
RW-106878,Westfield,59,19,Monthly,0,Basic,29,0,0,0,3.0,1,7,20,10,2,1,0,Walk-in,0,0
RW-106879,Downtown,43,66,Annual,10,Plus,34,1,0,1,2.6,1,14,14,4,0,0,0,Friend,0,0
RW-106880,Lakeview,46,5,Monthly,0,Basic,29,0,0,0,2.8,1,0,13,40,0,0,0,Walk-in,0,1
RW-106881,Hillcrest,35,2,Monthly,0,Basic,29,0,0,0,7.8,0,1,7,12,0,0,1,Walk-in,0,0
RW-106882,Downtown,31,29,Annual,4,Basic,24,0,0,0,0.7,1,21,19,1,4,1,0,Online ad,0,0
RW-106883,Downtown,22,27,Annual,7,Plus,44,0,1,1,5.5,0,3,6,10,1,1,0,Online ad,0,0
RW-106884,Riverside,40,53,Monthly,0,Basic,29,0,0,0,2.6,0,11,14,3,1,0,0,Online ad,1,0
RW-106885,Northgate,21,8,Monthly,0,Basic,24,1,0,0,10.7,0,2,9,17,0,0,0,Friend,0,0
RW-106886,Northgate,23,26,Annual,6,Basic,24,0,0,1,4.3,0,13,14,8,2,1,0,Walk-in,0,0
RW-106887,Downtown,51,6,Annual,10,Plus,44,0,0,0,9.7,1,21,21,1,12,0,0,Friend,1,0
RW-106888,Westfield,35,18,Annual,9,Premium,74,0,0,0,3.4,1,9,10,6,2,0,0,Walk-in,0,0
RW-106889,Downtown,34,50,Monthly,0,Plus,49,0,0,0,3.9,1,6,7,2,1,1,0,Walk-in,0,0
RW-106890,Lakeview,36,14,Annual,10,Basic,24,0,0,0,1.9,0,22,24,1,1,0,0,Walk-in,0,0
RW-106891,Westfield,36,8,Monthly,0,Basic,29,0,0,0,5.2,0,14,8,5,1,1,0,Walk-in,0,0
RW-106892,Lakeview,39,33,Monthly,0,Premium,74,1,1,0,8.9,1,16,19,7,0,2,0,Online ad,0,0
RW-106893,Hillcrest,25,9,Monthly,0,Basic,29,1,0,0,16.0,1,12,15,6,7,0,0,Online ad,0,0
RW-106894,Downtown,26,47,Monthly,0,Basic,29,0,1,0,14.6,0,6,6,0,1,0,0,Walk-in,0,0
RW-106895,Downtown,24,7,Monthly,0,Basic,29,0,0,0,4.4,0,7,6,8,1,0,0,Friend,0,1
RW-106896,Northgate,30,17,Annual,1,Plus,44,0,0,0,5.1,1,3,7,6,0,2,0,Friend,0,1
RW-106897,Lakeview,28,112,Monthly,0,Basic,29,0,0,0,4.4,1,3,10,14,0,0,0,Friend,0,1
RW-106898,Hillcrest,26,19,Annual,9,Plus,39,1,0,0,1.4,0,7,5,0,0,0,0,Friend,0,0
RW-106899,Northgate,52,12,Monthly,0,Basic,29,0,0,0,3.6,1,9,9,7,4,0,0,Walk-in,0,1
RW-106900,Riverside,24,29,Monthly,0,Plus,49,0,1,0,3.6,0,0,4,73,0,0,1,Walk-in,0,0
RW-106901,Downtown,33,16,Annual,0,Plus,44,0,0,0,3.8,1,0,13,56,0,0,1,Friend,1,1
RW-106902,Hillcrest,20,8,Monthly,0,Plus,39,1,0,0,4.2,1,4,3,9,0,0,1,Online ad,0,1
RW-106903,Hillcrest,31,18,Monthly,0,Premium,79,0,1,0,5.8,0,8,2,0,3,0,0,Friend,0,0
RW-106904,Westfield,51,58,Annual,0,Basic,19,1,0,0,2.7,1,15,11,3,9,1,0,Online ad,0,0
RW-106905,Northgate,55,26,Annual,2,Premium,74,0,0,0,13.0,1,2,1,5,1,0,0,Online ad,0,0
RW-106906,Downtown,23,11,Monthly,0,Premium,74,1,1,1,3.1,0,0,6,60,0,0,0,Walk-in,0,1
RW-106907,Riverside,33,4,Monthly,0,Basic,29,0,0,0,4.3,0,3,3,8,0,0,0,Online ad,1,0
RW-106908,Hillcrest,43,7,Annual,3,Plus,44,0,1,0,5.0,0,7,13,4,1,0,0,Walk-in,0,0
RW-106909,Downtown,40,15,Monthly,0,Basic,29,0,0,0,6.7,0,11,10,6,0,0,0,Corporate,0,1
RW-106910,Northgate,41,4,Annual,5,Plus,44,0,0,0,4.2,1,6,7,3,0,0,0,Online ad,0,0
RW-106911,Westfield,42,8,Monthly,0,Basic,24,1,0,0,10.2,1,6,6,7,0,1,0,Walk-in,0,0
RW-106912,Downtown,28,21,Annual,6,Plus,44,0,0,0,5.0,0,7,12,0,1,0,0,Online ad,0,0
RW-106913,Westfield,31,35,Annual,10,Plus,44,0,0,0,13.1,0,4,5,11,0,0,0,Corporate,0,0
RW-106914,Westfield,32,6,Monthly,0,Basic,24,1,0,0,3.4,0,5,11,4,1,0,0,Online ad,0,0
RW-106915,Northgate,34,25,Monthly,0,Basic,29,0,0,0,3.4,1,3,4,8,2,0,1,Friend,0,0
RW-106916,Downtown,28,14,Annual,9,Plus,44,1,0,0,6.6,0,6,4,5,0,0,1,Online ad,0,0
RW-106917,Riverside,45,47,Monthly,0,Basic,29,1,0,0,4.6,0,2,9,4,0,0,0,Corporate,0,0
RW-106918,Northgate,61,23,Annual,8,Basic,24,0,1,0,6.4,0,6,3,0,3,1,0,Walk-in,1,0
RW-106919,Riverside,44,37,Monthly,0,Plus,49,0,0,1,6.9,0,15,19,0,0,0,0,Online ad,0,0
RW-106920,Westfield,29,22,Monthly,0,Basic,19,1,0,0,2.5,1,6,8,6,0,0,0,Corporate,0,0
RW-106921,Hillcrest,29,10,Monthly,0,Premium,79,0,0,1,7.8,1,6,4,10,0,0,0,Online ad,1,0
RW-106922,Hillcrest,43,19,Annual,11,Basic,24,0,0,0,3.7,1,19,21,1,3,0,0,Walk-in,0,0
RW-106923,Westfield,27,1,Monthly,0,Basic,29,0,0,0,3.2,1,11,0,6,3,0,1,Walk-in,0,1
RW-106924,Lakeview,57,41,Annual,10,Premium,74,1,0,0,4.7,1,14,20,3,0,1,0,Online ad,0,0
RW-106925,Northgate,65,19,Annual,0,Basic,24,0,0,0,2.4,0,13,10,3,4,0,1,Friend,0,0
RW-106926,Downtown,62,5,Annual,9,Basic,24,0,0,0,20.8,0,3,3,2,0,0,0,Walk-in,0,0
RW-106927,Downtown,58,8,Monthly,0,Plus,49,0,0,0,2.0,1,10,8,1,6,0,0,Online ad,0,0
RW-106928,Lakeview,25,2,Monthly,0,Basic,29,1,0,0,4.9,0,7,5,2,2,0,0,Friend,0,1
RW-106929,Downtown,31,3,Annual,1,Basic,24,0,1,0,6.8,1,0,2,37,0,1,0,Friend,0,1
RW-106930,Northgate,38,7,Monthly,0,Plus,49,0,0,0,4.4,0,6,7,1,3,0,0,Walk-in,0,0
RW-106931,Lakeview,72,28,Monthly,0,Premium,79,0,0,0,4.4,1,5,10,1,1,0,0,Online ad,1,0
RW-106932,Northgate,44,3,Annual,7,Basic,24,0,0,0,25.8,1,4,2,4,1,2,0,Online ad,0,0
RW-106933,Northgate,42,9,Annual,4,Plus,44,0,0,0,3.2,1,2,16,6,0,0,0,Walk-in,0,0
RW-106934,Riverside,22,25,Monthly,0,Plus,44,1,0,0,3.9,0,3,7,2,0,0,0,Online ad,0,0
RW-106935,Hillcrest,22,17,Monthly,0,Basic,29,0,0,0,1.6,0,3,8,12,0,0,0,Walk-in,1,1
RW-106936,Northgate,33,53,Monthly,0,Basic,29,0,0,0,3.0,0,7,2,10,1,0,1,Online ad,1,0
RW-106937,Hillcrest,46,70,Monthly,0,Basic,29,0,1,0,3.5,1,4,7,1,1,1,0,Walk-in,0,0
RW-106938,Westfield,32,15,Monthly,0,Basic,29,0,0,0,12.2,0,0,1,32,0,1,0,Online ad,0,1
RW-106939,Hillcrest,35,90,Monthly,0,Premium,79,1,0,0,7.5,1,3,4,14,1,0,0,Online ad,0,0
RW-106940,Westfield,20,20,Monthly,0,Plus,39,1,0,0,1.2,1,1,4,15,0,0,0,Friend,0,0
RW-106941,Downtown,51,75,Monthly,0,Basic,29,0,1,0,3.4,1,14,8,4,0,0,1,Walk-in,0,0
RW-106942,Westfield,43,38,Monthly,0,Basic,29,0,0,0,4.1,1,9,9,8,0,0,0,Friend,0,0
RW-106943,Hillcrest,56,37,Annual,11,Plus,44,0,0,1,4.2,1,5,6,1,6,0,0,Walk-in,1,0
RW-106944,Westfield,30,47,Monthly,0,Basic,29,0,0,0,1.3,0,4,3,1,0,0,1,Online ad,0,1
RW-106945,Northgate,19,3,Monthly,0,Plus,49,0,0,0,3.6,0,2,8,2,2,0,0,Online ad,1,1
RW-106946,Downtown,29,74,Monthly,0,Basic,24,1,1,0,11.9,1,3,12,0,1,0,1,Online ad,0,0
RW-106947,Hillcrest,36,14,Annual,6,Plus,44,0,0,0,7.5,1,16,24,6,8,0,0,Walk-in,0,0
RW-106948,Riverside,40,8,Monthly,0,Basic,24,1,0,0,14.4,0,11,5,1,1,0,0,Online ad,0,0
RW-106949,Northgate,24,5,Annual,11,Premium,74,0,0,0,9.0,1,11,14,1,2,0,0,Walk-in,1,0
RW-106950,Downtown,27,34,Monthly,0,Plus,49,0,1,1,7.5,1,3,3,5,0,2,1,Online ad,0,0
RW-106951,Northgate,24,4,Monthly,0,Premium,79,1,0,0,4.1,1,3,5,7,0,0,0,Corporate,0,1
RW-106952,Downtown,22,2,Annual,9,Plus,44,0,0,0,0.9,0,2,4,10,1,1,0,Online ad,1,0
RW-106953,Riverside,21,16,Monthly,0,Plus,49,0,0,0,2.8,0,4,5,7,0,0,0,Walk-in,0,0
RW-106954,Lakeview,46,22,Monthly,0,Premium,79,1,0,0,2.7,0,13,6,3,1,0,0,Online ad,0,1
RW-106955,Riverside,34,23,Annual,10,Plus,34,1,0,0,5.6,1,17,16,2,0,0,1,Online ad,1,0
RW-106956,Downtown,78,20,Annual,3,Premium,74,0,0,0,5.0,0,1,7,11,0,0,0,Friend,1,0
RW-106957,Westfield,20,20,Annual,11,Basic,19,1,0,0,2.9,0,4,2,6,0,0,0,Walk-in,1,0
RW-106958,Northgate,36,25,Monthly,0,Premium,74,1,0,0,1.4,0,11,12,5,0,1,0,Walk-in,0,0
RW-106959,Riverside,22,26,Annual,9,Basic,24,0,0,0,6.9,0,4,18,3,2,0,0,Friend,0,0
RW-106960,Northgate,78,1,Monthly,0,Premium,79,0,1,0,1.5,1,4,0,5,0,0,1,Walk-in,0,0
RW-106961,Hillcrest,24,2,Monthly,0,Basic,29,0,0,0,5.0,1,16,11,1,7,0,0,Walk-in,0,0
RW-106962,Northgate,43,36,Annual,0,Plus,39,1,0,0,0.8,1,4,7,11,1,0,1,Corporate,0,1
RW-106963,Hillcrest,36,7,Annual,9,Plus,44,0,0,0,15.1,0,10,6,1,0,0,0,Walk-in,0,0
RW-106964,Northgate,35,31,Monthly,0,Basic,29,0,0,0,5.3,1,12,9,7,4,0,0,Walk-in,0,0
RW-106965,Downtown,38,3,Annual,10,Basic,24,0,0,0,2.4,1,6,10,4,5,0,1,Walk-in,1,0
RW-106966,Lakeview,30,3,Monthly,0,Premium,79,0,1,0,2.1,1,12,17,5,1,0,0,Online ad,0,1
RW-106967,Northgate,52,59,Annual,7,Premium,74,0,0,0,3.0,0,12,15,7,0,0,0,Online ad,0,0
RW-106968,Northgate,58,42,Annual,6,Plus,44,1,0,0,6.1,0,4,7,12,4,0,0,Online ad,0,0
RW-106969,Lakeview,36,8,Annual,3,Basic,24,0,0,0,3.7,0,7,8,8,1,1,0,Friend,1,0
RW-106970,Riverside,23,3,Monthly,0,Basic,29,0,0,0,2.9,1,3,19,0,0,0,1,Friend,0,0
RW-106971,Northgate,32,18,Monthly,0,Basic,29,0,0,0,5.1,0,3,15,14,0,0,0,Walk-in,0,0
RW-106972,Lakeview,38,21,Monthly,0,Basic,29,0,1,0,3.8,1,17,22,7,8,0,0,Online ad,0,0
RW-106973,Northgate,39,18,Annual,3,Basic,19,1,1,0,6.5,0,17,15,5,1,1,0,Online ad,1,0
RW-106974,Downtown,41,1,Monthly,0,Premium,79,0,0,1,3.9,1,3,0,13,0,1,0,Online ad,0,0
RW-106975,Northgate,45,51,Monthly,0,Premium,79,0,1,0,14.7,0,7,10,9,1,0,0,Friend,0,0
RW-106976,Downtown,23,64,Annual,10,Plus,44,0,0,0,7.4,0,8,3,1,0,0,1,Corporate,0,0
RW-106977,Hillcrest,44,6,Monthly,0,Basic,29,0,0,0,2.5,0,12,21,2,5,0,1,Walk-in,0,1
RW-106978,Riverside,34,66,Annual,2,Basic,24,0,0,0,18.5,0,9,4,4,0,0,0,Walk-in,0,0
RW-106979,Downtown,53,11,Monthly,0,Premium,79,0,0,0,17.7,0,7,1,6,1,0,1,Corporate,0,0
RW-106980,Riverside,39,50,Monthly,0,Premium,79,1,0,0,10.3,0,5,3,4,1,0,0,Walk-in,0,0
RW-106981,Downtown,29,11,Monthly,0,Plus,49,0,0,0,3.1,0,12,9,4,2,0,0,Friend,1,0
RW-106982,Downtown,55,36,Annual,9,Basic,24,0,0,0,3.2,0,15,18,6,1,0,0,Online ad,0,0
RW-106983,Hillcrest,36,18,Annual,1,Plus,44,0,0,0,3.3,1,5,4,7,3,0,0,Online ad,0,0
RW-106984,Westfield,32,2,Monthly,0,Basic,24,1,0,0,7.7,1,5,4,6,0,0,0,Corporate,0,1
RW-106985,Hillcrest,32,17,Monthly,0,Plus,49,1,0,0,5.6,1,12,17,7,7,1,0,Walk-in,0,0
RW-106986,Lakeview,20,10,Annual,4,Plus,44,0,0,0,8.3,1,5,4,9,0,0,0,Online ad,0,0
RW-106987,Riverside,45,29,Annual,10,Basic,24,0,0,0,5.7,0,10,11,6,4,0,0,Online ad,0,0
RW-106988,Hillcrest,30,62,Monthly,0,Plus,49,0,0,0,2.5,0,7,11,4,3,0,1,Online ad,1,0
RW-106989,Riverside,37,2,Annual,7,Premium,74,1,0,0,13.3,1,8,6,7,0,0,0,Online ad,0,1
RW-106990,Hillcrest,32,15,Monthly,0,Basic,24,1,0,0,14.8,1,7,5,7,3,0,0,Friend,0,0
RW-106991,Riverside,39,34,Annual,9,Plus,44,0,0,0,5.1,1,1,5,15,0,0,0,Walk-in,0,0
RW-106992,Hillcrest,56,18,Monthly,0,Premium,79,0,0,0,3.1,0,5,28,4,0,0,0,Friend,1,0
RW-106993,Riverside,34,25,Annual,3,Premium,74,0,0,0,3.9,0,7,6,7,1,1,0,Friend,0,0
RW-106994,Westfield,27,1,Monthly,0,Basic,29,0,0,0,1.3,1,19,0,6,0,0,0,Walk-in,0,0
RW-106995,Hillcrest,48,2,Monthly,0,Basic,29,0,1,0,7.7,1,1,2,21,0,0,1,Friend,1,1
RW-106996,Downtown,47,73,Annual,11,Plus,44,0,0,0,1.9,0,4,10,2,0,1,0,Walk-in,0,0
RW-106997,Lakeview,23,17,Monthly,0,Basic,29,0,0,0,6.4,1,7,10,6,4,1,0,Friend,0,0
RW-106998,Northgate,25,19,Monthly,0,Plus,49,0,0,0,3.9,1,3,7,6,1,0,0,Walk-in,0,0
RW-106999,Downtown,60,42,Monthly,0,Plus,49,0,0,0,4.9,1,1,6,20,0,0,1,Online ad,1,0
RW-107000,Downtown,31,25,Monthly,0,Premium,69,1,1,1,14.4,0,3,8,10,1,0,0,Walk-in,0,1
RW-107001,Hillcrest,27,52,Monthly,0,Premium,79,0,0,0,8.3,1,3,4,12,1,1,0,Corporate,0,0
RW-107002,Lakeview,34,11,Annual,4,Basic,24,0,0,0,3.9,0,1,4,18,0,0,0,Online ad,0,0
RW-107003,Northgate,29,14,Annual,3,Plus,44,0,1,0,8.2,0,10,6,0,1,0,1,Walk-in,1,0
RW-107004,Downtown,24,8,Monthly,0,Plus,49,0,1,0,7.3,0,10,10,6,0,0,0,Friend,0,1
RW-107005,Northgate,48,33,Monthly,0,Plus,49,0,0,0,2.3,0,3,3,10,0,1,0,Friend,0,0
RW-107006,Hillcrest,41,13,Monthly,0,Plus,39,1,0,0,16.1,1,2,4,9,1,0,0,Walk-in,0,1
RW-107007,Downtown,28,30,Monthly,0,Premium,79,0,0,1,5.7,0,28,28,5,16,1,0,Corporate,0,0
RW-107008,Westfield,40,10,Annual,1,Basic,24,0,0,0,2.3,0,16,9,4,1,0,1,Walk-in,0,1
RW-107009,Downtown,30,120,Monthly,0,Plus,49,0,1,0,0.9,0,14,12,6,6,1,1,Walk-in,1,0
RW-107010,Lakeview,43,8,Annual,3,Basic,24,0,0,0,8.2,0,1,3,1,3,0,0,Friend,0,0
RW-107011,Hillcrest,27,20,Monthly,0,Basic,29,0,0,0,2.0,1,17,15,2,1,0,1,Friend,0,0
RW-107012,Riverside,34,9,Monthly,0,Basic,29,0,0,0,3.8,0,13,9,6,1,0,0,Walk-in,0,0
RW-107013,Northgate,34,13,Annual,2,Basic,24,0,0,0,4.4,0,6,11,10,0,0,0,Online ad,0,0
RW-107014,Northgate,34,39,Annual,4,Plus,39,1,0,0,3.2,1,3,28,2,2,0,0,Online ad,0,0
RW-107015,Westfield,32,16,Monthly,0,Plus,49,0,0,0,8.8,1,5,3,7,0,0,1,Walk-in,0,0
RW-107016,Northgate,36,20,Annual,2,Basic,24,0,0,0,9.9,1,9,14,8,2,0,0,Corporate,0,1
RW-107017,Northgate,40,1,Monthly,0,Basic,29,0,1,0,7.5,0,8,0,9,1,0,0,Friend,0,0
RW-107018,Northgate,34,8,Monthly,0,Plus,49,0,0,0,4.9,0,8,6,4,4,0,0,Friend,0,0
RW-107019,Hillcrest,41,3,Monthly,0,Plus,39,1,0,0,1.4,0,3,3,6,0,0,0,Walk-in,0,1
RW-107020,Riverside,57,23,Monthly,0,Plus,49,0,0,0,5.2,1,4,9,4,0,0,0,Walk-in,0,0
RW-107021,Northgate,43,5,Monthly,0,Basic,29,0,0,0,11.7,1,4,4,4,0,0,0,Walk-in,0,0
RW-107022,Northgate,33,28,Monthly,0,Basic,29,0,0,0,11.3,1,4,1,3,0,0,1,Online ad,1,0
RW-107023,Westfield,39,65,Annual,0,Premium,69,1,0,1,7.8,0,7,10,10,3,0,0,Friend,0,0
RW-107024,Lakeview,19,13,Monthly,0,Basic,29,0,0,0,3.9,1,21,10,1,2,0,0,Online ad,0,1
RW-107025,Downtown,42,20,Monthly,0,Plus,49,0,0,0,5.6,1,8,23,1,1,0,1,Friend,0,0
RW-107026,Riverside,37,6,Annual,0,Plus,44,0,0,1,2.4,1,28,24,5,14,0,0,Walk-in,1,0
RW-107027,Northgate,22,17,Monthly,0,Basic,29,0,0,0,2.6,0,4,16,0,1,1,0,Friend,0,0
RW-107028,Riverside,33,16,Annual,3,Basic,24,0,0,1,3.1,0,10,13,7,0,0,0,Friend,0,0
RW-107029,Hillcrest,40,20,Monthly,0,Premium,69,1,0,0,3.9,1,10,7,5,6,0,0,Walk-in,1,0
RW-107030,Northgate,24,39,Monthly,0,Basic,29,0,0,0,6.9,1,4,11,4,0,0,0,Walk-in,1,0
RW-107031,Riverside,58,10,Annual,1,Premium,74,0,0,0,7.1,0,1,8,18,3,1,0,Walk-in,0,1
RW-107032,Downtown,40,25,Annual,0,Basic,24,0,0,0,3.2,0,9,7,5,1,0,0,Walk-in,0,1
RW-107033,Downtown,41,5,Monthly,0,Plus,44,1,0,0,1.0,0,2,15,16,1,0,0,Walk-in,0,0
RW-107034,Riverside,37,39,Monthly,0,Basic,29,0,1,0,3.1,0,15,13,1,1,0,0,Walk-in,0,0
RW-107035,Downtown,51,4,Monthly,0,Plus,49,0,0,0,8.6,0,7,6,4,0,0,1,Friend,0,0
RW-107036,Westfield,24,19,Monthly,0,Plus,49,0,0,1,3.5,0,8,9,3,1,0,0,Corporate,0,0
RW-107037,Westfield,49,13,Annual,3,Plus,44,0,0,0,3.6,1,16,15,4,2,1,0,Walk-in,0,0
RW-107038,Lakeview,29,4,Monthly,0,Plus,49,0,1,0,5.4,0,15,6,1,0,1,1,Friend,0,0
RW-107039,Hillcrest,31,21,Annual,8,Plus,44,0,0,0,3.4,1,11,5,5,1,1,0,Friend,0,0
RW-107040,Northgate,31,42,Annual,5,Basic,24,0,0,0,1.9,0,3,6,14,0,0,0,Online ad,2,0
RW-107041,Northgate,58,14,Annual,8,Basic,24,0,1,0,2.5,0,2,6,12,0,0,0,Walk-in,1,0
RW-107042,Northgate,59,24,Monthly,0,Plus,49,0,1,0,2.2,1,8,8,8,0,1,0,Walk-in,1,0
RW-107043,Riverside,28,3,Monthly,0,Premium,79,0,0,0,5.5,1,11,9,2,8,0,0,Friend,0,0
RW-107044,Westfield,40,44,Annual,8,Plus,44,0,0,0,9.2,0,9,10,7,2,0,0,Walk-in,0,0
RW-107045,Hillcrest,40,18,Annual,5,Basic,24,0,0,0,2.8,1,3,1,14,0,1,0,Walk-in,1,0
RW-107046,Downtown,40,13,Annual,11,Premium,74,0,0,0,3.9,0,7,13,2,0,0,1,Friend,0,0
RW-107047,Hillcrest,31,37,Monthly,0,Basic,19,1,0,1,3.6,1,13,24,8,2,1,0,Online ad,0,0
RW-107048,Westfield,38,7,Annual,7,Plus,34,1,0,0,5.1,0,2,9,0,0,0,0,Friend,0,0
RW-107049,Northgate,29,16,Annual,7,Basic,24,0,0,0,2.2,0,8,8,0,1,0,0,Corporate,1,0
RW-107050,Northgate,31,52,Monthly,0,Basic,19,1,0,0,2.3,1,14,4,4,1,0,0,Online ad,0,1
RW-107051,Northgate,38,12,Monthly,0,Plus,49,0,0,0,3.7,0,2,6,7,3,1,1,Walk-in,0,1
RW-107052,Hillcrest,37,33,Monthly,0,Plus,39,1,0,0,3.2,0,7,6,4,0,0,0,Walk-in,0,0
RW-107053,Riverside,36,54,Monthly,0,Basic,29,0,0,0,3.0,1,19,13,2,11,0,0,Friend,0,1
RW-107054,Downtown,29,3,Monthly,0,Basic,29,0,0,0,2.9,0,2,5,10,1,0,0,Walk-in,0,1
RW-107055,Riverside,30,74,Annual,0,Premium,74,0,0,0,11.4,1,0,11,36,0,0,0,Walk-in,0,0
RW-107056,Downtown,32,4,Annual,6,Plus,44,0,1,0,19.9,1,9,3,3,0,0,0,Online ad,0,0
RW-107057,Riverside,30,11,Monthly,0,Basic,29,0,0,0,4.0,1,4,1,8,0,1,0,Online ad,1,0
RW-107058,Northgate,33,7,Monthly,0,Basic,29,0,0,0,9.3,1,18,13,6,0,0,1,Friend,0,0
RW-107059,Downtown,23,8,Monthly,0,Premium,79,0,0,0,3.7,0,0,5,44,0,0,1,Walk-in,0,1
RW-107060,Westfield,25,22,Annual,6,Basic,24,0,0,0,5.9,1,13,18,3,1,2,0,Walk-in,1,1
RW-107061,Hillcrest,51,30,Annual,2,Basic,24,0,0,0,9.0,0,4,18,1,0,2,0,Walk-in,0,0
RW-107062,Northgate,22,18,Monthly,0,Basic,29,1,0,0,12.0,0,3,3,3,0,0,0,Walk-in,0,1
RW-107063,Riverside,31,21,Monthly,0,Plus,49,1,0,0,10.9,0,0,2,42,0,0,1,Corporate,0,1
RW-107064,Riverside,23,8,Annual,1,Basic,24,0,1,0,6.1,1,2,3,0,3,2,0,Friend,0,1
RW-107065,Hillcrest,42,13,Monthly,0,Basic,29,0,0,0,4.9,1,17,18,4,2,1,0,Walk-in,0,0
RW-107066,Riverside,34,54,Annual,4,Plus,44,0,0,0,1.8,0,19,19,1,1,0,0,Friend,0,0
RW-107067,Riverside,22,1,Annual,8,Basic,24,0,1,0,5.7,1,11,0,8,0,0,0,Online ad,0,0
RW-107068,Downtown,40,14,Monthly,0,Plus,49,0,0,1,9.9,0,18,13,0,8,1,0,Online ad,1,0
RW-107069,Northgate,44,24,Annual,10,Plus,44,0,0,1,3.6,1,8,3,1,1,0,1,Walk-in,0,0
RW-107070,Hillcrest,35,11,Monthly,0,Plus,49,0,1,0,3.2,1,7,8,8,2,0,0,Friend,0,1
RW-107071,Downtown,78,35,Annual,10,Basic,24,1,0,0,16.6,0,7,4,10,3,1,0,Corporate,0,0
RW-107072,Lakeview,47,3,Monthly,0,Basic,29,0,0,0,1.8,1,11,15,8,12,1,1,Walk-in,0,0
RW-107073,Riverside,33,22,Annual,9,Basic,24,0,1,1,1.6,1,14,21,2,7,0,0,Walk-in,1,0
RW-107074,Northgate,29,70,Monthly,0,Premium,79,0,0,0,8.9,1,13,19,3,4,0,0,Online ad,0,0
RW-107075,Lakeview,26,62,Monthly,0,Plus,49,0,0,0,3.0,1,9,15,5,0,0,0,Walk-in,0,0
RW-107076,Lakeview,32,92,Annual,6,Plus,44,0,0,0,1.6,0,24,28,2,1,0,1,Walk-in,0,0
RW-107077,Westfield,42,57,Annual,8,Plus,44,0,0,0,5.2,1,23,28,1,2,0,1,Online ad,1,0
RW-107078,Riverside,27,21,Monthly,0,Plus,49,0,0,0,7.2,1,28,28,1,13,1,0,Online ad,0,0
RW-107079,Lakeview,45,42,Annual,5,Plus,44,0,0,0,2.3,1,26,28,4,1,2,0,Online ad,0,0
RW-107080,Westfield,30,63,Monthly,0,Premium,79,0,0,1,17.4,1,4,3,6,1,0,0,Friend,0,0
RW-107081,Lakeview,29,15,Monthly,0,Basic,29,0,0,0,40.0,0,4,1,8,3,1,1,Online ad,0,0
RW-107082,Hillcrest,20,79,Monthly,0,Basic,29,1,0,0,2.5,0,3,0,7,0,0,0,Walk-in,0,0
RW-107083,Northgate,30,26,Annual,7,Premium,74,0,0,1,5.2,1,2,8,2,0,0,1,Walk-in,0,0
RW-107084,Lakeview,24,2,Annual,6,Plus,44,0,0,0,40.0,0,1,7,10,0,0,0,Friend,0,0
RW-107085,Northgate,27,19,Monthly,0,Basic,29,0,0,0,0.6,1,6,1,5,2,0,0,Online ad,0,0
RW-107086,Downtown,43,27,Monthly,0,Plus,49,0,0,0,2.8,1,8,1,9,1,0,0,Friend,0,0
RW-107087,Northgate,52,4,Monthly,0,Basic,29,0,0,1,6.6,1,21,23,2,2,1,0,Corporate,0,0
RW-107088,Riverside,61,9,Monthly,0,Basic,19,1,0,0,7.0,1,3,8,6,2,0,1,Walk-in,0,1
RW-107089,Lakeview,27,14,Annual,11,Basic,24,0,0,0,4.9,1,14,9,2,7,0,0,Walk-in,0,0
RW-107090,Downtown,46,6,Annual,6,Plus,44,0,1,1,4.8,1,6,2,4,1,0,0,Friend,0,0
RW-107091,Northgate,36,9,Monthly,0,Plus,49,0,0,0,4.7,1,14,12,0,0,0,0,Friend,0,0
RW-107092,Downtown,40,7,Monthly,0,Basic,29,0,0,0,7.5,1,4,6,5,0,0,0,Online ad,0,0
RW-107093,Westfield,25,6,Annual,5,Premium,74,1,0,0,10.0,0,0,7,34,0,0,0,Online ad,0,0
RW-107094,Northgate,39,120,Monthly,0,Basic,29,0,0,0,1.3,0,4,5,11,0,2,0,Friend,0,0
RW-107095,Lakeview,36,26,Annual,9,Basic,24,0,0,0,9.1,1,23,19,3,3,0,0,Walk-in,0,0
RW-107096,Riverside,40,6,Annual,9,Basic,24,1,0,0,5.5,0,7,7,5,1,0,1,Friend,0,0
RW-107097,Northgate,37,34,Monthly,0,Premium,79,0,0,1,3.9,0,9,6,5,2,0,0,Online ad,0,0
RW-107098,Downtown,43,52,Monthly,0,Basic,19,1,0,0,3.0,1,3,7,7,2,0,0,Walk-in,0,1
RW-107099,Northgate,31,35,Monthly,0,Basic,29,0,1,0,3.6,1,7,11,2,2,0,0,Friend,0,0
RW-107100,Westfield,50,25,Annual,4,Basic,24,0,0,0,5.3,0,6,11,11,5,1,1,Corporate,0,0
RW-107101,Riverside,26,12,Annual,1,Plus,44,0,0,0,3.5,1,17,23,0,0,0,1,Friend,0,1
RW-107102,Downtown,43,34,Annual,6,Basic,19,1,0,0,18.2,0,6,4,8,0,0,0,Online ad,0,0
RW-107103,Riverside,26,1,Annual,3,Basic,24,1,0,0,9.6,1,0,0,69,0,0,0,Corporate,1,0
RW-107104,Lakeview,48,27,Annual,10,Plus,44,0,0,0,10.3,0,9,3,9,2,0,0,Friend,0,0
RW-107105,Northgate,54,43,Monthly,0,Plus,49,0,0,0,4.5,1,7,6,7,7,0,0,Walk-in,0,0
RW-107106,Hillcrest,32,8,Monthly,0,Plus,49,0,0,0,1.0,1,13,4,0,1,0,0,Friend,0,0
RW-107107,Northgate,27,12,Monthly,0,Plus,39,1,0,1,5.8,0,1,9,4,0,1,1,Corporate,0,0
RW-107108,Lakeview,27,10,Annual,1,Plus,44,0,1,0,5.6,1,5,5,9,1,1,0,Friend,1,0
RW-107109,Riverside,53,4,Annual,5,Plus,44,0,1,0,7.1,0,9,3,2,4,0,1,Walk-in,0,0
RW-107110,Downtown,69,30,Annual,4,Basic,24,0,0,0,14.1,0,11,10,8,5,0,0,Friend,0,0
RW-107111,Westfield,67,10,Monthly,0,Basic,29,1,1,0,8.9,1,14,10,5,0,0,0,Online ad,1,0
RW-107112,Northgate,41,1,Annual,3,Plus,39,1,0,0,8.6,0,13,0,1,1,0,0,Online ad,0,0
RW-107113,Northgate,38,14,Annual,6,Plus,44,0,0,0,6.0,0,14,11,5,6,0,0,Online ad,0,0
RW-107114,Hillcrest,34,21,Monthly,0,Plus,49,1,0,0,5.9,0,9,3,2,0,0,1,Online ad,0,0
RW-107115,Northgate,39,4,Monthly,0,Basic,29,0,0,0,5.0,0,16,11,5,0,0,0,Walk-in,0,0
RW-107116,Lakeview,41,54,Annual,0,Basic,24,0,0,0,12.4,0,1,4,4,0,0,0,Corporate,0,1
RW-107117,Downtown,41,28,Annual,7,Basic,24,0,0,0,15.2,0,5,2,2,1,0,0,Friend,0,0
RW-107118,Westfield,32,5,Monthly,0,Basic,29,0,1,1,2.8,0,7,12,10,1,1,0,Walk-in,1,0
RW-107119,Northgate,52,4,Monthly,0,Plus,49,0,0,0,9.6,1,3,2,0,0,2,0,Corporate,0,1
RW-107120,Westfield,44,12,Annual,11,Plus,44,0,0,0,7.0,0,3,8,8,0,0,0,Online ad,0,0
RW-107121,Westfield,38,3,Monthly,0,Basic,29,0,0,0,18.0,0,13,13,7,5,0,0,Online ad,0,1
RW-107122,Downtown,43,8,Annual,5,Basic,24,0,0,0,2.5,1,4,5,8,1,0,0,Online ad,0,0
RW-107123,Northgate,60,20,Monthly,0,Basic,29,0,0,1,6.9,1,11,23,5,1,0,0,Walk-in,1,1
RW-107124,Northgate,44,49,Monthly,0,Plus,49,0,0,0,4.0,0,11,12,6,0,0,1,Online ad,0,0
RW-107125,Northgate,55,16,Annual,2,Basic,24,0,0,0,4.6,1,4,4,11,0,0,1,Walk-in,0,0
RW-107126,Northgate,20,5,Monthly,0,Plus,49,0,0,0,5.6,0,9,10,1,5,1,0,Walk-in,0,0
RW-107127,Hillcrest,42,2,Annual,9,Plus,39,1,0,0,21.7,1,1,5,13,0,0,0,Online ad,2,1
RW-107128,Lakeview,26,19,Monthly,0,Plus,49,0,0,0,2.7,1,3,8,0,3,0,0,Online ad,0,1
RW-107129,Downtown,78,21,Annual,3,Basic,24,0,0,0,14.3,1,8,8,2,0,0,0,Walk-in,0,0
RW-107130,Riverside,19,25,Annual,11,Basic,14,1,0,0,17.3,1,3,3,6,0,0,1,Corporate,0,0
RW-107131,Northgate,31,16,Annual,4,Basic,24,0,0,0,2.0,0,19,7,2,1,0,1,Online ad,0,0
RW-107132,Lakeview,29,9,Annual,11,Plus,39,1,0,0,14.5,0,2,1,12,0,0,0,Online ad,0,0
RW-107133,Downtown,20,41,Monthly,0,Basic,29,0,0,0,6.0,0,2,12,2,2,1,0,Online ad,1,0
RW-107134,Downtown,78,69,Annual,3,Plus,44,0,1,0,6.2,1,17,5,1,2,0,0,Friend,0,0
RW-107135,Riverside,25,80,Monthly,0,Plus,44,1,0,0,5.6,1,2,3,13,0,0,0,Walk-in,1,0
RW-107136,Westfield,23,1,Monthly,0,Plus,44,1,0,0,6.3,0,2,0,5,0,0,0,Online ad,0,0
RW-107137,Riverside,28,10,Monthly,0,Basic,29,0,0,0,7.0,0,6,11,9,1,0,0,Corporate,0,1
RW-107138,Riverside,37,2,Annual,9,Basic,24,1,0,0,5.6,1,4,5,5,0,0,0,Friend,0,1
RW-107139,Riverside,58,100,Monthly,0,Basic,19,1,0,0,12.2,1,0,3,32,0,0,0,Online ad,0,0
RW-107140,Northgate,43,12,Monthly,0,Plus,49,0,0,0,10.4,1,6,12,8,3,0,0,Walk-in,0,0
RW-107141,Hillcrest,71,3,Annual,11,Plus,44,0,1,0,6.3,1,7,13,1,4,1,0,Corporate,1,0
RW-107142,Westfield,45,15,Annual,10,Plus,39,1,0,0,4.0,0,6,6,4,1,0,1,Online ad,0,0
RW-107143,Westfield,36,10,Monthly,0,Basic,29,0,0,0,6.7,1,15,14,7,0,0,0,Walk-in,0,0
RW-107144,Northgate,25,29,Monthly,0,Plus,49,0,0,0,4.5,0,10,13,5,4,0,0,Friend,1,0
RW-107145,Lakeview,28,29,Annual,11,Basic,24,0,0,0,17.3,1,15,14,0,1,0,0,Friend,0,0
RW-107146,Northgate,34,16,Monthly,0,Premium,79,1,0,1,5.9,1,14,11,7,5,0,0,Walk-in,0,1
RW-107147,Northgate,43,5,Annual,10,Plus,44,0,1,0,2.9,1,4,0,4,0,0,0,Walk-in,0,0
RW-107148,Northgate,41,41,Annual,0,Basic,24,0,1,0,9.1,0,10,17,6,0,0,0,Friend,0,1
RW-107149,Downtown,32,53,Monthly,0,Plus,49,0,1,0,3.4,1,1,6,1,0,0,0,Online ad,0,0
RW-107150,Westfield,28,11,Annual,4,Basic,24,0,0,0,17.5,0,1,2,10,0,0,0,Online ad,0,0
RW-107151,Lakeview,34,1,Annual,5,Plus,44,1,0,0,2.0,0,0,0,61,0,1,0,Friend,0,0
RW-107152,Riverside,43,4,Monthly,0,Basic,29,0,1,0,11.8,1,8,7,5,3,1,0,Online ad,0,0
RW-107153,Downtown,47,53,Monthly,0,Basic,24,1,0,0,8.5,1,15,8,4,0,0,0,Walk-in,0,0
RW-107154,Hillcrest,31,14,Monthly,0,Basic,29,1,0,0,5.3,1,9,13,3,0,1,0,Online ad,0,0
RW-107155,Northgate,29,15,Annual,8,Premium,74,0,0,0,1.3,1,5,6,10,0,0,0,Walk-in,0,0
RW-107156,Riverside,33,4,Annual,3,Premium,74,0,0,0,3.8,1,3,22,10,0,1,0,Online ad,0,0
RW-107157,Hillcrest,32,26,Annual,10,Basic,24,0,0,0,11.3,1,13,9,1,8,0,0,Friend,0,0
RW-107158,Riverside,50,14,Monthly,0,Basic,19,1,0,0,4.0,1,20,14,5,1,1,1,Friend,0,0
RW-107159,Riverside,44,47,Monthly,0,Plus,49,0,0,0,16.1,1,13,3,5,1,0,0,Friend,0,0
RW-107160,Riverside,31,8,Monthly,0,Basic,29,0,0,0,3.1,1,14,17,5,1,0,0,Friend,1,1
RW-107161,Downtown,52,66,Monthly,0,Plus,49,0,0,0,2.8,1,17,17,7,7,1,0,Walk-in,0,1
RW-107162,Lakeview,41,13,Annual,0,Plus,44,0,0,0,26.1,1,6,7,4,1,0,0,Friend,0,0
RW-107163,Northgate,61,33,Monthly,0,Plus,49,0,0,0,3.3,0,17,14,4,0,0,0,Walk-in,0,0
RW-107164,Northgate,77,32,Annual,10,Plus,44,0,0,0,4.5,0,16,22,7,0,0,0,Walk-in,0,0
RW-107165,Westfield,26,6,Monthly,0,Basic,29,0,0,1,1.6,1,4,3,0,1,0,0,Walk-in,0,0
RW-107166,Westfield,25,79,Monthly,0,Basic,29,0,0,1,16.1,0,8,6,2,2,0,0,Online ad,0,0
RW-107167,Northgate,33,8,Monthly,0,Plus,39,1,0,0,12.1,1,6,9,10,0,0,0,Friend,0,0
RW-107168,Hillcrest,24,56,Annual,11,Basic,24,0,0,0,5.5,1,23,22,2,2,1,0,Online ad,0,0
RW-107169,Riverside,27,8,Annual,7,Plus,44,0,0,0,2.0,1,8,12,4,0,0,1,Walk-in,1,0
RW-107170,Riverside,27,15,Annual,1,Premium,64,1,0,0,22.3,1,3,8,0,0,1,0,Online ad,0,1
RW-107171,Lakeview,41,69,Monthly,0,Plus,49,0,0,0,10.2,1,4,9,5,3,0,1,Walk-in,0,0
RW-107172,Hillcrest,45,20,Monthly,0,Premium,79,0,0,0,1.9,1,7,6,6,0,0,0,Corporate,0,0
RW-107173,Lakeview,28,9,Monthly,0,Basic,29,0,0,0,2.5,1,18,13,1,14,0,0,Online ad,1,0
RW-107174,Lakeview,31,9,Annual,7,Basic,24,0,0,0,1.8,1,0,4,68,0,1,0,Online ad,0,0
RW-107175,Downtown,29,20,Monthly,0,Basic,29,1,0,0,17.3,1,4,1,7,3,0,0,Walk-in,0,0
RW-107176,Downtown,25,41,Monthly,0,Plus,39,1,1,0,1.4,0,4,7,13,0,0,0,Online ad,0,0
RW-107177,Hillcrest,74,17,Annual,11,Basic,24,1,1,0,9.6,1,2,4,13,0,1,0,Walk-in,2,0
RW-107178,Riverside,53,26,Annual,0,Premium,74,0,0,0,8.8,1,6,10,2,0,0,0,Friend,0,1
RW-107179,Hillcrest,59,32,Monthly,0,Basic,29,0,1,0,2.9,0,17,21,6,11,0,0,Friend,0,1
RW-107180,Downtown,59,34,Monthly,0,Basic,29,0,0,0,13.5,0,6,11,3,0,0,0,Online ad,0,0
RW-107181,Westfield,38,21,Annual,0,Plus,39,1,1,0,5.6,0,3,8,7,0,0,0,Friend,1,1
RW-107182,Westfield,33,13,Annual,2,Plus,44,0,0,0,4.0,0,9,5,1,0,0,0,Walk-in,0,0
RW-107183,Lakeview,38,12,Annual,7,Plus,39,1,1,0,2.5,0,20,10,3,0,0,1,Friend,0,0
RW-107184,Northgate,21,6,Monthly,0,Premium,79,0,0,0,3.0,0,7,6,4,0,0,0,Friend,0,1
RW-107185,Hillcrest,24,18,Annual,2,Plus,44,0,0,0,1.4,0,1,8,5,2,0,0,Online ad,0,1
RW-107186,Lakeview,54,42,Monthly,0,Plus,49,0,0,0,6.3,0,4,7,1,0,0,0,Corporate,0,0
RW-107187,Northgate,24,52,Monthly,0,Plus,49,0,0,0,6.1,1,18,12,3,10,0,0,Corporate,0,0
RW-107188,Northgate,37,23,Annual,2,Basic,24,0,1,0,6.6,1,5,4,0,0,1,1,Online ad,1,0
RW-107189,Hillcrest,21,22,Annual,3,Basic,24,0,0,0,4.6,1,8,8,8,1,2,1,Online ad,0,0
RW-107190,Hillcrest,29,9,Annual,9,Basic,24,0,0,0,2.3,0,8,6,1,1,0,0,Walk-in,0,0
RW-107191,Northgate,25,14,Monthly,0,Plus,49,0,0,0,10.8,0,15,15,2,1,0,0,Corporate,1,0
RW-107192,Westfield,43,23,Annual,11,Basic,19,1,0,0,8.7,1,3,7,10,2,0,0,Online ad,0,0
RW-107193,Riverside,46,4,Annual,5,Premium,74,0,1,1,2.6,0,5,8,9,0,0,1,Online ad,0,0
RW-107194,Hillcrest,78,49,Annual,1,Basic,24,0,0,0,8.3,1,20,11,6,0,0,0,Friend,0,1
RW-107195,Riverside,36,4,Annual,6,Basic,24,0,0,0,6.3,1,4,5,7,1,0,0,Walk-in,0,0
RW-107196,Westfield,40,42,Annual,4,Plus,44,0,0,0,6.5,0,7,5,1,2,0,0,Online ad,0,0
RW-107197,Northgate,40,7,Annual,2,Plus,44,0,1,0,4.2,0,8,8,1,0,0,0,Walk-in,1,0
RW-107198,Hillcrest,46,13,Monthly,0,Basic,29,0,0,0,1.6,1,5,3,9,0,0,0,Walk-in,0,0
RW-107199,Lakeview,45,33,Monthly,0,Basic,29,0,0,0,3.8,0,5,8,6,3,0,0,Online ad,0,0
RW-107200,Riverside,44,11,Monthly,0,Basic,19,1,0,0,15.0,0,0,1,30,0,0,0,Online ad,1,1
RW-107201,Lakeview,32,45,Monthly,0,Plus,39,1,0,0,4.2,1,3,6,8,1,0,0,Online ad,0,0
RW-107202,Hillcrest,24,43,Monthly,0,Basic,29,0,1,0,5.5,0,17,14,7,1,1,0,Walk-in,0,0
RW-107203,Riverside,43,64,Monthly,0,Plus,49,0,0,0,8.4,1,1,5,11,0,0,1,Online ad,0,0
RW-107204,Westfield,37,59,Annual,4,Plus,44,0,1,0,1.4,1,17,19,3,4,0,1,Online ad,0,0
RW-107205,Lakeview,45,5,Annual,7,Premium,74,0,1,0,11.0,1,18,6,2,1,0,0,Walk-in,0,0
RW-107206,Northgate,25,118,Monthly,0,Premium,79,0,0,0,4.6,1,2,12,8,0,0,0,Walk-in,1,1
RW-107207,Lakeview,51,12,Annual,10,Basic,24,0,0,0,11.6,0,1,3,7,0,2,0,Friend,0,1
RW-107208,Westfield,58,48,Monthly,0,Plus,49,0,0,0,3.6,1,15,12,7,5,0,1,Walk-in,0,0
RW-107209,Downtown,24,27,Monthly,0,Plus,49,0,0,0,10.4,1,10,10,5,4,0,0,Walk-in,0,0
RW-107210,Hillcrest,32,29,Monthly,0,Basic,29,1,0,0,6.1,0,2,9,4,2,1,0,Walk-in,0,0
RW-107211,Riverside,23,6,Annual,11,Basic,24,0,0,0,2.4,1,9,17,0,0,0,0,Online ad,0,0
RW-107212,Lakeview,40,3,Monthly,0,Plus,49,0,0,0,4.9,0,14,8,7,4,0,0,Online ad,1,1
RW-107213,Hillcrest,34,19,Monthly,0,Plus,49,0,0,0,5.7,0,28,26,4,13,0,0,Online ad,0,0
RW-107214,Riverside,34,47,Annual,8,Basic,24,0,0,0,8.8,1,7,13,1,4,0,0,Walk-in,2,0
RW-107215,Northgate,33,43,Monthly,0,Basic,29,0,0,0,2.9,1,8,10,8,1,1,0,Walk-in,2,1
RW-107216,Downtown,33,77,Monthly,0,Basic,24,1,0,0,8.3,1,4,6,3,1,0,0,Friend,0,0
RW-107217,Westfield,38,3,Monthly,0,Premium,79,1,0,0,4.2,0,3,4,0,2,0,0,Online ad,1,1
RW-107218,Riverside,26,27,Monthly,0,Basic,29,0,0,0,1.7,0,2,12,5,0,1,1,Online ad,0,1
RW-107219,Hillcrest,28,13,Monthly,0,Premium,79,0,0,0,4.8,1,0,4,46,0,0,0,Friend,0,1
RW-107220,Lakeview,31,37,Monthly,0,Premium,74,1,0,1,6.8,0,10,6,0,5,0,1,Online ad,0,0
RW-107221,Lakeview,37,41,Annual,2,Basic,24,0,0,0,8.4,1,3,6,4,0,1,1,Corporate,0,0
RW-107222,Hillcrest,31,57,Monthly,0,Basic,29,0,1,0,5.4,1,7,11,1,3,1,0,Online ad,0,0
RW-107223,Hillcrest,27,34,Monthly,0,Premium,79,0,0,0,3.0,0,13,13,3,0,0,0,Friend,0,0
RW-107224,Northgate,27,10,Monthly,0,Plus,49,0,0,0,4.6,1,28,28,2,19,0,0,Friend,0,1
RW-107225,Hillcrest,37,2,Monthly,0,Premium,79,0,0,0,5.0,1,5,7,11,1,0,0,Walk-in,0,1
RW-107226,Lakeview,46,10,Monthly,0,Plus,49,0,0,0,5.8,0,2,10,10,0,0,0,Friend,0,0
RW-107227,Hillcrest,51,16,Monthly,0,Basic,29,0,0,0,12.1,0,10,10,6,6,0,0,Walk-in,0,0
RW-107228,Northgate,37,11,Monthly,0,Basic,19,1,1,0,5.5,1,5,4,4,0,0,1,Online ad,0,0
RW-107229,Westfield,54,6,Annual,11,Basic,24,0,0,0,3.0,0,8,7,4,4,0,0,Online ad,0,0
RW-107230,Riverside,28,52,Annual,10,Premium,69,1,0,0,1.8,1,12,21,5,2,0,0,Online ad,0,0
RW-107231,Northgate,30,8,Monthly,0,Plus,49,0,1,0,10.3,0,4,6,4,2,0,1,Online ad,0,1
RW-107232,Hillcrest,36,44,Annual,4,Premium,74,0,0,0,14.0,0,3,3,10,2,1,0,Online ad,0,0
RW-107233,Northgate,41,11,Monthly,0,Basic,19,1,1,0,12.7,1,2,5,14,3,0,0,Online ad,0,1
RW-107234,Downtown,26,10,Monthly,0,Premium,79,0,1,1,1.6,1,5,7,8,4,0,0,Friend,0,0
RW-107235,Westfield,24,1,Monthly,0,Plus,49,0,0,0,6.1,1,11,0,8,0,0,0,Walk-in,0,1
RW-107236,Riverside,27,47,Monthly,0,Plus,49,0,1,0,4.7,0,13,6,5,0,0,1,Friend,0,1
RW-107237,Riverside,26,14,Monthly,0,Plus,49,0,0,0,2.6,0,9,4,7,1,0,0,Online ad,0,0
RW-107238,Riverside,22,19,Monthly,0,Basic,29,0,0,0,2.9,0,10,9,2,0,0,0,Friend,0,0
RW-107239,Downtown,19,9,Annual,6,Basic,24,0,0,0,5.1,0,11,15,3,0,0,0,Walk-in,0,0
RW-107240,Lakeview,29,31,Annual,3,Basic,24,0,0,0,3.1,1,2,2,13,0,1,1,Online ad,0,0
RW-107241,Northgate,28,12,Monthly,0,Premium,79,0,0,0,2.4,1,13,16,5,10,0,1,Corporate,0,0
RW-107242,Downtown,31,86,Monthly,0,Basic,29,0,0,0,25.7,0,6,7,6,0,0,0,Walk-in,0,1
RW-107243,Downtown,31,29,Monthly,0,Premium,79,0,0,0,2.3,0,4,4,9,0,0,0,Friend,0,1
RW-107244,Westfield,40,58,Monthly,0,Basic,29,0,0,0,4.8,1,2,18,12,0,1,0,Walk-in,0,1
RW-107245,Hillcrest,36,28,Monthly,0,Basic,29,0,0,0,14.3,0,1,11,2,0,0,1,Online ad,1,1
RW-107246,Westfield,41,15,Annual,5,Basic,19,1,0,0,12.4,1,3,3,1,0,0,0,Online ad,0,0
RW-107247,Downtown,28,76,Monthly,0,Plus,49,1,1,0,16.0,1,3,5,9,0,0,0,Online ad,0,0
RW-107248,Westfield,41,16,Annual,6,Premium,74,0,0,0,7.4,1,9,2,0,2,0,0,Walk-in,0,0
RW-107249,Riverside,28,37,Monthly,0,Plus,49,0,0,0,3.7,1,12,1,7,3,0,0,Online ad,0,0
RW-107250,Westfield,32,13,Monthly,0,Plus,49,1,0,0,10.6,0,3,2,2,2,0,0,Walk-in,0,0
RW-107251,Downtown,47,39,Annual,9,Premium,74,0,0,0,10.6,1,13,11,6,0,0,0,Online ad,1,0
RW-107252,Downtown,44,11,Annual,0,Premium,74,0,0,1,2.7,0,8,7,5,1,0,1,Walk-in,0,0
RW-107253,Northgate,60,40,Annual,8,Plus,44,0,0,0,6.8,0,2,8,2,0,0,0,Online ad,0,0
RW-107254,Riverside,38,50,Annual,9,Plus,44,0,0,0,8.9,0,0,4,37,0,1,0,Friend,0,0
RW-107255,Lakeview,44,97,Annual,0,Basic,24,0,0,0,1.1,0,13,20,1,3,0,0,Walk-in,1,1
RW-107256,Lakeview,27,4,Monthly,0,Basic,29,0,0,0,8.5,0,8,8,4,0,0,1,Online ad,1,1
RW-107257,Downtown,40,16,Monthly,0,Premium,79,0,0,1,8.5,1,5,8,0,0,0,0,Walk-in,1,1
RW-107258,Westfield,31,63,Annual,10,Basic,19,1,0,0,4.3,0,10,10,5,1,0,0,Friend,0,0
RW-107259,Hillcrest,27,12,Monthly,0,Basic,19,1,0,0,12.1,1,7,4,0,0,0,0,Online ad,0,0
RW-107260,Lakeview,40,22,Annual,2,Basic,24,0,0,0,5.4,1,13,16,6,6,0,0,Walk-in,0,0
RW-107261,Riverside,35,27,Monthly,0,Plus,49,0,1,0,3.2,1,17,13,7,1,0,0,Friend,0,0
RW-107262,Downtown,30,11,Monthly,0,Premium,79,0,1,1,17.4,1,2,6,14,0,0,0,Walk-in,0,1
RW-107263,Riverside,61,120,Monthly,0,Plus,49,0,0,0,1.6,0,11,8,4,1,2,0,Corporate,0,0
RW-107264,Westfield,29,17,Monthly,0,Premium,79,0,0,0,3.1,1,9,11,2,0,0,0,Online ad,0,0
RW-107265,Northgate,26,2,Monthly,0,Plus,49,0,1,0,2.8,1,12,11,2,0,0,1,Friend,1,0
RW-107266,Downtown,37,4,Annual,7,Plus,44,0,1,0,1.9,0,21,19,2,1,0,0,Walk-in,1,0
RW-107267,Downtown,50,15,Annual,10,Premium,74,0,1,0,8.4,1,3,7,11,0,1,0,Friend,0,0
RW-107268,Downtown,36,38,Annual,6,Basic,24,0,0,0,5.1,1,6,6,0,1,0,1,Corporate,1,0
RW-107269,Westfield,46,16,Monthly,0,Plus,49,0,1,0,3.3,1,10,3,2,0,0,0,Friend,0,0
RW-107270,Riverside,23,7,Annual,10,Basic,24,0,0,0,4.4,1,3,2,10,0,0,0,Friend,1,0
RW-107271,Lakeview,34,42,Monthly,0,Premium,79,0,1,0,6.0,0,8,14,3,0,0,0,Walk-in,0,1
RW-107272,Riverside,30,15,Monthly,0,Premium,79,0,1,0,26.3,0,5,4,0,2,0,0,Friend,1,0
RW-107273,Westfield,30,8,Monthly,0,Basic,24,1,0,0,5.3,1,16,11,6,5,0,0,Walk-in,0,0
RW-107274,Lakeview,38,8,Monthly,0,Plus,49,0,0,0,3.6,1,9,7,6,1,1,0,Friend,0,0
RW-107275,Hillcrest,36,1,Annual,9,Premium,64,1,0,1,4.2,1,0,0,85,0,0,0,Online ad,0,0
RW-107276,Riverside,34,46,Annual,1,Premium,64,1,0,0,5.5,1,6,8,11,1,0,0,Friend,0,0
RW-107277,Northgate,50,2,Annual,1,Basic,24,0,0,0,7.3,1,9,7,4,0,0,0,Friend,0,1
RW-107278,Lakeview,42,56,Annual,1,Basic,19,1,0,0,8.1,1,6,3,0,0,0,0,Friend,0,1
RW-107279,Riverside,20,6,Monthly,0,Basic,29,0,0,0,15.4,1,4,3,4,1,0,0,Online ad,0,1
RW-107280,Riverside,32,14,Annual,5,Plus,39,1,0,0,3.2,1,12,10,6,0,0,0,Walk-in,0,0
RW-107281,Hillcrest,36,32,Monthly,0,Basic,29,0,1,0,4.9,0,3,3,7,3,0,0,Friend,0,0
RW-107282,Northgate,25,1,Monthly,0,Premium,79,0,0,1,4.4,1,4,0,2,0,0,0,Online ad,0,0
RW-107283,Downtown,31,69,Monthly,0,Plus,49,1,0,0,5.3,0,7,6,6,3,0,1,Online ad,0,0
RW-107284,Northgate,45,8,Annual,9,Basic,19,1,0,0,2.8,0,2,4,10,0,0,0,Online ad,0,0
RW-107285,Downtown,37,9,Monthly,0,Plus,49,0,0,0,10.9,1,14,11,1,4,0,0,Friend,0,0
RW-107286,Northgate,38,7,Monthly,0,Plus,49,0,0,0,4.3,0,2,6,6,0,0,0,Walk-in,0,0
RW-107287,Westfield,23,15,Monthly,0,Plus,49,0,1,0,5.5,1,6,6,5,0,1,1,Friend,0,1
RW-107288,Westfield,48,18,Annual,0,Basic,24,1,0,0,18.7,1,6,12,7,0,0,0,Walk-in,0,1
RW-107289,Downtown,34,55,Annual,7,Premium,74,0,0,1,5.6,1,15,5,7,2,0,0,Online ad,1,0
RW-107290,Lakeview,58,6,Monthly,0,Basic,29,0,0,0,19.9,0,4,2,1,0,0,0,Walk-in,1,0
RW-107291,Hillcrest,49,12,Monthly,0,Basic,29,0,1,0,9.9,0,4,5,8,0,2,0,Walk-in,1,1
RW-107292,Northgate,36,9,Monthly,0,Basic,29,0,0,0,4.6,0,6,5,3,1,0,1,Friend,0,1
RW-107293,Downtown,42,6,Monthly,0,Plus,49,0,0,1,1.2,1,21,16,4,0,1,1,Online ad,0,0
RW-107294,Northgate,45,50,Monthly,0,Plus,49,0,0,0,14.2,1,1,4,18,0,2,0,Online ad,0,1
RW-107295,Northgate,37,5,Monthly,0,Plus,49,0,1,0,5.2,1,16,10,7,5,1,1,Walk-in,1,0
RW-107296,Lakeview,19,3,Annual,2,Basic,24,0,0,0,7.1,1,3,16,2,1,0,0,Friend,0,0
RW-107297,Northgate,36,52,Annual,2,Basic,24,0,0,0,2.4,1,8,13,5,0,1,0,Online ad,0,0
RW-107298,Northgate,30,46,Annual,9,Plus,44,0,0,0,10.2,0,2,7,2,0,0,0,Online ad,0,0
RW-107299,Westfield,30,7,Monthly,0,Basic,29,1,0,0,6.2,1,15,13,2,9,0,0,Friend,0,0
RW-107300,Riverside,45,4,Annual,2,Basic,24,0,0,1,2.7,0,13,11,6,1,0,0,Walk-in,0,0
RW-107301,Downtown,35,3,Annual,9,Plus,44,0,1,0,7.8,1,5,5,4,0,1,1,Online ad,0,0
RW-107302,Hillcrest,66,29,Monthly,0,Premium,79,0,0,0,6.2,0,10,7,3,0,0,0,Friend,1,0
RW-107303,Westfield,28,35,Annual,3,Premium,74,1,0,0,4.2,1,9,10,8,0,0,0,Friend,1,0
RW-107304,Riverside,44,5,Monthly,0,Basic,29,0,0,0,1.0,0,5,7,2,0,0,0,Walk-in,0,1
RW-107305,Lakeview,23,33,Monthly,0,Premium,79,1,0,1,2.7,1,3,17,14,0,0,0,Walk-in,0,1
RW-107306,Lakeview,38,19,Monthly,0,Plus,49,0,0,0,3.8,1,8,10,0,0,0,0,Online ad,0,0
RW-107307,Hillcrest,58,10,Annual,7,Plus,44,0,0,0,5.9,1,8,9,4,0,0,0,Online ad,1,0
RW-107308,Westfield,32,30,Annual,7,Plus,44,0,0,0,3.2,0,16,24,5,2,1,1,Walk-in,0,0
RW-107309,Downtown,25,11,Annual,0,Basic,24,0,0,0,3.8,0,4,4,0,4,0,0,Online ad,0,1
RW-107310,Hillcrest,26,49,Annual,2,Plus,44,0,0,0,5.9,1,10,8,2,2,0,1,Walk-in,1,0
RW-107311,Downtown,41,33,Monthly,0,Plus,49,0,0,0,5.0,1,1,15,7,0,1,1,Corporate,0,0
RW-107312,Riverside,78,52,Monthly,0,Basic,29,0,1,0,14.9,1,7,4,5,7,1,1,Online ad,0,0
RW-107313,Downtown,27,58,Monthly,0,Plus,49,0,0,0,20.9,1,0,3,43,0,0,0,Friend,0,0
RW-107314,Riverside,34,23,Annual,2,Basic,14,1,0,0,7.5,1,9,13,7,3,0,0,Friend,0,0
RW-107315,Downtown,29,21,Monthly,0,Plus,49,1,0,0,2.0,1,28,28,3,2,0,0,Walk-in,1,0
RW-107316,Lakeview,38,7,Annual,3,Premium,69,1,0,0,5.8,1,0,10,55,0,0,0,Online ad,0,0
RW-107317,Northgate,32,75,Monthly,0,Basic,29,0,0,0,7.4,0,2,11,12,0,0,1,Online ad,0,0
RW-107318,Hillcrest,24,16,Monthly,0,Premium,79,0,1,0,2.0,1,8,4,9,0,0,0,Friend,1,0
RW-107319,Northgate,37,3,Monthly,0,Plus,49,0,0,0,2.9,0,6,9,6,1,0,0,Walk-in,0,0
RW-107320,Riverside,30,5,Monthly,0,Premium,79,0,0,0,1.7,1,10,7,0,0,0,0,Online ad,0,0
RW-107321,Northgate,47,21,Monthly,0,Premium,79,0,1,0,18.0,0,4,11,3,0,0,0,Online ad,0,1
RW-107322,Hillcrest,33,64,Annual,8,Plus,44,0,0,0,9.2,0,5,9,7,4,0,1,Walk-in,0,0
RW-107323,Westfield,36,30,Monthly,0,Basic,29,0,0,1,6.6,0,9,8,8,1,0,0,Corporate,0,0
RW-107324,Northgate,41,2,Monthly,0,Basic,29,0,0,0,4.7,0,5,8,7,0,0,0,Walk-in,0,0
RW-107325,Downtown,42,5,Monthly,0,Basic,29,0,0,0,1.7,0,7,7,10,0,0,0,Friend,1,0
RW-107326,Lakeview,32,51,Monthly,0,Plus,49,0,1,0,4.8,1,3,2,13,0,0,0,Online ad,0,0
RW-107327,Hillcrest,26,10,Monthly,0,Plus,49,0,0,0,10.3,1,15,10,3,1,0,0,Walk-in,0,0
RW-107328,Northgate,44,48,Monthly,0,Basic,29,0,0,0,4.6,0,4,4,2,0,0,0,Friend,0,0
RW-107329,Downtown,31,23,Monthly,0,Plus,49,0,0,1,5.9,1,19,27,5,11,0,0,Friend,0,0
RW-107330,Downtown,36,32,Annual,4,Plus,44,0,0,0,4.5,1,3,3,12,1,0,0,Online ad,0,0
RW-107331,Riverside,31,44,Annual,1,Basic,24,0,1,0,16.2,1,7,7,3,0,0,0,Friend,0,0
RW-107332,Downtown,40,23,Monthly,0,Basic,29,0,0,0,6.0,0,7,4,1,0,0,0,Online ad,0,0
RW-107333,Hillcrest,50,8,Annual,3,Plus,44,1,0,1,8.8,0,5,2,9,0,0,0,Online ad,0,0
RW-107334,Lakeview,50,36,Annual,2,Plus,34,1,0,0,3.8,1,3,7,1,2,0,1,Friend,0,0
RW-107335,Downtown,32,3,Annual,10,Basic,24,0,1,0,12.8,1,5,9,7,0,0,0,Friend,0,0
RW-107336,Northgate,31,14,Annual,7,Plus,44,0,1,0,20.3,0,1,6,16,1,0,1,Walk-in,0,0
RW-107337,Riverside,28,86,Annual,2,Basic,19,1,0,0,3.1,1,13,14,6,9,0,0,Friend,0,0
RW-107338,Downtown,45,17,Annual,5,Basic,24,0,0,0,3.1,1,8,4,5,7,0,0,Walk-in,0,0
RW-107339,Downtown,44,28,Annual,2,Plus,44,0,0,1,2.1,1,12,15,4,6,0,0,Walk-in,0,0
RW-107340,Hillcrest,32,4,Monthly,0,Basic,29,1,0,0,10.4,1,0,7,67,0,1,0,Online ad,0,1
RW-107341,Lakeview,60,17,Annual,7,Basic,19,1,0,1,6.9,1,2,2,10,1,0,0,Friend,0,0
RW-107342,Riverside,20,22,Monthly,0,Plus,49,0,0,0,1.4,1,3,3,6,0,1,0,Online ad,0,0
RW-107343,Westfield,29,3,Monthly,0,Basic,29,0,0,0,7.7,1,4,1,3,0,0,0,Online ad,0,1
RW-107344,Riverside,50,24,Annual,2,Plus,44,0,0,0,4.8,0,9,7,3,3,1,0,Walk-in,1,0
RW-107345,Downtown,40,24,Annual,10,Basic,24,0,1,0,4.8,1,4,7,12,0,0,0,Online ad,0,0
RW-107346,Northgate,30,15,Annual,1,Plus,39,1,0,0,7.4,0,11,11,6,6,0,0,Walk-in,0,0
RW-107347,Downtown,28,3,Monthly,0,Premium,79,0,0,0,1.9,1,5,25,2,0,0,0,Walk-in,1,1
RW-107348,Northgate,25,15,Monthly,0,Basic,24,1,0,0,5.5,1,3,8,13,0,0,0,Online ad,0,1
RW-107349,Hillcrest,28,16,Annual,11,Basic,24,0,0,0,9.9,1,5,5,2,0,1,1,Walk-in,0,0
RW-107350,Riverside,56,25,Monthly,0,Plus,49,0,0,0,20.2,1,6,2,11,0,0,0,Friend,0,0
RW-107351,Downtown,64,58,Monthly,0,Premium,79,0,1,1,5.6,1,20,26,3,2,0,0,Online ad,0,0
RW-107352,Downtown,27,25,Annual,10,Plus,44,0,1,0,5.7,1,9,6,8,1,0,0,Online ad,0,0
RW-107353,Riverside,27,6,Monthly,0,Basic,19,1,1,0,1.4,0,1,3,1,0,0,0,Online ad,0,0
RW-107354,Downtown,24,20,Annual,2,Basic,24,0,0,0,4.4,0,1,11,3,0,1,0,Walk-in,0,1
RW-107355,Hillcrest,39,3,Annual,10,Basic,24,0,0,0,7.9,0,3,4,12,3,0,0,Walk-in,0,0
RW-107356,Downtown,41,24,Monthly,0,Plus,49,1,0,0,20.5,1,2,4,10,0,1,1,Friend,0,0
RW-107357,Downtown,23,41,Monthly,0,Basic,29,0,0,0,9.1,0,1,3,9,0,0,0,Friend,0,1
RW-107358,Northgate,23,20,Monthly,0,Basic,29,1,0,0,5.5,1,5,7,12,2,1,0,Online ad,0,0
RW-107359,Northgate,48,56,Annual,11,Premium,74,0,0,0,1.6,0,9,6,1,3,0,0,Online ad,1,0
RW-107360,Northgate,42,38,Annual,2,Basic,24,0,0,0,10.0,0,4,8,1,0,0,0,Walk-in,0,0
RW-107361,Riverside,22,18,Annual,7,Premium,74,1,0,0,4.0,0,3,8,6,0,0,0,Walk-in,1,1
RW-107362,Downtown,36,2,Monthly,0,Plus,44,1,0,0,3.6,0,1,12,7,0,0,0,Walk-in,0,1
RW-107363,Lakeview,28,2,Annual,9,Basic,24,0,0,0,6.6,1,8,7,7,3,0,0,Online ad,1,0
RW-107364,Hillcrest,26,10,Monthly,0,Premium,69,1,1,0,4.0,1,1,4,2,0,0,0,Online ad,2,1
RW-107365,Downtown,23,59,Annual,3,Premium,74,0,0,1,5.9,1,15,16,5,6,1,0,Walk-in,0,0
RW-107366,Downtown,25,4,Monthly,0,Plus,49,1,0,0,19.0,1,11,6,1,2,0,0,Walk-in,0,1
RW-107367,Northgate,45,56,Monthly,0,Basic,29,0,0,0,3.3,1,16,17,4,0,0,0,Friend,0,0
RW-107368,Hillcrest,25,120,Annual,10,Plus,44,0,1,0,5.1,1,7,19,10,1,1,1,Friend,0,0
RW-107369,Riverside,27,37,Annual,6,Basic,24,0,0,0,3.8,1,2,6,5,0,1,0,Online ad,0,0
RW-107370,Riverside,38,84,Monthly,0,Basic,24,1,0,1,3.1,1,28,21,3,1,0,0,Corporate,0,0
RW-107371,Northgate,26,3,Monthly,0,Basic,29,0,0,0,13.0,1,14,12,5,10,0,0,Walk-in,0,0
RW-107372,Lakeview,33,3,Monthly,0,Plus,49,0,0,0,20.7,1,17,13,4,7,0,0,Walk-in,0,0
RW-107373,Downtown,20,19,Annual,11,Premium,74,0,0,0,3.0,1,2,8,4,0,0,0,Walk-in,0,1
RW-107374,Riverside,41,2,Monthly,0,Plus,49,0,0,0,6.7,0,8,4,1,0,0,1,Walk-in,1,0
RW-107375,Downtown,47,23,Monthly,0,Plus,44,1,0,1,4.4,0,28,28,3,15,0,0,Online ad,0,0
RW-107376,Riverside,34,20,Monthly,0,Plus,49,0,0,0,14.9,1,3,3,6,0,2,0,Walk-in,0,1
RW-107377,Hillcrest,29,5,Monthly,0,Basic,29,0,0,0,2.9,1,8,11,0,3,0,1,Friend,0,0
RW-107378,Northgate,24,73,Annual,9,Plus,44,0,0,1,2.6,1,13,10,2,1,0,0,Friend,2,0
RW-107379,Downtown,41,8,Monthly,0,Basic,29,0,0,0,6.0,0,22,19,6,10,0,0,Online ad,0,1
RW-107380,Westfield,44,16,Monthly,0,Plus,49,0,0,0,2.7,1,8,5,4,0,0,1,Online ad,0,0
RW-107381,Northgate,34,4,Monthly,0,Plus,49,0,0,0,5.8,0,27,28,3,14,0,0,Walk-in,0,0
RW-107382,Westfield,29,21,Monthly,0,Basic,29,0,0,1,2.3,1,16,20,1,0,0,0,Online ad,0,0
RW-107383,Westfield,37,5,Monthly,0,Basic,29,0,0,0,2.8,1,14,11,0,2,0,1,Walk-in,0,0
RW-107384,Riverside,37,27,Monthly,0,Basic,29,0,0,0,1.4,0,15,12,4,4,0,0,Corporate,0,0
RW-107385,Downtown,42,1,Annual,7,Basic,24,1,0,0,2.1,1,6,0,9,2,0,0,Online ad,0,0
RW-107386,Riverside,30,28,Monthly,0,Plus,49,1,0,0,3.8,0,9,19,4,5,1,0,Online ad,0,1
RW-107387,Riverside,52,5,Monthly,0,Premium,79,0,0,0,7.3,0,11,6,3,0,0,0,Friend,0,0
RW-107388,Downtown,42,8,Annual,8,Basic,24,0,0,1,5.6,1,4,14,10,1,0,1,Corporate,0,0
RW-107389,Downtown,47,8,Monthly,0,Plus,49,1,0,0,9.2,0,11,9,1,2,1,0,Online ad,0,0
RW-107390,Northgate,32,6,Annual,7,Basic,24,0,0,0,3.4,0,3,4,4,0,1,0,Online ad,0,0
RW-107391,Westfield,22,19,Monthly,0,Plus,49,0,0,0,5.5,0,4,8,9,0,1,0,Walk-in,0,0
RW-107392,Lakeview,42,29,Annual,9,Basic,24,0,0,0,4.4,1,16,16,1,2,0,0,Friend,1,0
RW-107393,Riverside,51,17,Monthly,0,Plus,49,0,0,0,10.3,1,11,23,8,1,0,0,Online ad,0,0
RW-107394,Westfield,44,8,Monthly,0,Plus,49,0,0,0,7.4,0,6,9,0,5,1,0,Walk-in,0,0
RW-107395,Northgate,78,79,Monthly,0,Plus,49,0,0,0,3.7,1,27,23,5,1,0,0,Friend,2,0
RW-107396,Northgate,31,7,Monthly,0,Plus,49,0,0,0,1.0,1,6,4,6,3,0,0,Friend,0,0
RW-107397,Lakeview,69,21,Monthly,0,Plus,49,0,0,0,5.3,0,16,15,2,6,0,0,Online ad,0,0
RW-107398,Westfield,42,13,Annual,9,Basic,14,1,0,0,2.1,1,11,6,4,0,0,0,Online ad,0,0
RW-107399,Riverside,30,25,Annual,11,Plus,39,1,0,0,2.1,1,8,6,9,0,0,0,Corporate,0,0
RW-107400,Downtown,25,15,Monthly,0,Basic,29,0,1,0,9.3,0,10,8,1,0,1,0,Walk-in,0,0
RW-107401,Westfield,23,49,Annual,3,Basic,24,0,0,0,3.1,1,1,4,17,0,0,0,Friend,0,0
RW-107402,Lakeview,43,7,Monthly,0,Basic,29,0,1,0,6.6,1,1,6,9,0,1,0,Online ad,0,1
RW-107403,Hillcrest,27,24,Annual,4,Basic,19,1,0,0,5.8,1,2,6,17,0,2,0,Corporate,0,0
RW-107404,Northgate,24,31,Monthly,0,Plus,49,1,0,0,2.7,0,13,15,2,6,1,0,Online ad,0,0
RW-107405,Westfield,25,1,Annual,1,Basic,24,0,0,0,4.9,1,27,0,5,18,1,0,Friend,1,0
RW-107406,Downtown,36,2,Monthly,0,Plus,39,1,0,0,5.4,1,3,28,14,1,0,0,Online ad,0,1
RW-107407,Downtown,26,47,Monthly,0,Basic,29,0,0,0,12.7,0,1,0,21,0,1,0,Walk-in,0,1
RW-107408,Lakeview,23,27,Monthly,0,Premium,74,1,0,1,3.8,0,4,9,13,0,1,0,Online ad,0,1
RW-107409,Hillcrest,76,37,Annual,8,Basic,24,0,0,0,4.0,0,5,3,9,1,0,0,Online ad,2,0
RW-107410,Riverside,26,22,Monthly,0,Basic,29,0,0,1,5.5,1,1,8,4,0,0,1,Friend,1,0
RW-107411,Northgate,27,17,Monthly,0,Basic,19,1,0,1,3.5,0,1,3,1,1,0,0,Walk-in,0,0
RW-107412,Westfield,28,34,Annual,1,Plus,44,0,1,0,4.4,1,8,10,7,6,0,0,Corporate,0,0
RW-107413,Riverside,42,33,Monthly,0,Plus,49,0,1,0,11.4,0,5,8,2,1,1,0,Corporate,0,0
RW-107414,Riverside,22,56,Annual,10,Premium,74,0,0,0,2.4,1,7,1,10,0,1,1,Walk-in,0,0
RW-107415,Riverside,51,46,Monthly,0,Basic,29,0,0,0,7.1,1,6,20,6,2,0,0,Corporate,0,0
RW-107416,Northgate,58,18,Monthly,0,Premium,74,1,0,1,5.8,0,10,11,7,1,0,1,Walk-in,0,0
RW-107417,Northgate,27,13,Annual,11,Plus,44,0,1,0,4.4,0,0,4,57,0,0,0,Walk-in,0,0
RW-107418,Northgate,31,16,Monthly,0,Basic,29,0,0,0,0.8,0,14,14,1,1,0,0,Online ad,0,0
RW-107419,Northgate,48,46,Monthly,0,Basic,29,0,1,0,9.7,1,10,5,4,0,0,0,Online ad,0,0
RW-107420,Northgate,30,2,Annual,6,Premium,74,0,0,0,4.2,1,3,6,8,3,1,0,Online ad,0,0
RW-107421,Lakeview,68,2,Monthly,0,Basic,29,0,0,0,3.4,0,0,5,34,0,1,0,Walk-in,0,1
RW-107422,Downtown,22,10,Annual,8,Basic,24,0,0,0,9.0,0,8,5,1,3,0,0,Online ad,0,0
RW-107423,Northgate,32,7,Annual,2,Premium,74,0,0,0,7.6,0,5,6,1,1,0,0,Online ad,0,0
RW-107424,Westfield,29,10,Monthly,0,Plus,49,0,0,0,2.7,0,1,6,9,0,0,0,Corporate,0,1
RW-107425,Hillcrest,37,35,Annual,2,Plus,44,1,0,1,3.2,0,21,11,2,13,1,1,Friend,0,0
RW-107426,Hillcrest,22,19,Annual,5,Basic,24,0,1,0,3.7,0,17,12,5,8,0,0,Online ad,0,0
RW-107427,Riverside,52,19,Monthly,0,Plus,49,1,0,0,5.4,1,0,2,37,0,0,0,Walk-in,0,1
RW-107428,Riverside,36,44,Monthly,0,Plus,49,1,0,0,6.2,1,18,18,1,8,0,0,Online ad,0,0
RW-107429,Lakeview,38,14,Monthly,0,Basic,29,0,0,0,4.7,0,2,6,2,1,1,1,Walk-in,0,1
RW-107430,Westfield,27,13,Monthly,0,Basic,29,0,0,0,3.9,0,3,5,4,0,0,0,Friend,0,1
RW-107431,Lakeview,56,3,Annual,7,Basic,24,0,0,0,9.9,1,2,8,1,0,1,0,Online ad,1,0
RW-107432,Riverside,29,33,Monthly,0,Basic,29,0,0,0,1.7,0,13,18,7,0,0,0,Friend,0,0
RW-107433,Hillcrest,29,44,Annual,4,Plus,44,0,0,0,11.6,0,16,10,6,1,0,0,Online ad,1,0
RW-107434,Westfield,29,32,Annual,8,Basic,24,0,0,0,1.6,1,16,18,5,2,0,0,Online ad,0,0
RW-107435,Lakeview,28,32,Monthly,0,Plus,49,0,1,0,4.3,1,2,11,16,1,0,0,Walk-in,0,0
RW-107436,Downtown,33,14,Annual,4,Basic,24,0,0,0,2.5,0,4,2,6,0,0,0,Online ad,0,0
RW-107437,Riverside,27,23,Annual,9,Plus,39,1,0,0,5.9,1,19,21,2,1,0,0,Friend,0,0
RW-107438,Lakeview,38,5,Monthly,0,Premium,79,0,1,0,4.5,0,8,7,8,0,0,1,Walk-in,1,1
RW-107439,Northgate,21,3,Annual,4,Basic,24,0,0,0,1.9,1,5,12,2,1,1,0,Walk-in,0,0
RW-107440,Riverside,27,14,Monthly,0,Basic,19,1,0,0,9.4,1,7,8,0,3,0,1,Friend,0,1
RW-107441,Northgate,32,59,Monthly,0,Basic,29,0,0,0,1.8,0,17,13,5,1,0,0,Corporate,0,0
RW-107442,Northgate,74,35,Monthly,0,Basic,29,0,0,0,1.2,1,28,28,4,0,0,1,Friend,0,0
RW-107443,Hillcrest,39,8,Monthly,0,Basic,29,0,0,0,6.6,1,0,13,36,0,0,0,Online ad,0,0
RW-107444,Westfield,57,10,Monthly,0,Premium,79,0,0,0,7.2,0,7,6,4,0,0,0,Online ad,0,1
RW-107445,Northgate,42,6,Annual,2,Basic,24,0,0,0,2.5,0,15,3,6,8,0,0,Walk-in,0,0
RW-107446,Riverside,50,29,Monthly,0,Plus,49,1,0,0,9.3,0,14,11,6,0,1,0,Walk-in,0,0
RW-107447,Riverside,45,2,Annual,4,Basic,24,0,0,0,1.7,0,26,15,3,0,0,0,Online ad,0,0
RW-107448,Northgate,28,25,Monthly,0,Premium,79,1,0,1,6.8,0,11,13,7,4,1,1,Corporate,0,1
RW-107449,Riverside,34,7,Monthly,0,Plus,44,1,0,0,15.0,1,14,8,7,2,0,0,Corporate,0,0
RW-107450,Northgate,26,2,Annual,1,Basic,24,0,1,0,5.6,1,8,11,1,3,0,0,Online ad,0,0
RW-107451,Riverside,40,14,Monthly,0,Basic,29,0,0,0,6.3,1,14,13,1,7,0,0,Online ad,0,0
RW-107452,Riverside,28,3,Monthly,0,Plus,49,1,1,1,6.0,1,14,18,5,0,1,0,Walk-in,0,0
RW-107453,Hillcrest,23,14,Monthly,0,Basic,29,0,0,0,1.8,1,4,3,6,1,0,0,Online ad,0,0
RW-107454,Riverside,41,8,Monthly,0,Plus,49,0,0,1,2.1,0,12,12,3,0,2,1,Walk-in,0,0
RW-107455,Riverside,44,2,Monthly,0,Plus,49,0,0,0,4.8,1,0,3,38,0,0,0,Walk-in,0,0
RW-107456,Downtown,21,19,Annual,11,Basic,24,0,0,0,3.1,0,6,6,2,4,0,0,Online ad,0,0
RW-107457,Lakeview,34,14,Annual,3,Plus,44,0,0,0,3.7,0,13,12,7,0,0,1,Walk-in,0,0
RW-107458,Downtown,44,60,Monthly,0,Plus,44,1,0,1,5.3,1,1,20,0,0,2,0,Walk-in,0,1
RW-107459,Downtown,42,35,Monthly,0,Premium,79,0,0,0,2.1,1,5,2,10,0,0,0,Corporate,1,0
RW-107460,Riverside,37,1,Annual,5,Basic,24,0,0,0,6.5,0,1,0,13,1,1,0,Online ad,0,0
RW-107461,Northgate,34,9,Annual,0,Plus,44,0,0,0,4.3,0,6,4,4,3,0,0,Friend,0,1
RW-107462,Lakeview,22,50,Annual,9,Plus,44,0,0,0,3.3,1,15,5,3,5,0,0,Friend,0,0
RW-107463,Westfield,38,36,Annual,5,Basic,24,0,0,0,3.5,1,10,12,3,1,0,0,Friend,1,0
RW-107464,Riverside,30,120,Monthly,0,Basic,29,0,0,0,23.3,0,9,5,3,4,0,0,Online ad,0,0
RW-107465,Hillcrest,56,82,Monthly,0,Plus,49,0,0,0,4.2,0,23,13,3,10,1,1,Walk-in,1,0
RW-107466,Hillcrest,67,13,Monthly,0,Basic,19,1,1,0,7.5,1,2,4,14,1,0,1,Friend,1,0
RW-107467,Northgate,28,23,Annual,10,Plus,44,0,0,0,10.8,1,7,1,7,3,0,0,Corporate,0,0
RW-107468,Downtown,21,6,Annual,2,Basic,19,1,0,1,5.2,1,28,28,5,0,0,0,Walk-in,1,0
RW-107469,Hillcrest,27,17,Annual,2,Basic,24,0,0,0,6.1,1,3,5,13,2,0,0,Online ad,0,0
RW-107470,Downtown,41,30,Monthly,0,Basic,29,1,0,0,3.5,0,6,6,6,2,0,0,Online ad,0,0
RW-107471,Westfield,37,3,Monthly,0,Plus,49,0,0,1,5.6,0,8,9,8,3,0,0,Online ad,0,0
RW-107472,Riverside,35,5,Annual,7,Basic,24,0,0,0,6.6,0,20,22,3,10,2,0,Friend,0,0
RW-107473,Riverside,26,2,Monthly,0,Premium,79,0,0,0,3.1,1,1,5,15,0,0,1,Corporate,1,1
RW-107474,Westfield,39,18,Monthly,0,Premium,79,0,0,1,5.1,1,9,26,9,1,0,0,Corporate,0,0
RW-107475,Riverside,40,17,Monthly,0,Basic,24,1,0,0,3.7,1,4,7,13,0,0,1,Friend,0,0
RW-107476,Downtown,29,2,Annual,8,Premium,64,1,1,1,14.4,0,6,11,1,0,1,0,Online ad,0,0
RW-107477,Riverside,24,44,Monthly,0,Plus,49,0,0,0,5.1,0,19,14,3,4,0,0,Walk-in,0,0
RW-107478,Northgate,24,9,Monthly,0,Plus,49,0,0,0,21.2,1,6,8,5,0,1,0,Online ad,0,0
RW-107479,Lakeview,64,78,Annual,2,Basic,24,0,0,0,2.2,1,26,28,4,1,0,0,Walk-in,0,0
RW-107480,Downtown,22,4,Annual,1,Basic,19,1,1,0,2.7,0,9,11,9,5,0,0,Online ad,0,1
RW-107481,Northgate,45,62,Annual,4,Plus,44,0,0,0,4.2,1,7,9,6,4,0,0,Walk-in,0,0
RW-107482,Hillcrest,33,3,Monthly,0,Plus,49,0,0,1,3.6,1,16,8,0,8,0,0,Online ad,0,0
RW-107483,Northgate,26,16,Monthly,0,Basic,19,1,1,0,6.1,0,6,8,11,3,0,1,Online ad,0,0
RW-107484,Westfield,29,6,Annual,10,Plus,44,0,0,0,2.1,1,3,2,0,0,1,1,Friend,0,0
RW-107485,Downtown,21,3,Annual,1,Plus,44,0,1,0,4.1,1,1,8,4,0,0,0,Friend,0,1
RW-107486,Hillcrest,38,10,Monthly,0,Basic,29,0,0,0,5.1,1,7,4,9,0,0,0,Friend,0,0
RW-107487,Westfield,33,27,Annual,9,Basic,24,0,1,0,7.7,0,9,7,3,1,0,0,Walk-in,0,0
RW-107488,Northgate,51,26,Annual,7,Premium,64,1,1,0,4.1,1,13,13,2,0,0,0,Friend,1,0
RW-107489,Hillcrest,31,16,Monthly,0,Plus,49,0,0,0,13.6,1,6,8,4,1,0,0,Walk-in,0,0
RW-107490,Riverside,37,40,Monthly,0,Basic,29,1,0,0,3.9,0,4,13,8,0,0,0,Online ad,0,1
RW-107491,Northgate,31,7,Annual,4,Plus,44,0,0,0,4.6,0,11,13,1,2,0,0,Online ad,1,0
RW-107492,Northgate,36,41,Annual,2,Basic,24,0,0,1,10.0,1,6,12,9,2,0,0,Online ad,0,0
RW-107493,Downtown,34,59,Monthly,0,Premium,79,0,0,1,4.6,0,8,14,8,3,0,0,Online ad,0,1
RW-107494,Lakeview,74,4,Annual,6,Basic,24,0,0,0,8.5,0,7,5,8,3,1,1,Walk-in,0,0
RW-107495,Downtown,26,6,Monthly,0,Plus,49,0,0,0,6.7,1,0,9,73,0,1,1,Walk-in,0,1
RW-107496,Downtown,31,6,Annual,1,Plus,44,0,1,0,12.3,1,9,12,5,0,0,0,Corporate,0,0
RW-107497,Northgate,30,41,Monthly,0,Premium,79,0,1,1,2.4,0,8,15,0,0,0,0,Friend,0,0
RW-107498,Hillcrest,35,49,Monthly,0,Plus,49,0,0,0,7.9,1,23,16,1,7,0,0,Online ad,0,0
RW-107499,Downtown,34,9,Monthly,0,Plus,49,0,0,0,1.6,0,1,3,4,0,2,0,Online ad,0,1
RW-107500,Riverside,49,42,Annual,9,Premium,74,0,0,1,1.9,1,28,23,3,13,0,0,Friend,0,0
RW-107501,Lakeview,35,10,Monthly,0,Plus,49,1,0,0,2.2,1,8,22,2,0,0,0,Corporate,0,0
RW-107502,Downtown,26,23,Monthly,0,Basic,29,1,0,0,4.5,1,12,8,0,4,0,0,Friend,2,0
RW-107503,Riverside,25,9,Monthly,0,Plus,49,0,0,1,4.1,1,15,14,5,0,0,0,Walk-in,1,0
RW-107504,Riverside,45,22,Monthly,0,Basic,24,1,0,0,3.1,1,6,18,2,0,2,1,Online ad,0,1
RW-107505,Downtown,29,15,Annual,3,Plus,44,0,0,0,3.2,0,2,4,7,0,0,0,Online ad,0,0
RW-107506,Downtown,24,6,Annual,0,Basic,24,0,1,0,4.7,1,10,11,4,2,0,0,Friend,0,1
RW-107507,Hillcrest,25,82,Monthly,0,Basic,29,0,0,0,4.6,1,6,7,1,3,1,0,Walk-in,1,0
RW-107508,Riverside,44,19,Annual,11,Premium,74,1,0,0,7.3,0,15,12,6,2,0,1,Walk-in,1,0
RW-107509,Riverside,44,26,Monthly,0,Plus,49,0,0,0,3.8,1,2,16,4,0,0,0,Online ad,0,1
RW-107510,Lakeview,25,8,Annual,8,Basic,24,1,0,1,6.6,1,21,26,6,12,1,0,Online ad,0,0
RW-107511,Downtown,58,2,Monthly,0,Basic,29,0,1,0,3.5,0,2,1,2,1,0,0,Walk-in,0,1
RW-107512,Riverside,34,21,Annual,0,Basic,19,1,0,0,6.3,0,14,7,6,0,0,0,Corporate,0,1
RW-107513,Hillcrest,19,7,Annual,5,Basic,24,0,0,0,6.6,1,6,5,1,2,0,1,Corporate,1,0
RW-107514,Northgate,26,2,Annual,10,Basic,24,0,0,1,8.5,0,7,6,5,0,0,0,Friend,0,0
RW-107515,Riverside,27,57,Monthly,0,Plus,49,0,0,0,3.5,1,16,19,7,0,0,0,Friend,0,0
RW-107516,Lakeview,78,15,Annual,5,Plus,44,0,1,0,2.6,1,13,6,5,6,0,0,Online ad,0,0
RW-107517,Riverside,35,10,Monthly,0,Basic,29,0,0,0,12.7,0,11,6,4,2,1,1,Friend,1,0
RW-107518,Hillcrest,40,9,Monthly,0,Premium,79,0,0,1,5.9,1,7,5,4,3,0,0,Walk-in,1,0
RW-107519,Riverside,35,6,Annual,4,Basic,24,0,0,0,1.4,0,1,2,16,0,0,0,Corporate,0,0
RW-107520,Northgate,35,31,Monthly,0,Plus,44,1,0,0,3.4,0,5,9,2,0,0,0,Friend,0,0
RW-107521,Riverside,22,8,Monthly,0,Plus,49,0,0,0,1.4,0,5,8,1,5,0,0,Friend,0,0
RW-107522,Westfield,32,21,Monthly,0,Basic,19,1,0,0,3.7,1,7,10,2,4,1,0,Online ad,0,0
RW-107523,Hillcrest,28,45,Monthly,0,Basic,29,1,0,0,14.8,0,6,7,4,1,0,0,Friend,0,0
RW-107524,Hillcrest,21,7,Annual,4,Plus,44,0,0,0,17.6,0,5,6,10,0,0,0,Friend,1,0
RW-107525,Westfield,40,2,Monthly,0,Premium,74,1,0,0,3.8,1,14,19,3,4,0,0,Online ad,0,1
RW-107526,Downtown,39,11,Annual,9,Basic,24,0,0,0,2.9,1,7,12,10,0,0,0,Walk-in,2,0
RW-107527,Riverside,21,11,Monthly,0,Plus,49,0,0,0,4.3,1,15,24,6,1,0,0,Corporate,0,0
RW-107528,Northgate,28,2,Monthly,0,Plus,49,0,0,0,9.2,0,6,3,11,0,0,1,Online ad,0,0
RW-107529,Downtown,19,17,Annual,9,Basic,24,0,0,0,10.1,0,12,19,7,1,0,0,Friend,0,0
RW-107530,Downtown,23,21,Monthly,0,Premium,79,0,1,1,4.2,1,8,21,4,1,1,0,Online ad,0,0
RW-107531,Northgate,33,50,Annual,11,Basic,14,1,0,0,3.7,1,27,28,3,1,0,0,Walk-in,0,0
RW-107532,Riverside,34,3,Annual,6,Premium,74,0,0,0,10.6,1,28,28,5,1,0,1,Walk-in,1,0
RW-107533,Hillcrest,37,57,Monthly,0,Basic,19,1,0,0,6.8,0,15,10,6,12,0,0,Walk-in,0,0
RW-107534,Riverside,25,120,Monthly,0,Basic,29,0,0,0,10.1,0,12,6,5,4,1,1,Corporate,0,0
RW-107535,Northgate,21,20,Monthly,0,Plus,49,0,0,0,12.3,1,3,9,8,1,0,1,Online ad,0,1
RW-107536,Northgate,44,7,Annual,10,Plus,44,1,0,1,5.0,1,11,11,2,3,0,0,Corporate,0,0
RW-107537,Lakeview,38,27,Annual,9,Plus,44,0,1,0,2.5,1,10,12,7,0,0,0,Walk-in,0,0
RW-107538,Northgate,38,38,Monthly,0,Basic,19,1,0,0,2.0,1,0,6,83,0,0,0,Online ad,0,0
RW-107539,Downtown,23,5,Annual,11,Basic,24,0,1,0,4.6,0,4,3,6,1,0,0,Online ad,0,0
RW-107540,Hillcrest,31,6,Annual,5,Plus,44,0,0,0,5.9,1,7,6,5,4,0,0,Walk-in,0,0
RW-107541,Westfield,37,19,Annual,6,Plus,34,1,1,0,1.8,1,18,22,4,2,0,0,Online ad,0,0
RW-107542,Westfield,57,16,Monthly,0,Plus,49,0,0,0,6.9,1,19,20,6,12,0,0,Friend,0,0
RW-107543,Hillcrest,30,65,Monthly,0,Basic,29,0,1,0,5.5,1,4,7,6,1,0,0,Friend,0,0
RW-107544,Riverside,63,7,Monthly,0,Plus,49,0,1,0,4.7,0,13,21,3,3,0,0,Walk-in,1,1
RW-107545,Riverside,19,21,Monthly,0,Plus,49,1,0,0,2.8,1,10,10,0,0,0,0,Friend,1,0
RW-107546,Lakeview,30,2,Monthly,0,Basic,29,0,0,0,2.6,0,2,11,10,0,0,0,Walk-in,0,0
RW-107547,Hillcrest,23,5,Annual,6,Basic,14,1,1,0,4.7,0,0,6,38,0,1,0,Online ad,0,0
RW-107548,Lakeview,64,58,Monthly,0,Plus,44,1,0,0,5.5,0,9,5,2,4,0,0,Walk-in,1,0
RW-107549,Riverside,42,11,Annual,6,Basic,24,0,0,0,4.3,0,0,5,42,0,0,0,Friend,1,0
RW-107550,Downtown,56,27,Annual,1,Basic,24,0,1,0,2.8,1,8,2,1,2,1,1,Walk-in,0,1
RW-107551,Lakeview,42,5,Annual,0,Plus,44,0,1,0,15.3,0,3,1,1,0,0,0,Corporate,0,0
RW-107552,Hillcrest,24,28,Annual,6,Plus,44,0,0,0,6.8,0,0,7,51,0,0,0,Online ad,0,0
RW-107553,Northgate,31,6,Annual,7,Premium,69,1,1,1,1.3,1,8,16,9,0,1,0,Walk-in,0,0
RW-107554,Hillcrest,55,4,Annual,5,Plus,44,0,1,0,0.7,0,6,7,6,1,0,0,Walk-in,0,0
RW-107555,Northgate,23,5,Monthly,0,Plus,39,1,0,0,3.0,1,0,8,30,0,0,0,Online ad,0,0
RW-107556,Northgate,38,4,Monthly,0,Plus,49,0,0,0,5.1,1,15,11,7,1,0,0,Friend,0,0
RW-107557,Downtown,60,43,Monthly,0,Basic,19,1,1,0,9.5,1,2,8,1,0,0,0,Online ad,0,0
RW-107558,Northgate,41,1,Monthly,0,Plus,49,1,1,0,9.5,0,21,0,3,13,0,0,Walk-in,0,0
RW-107559,Downtown,68,18,Monthly,0,Basic,29,0,0,0,4.4,1,1,3,21,0,0,0,Online ad,0,0
RW-107560,Downtown,29,7,Monthly,0,Plus,49,0,0,0,5.4,1,2,3,13,0,0,1,Online ad,0,0
RW-107561,Riverside,32,67,Monthly,0,Plus,39,1,0,1,5.4,0,11,13,8,0,0,0,Friend,0,0
RW-107562,Hillcrest,61,31,Monthly,0,Basic,29,0,1,0,1.3,0,2,8,1,0,1,0,Online ad,0,0
RW-107563,Downtown,26,58,Annual,6,Plus,44,0,1,1,3.4,0,10,10,8,6,0,1,Walk-in,0,0
RW-107564,Westfield,44,4,Monthly,0,Plus,44,1,0,0,2.6,1,17,10,2,1,0,0,Friend,0,1
RW-107565,Riverside,36,4,Monthly,0,Basic,29,1,0,0,6.2,1,9,11,3,9,0,0,Walk-in,0,1
RW-107566,Westfield,44,2,Monthly,0,Plus,44,1,1,0,3.9,1,7,5,10,3,0,0,Online ad,1,1
RW-107567,Northgate,28,25,Monthly,0,Basic,29,0,0,0,2.5,0,28,12,1,3,0,0,Friend,0,0
RW-107568,Lakeview,27,9,Annual,9,Basic,24,0,0,0,2.1,1,4,2,7,0,0,1,Walk-in,0,0
RW-107569,Lakeview,25,11,Annual,9,Plus,44,0,0,0,1.2,1,2,12,3,1,0,1,Friend,0,0
RW-107570,Downtown,25,12,Annual,1,Premium,74,0,1,0,7.9,1,9,5,0,2,1,0,Online ad,0,0
RW-107571,Westfield,30,14,Monthly,0,Basic,29,0,0,0,4.9,0,3,9,14,0,0,0,Online ad,0,0
RW-107572,Lakeview,34,34,Monthly,0,Premium,79,1,1,0,13.1,1,14,21,4,0,0,0,Online ad,0,0
RW-107573,Riverside,36,39,Annual,9,Plus,44,1,0,0,19.1,1,5,25,5,0,0,1,Walk-in,0,0
RW-107574,Westfield,24,45,Monthly,0,Premium,79,0,0,0,4.7,1,13,13,2,3,0,0,Friend,1,0
RW-107575,Riverside,31,24,Monthly,0,Plus,49,0,0,0,8.4,1,4,5,8,0,0,0,Friend,0,0
RW-107576,Riverside,27,19,Annual,8,Basic,24,0,1,0,3.0,1,16,9,5,8,1,0,Friend,0,0
RW-107577,Downtown,46,17,Annual,0,Basic,24,0,1,0,1.9,1,11,2,1,1,0,0,Friend,0,0
RW-107578,Westfield,33,12,Annual,9,Basic,14,1,0,0,10.8,0,7,4,10,4,0,0,Online ad,1,0
RW-107579,Westfield,35,6,Monthly,0,Premium,79,0,0,0,7.9,1,13,15,0,4,0,0,Walk-in,0,0
RW-107580,Downtown,40,72,Monthly,0,Plus,49,0,0,0,5.8,1,4,4,8,1,0,0,Friend,0,0
RW-107581,Hillcrest,29,55,Annual,6,Basic,24,0,0,0,9.2,0,3,4,10,1,0,1,Walk-in,0,0
RW-107582,Lakeview,33,17,Monthly,0,Basic,29,0,0,0,2.4,1,4,7,5,3,0,0,Online ad,0,0
RW-107583,Downtown,25,18,Annual,10,Plus,34,1,0,0,1.3,1,28,28,4,15,1,0,Walk-in,0,0
RW-107584,Westfield,42,4,Monthly,0,Premium,79,0,0,1,3.4,1,8,15,3,0,1,0,Online ad,1,0
RW-107585,Lakeview,69,1,Annual,9,Basic,24,0,0,0,4.8,0,25,0,2,9,0,0,Corporate,2,0
RW-107586,Westfield,32,25,Monthly,0,Plus,49,0,0,0,8.0,0,0,11,52,0,1,0,Walk-in,0,1
RW-107587,Lakeview,48,7,Annual,1,Plus,44,0,1,0,3.2,1,2,7,13,0,0,0,Online ad,0,1
RW-107588,Hillcrest,20,35,Annual,10,Basic,24,0,0,0,7.0,1,9,8,4,4,0,0,Friend,0,0
RW-107589,Hillcrest,25,10,Monthly,0,Basic,29,0,0,0,5.9,0,7,13,2,3,0,0,Friend,0,0
RW-107590,Hillcrest,25,32,Annual,2,Basic,24,0,0,1,19.3,0,4,3,0,3,1,0,Walk-in,0,0
RW-107591,Westfield,43,5,Monthly,0,Basic,29,0,0,0,12.3,0,4,6,9,1,0,0,Friend,0,0
RW-107592,Hillcrest,28,2,Annual,8,Basic,24,0,0,0,6.0,0,16,18,1,0,0,0,Walk-in,0,1
RW-107593,Riverside,38,6,Monthly,0,Basic,29,0,0,0,2.5,1,24,22,4,0,0,0,Walk-in,0,0
RW-107594,Westfield,24,5,Monthly,0,Premium,79,0,0,0,8.6,1,7,8,4,1,0,0,Walk-in,0,0
RW-107595,Hillcrest,34,46,Monthly,0,Basic,29,0,0,0,2.5,0,3,1,14,4,0,0,Corporate,0,0
RW-107596,Downtown,39,27,Annual,10,Premium,74,1,1,1,2.7,0,1,7,13,0,0,0,Online ad,0,0
RW-107597,Northgate,41,34,Annual,4,Plus,44,0,0,0,5.2,1,0,9,30,0,0,0,Walk-in,0,0
RW-107598,Riverside,36,7,Monthly,0,Basic,29,0,0,1,6.9,0,7,7,5,2,0,0,Walk-in,2,1
RW-107599,Downtown,28,8,Annual,8,Basic,24,0,0,0,4.7,1,6,8,4,0,0,1,Corporate,0,0
RW-107600,Northgate,43,27,Monthly,0,Plus,39,1,1,0,7.0,1,22,28,6,13,0,0,Walk-in,0,0
RW-107601,Westfield,40,21,Monthly,0,Basic,29,0,0,0,4.4,0,23,17,3,17,0,0,Corporate,0,0
RW-107602,Riverside,40,7,Monthly,0,Basic,29,0,0,0,20.9,1,5,1,7,0,0,0,Walk-in,1,1
RW-107603,Northgate,31,66,Annual,11,Basic,24,0,0,1,6.5,0,6,9,10,0,0,0,Walk-in,0,0
RW-107604,Downtown,35,6,Monthly,0,Basic,29,0,1,0,1.6,1,2,4,0,0,0,0,Online ad,1,0
RW-107605,Riverside,41,58,Annual,11,Basic,24,0,0,0,5.7,1,14,23,3,0,0,0,Online ad,0,0
RW-107606,Northgate,30,72,Monthly,0,Premium,79,0,0,1,15.7,0,7,5,6,3,0,1,Friend,0,0
RW-107607,Downtown,31,10,Monthly,0,Basic,29,0,1,0,3.9,1,7,8,10,0,0,0,Walk-in,1,0
RW-107608,Riverside,21,27,Annual,7,Plus,34,1,0,0,2.6,1,9,9,8,0,0,1,Walk-in,0,0
RW-107609,Northgate,30,54,Monthly,0,Plus,44,1,0,0,18.2,1,7,4,8,0,1,0,Walk-in,0,0
RW-107610,Northgate,28,44,Annual,7,Plus,44,0,0,0,4.5,0,3,5,7,2,0,0,Friend,0,0
RW-107611,Lakeview,59,34,Annual,9,Basic,24,1,0,0,5.1,1,1,1,19,0,0,0,Friend,0,0
RW-107612,Westfield,32,67,Annual,1,Basic,24,0,0,0,3.8,1,1,7,18,1,0,0,Online ad,0,1
RW-107613,Northgate,43,10,Annual,8,Plus,34,1,0,0,3.5,1,9,4,5,1,0,1,Friend,0,0
RW-107614,Lakeview,32,14,Monthly,0,Basic,29,0,0,1,5.5,1,16,11,5,1,0,0,Friend,0,0
RW-107615,Lakeview,30,20,Monthly,0,Plus,49,0,0,0,3.3,0,6,4,4,0,0,0,Friend,0,0
RW-107616,Downtown,55,6,Annual,10,Plus,44,0,0,0,11.0,0,5,1,7,1,0,0,Corporate,0,0
RW-107617,Downtown,45,13,Monthly,0,Premium,79,0,1,0,3.8,1,0,2,40,0,0,0,Walk-in,1,1
RW-107618,Lakeview,40,6,Monthly,0,Plus,49,0,0,0,2.9,1,13,15,3,0,1,0,Walk-in,1,0
RW-107619,Riverside,59,12,Annual,6,Premium,74,0,0,0,2.3,0,6,4,2,2,0,0,Corporate,1,0
RW-107620,Riverside,43,28,Monthly,0,Premium,79,0,1,0,10.8,0,4,1,12,1,1,0,Walk-in,1,0
RW-107621,Downtown,48,23,Annual,1,Plus,44,0,0,0,6.7,0,1,1,16,0,0,0,Online ad,0,1
RW-107622,Lakeview,28,70,Monthly,0,Basic,19,1,0,0,3.6,1,19,19,2,9,0,0,Corporate,0,0
RW-107623,Riverside,26,5,Annual,11,Basic,24,1,1,0,1.3,1,4,9,13,6,0,0,Online ad,0,0
RW-107624,Riverside,51,1,Annual,9,Basic,24,0,1,0,6.2,0,0,0,35,0,0,0,Walk-in,0,0
RW-107625,Downtown,23,27,Monthly,0,Plus,49,0,0,0,4.0,1,5,10,5,3,0,0,Walk-in,1,0
RW-107626,Downtown,29,23,Monthly,0,Basic,29,0,1,0,4.4,1,13,4,2,5,1,1,Online ad,1,0
RW-107627,Hillcrest,35,45,Annual,1,Basic,24,0,0,0,0.5,0,5,13,8,0,1,0,Online ad,0,1
RW-107628,Downtown,41,12,Monthly,0,Basic,29,0,0,0,4.2,0,6,4,0,1,0,0,Walk-in,0,0
RW-107629,Westfield,31,19,Monthly,0,Plus,39,1,0,0,6.5,0,9,11,3,1,0,1,Online ad,0,0
RW-107630,Northgate,27,42,Monthly,0,Basic,29,0,0,0,7.0,0,4,3,9,0,0,1,Walk-in,0,0
RW-107631,Riverside,38,40,Monthly,0,Basic,29,0,0,0,4.8,1,7,7,6,2,0,0,Walk-in,0,0
RW-107632,Hillcrest,32,7,Monthly,0,Basic,29,0,0,0,17.6,1,6,7,9,0,0,0,Online ad,0,0
RW-107633,Westfield,40,7,Annual,11,Plus,44,0,0,0,1.7,1,0,15,33,0,0,0,Corporate,1,0
RW-107634,Westfield,42,73,Monthly,0,Plus,49,0,0,0,3.7,0,4,8,8,1,0,0,Corporate,1,0
RW-107635,Northgate,61,6,Monthly,0,Premium,79,0,0,0,5.7,1,8,4,4,0,0,0,Online ad,0,0
RW-107636,Westfield,24,16,Annual,3,Basic,24,0,1,0,9.1,0,0,6,61,0,0,0,Walk-in,0,0
RW-107637,Downtown,40,33,Monthly,0,Premium,79,0,0,1,3.9,1,9,11,2,2,2,0,Friend,0,0
RW-107638,Northgate,19,1,Monthly,0,Premium,69,1,0,0,2.6,0,5,0,4,0,0,0,Online ad,0,1
RW-107639,Downtown,29,3,Monthly,0,Premium,79,1,0,1,40.0,1,5,4,4,3,2,0,Friend,2,1
RW-107640,Lakeview,36,88,Annual,5,Basic,14,1,0,0,4.9,0,6,14,0,1,0,0,Walk-in,0,0
RW-107641,Downtown,31,3,Monthly,0,Plus,49,0,1,0,3.9,1,6,4,6,0,0,0,Friend,0,0
RW-107642,Downtown,25,14,Monthly,0,Plus,49,0,0,0,14.2,0,3,3,8,1,1,0,Friend,2,1
RW-107643,Hillcrest,25,9,Annual,10,Basic,24,0,1,0,7.9,1,6,5,5,0,1,0,Online ad,0,0
RW-107644,Northgate,32,33,Monthly,0,Plus,49,0,0,0,2.6,0,13,5,6,1,1,1,Online ad,0,1
RW-107645,Downtown,27,14,Monthly,0,Basic,29,0,0,0,3.0,0,9,8,3,1,0,0,Online ad,0,0
RW-107646,Northgate,43,10,Annual,4,Basic,24,0,0,0,5.6,1,6,5,3,6,1,1,Walk-in,0,0
RW-107647,Westfield,57,55,Monthly,0,Premium,79,0,0,1,1.9,0,28,28,2,13,0,1,Corporate,0,0
RW-107648,Riverside,25,13,Annual,2,Premium,69,1,0,0,5.8,1,14,10,7,0,0,0,Online ad,0,0
RW-107649,Westfield,47,2,Monthly,0,Basic,29,0,0,1,12.2,0,1,4,20,0,2,0,Online ad,0,1
RW-107650,Downtown,32,7,Annual,11,Basic,19,1,0,0,8.8,1,27,24,2,16,1,0,Online ad,0,0
RW-107651,Downtown,63,17,Monthly,0,Plus,49,0,0,0,8.4,0,4,2,8,0,0,0,Corporate,1,0
RW-107652,Hillcrest,61,31,Monthly,0,Basic,29,1,0,0,11.6,1,3,17,13,1,0,0,Friend,0,0
RW-107653,Westfield,29,2,Annual,5,Plus,44,0,0,0,5.9,0,2,19,0,0,0,0,Friend,0,0
RW-107654,Riverside,43,12,Monthly,0,Plus,49,0,0,0,7.1,0,8,5,2,2,0,1,Corporate,0,0
RW-107655,Hillcrest,31,27,Annual,11,Basic,24,0,0,0,1.7,1,9,6,0,1,0,0,Walk-in,0,0
RW-107656,Riverside,30,23,Annual,7,Basic,14,1,0,0,4.8,1,1,7,8,0,0,1,Online ad,0,0
RW-107657,Downtown,42,8,Monthly,0,Plus,49,0,0,0,2.6,1,18,9,6,6,1,0,Walk-in,0,0
RW-107658,Riverside,21,9,Annual,4,Plus,44,0,0,0,9.5,1,2,6,1,0,0,0,Friend,0,0
RW-107659,Riverside,42,7,Annual,6,Basic,24,0,0,0,0.9,1,4,18,1,0,0,0,Online ad,0,0
RW-107660,Northgate,21,50,Monthly,0,Plus,49,0,0,0,10.2,1,5,8,7,2,1,1,Walk-in,0,0
RW-107661,Lakeview,40,120,Monthly,0,Plus,49,0,0,0,1.9,1,12,8,2,2,0,0,Online ad,1,0
RW-107662,Hillcrest,54,5,Monthly,0,Plus,49,0,0,1,3.7,1,0,10,32,0,0,0,Friend,2,1
RW-107663,Westfield,41,1,Monthly,0,Premium,79,0,1,0,3.5,1,8,0,2,0,0,0,Online ad,0,0
RW-107664,Riverside,24,6,Annual,11,Basic,24,0,0,0,2.1,1,6,11,6,3,0,0,Walk-in,0,0
RW-107665,Lakeview,48,30,Annual,3,Basic,24,0,0,0,11.0,1,15,10,4,0,0,0,Online ad,0,0
RW-107666,Downtown,52,11,Monthly,0,Plus,49,0,0,0,3.5,1,4,7,2,0,0,0,Walk-in,0,0
RW-107667,Riverside,31,26,Monthly,0,Basic,29,0,0,1,5.4,0,7,5,2,0,0,0,Walk-in,0,0
RW-107668,Lakeview,27,33,Monthly,0,Plus,49,0,0,0,5.3,0,3,9,12,3,0,0,Online ad,1,0
RW-107669,Hillcrest,20,18,Monthly,0,Basic,29,0,0,0,4.2,1,3,11,14,1,0,1,Online ad,0,1
RW-107670,Northgate,29,31,Annual,4,Plus,44,0,1,0,9.6,1,3,8,8,1,1,0,Corporate,1,0
RW-107671,Westfield,22,54,Annual,0,Basic,24,0,0,1,3.3,1,0,7,51,0,0,1,Walk-in,0,1
RW-107672,Downtown,37,31,Annual,5,Basic,24,0,0,0,14.0,0,5,8,11,5,0,0,Online ad,0,0
RW-107673,Riverside,36,9,Monthly,0,Plus,44,1,0,0,3.4,0,4,4,6,0,0,0,Walk-in,1,0
RW-107674,Hillcrest,30,8,Monthly,0,Basic,29,0,1,0,5.8,0,3,6,0,0,0,0,Online ad,1,0
RW-107675,Riverside,29,8,Monthly,0,Plus,49,0,0,0,6.2,0,5,14,2,3,0,0,Walk-in,0,0
RW-107676,Downtown,31,1,Annual,8,Basic,24,0,0,0,3.0,0,1,0,13,0,0,0,Online ad,0,0
RW-107677,Lakeview,41,29,Monthly,0,Basic,29,0,0,1,5.6,0,7,5,1,3,0,0,Online ad,0,0
RW-107678,Westfield,25,32,Monthly,0,Basic,29,0,1,0,8.5,1,0,4,37,0,0,0,Friend,0,0
RW-107679,Riverside,25,19,Monthly,0,Basic,29,1,0,0,9.7,1,11,6,8,4,0,0,Walk-in,0,0
RW-107680,Westfield,35,3,Annual,7,Plus,44,0,0,0,31.9,0,1,0,14,0,0,0,Online ad,1,0
RW-107681,Riverside,24,43,Monthly,0,Plus,49,0,1,0,4.3,0,6,5,6,0,0,0,Corporate,0,0
RW-107682,Hillcrest,38,23,Monthly,0,Basic,29,0,0,0,7.8,0,4,14,4,1,0,0,Online ad,0,1
RW-107683,Downtown,36,3,Monthly,0,Premium,79,0,0,1,2.0,1,2,5,0,1,0,0,Online ad,0,0
RW-107684,Northgate,65,58,Monthly,0,Basic,29,0,0,0,3.3,1,8,4,5,0,1,0,Friend,0,0
RW-107685,Hillcrest,20,35,Monthly,0,Plus,49,0,1,0,6.5,1,6,2,3,6,1,0,Online ad,0,0
RW-107686,Westfield,34,4,Monthly,0,Plus,49,0,0,0,2.7,1,25,17,1,3,0,0,Corporate,0,0
RW-107687,Lakeview,48,2,Monthly,0,Plus,49,0,0,0,7.9,0,4,3,1,0,0,0,Corporate,0,1
RW-107688,Lakeview,50,111,Annual,6,Basic,24,0,0,0,5.8,0,2,4,11,0,1,0,Online ad,0,0
RW-107689,Westfield,25,8,Annual,11,Plus,44,0,0,0,3.6,1,12,12,2,3,0,0,Friend,0,0
RW-107690,Northgate,32,7,Annual,6,Basic,24,0,0,0,9.1,1,7,2,1,5,0,1,Online ad,0,0
RW-107691,Westfield,31,1,Monthly,0,Basic,29,0,0,0,2.8,0,6,0,3,0,0,0,Online ad,0,0
RW-107692,Northgate,31,27,Monthly,0,Premium,79,0,0,1,8.4,1,5,3,10,0,1,0,Online ad,0,0
RW-107693,Northgate,25,47,Annual,2,Plus,44,0,0,0,28.6,0,2,3,4,0,0,0,Friend,0,0
RW-107694,Northgate,35,2,Annual,5,Plus,44,0,0,0,3.1,0,4,5,11,0,0,1,Corporate,0,0
RW-107695,Hillcrest,28,47,Monthly,0,Basic,19,1,1,0,3.6,0,26,20,0,13,0,0,Friend,0,0
RW-107696,Northgate,39,32,Annual,0,Basic,24,0,1,0,11.4,0,20,21,6,1,1,1,Walk-in,0,0
RW-107697,Riverside,46,25,Monthly,0,Plus,49,1,0,1,5.4,0,17,28,2,4,0,0,Walk-in,0,0
RW-107698,Downtown,25,23,Monthly,0,Basic,29,0,0,0,5.3,1,6,5,9,1,0,0,Online ad,0,0
RW-107699,Downtown,32,18,Annual,6,Plus,44,0,0,0,9.9,0,2,8,14,0,0,0,Walk-in,0,0
RW-107700,Westfield,23,7,Annual,2,Basic,24,0,0,0,4.7,1,15,15,7,7,0,1,Online ad,0,0
RW-107701,Lakeview,52,8,Annual,5,Basic,24,0,0,1,10.8,1,2,10,6,0,1,0,Online ad,0,0
RW-107702,Westfield,40,33,Monthly,0,Plus,49,1,0,0,0.7,1,5,6,9,0,0,1,Friend,0,0
RW-107703,Hillcrest,42,30,Monthly,0,Basic,29,0,0,0,11.4,1,13,12,2,0,0,0,Walk-in,0,0
RW-107704,Northgate,78,46,Monthly,0,Basic,29,0,0,0,5.3,1,4,10,6,0,0,0,Online ad,1,0
RW-107705,Hillcrest,43,6,Monthly,0,Plus,49,0,0,0,1.8,1,12,20,5,3,1,0,Online ad,0,0
RW-107706,Downtown,56,40,Monthly,0,Plus,39,1,0,1,32.0,0,6,11,9,2,1,0,Walk-in,0,0
RW-107707,Downtown,39,8,Monthly,0,Plus,49,0,0,0,1.7,0,13,13,4,6,0,0,Walk-in,1,0
RW-107708,Northgate,27,6,Annual,3,Premium,74,0,1,0,2.8,1,8,3,3,3,0,0,Online ad,0,0
RW-107709,Downtown,67,10,Annual,5,Plus,44,0,0,0,3.4,1,5,9,4,2,1,1,Friend,0,0
RW-107710,Westfield,34,19,Annual,4,Basic,24,0,0,0,17.7,0,5,5,9,4,1,0,Walk-in,0,0
RW-107711,Downtown,21,19,Monthly,0,Plus,49,0,0,0,7.0,0,1,3,0,0,0,0,Walk-in,0,0
RW-107712,Downtown,30,44,Monthly,0,Plus,49,0,0,0,5.3,0,3,8,3,0,0,1,Online ad,0,0
RW-107713,Hillcrest,61,52,Annual,1,Plus,34,1,0,0,9.1,0,8,13,5,0,0,0,Walk-in,0,1
RW-107714,Hillcrest,24,16,Annual,2,Basic,24,1,1,0,12.3,1,0,12,43,0,0,0,Online ad,0,0
RW-107715,Northgate,38,7,Annual,0,Basic,24,0,1,0,5.4,1,6,4,9,3,1,1,Online ad,1,0
RW-107716,Riverside,44,17,Monthly,0,Basic,29,0,0,0,3.9,0,18,9,6,2,0,0,Walk-in,0,0
RW-107717,Northgate,46,37,Annual,8,Plus,39,1,0,0,8.3,1,8,4,8,1,0,0,Online ad,0,0
RW-107718,Northgate,37,6,Monthly,0,Basic,29,0,0,0,4.3,0,6,4,8,0,0,0,Online ad,1,0
RW-107719,Northgate,30,2,Monthly,0,Plus,49,0,0,0,5.3,0,15,10,1,4,0,0,Walk-in,0,1
RW-107720,Westfield,62,14,Monthly,0,Basic,29,0,0,0,3.0,1,10,3,6,1,1,0,Walk-in,0,0
RW-107721,Lakeview,24,10,Monthly,0,Plus,49,0,0,0,1.6,1,5,2,3,0,0,0,Online ad,0,1
RW-107722,Riverside,36,5,Monthly,0,Plus,44,1,0,0,4.3,1,3,10,11,1,1,0,Friend,0,1
RW-107723,Northgate,35,14,Monthly,0,Basic,29,0,0,0,2.8,1,16,18,4,8,0,0,Online ad,0,0
RW-107724,Riverside,28,8,Monthly,0,Basic,29,0,0,0,3.4,1,20,26,0,0,0,1,Corporate,0,0
RW-107725,Downtown,55,52,Monthly,0,Basic,29,0,0,1,3.2,0,4,9,9,1,0,0,Walk-in,0,0
RW-107726,Riverside,38,2,Monthly,0,Plus,49,0,1,0,4.8,1,2,4,8,1,1,1,Walk-in,0,1
RW-107727,Riverside,42,36,Monthly,0,Basic,29,0,0,0,3.5,1,15,10,2,0,1,0,Online ad,0,0
RW-107728,Hillcrest,23,35,Annual,0,Plus,34,1,0,0,2.0,1,14,12,7,5,0,0,Online ad,0,1
RW-107729,Northgate,20,33,Annual,11,Basic,24,0,0,0,1.4,1,7,3,7,1,0,1,Corporate,0,0
RW-107730,Northgate,52,34,Annual,9,Basic,24,0,1,0,4.6,0,12,8,7,9,0,0,Friend,0,0
RW-107731,Lakeview,47,12,Monthly,0,Basic,29,0,0,1,6.5,0,1,6,3,0,0,0,Friend,0,0
RW-107732,Northgate,57,9,Monthly,0,Premium,79,0,0,1,10.8,1,2,21,5,0,0,0,Friend,0,0
RW-107733,Northgate,34,6,Annual,1,Plus,44,1,0,0,2.4,0,3,1,14,2,0,0,Online ad,2,1
RW-107734,Northgate,29,5,Annual,3,Basic,24,0,0,0,9.3,1,9,4,4,0,0,0,Corporate,1,0
RW-107735,Lakeview,51,13,Monthly,0,Plus,49,0,1,0,3.7,1,8,7,1,2,0,0,Corporate,1,0
RW-107736,Northgate,32,99,Monthly,0,Basic,29,0,1,0,27.0,1,1,2,11,0,0,0,Walk-in,0,1
RW-107737,Downtown,33,8,Annual,5,Plus,39,1,0,0,4.1,0,3,1,7,0,0,0,Walk-in,1,0
RW-107738,Downtown,24,43,Annual,7,Basic,24,0,0,0,2.9,1,2,19,12,0,0,0,Online ad,0,0
RW-107739,Downtown,33,6,Annual,11,Basic,24,0,0,1,25.7,1,18,19,6,3,0,0,Online ad,0,0
RW-107740,Northgate,22,21,Annual,1,Basic,19,1,0,0,3.4,0,20,28,2,8,0,0,Online ad,0,1
RW-107741,Downtown,21,89,Annual,5,Basic,24,0,0,0,2.1,0,9,6,2,2,0,0,Friend,0,0
RW-107742,Lakeview,44,3,Monthly,0,Basic,29,0,1,0,2.9,0,7,5,6,3,0,0,Online ad,0,0
RW-107743,Hillcrest,27,22,Annual,2,Basic,14,1,0,0,4.8,1,1,2,4,0,0,0,Online ad,0,0
RW-107744,Northgate,78,6,Monthly,0,Basic,29,0,1,0,14.6,1,7,11,3,5,1,0,Corporate,0,0
RW-107745,Lakeview,36,35,Annual,6,Plus,44,0,0,0,5.2,1,15,11,1,3,0,0,Online ad,1,0
RW-107746,Lakeview,31,24,Annual,8,Premium,74,0,0,1,3.3,1,0,11,41,0,0,0,Walk-in,0,0
RW-107747,Hillcrest,33,48,Monthly,0,Plus,49,0,1,0,4.1,0,6,10,10,0,0,0,Online ad,0,1
RW-107748,Lakeview,40,10,Annual,6,Plus,44,0,0,0,7.8,1,5,6,11,0,0,1,Online ad,0,0
RW-107749,Downtown,29,9,Annual,11,Basic,24,0,1,0,6.9,0,3,1,12,0,0,1,Corporate,0,0
RW-107750,Riverside,57,11,Annual,11,Premium,69,1,0,0,3.2,0,2,5,16,3,0,1,Friend,0,0
RW-107751,Downtown,25,33,Monthly,0,Plus,49,0,0,0,1.5,0,10,4,2,4,0,0,Online ad,0,0
RW-107752,Westfield,23,69,Monthly,0,Plus,49,0,0,0,5.4,1,0,12,31,0,0,0,Walk-in,0,0
RW-107753,Northgate,25,22,Monthly,0,Plus,49,0,0,0,3.0,1,6,7,10,0,0,0,Online ad,1,0
RW-107754,Hillcrest,41,5,Monthly,0,Plus,49,0,0,1,5.3,1,5,8,5,1,0,0,Walk-in,0,0
RW-107755,Downtown,26,27,Annual,6,Basic,14,1,0,0,6.9,1,5,5,6,2,0,0,Friend,0,0
RW-107756,Riverside,33,5,Monthly,0,Plus,49,0,0,0,3.5,0,1,3,11,2,0,0,Online ad,1,1
RW-107757,Hillcrest,40,18,Annual,1,Basic,24,0,0,0,2.2,0,13,14,8,1,0,0,Walk-in,0,1
RW-107758,Westfield,67,24,Annual,9,Basic,24,0,1,0,7.3,1,6,3,11,4,1,0,Corporate,0,0
RW-107759,Northgate,45,14,Monthly,0,Plus,49,0,0,0,10.3,0,3,10,10,1,0,0,Friend,0,1
RW-107760,Downtown,40,8,Monthly,0,Basic,19,1,1,0,19.8,0,2,4,10,0,0,0,Online ad,0,0
RW-107761,Northgate,30,6,Monthly,0,Premium,79,0,1,0,3.6,0,6,11,1,4,0,0,Friend,0,0
RW-107762,Hillcrest,70,62,Monthly,0,Basic,29,0,0,0,3.0,0,1,4,21,0,0,0,Corporate,0,0
RW-107763,Riverside,30,11,Annual,6,Plus,44,0,0,1,10.1,0,5,10,7,0,0,1,Friend,0,0
RW-107764,Hillcrest,38,2,Monthly,0,Premium,74,1,0,1,2.0,0,1,7,21,0,0,0,Friend,0,1
RW-107765,Lakeview,46,65,Monthly,0,Basic,29,0,1,0,1.7,0,6,7,5,0,0,0,Walk-in,0,0
RW-107766,Downtown,26,3,Monthly,0,Plus,49,0,1,0,2.6,0,2,5,1,0,0,0,Friend,0,0
RW-107767,Westfield,25,4,Monthly,0,Basic,29,0,1,0,5.2,0,1,3,11,0,0,0,Online ad,0,1
RW-107768,Northgate,21,1,Monthly,0,Basic,29,1,0,0,4.5,1,3,0,12,0,0,0,Online ad,1,0
RW-107769,Westfield,19,5,Monthly,0,Basic,29,0,0,0,2.6,0,3,5,5,0,1,0,Friend,0,0
RW-107770,Riverside,27,6,Annual,10,Basic,24,0,0,0,3.2,0,2,7,8,1,1,0,Online ad,1,0
RW-107771,Downtown,33,14,Monthly,0,Premium,79,1,0,0,3.6,1,4,8,9,0,1,0,Online ad,0,0
RW-107772,Westfield,39,28,Monthly,0,Basic,29,0,1,1,4.2,1,16,14,6,2,1,0,Walk-in,0,0
RW-107773,Downtown,31,5,Annual,1,Plus,44,1,1,0,2.4,0,10,7,2,2,0,0,Walk-in,0,1
RW-107774,Westfield,21,21,Annual,5,Basic,24,0,0,0,4.7,0,2,1,14,0,1,0,Online ad,0,0
RW-107775,Hillcrest,22,6,Monthly,0,Premium,79,0,1,0,2.0,1,17,17,4,0,0,0,Friend,0,0
RW-107776,Downtown,22,13,Monthly,0,Plus,49,0,0,0,2.7,1,10,3,0,4,0,0,Walk-in,1,0
RW-107777,Northgate,30,5,Monthly,0,Plus,49,0,0,0,3.9,1,6,12,8,4,1,0,Online ad,1,0
RW-107778,Riverside,50,21,Monthly,0,Basic,24,1,0,0,3.3,0,9,10,8,0,0,1,Online ad,0,0
RW-107779,Westfield,29,22,Monthly,0,Plus,49,0,0,0,6.3,1,6,12,7,3,0,1,Walk-in,0,0
RW-107780,Lakeview,22,11,Annual,11,Basic,14,1,0,0,4.9,1,16,19,3,1,1,0,Walk-in,0,0
RW-107781,Northgate,23,3,Annual,3,Premium,74,0,0,0,3.3,1,6,18,4,0,1,0,Online ad,0,0
RW-107782,Downtown,48,12,Monthly,0,Basic,29,0,0,0,1.7,0,1,6,16,0,0,0,Corporate,0,0
RW-107783,Riverside,27,40,Annual,9,Plus,44,0,0,0,3.5,1,10,10,3,0,0,0,Online ad,0,0
RW-107784,Riverside,24,51,Monthly,0,Premium,74,1,0,0,3.6,0,3,4,3,2,0,0,Walk-in,0,1
RW-107785,Downtown,46,10,Annual,1,Premium,74,0,0,1,8.8,1,11,28,6,2,0,0,Corporate,0,0
RW-107786,Hillcrest,30,63,Annual,9,Plus,44,0,0,1,3.7,1,14,24,6,4,1,0,Walk-in,0,0
RW-107787,Riverside,70,24,Annual,8,Plus,44,1,0,0,4.6,1,6,3,3,1,0,0,Walk-in,0,0
RW-107788,Riverside,27,14,Monthly,0,Premium,79,0,0,0,4.7,0,2,7,4,0,0,0,Online ad,0,1
RW-107789,Riverside,34,6,Monthly,0,Plus,49,0,0,0,14.3,1,6,4,9,1,0,0,Friend,0,1
RW-107790,Downtown,23,42,Annual,9,Premium,69,1,0,1,9.5,0,10,14,2,1,0,1,Online ad,0,0
RW-107791,Hillcrest,43,19,Annual,1,Basic,24,0,0,0,2.5,1,2,13,5,0,0,0,Online ad,0,1
RW-107792,Downtown,23,14,Monthly,0,Basic,29,0,0,0,5.6,0,4,6,9,0,0,0,Walk-in,0,0
RW-107793,Northgate,26,25,Annual,5,Basic,24,0,0,1,6.6,1,11,12,2,0,0,0,Walk-in,0,0
RW-107794,Lakeview,27,53,Monthly,0,Premium,79,0,0,0,4.3,1,19,28,3,4,0,0,Friend,1,0
RW-107795,Northgate,24,5,Monthly,0,Premium,79,0,0,0,6.4,1,11,12,7,1,0,0,Friend,0,0
RW-107796,Riverside,47,39,Annual,0,Basic,24,0,0,0,4.6,0,2,9,7,0,0,0,Walk-in,1,1
RW-107797,Northgate,43,1,Monthly,0,Premium,79,0,1,0,3.4,0,10,0,8,0,2,1,Walk-in,1,0
RW-107798,Riverside,39,26,Monthly,0,Plus,49,0,0,0,2.0,1,9,24,0,3,1,0,Corporate,0,0
RW-107799,Northgate,32,56,Monthly,0,Basic,29,0,0,0,2.8,1,8,8,4,0,0,0,Online ad,0,0
RW-107800,Hillcrest,34,52,Monthly,0,Plus,49,0,0,0,3.6,0,3,18,7,1,0,1,Friend,0,0
RW-107801,Downtown,21,34,Annual,3,Basic,24,0,0,0,5.4,1,7,18,10,1,1,0,Online ad,1,0
RW-107802,Westfield,29,80,Monthly,0,Basic,29,0,0,0,1.5,0,16,13,6,0,0,0,Walk-in,0,0
RW-107803,Downtown,38,5,Monthly,0,Plus,49,0,0,0,6.4,1,16,11,6,0,0,0,Online ad,0,0
RW-107804,Downtown,34,24,Monthly,0,Premium,79,0,0,0,6.4,0,9,4,7,6,0,0,Walk-in,0,0
RW-107805,Lakeview,63,29,Annual,6,Plus,39,1,0,0,5.4,0,9,11,6,2,1,1,Friend,0,0
RW-107806,Downtown,25,1,Monthly,0,Basic,29,0,0,0,2.2,1,4,0,1,3,0,0,Walk-in,0,0
RW-107807,Northgate,71,5,Annual,9,Basic,24,0,0,0,4.7,1,8,7,5,1,0,0,Online ad,0,0
RW-107808,Lakeview,26,8,Annual,10,Premium,74,1,0,0,9.5,0,3,6,8,1,1,0,Online ad,1,0
RW-107809,Northgate,36,18,Annual,6,Basic,24,0,0,0,5.9,0,4,4,0,2,0,0,Friend,1,0
RW-107810,Riverside,50,47,Monthly,0,Basic,29,0,0,0,5.4,0,1,3,20,1,0,1,Friend,0,0
RW-107811,Hillcrest,32,6,Annual,4,Basic,24,0,0,0,8.5,1,3,4,6,0,1,1,Online ad,0,0
RW-107812,Downtown,34,23,Annual,9,Premium,74,0,0,1,2.9,0,7,5,10,3,0,0,Corporate,0,0
RW-107813,Hillcrest,32,29,Monthly,0,Premium,79,0,0,0,9.8,1,8,16,5,0,1,0,Walk-in,1,0
RW-107814,Northgate,54,13,Annual,2,Plus,44,0,0,0,5.0,0,5,7,1,0,0,0,Online ad,0,0
RW-107815,Westfield,57,29,Monthly,0,Plus,49,0,0,0,19.9,1,2,9,12,1,0,0,Walk-in,0,1
RW-107816,Downtown,42,6,Annual,10,Plus,44,0,0,0,2.7,0,5,8,0,0,0,0,Friend,1,0
RW-107817,Hillcrest,40,9,Monthly,0,Plus,49,0,0,0,3.1,1,6,8,1,1,0,0,Online ad,0,0
RW-107818,Hillcrest,38,69,Annual,3,Basic,24,0,0,1,1.1,0,6,4,1,0,1,0,Friend,0,0
RW-107819,Riverside,21,2,Monthly,0,Basic,29,0,0,0,8.1,0,10,13,2,0,0,0,Corporate,0,1
RW-107820,Northgate,38,13,Monthly,0,Basic,29,0,1,0,4.1,1,11,5,3,9,0,0,Walk-in,0,0
RW-107821,Downtown,18,49,Annual,3,Plus,44,0,1,0,4.3,0,4,5,3,0,1,0,Friend,0,0
RW-107822,Riverside,47,35,Monthly,0,Plus,44,1,0,1,4.3,0,10,5,3,1,0,0,Friend,0,0
RW-107823,Downtown,28,14,Monthly,0,Basic,29,0,0,0,5.1,1,8,4,6,0,1,1,Corporate,0,0
RW-107824,Downtown,41,27,Monthly,0,Plus,49,1,1,0,3.6,1,7,9,9,5,0,0,Walk-in,0,0
RW-107825,Downtown,34,32,Monthly,0,Basic,29,0,1,0,4.7,1,4,3,4,0,0,0,Friend,0,0
RW-107826,Downtown,36,75,Monthly,0,Basic,29,0,1,0,2.5,1,4,12,8,2,0,0,Friend,0,0
RW-107827,Riverside,34,21,Monthly,0,Premium,79,1,0,1,5.9,0,2,12,1,1,0,0,Online ad,0,0
RW-107828,Riverside,44,72,Monthly,0,Plus,49,0,0,0,3.8,1,28,28,3,13,0,0,Friend,0,0
RW-107829,Hillcrest,51,29,Monthly,0,Basic,29,0,1,0,9.7,0,16,9,1,1,0,0,Walk-in,0,0
RW-107830,Hillcrest,34,11,Annual,11,Plus,44,1,1,0,2.5,0,1,2,19,1,0,1,Walk-in,0,0
RW-107831,Downtown,49,7,Annual,1,Plus,34,1,0,0,4.1,1,7,2,7,0,0,0,Online ad,0,0
RW-107832,Lakeview,50,8,Monthly,0,Basic,29,0,0,0,5.1,0,9,6,5,0,0,0,Walk-in,0,0
RW-107833,Downtown,41,16,Monthly,0,Basic,29,0,0,0,4.1,1,11,18,1,0,0,0,Walk-in,0,0
RW-107834,Downtown,36,11,Annual,7,Basic,24,0,1,0,3.2,1,1,5,21,1,1,0,Online ad,0,0
RW-107835,Downtown,30,64,Annual,2,Basic,24,0,0,0,10.3,1,5,7,6,0,0,0,Walk-in,0,0
RW-107836,Riverside,58,8,Annual,3,Basic,19,1,0,0,2.6,0,14,13,7,8,0,1,Online ad,0,0
RW-107837,Riverside,51,13,Monthly,0,Basic,29,0,0,0,19.4,1,7,19,4,1,0,0,Walk-in,0,1
RW-107838,Downtown,34,2,Monthly,0,Plus,44,1,1,0,7.7,0,9,8,8,2,0,0,Walk-in,0,0
RW-107839,Northgate,23,44,Annual,1,Basic,24,0,0,0,2.3,1,16,12,3,4,0,1,Friend,0,0
RW-107840,Riverside,22,33,Monthly,0,Plus,49,1,1,0,9.0,1,28,28,0,13,0,0,Friend,0,0
RW-107841,Riverside,40,4,Monthly,0,Plus,49,0,1,0,2.2,1,15,9,6,8,1,0,Walk-in,1,0
RW-107842,Lakeview,37,20,Annual,5,Plus,39,1,1,0,5.3,1,6,3,3,4,0,0,Friend,0,0
RW-107843,Lakeview,38,96,Annual,11,Plus,44,0,0,0,4.2,0,8,19,3,3,0,0,Online ad,0,0
RW-107844,Downtown,26,8,Annual,8,Basic,24,0,1,0,1.4,1,8,8,6,0,0,1,Online ad,0,0
RW-107845,Hillcrest,38,7,Monthly,0,Basic,29,0,0,0,3.6,0,6,8,0,0,0,1,Online ad,0,0
RW-107846,Riverside,49,52,Monthly,0,Basic,29,0,0,0,8.6,0,2,2,8,0,0,0,Friend,0,1
RW-107847,Westfield,23,31,Annual,0,Basic,24,0,0,0,10.9,1,1,4,18,0,1,0,Online ad,0,1
RW-107848,Riverside,56,42,Monthly,0,Premium,74,1,0,0,23.3,1,5,12,9,0,1,0,Friend,0,1
RW-107849,Westfield,35,65,Monthly,0,Basic,29,0,0,0,3.0,1,13,14,7,9,1,0,Online ad,1,0
RW-107850,Westfield,46,12,Monthly,0,Basic,29,0,0,0,3.3,1,6,7,3,0,0,0,Corporate,0,0
RW-107851,Riverside,35,15,Annual,5,Basic,24,0,0,0,18.2,1,2,6,15,0,0,0,Online ad,0,0
RW-107852,Hillcrest,35,6,Monthly,0,Basic,24,1,0,0,5.9,1,2,7,7,0,1,0,Corporate,0,0
RW-107853,Hillcrest,32,47,Annual,4,Plus,44,0,0,0,11.0,0,7,3,3,0,0,0,Walk-in,0,0
RW-107854,Westfield,37,47,Monthly,0,Plus,49,0,0,0,1.6,0,5,6,4,0,0,0,Friend,0,1
RW-107855,Downtown,35,5,Monthly,0,Plus,49,0,1,0,4.8,1,18,28,5,0,0,0,Walk-in,0,1
RW-107856,Northgate,29,4,Annual,11,Premium,74,0,0,0,5.5,1,3,4,14,1,0,0,Corporate,0,0
RW-107857,Downtown,49,40,Annual,10,Basic,24,0,0,0,1.2,1,4,5,0,1,0,0,Online ad,0,0
RW-107858,Downtown,43,11,Monthly,0,Basic,29,0,0,0,1.5,1,20,19,4,1,0,1,Corporate,0,0
RW-107859,Northgate,30,19,Monthly,0,Basic,19,1,0,0,4.0,0,19,18,0,14,1,1,Friend,0,0
RW-107860,Riverside,67,1,Annual,11,Plus,44,1,0,0,5.5,0,5,0,3,0,0,1,Friend,0,0
RW-107861,Northgate,46,16,Annual,6,Plus,44,0,0,0,17.2,0,1,3,2,0,1,0,Online ad,0,0
RW-107862,Riverside,40,7,Monthly,0,Plus,49,0,1,0,8.3,1,12,10,2,3,0,0,Online ad,1,1
RW-107863,Riverside,19,26,Monthly,0,Plus,49,0,0,0,4.2,0,1,8,13,0,0,0,Friend,0,0
RW-107864,Northgate,40,53,Monthly,0,Plus,49,0,0,0,4.4,1,1,9,1,0,0,0,Corporate,0,1
RW-107865,Northgate,28,21,Monthly,0,Premium,79,0,0,0,4.2,0,2,5,13,1,0,0,Online ad,0,0
RW-107866,Riverside,33,30,Monthly,0,Basic,29,0,0,0,2.0,0,4,14,0,2,0,0,Online ad,0,0
RW-107867,Northgate,26,69,Annual,3,Basic,24,0,0,0,5.4,0,28,28,1,7,1,0,Walk-in,0,0
RW-107868,Hillcrest,32,7,Annual,3,Plus,44,1,0,0,3.4,0,9,4,6,1,0,0,Friend,0,0
RW-107869,Hillcrest,37,9,Monthly,0,Basic,29,0,0,0,3.7,0,3,9,12,1,2,0,Walk-in,0,1
RW-107870,Lakeview,23,58,Monthly,0,Basic,29,0,0,0,2.4,1,13,12,0,0,1,1,Friend,0,0
RW-107871,Riverside,42,49,Monthly,0,Plus,39,1,0,0,8.1,1,6,7,1,1,0,0,Friend,1,0
RW-107872,Lakeview,33,13,Monthly,0,Plus,49,0,0,0,4.0,1,14,5,1,0,0,0,Corporate,0,0
RW-107873,Westfield,22,19,Monthly,0,Basic,29,1,0,0,9.1,1,0,12,39,0,0,0,Corporate,0,1
RW-107874,Lakeview,46,33,Annual,2,Basic,24,0,1,0,3.7,1,10,14,4,3,0,0,Friend,0,0
RW-107875,Westfield,23,30,Monthly,0,Plus,49,0,0,0,11.1,0,12,17,8,9,0,0,Walk-in,1,0
RW-107876,Downtown,54,54,Monthly,0,Basic,29,0,0,0,5.3,1,1,5,14,0,0,0,Corporate,0,1
RW-107877,Lakeview,24,61,Monthly,0,Plus,49,0,0,0,3.7,1,2,2,9,1,0,1,Walk-in,0,0
RW-107878,Downtown,41,5,Monthly,0,Basic,29,0,0,0,10.3,0,10,6,0,0,0,0,Corporate,0,1
RW-107879,Downtown,26,8,Monthly,0,Basic,29,1,0,0,13.5,0,2,2,2,0,1,0,Walk-in,0,1
RW-107880,Lakeview,52,8,Monthly,0,Plus,49,0,0,1,4.1,0,7,7,6,0,0,1,Friend,1,0
RW-107881,Northgate,35,15,Annual,9,Basic,24,0,0,1,6.0,0,0,12,34,0,0,0,Online ad,0,0
RW-107882,Westfield,36,20,Monthly,0,Premium,79,0,0,1,4.4,1,1,7,10,0,0,1,Walk-in,0,0
RW-107883,Lakeview,32,20,Monthly,0,Plus,49,1,0,0,4.8,0,6,7,7,3,1,0,Walk-in,0,0
RW-107884,Downtown,30,2,Annual,10,Basic,24,1,0,0,7.9,1,6,7,6,0,0,0,Walk-in,0,0
RW-107885,Riverside,30,39,Annual,2,Basic,24,0,1,0,4.9,1,9,6,6,1,0,0,Friend,0,0
RW-107886,Riverside,35,42,Annual,6,Basic,14,1,0,0,4.7,1,11,9,1,5,0,0,Online ad,0,0
RW-107887,Hillcrest,59,21,Annual,4,Plus,39,1,0,0,6.9,1,10,14,1,0,0,0,Friend,0,0
RW-107888,Downtown,42,6,Annual,9,Basic,24,0,0,0,1.7,1,14,11,5,7,0,0,Online ad,0,0
RW-107889,Riverside,51,39,Annual,1,Basic,24,0,1,0,5.6,0,8,7,0,5,1,0,Walk-in,0,0
RW-107890,Downtown,31,5,Monthly,0,Basic,29,0,0,0,1.5,0,5,6,9,0,0,1,Online ad,0,0
RW-107891,Downtown,51,22,Annual,3,Plus,44,0,0,0,2.3,1,18,27,4,8,2,0,Friend,0,0
RW-107892,Northgate,33,7,Annual,0,Basic,24,0,1,0,4.6,0,17,10,3,0,1,0,Online ad,0,0
RW-107893,Riverside,35,10,Annual,1,Premium,74,0,0,0,5.3,1,7,14,2,1,0,0,Walk-in,0,1
RW-107894,Hillcrest,33,4,Monthly,0,Plus,49,0,0,0,3.2,1,9,13,9,1,0,0,Friend,0,1
RW-107895,Lakeview,26,1,Annual,5,Basic,24,0,0,0,4.3,0,5,0,1,1,0,0,Walk-in,0,0
RW-107896,Hillcrest,59,99,Monthly,0,Plus,39,1,0,0,2.8,0,14,10,1,1,0,0,Online ad,0,0
RW-107897,Downtown,42,17,Monthly,0,Basic,29,0,0,0,4.6,1,1,2,8,0,0,0,Online ad,0,1
RW-107898,Lakeview,21,9,Monthly,0,Basic,29,0,1,1,2.7,0,3,1,0,0,0,0,Friend,0,0
RW-107899,Downtown,26,43,Monthly,0,Basic,29,0,1,0,27.1,1,15,10,5,0,0,0,Friend,0,0
RW-107900,Westfield,42,2,Monthly,0,Plus,49,0,0,0,2.8,1,13,7,5,0,0,0,Walk-in,0,0
RW-107901,Downtown,39,18,Monthly,0,Premium,79,0,1,1,5.9,1,13,16,0,8,0,1,Walk-in,0,0
RW-107902,Hillcrest,43,18,Monthly,0,Basic,29,0,0,0,4.0,0,6,3,9,0,1,0,Friend,1,0
RW-107903,Westfield,27,15,Monthly,0,Basic,29,0,0,0,3.8,0,8,5,9,0,0,0,Friend,0,1
RW-107904,Riverside,25,45,Annual,3,Plus,44,0,1,0,2.7,1,20,14,3,15,0,0,Walk-in,0,0
RW-107905,Northgate,45,6,Monthly,0,Basic,29,1,1,0,4.4,0,1,0,18,0,0,0,Walk-in,0,0
RW-107906,Riverside,44,83,Monthly,0,Plus,49,0,0,0,7.7,1,8,6,8,2,0,1,Online ad,0,0
RW-107907,Downtown,47,15,Annual,8,Plus,44,0,0,0,4.2,0,3,4,6,0,0,0,Online ad,0,0
RW-107908,Lakeview,32,23,Monthly,0,Premium,79,0,1,0,13.5,1,3,3,1,0,2,0,Friend,0,1
RW-107909,Riverside,58,23,Monthly,0,Basic,19,1,1,0,2.1,0,9,6,5,0,0,0,Friend,0,0
RW-107910,Hillcrest,35,31,Annual,9,Plus,44,0,0,0,1.5,0,5,6,5,0,0,1,Online ad,0,0
RW-107911,Riverside,65,17,Monthly,0,Plus,49,0,0,0,11.7,0,0,15,82,0,1,0,Walk-in,0,0
RW-107912,Lakeview,32,3,Monthly,0,Premium,79,0,1,1,4.4,1,27,19,4,1,0,0,Walk-in,0,0
RW-107913,Northgate,53,39,Monthly,0,Premium,79,0,0,0,21.3,1,4,13,3,1,0,0,Friend,0,1
RW-107914,Northgate,31,10,Monthly,0,Plus,49,0,0,0,7.0,1,10,4,4,3,0,0,Walk-in,0,0
RW-107915,Riverside,54,2,Monthly,0,Basic,29,0,0,0,3.1,0,5,7,0,0,0,0,Online ad,0,0
RW-107916,Northgate,31,4,Annual,4,Basic,24,0,1,0,5.7,1,5,5,8,0,0,0,Online ad,0,0
RW-107917,Hillcrest,37,4,Annual,3,Basic,14,1,0,0,7.3,1,10,9,7,4,0,0,Online ad,0,0
RW-107918,Lakeview,30,59,Monthly,0,Basic,29,1,1,0,3.0,0,8,6,1,0,0,0,Friend,0,0
RW-107919,Hillcrest,40,4,Monthly,0,Premium,79,0,0,1,8.7,1,13,7,2,1,0,0,Friend,0,0
RW-107920,Lakeview,29,7,Annual,7,Premium,74,0,0,1,6.0,1,3,6,8,1,0,0,Online ad,0,0
RW-107921,Riverside,78,28,Monthly,0,Plus,49,0,0,0,4.2,1,13,9,2,0,0,0,Online ad,0,0
RW-107922,Downtown,22,19,Monthly,0,Premium,79,0,0,0,18.5,0,6,5,4,1,0,0,Friend,0,0
RW-107923,Downtown,26,18,Annual,9,Plus,39,1,0,0,2.8,0,5,10,10,0,0,0,Online ad,0,0
RW-107924,Hillcrest,36,3,Monthly,0,Plus,49,0,0,0,2.7,1,10,7,0,1,0,0,Online ad,0,1
RW-107925,Lakeview,18,6,Monthly,0,Premium,79,0,0,0,5.5,1,17,11,4,0,0,0,Walk-in,0,0
RW-107926,Westfield,36,11,Monthly,0,Basic,29,0,0,0,11.6,0,4,7,8,0,0,1,Online ad,0,0
RW-107927,Riverside,52,8,Monthly,0,Plus,49,0,1,0,6.6,0,4,5,4,0,0,0,Walk-in,0,0
RW-107928,Lakeview,42,12,Annual,11,Basic,24,0,1,0,4.9,0,4,5,10,0,0,0,Online ad,0,0
RW-107929,Riverside,42,13,Monthly,0,Premium,79,0,0,0,1.3,1,26,15,0,2,0,0,Online ad,0,0
RW-107930,Downtown,65,28,Monthly,0,Plus,49,0,0,0,3.9,0,15,6,4,3,1,0,Walk-in,0,0
RW-107931,Riverside,24,6,Monthly,0,Plus,49,0,0,1,4.5,1,19,11,5,17,0,0,Friend,0,0
RW-107932,Downtown,27,5,Monthly,0,Basic,29,0,0,0,2.8,0,2,10,13,4,0,1,Corporate,0,0
RW-107933,Downtown,26,9,Annual,1,Basic,24,0,0,0,2.3,0,7,3,2,1,0,0,Friend,0,1
RW-107934,Riverside,28,1,Monthly,0,Plus,49,0,0,0,1.9,1,4,0,2,0,1,1,Walk-in,1,0
RW-107935,Northgate,51,26,Annual,4,Basic,24,1,0,0,4.2,1,9,11,8,1,0,1,Friend,0,0
RW-107936,Downtown,26,33,Monthly,0,Plus,49,0,1,0,6.9,1,2,5,14,0,1,1,Online ad,0,0
RW-107937,Lakeview,36,30,Monthly,0,Plus,49,0,1,0,1.9,1,5,10,4,0,0,0,Friend,1,1
RW-107938,Westfield,23,3,Monthly,0,Basic,29,0,0,0,3.5,1,16,10,7,0,0,0,Online ad,0,1
RW-107939,Downtown,55,27,Monthly,0,Basic,29,0,0,0,5.1,1,6,5,4,1,0,1,Friend,0,0
RW-107940,Westfield,39,5,Monthly,0,Plus,44,1,0,0,4.6,0,3,4,11,1,0,0,Walk-in,0,0
RW-107941,Westfield,40,11,Annual,2,Plus,44,0,0,0,4.5,1,8,6,6,0,0,1,Walk-in,0,0
RW-107942,Northgate,32,37,Monthly,0,Basic,29,0,0,0,3.9,0,1,7,10,0,0,1,Walk-in,0,0
RW-107943,Lakeview,40,18,Annual,6,Plus,39,1,0,0,8.7,0,6,2,11,0,1,0,Online ad,0,0
RW-107944,Downtown,29,12,Annual,1,Plus,44,0,0,0,3.3,1,9,11,1,3,0,0,Online ad,0,0
RW-107945,Lakeview,34,32,Monthly,0,Basic,29,0,0,0,7.3,0,6,4,1,0,0,0,Online ad,0,0
RW-107946,Downtown,43,5,Annual,4,Plus,44,0,1,1,3.2,1,3,5,1,0,0,1,Friend,1,0
RW-107947,Northgate,32,29,Annual,9,Basic,24,0,1,0,3.7,1,18,9,0,0,2,1,Corporate,0,0
RW-107948,Downtown,28,29,Monthly,0,Basic,29,0,1,0,2.1,1,4,7,3,3,2,0,Walk-in,0,0
RW-107949,Riverside,29,8,Monthly,0,Basic,29,1,0,0,3.8,0,7,3,6,4,0,0,Online ad,0,0
RW-107950,Riverside,32,27,Monthly,0,Plus,49,0,0,0,6.4,1,22,28,6,3,0,0,Online ad,1,0
RW-107951,Northgate,35,4,Monthly,0,Basic,29,0,0,0,4.0,1,11,6,2,0,0,0,Walk-in,0,0
RW-107952,Northgate,23,2,Monthly,0,Premium,79,0,0,0,4.1,1,5,5,5,1,0,0,Friend,0,1
RW-107953,Hillcrest,22,57,Monthly,0,Plus,49,0,0,0,5.3,0,1,11,12,0,1,0,Walk-in,0,0
RW-107954,Northgate,46,20,Monthly,0,Basic,29,0,0,1,5.8,0,0,2,44,0,0,0,Walk-in,1,1
RW-107955,Downtown,30,27,Annual,2,Plus,44,0,0,0,21.5,0,1,2,4,0,1,0,Corporate,0,0
RW-107956,Riverside,24,2,Annual,11,Premium,69,1,0,0,17.2,1,4,4,2,1,0,0,Friend,0,1
RW-107957,Downtown,31,6,Monthly,0,Basic,29,0,0,0,4.0,0,5,3,11,0,0,0,Walk-in,1,0
RW-107958,Downtown,47,8,Monthly,0,Basic,29,0,0,0,5.3,0,2,1,11,0,2,0,Friend,0,0
RW-107959,Downtown,22,41,Annual,11,Premium,74,0,1,1,7.2,1,10,5,7,0,0,0,Friend,0,0
RW-107960,Riverside,59,7,Monthly,0,Basic,29,0,0,0,6.0,1,8,7,4,2,0,0,Walk-in,0,0
RW-107961,Northgate,40,45,Monthly,0,Basic,29,0,1,0,8.7,1,3,18,2,0,0,0,Walk-in,1,0
RW-107962,Lakeview,36,9,Monthly,0,Basic,19,1,0,0,4.5,1,11,21,1,0,0,0,Online ad,0,0
RW-107963,Riverside,37,2,Monthly,0,Plus,49,1,0,0,2.8,1,14,12,6,5,0,1,Walk-in,1,1
RW-107964,Lakeview,57,15,Monthly,0,Plus,39,1,0,0,3.3,0,8,11,3,1,0,0,Walk-in,0,0
RW-107965,Northgate,69,29,Annual,9,Basic,19,1,0,0,5.9,1,4,10,13,0,2,0,Corporate,1,0
RW-107966,Downtown,30,41,Monthly,0,Basic,24,1,1,1,2.7,0,9,6,0,1,0,0,Online ad,0,0
RW-107967,Riverside,29,41,Monthly,0,Premium,79,0,0,0,4.1,1,10,9,5,1,0,0,Friend,0,0
RW-107968,Hillcrest,31,5,Monthly,0,Basic,29,0,0,0,7.2,1,7,2,6,0,0,0,Corporate,0,0
RW-107969,Westfield,37,23,Monthly,0,Premium,69,1,0,0,9.4,1,6,7,6,5,0,0,Friend,1,0
RW-107970,Northgate,36,3,Monthly,0,Plus,44,1,1,0,12.8,1,11,7,3,7,0,0,Walk-in,0,1
RW-107971,Lakeview,31,17,Monthly,0,Basic,29,0,0,0,8.2,0,1,12,3,0,0,0,Walk-in,0,0
RW-107972,Northgate,28,21,Monthly,0,Plus,49,0,0,1,5.1,1,20,16,5,9,0,0,Friend,0,0
RW-107973,Downtown,43,15,Monthly,0,Plus,39,1,1,0,20.1,1,3,12,2,1,1,0,Corporate,1,1
RW-107974,Riverside,27,11,Monthly,0,Basic,29,0,1,0,5.5,1,27,25,0,2,0,1,Walk-in,0,0
RW-107975,Downtown,24,7,Annual,5,Premium,74,0,0,0,2.5,0,5,13,11,1,0,0,Corporate,0,0
RW-107976,Northgate,25,18,Monthly,0,Basic,29,0,0,1,7.7,0,0,3,69,0,0,0,Online ad,0,0
RW-107977,Northgate,35,20,Monthly,0,Basic,29,0,0,0,2.6,1,20,25,0,1,0,0,Friend,0,0
RW-107978,Lakeview,22,25,Annual,0,Basic,24,1,0,0,34.4,0,8,4,5,0,1,0,Corporate,0,0
RW-107979,Downtown,38,20,Monthly,0,Plus,49,0,1,0,9.7,1,16,11,6,0,0,0,Walk-in,0,0
RW-107980,Downtown,67,31,Annual,6,Basic,14,1,0,0,4.6,1,0,8,32,0,0,0,Walk-in,0,0
RW-107981,Hillcrest,46,8,Monthly,0,Plus,49,0,0,0,2.3,1,0,10,33,0,0,0,Online ad,1,1
RW-107982,Riverside,28,61,Annual,4,Basic,24,0,0,1,21.1,1,6,7,11,0,0,0,Walk-in,0,0
RW-107983,Northgate,58,59,Monthly,0,Plus,49,0,0,0,9.3,0,1,6,19,0,0,1,Online ad,0,0
RW-107984,Downtown,33,17,Monthly,0,Basic,29,0,0,0,9.1,1,12,11,7,0,1,0,Online ad,0,0
RW-107985,Riverside,26,3,Monthly,0,Plus,49,1,1,0,1.3,1,16,17,1,8,0,0,Corporate,0,0
RW-107986,Downtown,31,30,Monthly,0,Plus,39,1,0,0,2.2,1,8,8,8,2,0,0,Online ad,1,0
RW-107987,Northgate,47,70,Monthly,0,Basic,29,0,0,0,1.3,1,14,21,4,1,0,0,Walk-in,0,1
RW-107988,Westfield,25,5,Monthly,0,Basic,29,0,0,0,2.6,0,9,5,6,0,0,0,Corporate,1,0
RW-107989,Northgate,20,14,Monthly,0,Basic,29,0,0,0,6.2,1,6,7,8,0,1,1,Online ad,0,0
RW-107990,Riverside,34,17,Monthly,0,Premium,79,0,1,0,9.7,1,6,12,10,3,0,1,Friend,0,0
RW-107991,Northgate,37,3,Monthly,0,Basic,29,0,0,0,7.8,0,7,5,5,1,0,0,Online ad,0,0
RW-107992,Lakeview,47,5,Monthly,0,Plus,49,0,1,0,2.6,1,20,17,1,5,1,0,Online ad,0,0
RW-107993,Westfield,29,52,Monthly,0,Premium,79,0,0,0,1.8,0,0,11,34,0,2,1,Friend,0,1
RW-107994,Lakeview,78,4,Annual,9,Plus,39,1,1,0,3.9,1,7,8,4,1,0,0,Friend,0,0
RW-107995,Northgate,49,15,Monthly,0,Plus,49,0,0,0,3.9,0,1,4,8,0,0,0,Walk-in,0,0
RW-107996,Northgate,34,28,Monthly,0,Plus,49,0,0,0,3.9,1,17,11,7,9,0,1,Corporate,0,0
RW-107997,Northgate,46,3,Monthly,0,Plus,49,0,0,0,6.5,0,7,3,5,2,0,1,Corporate,0,0
RW-107998,Northgate,50,42,Monthly,0,Plus,49,1,0,0,3.0,0,6,2,10,4,0,0,Friend,0,0
RW-107999,Northgate,21,4,Monthly,0,Plus,49,0,0,0,3.4,1,4,5,11,0,0,1,Friend,0,0
RW-108000,Westfield,43,17,Monthly,0,Premium,79,0,0,0,4.2,1,9,11,4,4,1,0,Walk-in,0,0
RW-108001,Downtown,78,4,Annual,5,Basic,24,0,0,0,9.2,1,1,17,13,0,0,1,Online ad,0,0
RW-108002,Northgate,29,2,Annual,10,Premium,69,1,0,1,4.3,1,10,11,1,6,0,1,Walk-in,1,0
RW-108003,Northgate,21,54,Monthly,0,Basic,29,0,0,0,4.0,0,8,9,8,1,0,0,Online ad,0,0
RW-108004,Downtown,30,27,Monthly,0,Basic,29,0,0,0,13.1,1,8,12,6,4,0,0,Online ad,0,0
RW-108005,Hillcrest,25,17,Annual,6,Plus,44,0,0,0,5.4,1,5,7,0,2,0,1,Friend,0,0
RW-108006,Hillcrest,38,27,Annual,0,Plus,44,0,0,0,6.7,0,20,18,1,3,0,0,Online ad,0,1
RW-108007,Northgate,32,4,Monthly,0,Basic,29,0,1,0,2.9,0,11,12,4,3,0,1,Walk-in,1,0
RW-108008,Lakeview,34,17,Annual,6,Plus,44,1,1,0,12.8,1,1,5,14,0,0,0,Online ad,0,0
RW-108009,Westfield,50,7,Monthly,0,Basic,19,1,0,0,3.3,0,7,5,1,1,0,0,Friend,1,1
RW-108010,Westfield,21,14,Monthly,0,Basic,29,0,0,0,6.2,0,3,3,14,0,0,0,Online ad,0,0
RW-108011,Riverside,34,9,Annual,3,Basic,24,0,0,0,2.8,0,4,5,8,0,0,1,Walk-in,0,0
RW-108012,Hillcrest,30,90,Annual,0,Basic,24,0,1,0,10.1,1,8,4,7,0,0,0,Online ad,0,0
RW-108013,Riverside,30,3,Monthly,0,Premium,79,0,0,1,3.9,1,6,7,2,1,0,0,Friend,0,0
RW-108014,Hillcrest,30,35,Annual,1,Basic,24,0,0,0,0.8,0,28,28,5,12,2,0,Friend,0,0
RW-108015,Downtown,26,6,Monthly,0,Basic,29,0,0,0,4.8,0,8,6,5,3,1,1,Walk-in,1,1
RW-108016,Downtown,37,19,Monthly,0,Plus,39,1,0,0,5.1,0,9,10,9,1,1,0,Online ad,0,0
RW-108017,Westfield,32,2,Annual,6,Basic,24,0,0,0,3.4,1,6,6,2,0,0,0,Friend,0,0
RW-108018,Lakeview,52,7,Monthly,0,Plus,49,0,0,0,3.4,0,5,8,0,0,0,0,Walk-in,0,1
RW-108019,Hillcrest,42,6,Monthly,0,Plus,49,0,0,0,3.4,0,15,14,4,1,0,0,Walk-in,1,1
RW-108020,Hillcrest,21,3,Monthly,0,Basic,29,0,0,0,2.5,1,5,8,11,0,0,0,Walk-in,0,1
RW-108021,Riverside,43,9,Monthly,0,Basic,29,0,0,0,11.1,1,5,3,4,0,0,1,Online ad,1,0
RW-108022,Riverside,18,34,Annual,9,Basic,24,0,0,0,7.7,0,15,19,4,10,1,0,Online ad,0,0
RW-108023,Westfield,54,4,Annual,8,Plus,44,0,0,0,2.1,1,17,15,7,12,0,1,Online ad,0,0
RW-108024,Northgate,26,55,Annual,2,Premium,74,0,0,1,4.2,0,16,15,0,1,0,0,Walk-in,0,0
RW-108025,Riverside,27,20,Monthly,0,Plus,49,0,0,0,3.5,1,1,6,18,0,0,0,Walk-in,0,0
RW-108026,Westfield,27,23,Monthly,0,Plus,49,0,1,0,2.6,0,10,10,2,5,0,0,Corporate,0,0
RW-108027,Hillcrest,39,26,Annual,5,Basic,14,1,0,0,1.7,0,9,13,3,1,0,0,Friend,0,0
RW-108028,Riverside,22,52,Annual,11,Basic,24,0,0,0,8.8,0,6,8,7,0,0,0,Walk-in,0,0
RW-108029,Westfield,23,33,Annual,6,Basic,24,0,0,0,3.7,0,6,7,10,2,0,0,Friend,0,0
RW-108030,Downtown,67,18,Annual,6,Plus,44,0,1,0,2.8,0,2,3,9,1,0,1,Corporate,0,0
RW-108031,Westfield,30,43,Monthly,0,Basic,29,0,0,0,7.0,1,10,8,3,4,1,1,Walk-in,1,0
RW-108032,Northgate,23,30,Monthly,0,Basic,29,0,0,0,2.7,1,12,6,5,0,0,1,Online ad,0,0
RW-108033,Northgate,39,18,Annual,4,Premium,74,0,1,0,5.2,1,3,11,11,3,0,0,Corporate,0,0
RW-108034,Westfield,36,45,Monthly,0,Plus,49,0,0,0,5.3,1,15,4,7,1,0,0,Online ad,0,0
RW-108035,Downtown,31,1,Monthly,0,Premium,74,1,0,1,9.3,1,8,0,8,1,0,0,Online ad,0,0
RW-108036,Northgate,33,47,Annual,5,Premium,74,0,0,1,13.8,1,9,5,1,3,0,1,Online ad,0,0
RW-108037,Westfield,38,22,Annual,8,Basic,24,0,0,0,1.8,0,8,10,7,4,0,0,Friend,1,0
RW-108038,Hillcrest,32,21,Monthly,0,Basic,24,1,0,0,7.4,0,8,4,0,0,0,1,Walk-in,0,0
RW-108039,Westfield,27,4,Monthly,0,Basic,29,0,0,0,3.8,1,6,12,6,6,0,0,Walk-in,0,0
RW-108040,Northgate,49,120,Monthly,0,Plus,49,0,0,0,1.8,1,14,26,6,5,1,0,Friend,0,0
RW-108041,Downtown,48,11,Monthly,0,Basic,29,0,0,0,2.4,1,23,24,4,1,1,0,Walk-in,0,0
RW-108042,Lakeview,24,35,Annual,1,Basic,24,0,1,0,6.5,0,12,9,2,0,1,1,Walk-in,0,0
RW-108043,Northgate,53,2,Monthly,0,Plus,49,1,1,0,25.2,0,1,4,6,0,0,1,Walk-in,0,1
RW-108044,Hillcrest,27,2,Monthly,0,Basic,29,0,0,0,5.4,0,6,7,4,0,3,0,Online ad,0,1
RW-108045,Riverside,33,12,Monthly,0,Basic,29,0,0,0,4.6,1,0,7,39,0,0,0,Walk-in,0,1
RW-108046,Lakeview,38,67,Monthly,0,Basic,29,0,0,0,12.2,0,28,28,2,13,0,0,Friend,1,0
RW-108047,Riverside,45,43,Monthly,0,Basic,29,0,1,0,6.5,1,27,25,0,8,0,0,Friend,0,0
RW-108048,Hillcrest,42,6,Monthly,0,Plus,44,1,0,0,5.6,1,11,5,2,0,0,0,Corporate,0,0
RW-108049,Downtown,25,23,Monthly,0,Basic,29,0,0,0,7.2,0,7,3,7,3,0,0,Walk-in,0,1
RW-108050,Westfield,25,20,Monthly,0,Plus,49,1,0,0,4.9,0,1,4,15,0,1,1,Online ad,0,0
RW-108051,Northgate,41,20,Monthly,0,Plus,49,0,0,0,18.9,0,8,7,10,1,0,0,Online ad,1,0
RW-108052,Lakeview,36,37,Monthly,0,Plus,49,1,1,0,7.3,1,5,8,2,1,0,0,Walk-in,0,0
RW-108053,Riverside,32,24,Monthly,0,Basic,29,0,0,0,1.4,1,15,21,7,8,0,1,Corporate,0,0
RW-108054,Lakeview,30,18,Annual,7,Plus,44,0,0,0,7.8,0,10,7,3,0,0,0,Online ad,1,0
RW-108055,Downtown,38,15,Annual,8,Plus,44,0,0,0,15.6,0,5,4,6,0,1,0,Online ad,0,0
RW-108056,Riverside,33,21,Annual,4,Basic,24,0,0,0,6.4,1,8,6,3,0,0,0,Walk-in,1,0
RW-108057,Downtown,48,51,Monthly,0,Plus,49,0,0,0,8.0,0,9,9,0,2,0,1,Walk-in,1,0
RW-108058,Downtown,41,23,Monthly,0,Plus,39,1,0,0,7.8,1,13,12,5,8,2,0,Walk-in,1,0
RW-108059,Westfield,35,10,Annual,0,Premium,74,0,0,0,8.6,1,16,15,3,4,0,1,Online ad,0,0
RW-108060,Westfield,36,7,Monthly,0,Plus,49,0,0,0,6.0,0,4,2,2,6,0,0,Walk-in,0,0
RW-108061,Riverside,39,19,Monthly,0,Plus,49,0,0,0,9.1,1,19,28,4,1,0,0,Walk-in,0,0
RW-108062,Hillcrest,27,2,Monthly,0,Basic,29,0,1,0,7.4,0,7,6,7,0,0,0,Walk-in,0,0
RW-108063,Hillcrest,51,54,Monthly,0,Premium,79,0,0,0,4.4,1,6,24,8,0,0,0,Walk-in,0,0
RW-108064,Lakeview,42,57,Monthly,0,Basic,29,0,0,0,3.0,1,4,8,2,0,0,0,Walk-in,0,1
RW-108065,Hillcrest,24,16,Monthly,0,Plus,49,0,1,0,1.0,0,1,13,0,0,0,0,Online ad,0,1
RW-108066,Northgate,31,16,Monthly,0,Basic,19,1,1,0,9.4,1,9,13,9,0,0,0,Friend,0,0
RW-108067,Hillcrest,38,4,Annual,10,Plus,44,0,0,0,12.6,0,3,4,6,2,1,0,Online ad,0,0
RW-108068,Downtown,36,42,Annual,9,Plus,44,0,0,0,2.0,0,7,7,3,0,0,0,Corporate,0,0
RW-108069,Northgate,51,3,Monthly,0,Basic,29,0,0,0,3.4,1,13,7,5,2,1,0,Corporate,1,0
RW-108070,Downtown,37,14,Annual,9,Basic,14,1,0,1,3.9,0,15,15,0,6,0,0,Online ad,0,0
RW-108071,Westfield,42,34,Annual,4,Plus,44,0,0,0,3.5,1,26,28,1,14,0,0,Walk-in,0,0
RW-108072,Lakeview,35,15,Monthly,0,Plus,49,0,0,0,16.4,1,5,7,5,0,1,1,Friend,0,0
RW-108073,Hillcrest,40,9,Annual,4,Premium,69,1,1,0,2.6,0,1,3,13,0,1,0,Walk-in,0,0
RW-108074,Downtown,32,19,Monthly,0,Basic,24,1,0,0,2.7,0,5,4,2,0,1,0,Walk-in,1,1
RW-108075,Lakeview,36,38,Annual,2,Basic,24,0,0,0,6.9,1,11,7,5,0,0,1,Friend,0,0
RW-108076,Westfield,30,18,Annual,2,Basic,24,0,0,0,3.1,0,7,7,10,1,0,0,Walk-in,0,0
RW-108077,Lakeview,23,34,Annual,8,Basic,24,0,1,1,6.1,1,7,13,9,3,0,1,Walk-in,2,0
RW-108078,Riverside,70,21,Annual,6,Basic,24,0,0,0,12.0,1,13,6,3,9,0,0,Online ad,0,0
RW-108079,Lakeview,41,18,Monthly,0,Premium,79,0,0,1,3.8,1,8,5,8,1,0,1,Friend,1,0
RW-108080,Hillcrest,24,13,Annual,0,Plus,44,0,1,1,1.7,1,9,7,0,0,0,0,Friend,0,1
RW-108081,Riverside,28,16,Annual,11,Basic,24,0,0,0,1.3,0,0,4,33,0,0,0,Online ad,0,0
RW-108082,Riverside,44,32,Monthly,0,Basic,29,0,0,0,3.3,0,6,6,10,2,0,0,Friend,0,0
RW-108083,Northgate,34,1,Monthly,0,Basic,29,0,0,0,4.5,1,13,0,4,0,0,0,Online ad,0,0
RW-108084,Northgate,32,25,Annual,6,Basic,24,0,0,0,7.5,1,7,8,10,1,0,0,Corporate,1,0
RW-108085,Northgate,27,28,Annual,2,Plus,44,0,0,0,8.5,1,0,1,33,0,0,0,Online ad,0,0
RW-108086,Northgate,61,17,Monthly,0,Plus,49,0,0,1,4.5,1,11,14,3,6,0,0,Friend,0,1
RW-108087,Downtown,36,37,Annual,0,Basic,24,0,0,0,6.2,1,2,9,8,3,0,0,Walk-in,0,1
RW-108088,Lakeview,22,6,Monthly,0,Basic,29,0,1,0,10.1,0,16,16,6,7,1,0,Online ad,0,0
RW-108089,Downtown,52,84,Annual,9,Basic,24,0,0,0,7.3,0,12,14,0,0,1,0,Friend,0,0
RW-108090,Lakeview,61,7,Monthly,0,Basic,29,0,1,0,1.8,1,10,16,5,8,1,0,Walk-in,0,0
RW-108091,Westfield,33,33,Monthly,0,Basic,29,0,0,0,5.0,1,7,12,6,3,0,0,Online ad,0,0
RW-108092,Northgate,47,33,Annual,7,Basic,24,0,0,0,3.9,0,4,3,4,4,0,0,Friend,0,0
RW-108093,Lakeview,26,27,Annual,2,Plus,44,0,0,0,3.9,1,2,8,8,0,0,0,Corporate,0,0
RW-108094,Northgate,54,18,Annual,8,Plus,44,1,0,0,3.7,1,11,11,5,0,0,0,Friend,0,0
RW-108095,Downtown,24,2,Annual,10,Premium,69,1,0,1,2.6,1,19,13,1,2,0,0,Walk-in,0,0
RW-108096,Westfield,54,29,Monthly,0,Premium,79,0,0,0,12.3,1,7,14,8,0,0,0,Friend,0,1
RW-108097,Riverside,29,11,Annual,11,Basic,24,0,0,0,2.8,1,7,7,10,0,0,0,Walk-in,0,0
RW-108098,Riverside,33,35,Monthly,0,Plus,49,0,1,0,3.3,1,5,7,8,0,0,0,Online ad,0,1
RW-108099,Riverside,33,7,Annual,8,Plus,44,0,0,0,8.7,1,6,9,3,0,0,0,Online ad,0,0
RW-108100,Hillcrest,53,30,Annual,1,Basic,24,0,1,0,1.9,1,5,17,9,0,0,0,Friend,0,1
RW-108101,Lakeview,56,9,Annual,1,Plus,44,0,1,0,12.0,1,7,2,9,0,1,0,Friend,0,1
RW-108102,Lakeview,42,11,Monthly,0,Premium,79,0,0,1,5.8,0,23,20,1,5,0,0,Walk-in,1,0
RW-108103,Westfield,27,27,Monthly,0,Plus,44,1,1,0,5.7,0,2,8,1,0,0,0,Walk-in,0,1
RW-108104,Westfield,43,4,Monthly,0,Basic,24,1,0,0,3.4,0,2,6,9,0,0,0,Friend,0,1
RW-108105,Lakeview,30,19,Monthly,0,Premium,79,0,0,0,6.2,0,6,4,10,1,0,0,Online ad,0,0
RW-108106,Lakeview,32,25,Monthly,0,Basic,29,0,1,0,4.5,1,1,10,6,0,0,0,Online ad,0,1
RW-108107,Riverside,36,28,Annual,6,Basic,24,0,0,0,7.8,1,3,10,8,0,0,0,Friend,0,0
RW-108108,Westfield,47,1,Annual,6,Basic,24,0,0,0,11.2,1,7,0,7,0,0,0,Online ad,0,0
RW-108109,Northgate,32,12,Monthly,0,Basic,29,0,0,0,3.9,1,10,18,2,3,1,0,Walk-in,0,0
RW-108110,Westfield,36,4,Monthly,0,Premium,79,0,0,0,0.9,1,1,10,11,0,0,1,Friend,0,1
RW-108111,Northgate,41,27,Monthly,0,Plus,49,0,0,0,3.2,0,6,1,6,2,0,0,Online ad,0,0
RW-108112,Downtown,25,12,Monthly,0,Premium,79,0,0,0,40.0,0,4,2,1,0,0,0,Online ad,1,1
RW-108113,Northgate,20,11,Annual,0,Plus,44,0,0,0,1.0,1,15,18,0,0,1,0,Online ad,0,1
RW-108114,Westfield,48,4,Annual,2,Basic,24,0,0,0,4.2,0,4,4,9,1,0,1,Corporate,0,0
RW-108115,Lakeview,31,17,Monthly,0,Plus,49,1,0,0,6.7,0,6,10,8,0,0,1,Online ad,1,0
RW-108116,Hillcrest,26,29,Monthly,0,Basic,29,0,0,0,2.4,0,2,14,8,0,0,0,Friend,0,1
RW-108117,Riverside,36,30,Monthly,0,Plus,49,0,0,0,9.5,0,26,22,5,11,0,0,Online ad,0,0
RW-108118,Downtown,46,119,Monthly,0,Plus,49,0,1,0,3.6,0,6,8,1,0,0,0,Friend,0,0
RW-108119,Riverside,33,16,Annual,5,Plus,44,0,0,0,1.4,0,21,28,6,4,0,0,Corporate,0,0
RW-108120,Downtown,70,2,Annual,4,Plus,44,1,0,0,22.6,1,5,12,11,0,0,0,Walk-in,0,1
RW-108121,Downtown,31,19,Monthly,0,Basic,29,0,0,0,3.8,0,4,6,7,0,0,0,Online ad,0,0
RW-108122,Hillcrest,35,12,Annual,6,Basic,24,0,1,0,5.0,1,4,5,4,0,0,1,Corporate,0,0
RW-108123,Northgate,45,5,Annual,6,Basic,24,0,0,0,2.8,0,2,10,5,1,0,0,Friend,0,0
RW-108124,Riverside,26,10,Annual,4,Basic,24,0,0,1,3.0,0,13,4,4,6,0,0,Online ad,1,0
RW-108125,Northgate,41,1,Annual,7,Basic,24,0,0,0,5.6,0,9,0,6,1,0,1,Corporate,0,0
RW-108126,Riverside,36,22,Monthly,0,Plus,44,1,0,0,4.0,0,6,9,5,4,0,0,Online ad,0,0
RW-108127,Northgate,34,6,Monthly,0,Premium,79,0,0,0,12.8,1,5,4,7,0,0,1,Online ad,0,1
RW-108128,Northgate,38,31,Annual,9,Premium,74,0,0,0,2.6,1,8,8,1,1,0,0,Online ad,0,0
RW-108129,Hillcrest,30,19,Monthly,0,Premium,79,0,0,1,9.7,0,2,7,12,0,1,1,Friend,0,1
RW-108130,Northgate,51,22,Monthly,0,Basic,19,1,1,0,3.5,0,3,2,12,0,0,0,Walk-in,0,1
RW-108131,Northgate,34,20,Monthly,0,Basic,29,0,0,0,10.8,1,7,1,1,0,1,1,Walk-in,0,1
RW-108132,Downtown,44,8,Monthly,0,Plus,49,0,1,1,3.4,1,16,14,6,1,0,0,Online ad,0,0
RW-108133,Hillcrest,78,14,Monthly,0,Basic,24,1,0,0,2.1,1,8,12,1,1,0,0,Walk-in,0,0
RW-108134,Downtown,39,3,Monthly,0,Basic,19,1,0,0,4.4,1,10,13,7,1,0,0,Walk-in,0,1
RW-108135,Hillcrest,38,14,Monthly,0,Basic,29,0,1,0,11.7,1,6,25,2,1,0,0,Walk-in,0,0
RW-108136,Downtown,23,14,Annual,4,Premium,74,0,0,0,3.3,1,6,4,5,0,0,0,Online ad,1,0
RW-108137,Riverside,27,44,Annual,4,Basic,24,0,1,0,13.7,1,4,10,3,0,0,0,Friend,1,0
RW-108138,Westfield,39,2,Annual,4,Premium,74,0,0,0,2.4,0,13,10,2,3,0,1,Walk-in,0,0
RW-108139,Riverside,26,2,Annual,4,Premium,74,0,0,1,6.5,1,8,6,9,0,1,0,Corporate,0,0
RW-108140,Northgate,30,2,Monthly,0,Basic,29,0,1,0,7.9,1,6,5,0,0,0,1,Corporate,0,0
RW-108141,Downtown,31,14,Monthly,0,Basic,24,1,1,0,10.6,0,9,9,3,1,0,0,Friend,0,0
RW-108142,Riverside,21,14,Annual,6,Basic,14,1,0,1,1.9,1,14,7,7,5,0,0,Online ad,1,0
RW-108143,Northgate,24,3,Monthly,0,Plus,49,0,1,0,6.6,0,3,6,1,0,1,0,Online ad,0,1
RW-108144,Riverside,40,15,Monthly,0,Basic,29,0,0,0,7.3,1,3,5,14,0,0,1,Walk-in,0,0
RW-108145,Northgate,45,12,Monthly,0,Plus,49,0,0,0,2.5,0,10,2,5,2,0,1,Friend,0,1
RW-108146,Riverside,33,34,Annual,6,Plus,44,0,0,0,4.5,1,14,23,4,0,0,1,Online ad,0,0
RW-108147,Downtown,23,91,Annual,5,Plus,44,0,1,0,2.5,0,7,8,6,2,0,1,Online ad,1,0
RW-108148,Lakeview,26,39,Annual,5,Plus,34,1,0,0,3.9,0,5,6,9,5,1,0,Walk-in,0,0
RW-108149,Hillcrest,26,23,Annual,5,Plus,44,0,1,0,5.2,0,3,8,14,2,1,0,Online ad,0,0
RW-108150,Northgate,26,5,Annual,8,Premium,74,1,0,1,2.9,0,0,11,44,0,1,0,Walk-in,0,1
RW-108151,Riverside,57,1,Annual,3,Plus,44,0,0,0,1.6,0,5,0,4,1,0,0,Online ad,0,0
RW-108152,Downtown,44,8,Monthly,0,Basic,29,0,0,1,5.3,0,6,6,2,0,0,0,Online ad,0,0
RW-108153,Hillcrest,47,5,Monthly,0,Plus,49,0,0,0,5.7,0,4,8,4,0,0,1,Walk-in,0,1
RW-108154,Riverside,29,18,Monthly,0,Plus,44,1,0,0,9.9,1,2,4,10,0,0,0,Online ad,0,1
RW-108155,Downtown,30,9,Monthly,0,Plus,49,0,0,0,3.9,1,5,5,11,0,0,0,Online ad,0,0
RW-108156,Riverside,31,6,Monthly,0,Basic,19,1,0,0,6.6,1,12,11,2,0,0,1,Online ad,0,0
RW-108157,Hillcrest,20,29,Monthly,0,Premium,79,0,0,0,4.9,0,4,5,13,0,0,0,Walk-in,0,0
RW-108158,Lakeview,36,19,Monthly,0,Basic,29,0,0,0,2.3,0,4,3,13,0,0,1,Walk-in,0,0
RW-108159,Downtown,55,4,Monthly,0,Plus,44,1,0,0,4.2,1,2,12,13,0,0,0,Online ad,0,0
RW-108160,Downtown,40,24,Monthly,0,Plus,49,0,0,0,2.4,0,8,9,7,0,0,0,Online ad,0,0
RW-108161,Hillcrest,32,22,Annual,8,Plus,34,1,0,0,6.7,0,20,23,5,1,0,0,Online ad,1,0
RW-108162,Hillcrest,36,26,Monthly,0,Basic,29,0,1,0,2.3,1,8,9,9,1,0,0,Corporate,1,0
RW-108163,Westfield,43,38,Monthly,0,Basic,29,1,0,0,2.6,1,17,11,5,1,0,1,Online ad,0,0
RW-108164,Lakeview,24,51,Monthly,0,Basic,29,0,1,0,16.7,0,16,12,0,2,0,0,Walk-in,0,0
RW-108165,Hillcrest,25,40,Monthly,0,Basic,24,1,0,0,8.0,1,12,17,6,1,0,0,Walk-in,0,1
RW-108166,Hillcrest,30,30,Annual,1,Plus,44,0,0,0,14.2,0,9,6,5,3,1,0,Walk-in,0,1
RW-108167,Northgate,30,11,Annual,4,Plus,39,1,0,0,11.9,1,6,11,9,0,1,0,Friend,1,0
RW-108168,Hillcrest,46,17,Annual,3,Basic,24,0,0,0,6.2,0,4,5,9,0,0,0,Online ad,0,0
RW-108169,Westfield,49,95,Monthly,0,Plus,49,0,0,0,7.5,0,13,6,2,0,0,1,Online ad,0,0
RW-108170,Westfield,62,12,Monthly,0,Basic,29,0,0,0,1.6,0,3,4,2,1,0,1,Online ad,1,0
RW-108171,Downtown,28,45,Annual,7,Basic,24,0,0,0,35.2,1,8,15,1,4,1,0,Friend,0,0
RW-108172,Hillcrest,49,11,Annual,8,Basic,24,1,0,0,9.4,1,7,1,3,1,1,0,Online ad,0,0
RW-108173,Lakeview,25,14,Monthly,0,Plus,39,1,0,0,2.5,0,2,1,13,0,0,0,Friend,0,1
RW-108174,Downtown,42,6,Monthly,0,Basic,29,0,0,0,2.7,1,1,7,21,1,1,0,Walk-in,0,1
RW-108175,Westfield,36,3,Monthly,0,Basic,29,0,0,1,4.6,0,12,19,4,0,1,0,Walk-in,0,0
RW-108176,Northgate,29,4,Monthly,0,Basic,19,1,0,0,6.3,0,4,5,10,0,1,0,Online ad,0,0
RW-108177,Downtown,24,24,Monthly,0,Basic,29,1,0,0,15.9,0,1,5,1,0,0,0,Online ad,0,1
RW-108178,Westfield,37,19,Monthly,0,Plus,49,0,0,0,4.8,0,4,3,2,2,2,1,Friend,0,0
RW-108179,Northgate,21,7,Monthly,0,Basic,19,1,0,0,5.2,1,9,5,4,0,0,0,Walk-in,1,0
RW-108180,Riverside,37,7,Annual,11,Premium,74,0,0,1,5.7,1,17,16,5,0,0,0,Friend,0,0
RW-108181,Downtown,37,20,Annual,6,Basic,24,0,0,0,5.8,0,3,10,14,1,0,0,Corporate,0,0
RW-108182,Westfield,35,47,Monthly,0,Plus,49,0,0,0,1.9,0,5,6,9,0,0,0,Online ad,0,0
RW-108183,Lakeview,27,13,Monthly,0,Basic,29,0,0,0,2.6,0,7,6,1,0,1,0,Online ad,1,0
RW-108184,Westfield,33,16,Monthly,0,Plus,44,1,0,0,3.4,1,21,16,6,9,0,0,Friend,0,0
RW-108185,Hillcrest,30,35,Annual,10,Basic,14,1,0,0,8.5,0,3,4,13,0,2,0,Online ad,0,0
RW-108186,Lakeview,20,39,Monthly,0,Basic,19,1,0,0,4.1,1,6,8,0,0,0,0,Walk-in,0,0
RW-108187,Lakeview,24,31,Annual,3,Basic,14,1,0,0,2.9,0,10,7,2,0,0,0,Friend,0,0
RW-108188,Riverside,41,2,Annual,10,Plus,44,0,0,0,3.1,1,0,5,36,0,0,0,Corporate,0,0
RW-108189,Hillcrest,33,1,Monthly,0,Basic,29,0,0,0,8.6,0,8,0,6,7,0,0,Online ad,0,0
RW-108190,Northgate,34,14,Annual,4,Premium,74,0,1,0,1.4,1,1,6,0,2,0,0,Walk-in,0,1
RW-108191,Lakeview,25,7,Annual,3,Premium,69,1,1,0,6.4,0,6,10,5,0,0,0,Online ad,0,0
RW-108192,Northgate,39,24,Annual,4,Basic,24,0,0,0,5.9,1,4,6,8,1,1,0,Online ad,0,0
RW-108193,Lakeview,27,16,Monthly,0,Plus,49,0,1,1,4.0,1,7,18,5,4,1,0,Online ad,0,1
RW-108194,Westfield,34,15,Monthly,0,Plus,49,0,0,0,8.0,0,7,2,3,1,0,0,Friend,0,0
RW-108195,Hillcrest,52,20,Annual,9,Plus,39,1,0,0,4.1,1,2,2,16,1,0,0,Corporate,0,0
RW-108196,Riverside,40,7,Annual,10,Basic,24,0,0,0,18.8,0,11,2,3,0,1,0,Walk-in,0,0
RW-108197,Westfield,46,12,Monthly,0,Plus,49,0,0,0,34.7,1,1,3,18,1,0,0,Corporate,0,0
RW-108198,Northgate,31,12,Monthly,0,Basic,29,0,0,0,19.3,0,0,2,35,0,0,0,Walk-in,0,1
RW-108199,Westfield,48,5,Annual,9,Plus,44,0,0,0,4.8,0,4,8,2,5,0,0,Friend,0,0
RW-108200,Hillcrest,21,35,Annual,9,Plus,44,0,0,1,1.2,1,17,14,3,10,0,0,Friend,0,0
RW-108201,Hillcrest,30,120,Annual,0,Basic,24,0,1,0,5.8,1,17,21,4,8,0,1,Online ad,1,0
RW-108202,Lakeview,29,5,Monthly,0,Plus,44,1,0,0,5.8,0,7,6,8,0,0,1,Online ad,1,1
RW-108203,Downtown,42,30,Monthly,0,Basic,29,1,1,0,7.5,0,9,18,2,0,2,1,Walk-in,0,1
RW-108204,Riverside,22,23,Monthly,0,Basic,29,0,0,0,4.7,1,8,6,4,3,0,0,Online ad,0,0
RW-108205,Riverside,26,33,Annual,2,Basic,19,1,0,0,4.1,1,2,10,14,1,0,0,Walk-in,0,0
RW-108206,Riverside,39,18,Annual,8,Premium,74,0,0,0,9.1,0,0,6,49,0,0,0,Online ad,0,1
RW-108207,Riverside,45,7,Monthly,0,Basic,19,1,0,0,6.8,0,7,3,4,0,0,0,Online ad,0,1
RW-108208,Downtown,33,27,Monthly,0,Basic,29,0,0,0,2.8,1,1,24,18,0,0,1,Online ad,1,1
RW-108209,Westfield,46,17,Monthly,0,Premium,79,0,0,0,9.5,1,3,5,0,0,0,0,Friend,0,1
RW-108210,Westfield,46,21,Monthly,0,Basic,29,0,0,0,7.4,0,6,8,6,3,1,0,Walk-in,0,1
RW-108211,Westfield,22,2,Monthly,0,Basic,29,1,0,0,3.2,1,6,7,2,0,1,1,Corporate,1,1
RW-108212,Lakeview,36,36,Monthly,0,Plus,49,0,0,0,6.1,1,5,16,7,0,0,1,Online ad,0,1
RW-108213,Westfield,18,24,Monthly,0,Premium,79,0,0,0,5.5,0,19,9,5,0,0,0,Corporate,0,0
RW-108214,Lakeview,57,36,Monthly,0,Basic,29,0,0,1,7.9,1,28,21,4,11,0,0,Walk-in,0,0
RW-108215,Riverside,78,5,Monthly,0,Plus,49,0,0,0,10.1,0,0,12,44,0,0,1,Friend,1,1
RW-108216,Lakeview,47,20,Annual,7,Basic,24,0,1,0,5.9,1,13,17,1,6,0,0,Online ad,0,0
RW-108217,Hillcrest,25,18,Monthly,0,Plus,49,0,1,0,5.3,1,9,20,7,3,1,1,Online ad,1,0
RW-108218,Hillcrest,28,1,Monthly,0,Basic,29,0,0,0,9.1,1,2,0,10,0,0,0,Online ad,1,0
RW-108219,Riverside,32,20,Monthly,0,Premium,79,0,1,1,2.6,1,11,5,4,0,0,0,Walk-in,2,0
RW-108220,Lakeview,37,6,Monthly,0,Plus,49,0,0,0,4.0,0,4,4,11,0,0,0,Online ad,0,0
RW-108221,Riverside,43,14,Annual,5,Basic,24,0,1,0,1.9,0,15,12,1,1,0,0,Friend,0,0
RW-108222,Riverside,43,16,Monthly,0,Basic,29,0,0,0,4.0,1,2,1,13,0,0,0,Walk-in,0,0
RW-108223,Downtown,33,8,Monthly,0,Plus,49,0,1,0,10.5,0,5,6,5,1,0,0,Walk-in,0,1
RW-108224,Hillcrest,28,28,Annual,5,Plus,44,0,1,0,10.5,0,4,24,6,2,0,0,Friend,0,0
RW-108225,Hillcrest,64,20,Monthly,0,Plus,49,0,0,0,3.9,0,6,6,7,0,1,0,Friend,0,0
RW-108226,Northgate,32,20,Annual,8,Basic,24,0,0,0,23.4,0,1,6,3,0,0,0,Friend,0,0
RW-108227,Hillcrest,44,8,Monthly,0,Plus,49,0,0,0,5.1,0,2,1,12,0,0,0,Friend,0,1
RW-108228,Hillcrest,24,9,Annual,10,Premium,74,0,0,0,2.4,1,1,13,1,0,0,0,Walk-in,0,1
RW-108229,Westfield,35,32,Monthly,0,Premium,69,1,0,0,2.0,1,10,21,5,0,0,1,Online ad,1,1
RW-108230,Riverside,39,1,Monthly,0,Plus,49,0,0,0,3.7,1,28,0,1,11,0,1,Online ad,0,1
RW-108231,Lakeview,78,2,Annual,7,Plus,44,0,1,0,1.9,1,4,13,2,2,0,0,Online ad,0,0
RW-108232,Lakeview,47,11,Monthly,0,Basic,29,0,0,0,4.6,1,21,14,5,2,0,0,Corporate,1,0
RW-108233,Lakeview,33,7,Annual,9,Plus,34,1,0,0,4.0,1,13,7,7,0,0,0,Online ad,0,0
RW-108234,Riverside,25,66,Monthly,0,Plus,49,0,0,0,10.8,1,0,25,77,0,0,0,Online ad,0,0
RW-108235,Riverside,67,54,Annual,8,Plus,44,1,0,0,3.9,1,10,9,5,2,0,1,Online ad,0,0
RW-108236,Westfield,41,18,Monthly,0,Basic,29,0,0,0,5.8,0,7,8,5,3,1,0,Friend,0,0
RW-108237,Riverside,33,1,Monthly,0,Basic,29,0,0,0,6.2,0,1,0,9,0,0,0,Online ad,0,1
RW-108238,Northgate,23,21,Monthly,0,Plus,49,0,1,0,4.0,1,5,3,12,0,1,0,Walk-in,0,0
RW-108239,Riverside,24,43,Monthly,0,Plus,39,1,1,0,3.1,0,7,4,1,1,1,0,Corporate,0,1
RW-108240,Lakeview,24,10,Annual,9,Basic,14,1,1,0,3.0,0,19,17,1,3,0,0,Friend,0,0
RW-108241,Hillcrest,62,7,Monthly,0,Premium,79,0,0,1,3.3,1,2,14,8,0,0,0,Friend,0,1
RW-108242,Riverside,69,14,Monthly,0,Basic,29,0,0,0,11.3,1,0,5,40,0,0,0,Walk-in,2,1
RW-108243,Downtown,39,13,Monthly,0,Premium,69,1,1,0,8.5,1,19,15,1,0,0,0,Corporate,0,0
RW-108244,Riverside,45,21,Monthly,0,Plus,44,1,0,1,2.5,1,28,26,2,1,0,0,Walk-in,1,0
RW-108245,Riverside,47,4,Monthly,0,Plus,49,0,0,0,2.6,1,5,4,3,0,0,0,Friend,0,0
RW-108246,Northgate,26,26,Monthly,0,Plus,39,1,1,0,1.7,1,17,28,2,0,0,1,Friend,0,0
RW-108247,Hillcrest,22,17,Monthly,0,Basic,29,0,0,0,5.4,1,0,6,37,0,0,0,Friend,0,1
RW-108248,Riverside,32,34,Annual,10,Basic,24,0,0,0,5.4,1,6,10,3,3,0,0,Friend,0,0
RW-108249,Lakeview,29,20,Monthly,0,Premium,79,0,0,0,5.6,0,4,3,5,3,1,0,Online ad,1,0
RW-108250,Hillcrest,34,12,Monthly,0,Plus,49,0,0,0,4.1,0,4,6,2,0,0,1,Online ad,0,0
RW-108251,Downtown,78,15,Monthly,0,Plus,49,0,0,0,6.6,0,8,12,3,1,0,0,Walk-in,0,0
RW-108252,Northgate,40,9,Monthly,0,Basic,29,0,0,0,8.2,1,9,10,3,3,0,0,Corporate,0,0
RW-108253,Hillcrest,33,45,Monthly,0,Basic,29,0,0,0,11.2,0,10,5,6,1,0,0,Online ad,0,0
RW-108254,Hillcrest,25,23,Monthly,0,Basic,29,0,1,1,2.7,1,15,14,6,7,1,0,Online ad,0,0
RW-108255,Northgate,27,49,Monthly,0,Premium,79,0,0,0,6.2,1,3,2,8,0,0,0,Walk-in,1,0
RW-108256,Riverside,42,17,Annual,9,Plus,34,1,0,0,7.1,0,9,15,3,1,0,0,Walk-in,1,0
RW-108257,Westfield,23,102,Monthly,0,Basic,19,1,0,0,5.0,1,5,8,8,0,0,0,Friend,0,0
RW-108258,Northgate,78,33,Annual,4,Premium,74,0,1,0,2.1,0,20,15,5,9,0,0,Corporate,0,0
RW-108259,Downtown,34,10,Annual,1,Premium,74,0,0,0,7.1,0,10,7,7,1,0,0,Online ad,1,1
RW-108260,Downtown,33,6,Annual,1,Basic,24,0,0,1,3.5,0,7,9,8,3,0,0,Walk-in,0,0
RW-108261,Riverside,27,25,Annual,9,Plus,39,1,0,0,3.7,1,3,20,2,0,0,0,Corporate,0,0
RW-108262,Westfield,27,2,Monthly,0,Plus,49,0,0,1,8.3,1,4,13,7,0,0,1,Online ad,0,0
RW-108263,Downtown,28,40,Monthly,0,Plus,49,0,1,0,2.5,0,5,5,0,0,0,1,Online ad,0,0
RW-108264,Westfield,22,8,Annual,9,Premium,74,0,0,1,7.1,1,19,18,4,6,2,0,Walk-in,0,0
RW-108265,Lakeview,26,80,Monthly,0,Basic,29,0,0,0,11.8,1,6,9,0,4,0,0,Friend,0,0
RW-108266,Downtown,24,18,Monthly,0,Plus,39,1,0,0,6.1,1,13,12,6,0,0,1,Walk-in,1,0
RW-108267,Northgate,40,9,Monthly,0,Premium,79,0,0,0,3.2,1,15,18,6,9,0,1,Friend,0,0
RW-108268,Lakeview,25,5,Monthly,0,Basic,29,0,0,1,10.3,0,0,2,49,0,0,0,Online ad,0,0
RW-108269,Riverside,28,19,Monthly,0,Basic,19,1,0,0,5.6,1,4,11,2,1,0,0,Walk-in,0,1
RW-108270,Downtown,25,5,Monthly,0,Basic,29,0,0,1,3.6,0,0,2,70,0,1,1,Walk-in,0,0
RW-108271,Northgate,29,6,Monthly,0,Basic,29,0,1,0,3.7,0,10,7,3,5,0,1,Online ad,0,0
RW-108272,Westfield,56,5,Monthly,0,Premium,79,0,0,0,8.4,0,1,7,13,2,0,0,Online ad,0,1
RW-108273,Westfield,62,38,Monthly,0,Plus,49,0,0,0,2.5,1,8,8,4,3,0,0,Friend,0,0
RW-108274,Hillcrest,26,13,Annual,9,Plus,44,0,0,0,5.8,1,18,16,1,8,2,0,Corporate,0,0
RW-108275,Lakeview,25,12,Monthly,0,Plus,49,1,0,0,9.5,0,7,2,2,0,0,0,Walk-in,1,0
RW-108276,Riverside,28,13,Annual,8,Plus,44,0,0,0,2.8,1,10,12,4,6,0,0,Friend,0,0
RW-108277,Hillcrest,24,21,Annual,10,Plus,39,1,0,0,4.9,0,0,11,64,0,1,1,Online ad,0,1
RW-108278,Northgate,29,30,Annual,10,Plus,44,0,0,0,8.0,1,12,13,7,1,0,0,Walk-in,0,0
RW-108279,Downtown,51,11,Monthly,0,Premium,79,0,0,0,5.6,0,4,8,7,0,1,0,Online ad,1,0
RW-108280,Downtown,66,19,Monthly,0,Plus,39,1,0,0,11.4,0,11,2,8,0,0,0,Corporate,0,0
RW-108281,Downtown,31,40,Monthly,0,Basic,29,0,0,0,4.5,1,3,13,10,0,0,0,Friend,1,0
RW-108282,Riverside,27,1,Annual,2,Premium,74,0,0,0,2.9,0,11,0,5,5,0,0,Walk-in,0,0
RW-108283,Downtown,31,4,Annual,6,Plus,44,0,0,0,4.9,0,5,1,5,0,0,1,Friend,0,0
RW-108284,Lakeview,28,15,Annual,6,Basic,24,0,0,0,6.2,1,4,8,4,1,0,0,Walk-in,0,0
RW-108285,Downtown,50,21,Annual,5,Basic,24,0,1,0,2.8,1,5,7,3,0,0,0,Corporate,0,0
RW-108286,Northgate,59,21,Monthly,0,Premium,79,0,0,0,6.8,0,3,4,4,0,0,0,Online ad,0,1
RW-108287,Northgate,24,69,Annual,6,Plus,44,0,0,0,2.9,0,1,5,18,0,0,1,Online ad,0,0
RW-108288,Northgate,20,17,Monthly,0,Basic,29,0,1,0,3.8,0,0,4,66,0,1,0,Friend,0,1
RW-108289,Hillcrest,46,45,Monthly,0,Plus,39,1,0,0,1.1,1,22,27,1,0,1,0,Walk-in,0,0
RW-108290,Riverside,41,16,Monthly,0,Premium,79,0,0,0,9.5,1,8,14,8,1,1,0,Corporate,0,1
RW-108291,Hillcrest,24,27,Annual,8,Plus,44,0,1,0,6.3,0,5,7,12,1,0,0,Online ad,0,0
RW-108292,Downtown,29,24,Annual,0,Basic,24,0,0,0,3.3,1,13,17,4,1,0,1,Online ad,0,1
RW-108293,Downtown,49,5,Annual,9,Plus,34,1,1,0,1.6,1,3,2,2,0,0,1,Walk-in,0,0
RW-108294,Northgate,45,12,Monthly,0,Plus,49,0,0,0,27.7,0,5,11,5,0,0,0,Friend,0,1
RW-108295,Northgate,42,32,Annual,7,Basic,24,0,0,0,3.7,1,2,2,6,1,0,1,Walk-in,0,0
RW-108296,Downtown,34,14,Annual,11,Plus,44,0,0,0,6.1,1,7,6,1,0,0,0,Online ad,1,0
RW-108297,Riverside,68,7,Annual,2,Plus,44,0,0,0,1.6,0,3,4,2,0,0,0,Online ad,0,0
RW-108298,Hillcrest,57,17,Annual,3,Plus,39,1,0,0,1.2,0,4,5,5,3,0,0,Online ad,0,0
RW-108299,Westfield,24,55,Monthly,0,Premium,79,0,1,0,5.5,0,13,10,2,4,0,0,Walk-in,0,1
RW-108300,Northgate,30,4,Monthly,0,Basic,24,1,0,0,32.7,0,1,2,8,1,0,1,Online ad,0,1
RW-108301,Riverside,69,3,Annual,0,Plus,44,0,0,0,3.7,1,12,16,2,0,1,1,Online ad,0,1
RW-108302,Lakeview,21,1,Annual,7,Basic,24,0,0,0,6.4,0,16,0,6,2,1,0,Friend,0,0
RW-108303,Lakeview,38,16,Annual,0,Basic,24,0,0,0,3.6,0,4,2,0,3,0,0,Corporate,0,1
RW-108304,Lakeview,53,3,Monthly,0,Basic,29,0,0,0,6.0,0,1,6,17,0,1,1,Friend,0,1
RW-108305,Hillcrest,52,11,Monthly,0,Plus,49,0,1,0,4.1,1,11,14,5,0,2,0,Friend,0,1
RW-108306,Northgate,22,36,Annual,3,Plus,44,0,0,1,6.8,1,20,15,0,2,0,0,Online ad,0,0
RW-108307,Hillcrest,22,9,Monthly,0,Plus,49,1,0,0,2.1,1,17,15,2,0,0,0,Friend,0,0
RW-108308,Lakeview,27,25,Annual,7,Basic,24,0,0,0,2.7,1,9,6,9,0,1,0,Corporate,0,0
RW-108309,Westfield,42,9,Monthly,0,Plus,44,1,1,0,11.5,0,6,6,6,1,0,0,Walk-in,0,0
RW-108310,Northgate,32,4,Annual,5,Premium,74,0,0,0,3.2,0,3,5,6,2,0,0,Online ad,0,0
RW-108311,Northgate,25,5,Monthly,0,Plus,49,0,0,0,5.9,1,21,16,1,2,0,0,Walk-in,0,0
RW-108312,Westfield,26,23,Monthly,0,Basic,29,0,1,0,9.9,0,11,11,5,0,0,1,Online ad,0,0
RW-108313,Lakeview,35,7,Monthly,0,Basic,29,0,1,0,2.7,1,6,8,3,0,1,0,Online ad,1,0
RW-108314,Riverside,28,50,Annual,4,Plus,44,0,0,1,9.6,1,12,26,1,0,2,0,Online ad,0,0
RW-108315,Downtown,34,17,Annual,10,Basic,19,1,1,0,3.2,1,7,18,7,3,1,1,Online ad,0,0
RW-108316,Westfield,78,4,Annual,7,Plus,39,1,1,0,3.9,0,4,6,9,0,0,0,Walk-in,0,0
RW-108317,Westfield,26,11,Annual,0,Basic,24,0,0,1,7.8,0,10,19,7,0,1,1,Walk-in,1,0
RW-108318,Westfield,27,63,Monthly,0,Plus,49,1,1,0,5.7,1,9,13,4,4,0,1,Online ad,0,0
RW-108319,Hillcrest,23,8,Monthly,0,Plus,49,0,0,0,8.1,1,7,4,4,3,0,0,Walk-in,0,0
RW-108320,Hillcrest,40,20,Monthly,0,Plus,49,0,0,0,3.8,1,2,3,9,0,2,0,Friend,1,1
RW-108321,Lakeview,22,51,Monthly,0,Premium,79,0,0,0,8.1,1,8,11,10,3,2,0,Online ad,0,0
RW-108322,Westfield,23,2,Monthly,0,Basic,24,1,0,0,4.4,1,7,6,4,8,1,0,Walk-in,0,1
RW-108323,Westfield,38,2,Monthly,0,Premium,79,0,1,1,4.0,1,11,15,8,6,0,0,Corporate,0,0
RW-108324,Downtown,39,6,Monthly,0,Plus,49,0,0,0,4.4,1,1,14,13,0,0,0,Walk-in,1,0
RW-108325,Northgate,27,39,Monthly,0,Plus,49,0,0,0,1.5,1,22,8,4,2,0,0,Walk-in,0,1
RW-108326,Lakeview,39,22,Monthly,0,Basic,29,0,1,0,14.4,1,16,14,5,10,0,1,Walk-in,0,0
RW-108327,Lakeview,27,3,Annual,10,Premium,64,1,0,0,40.0,1,12,8,0,9,0,0,Friend,0,0
RW-108328,Northgate,25,23,Monthly,0,Plus,49,0,0,0,12.8,1,2,2,16,1,0,0,Walk-in,0,1
RW-108329,Westfield,51,41,Annual,11,Basic,14,1,0,0,2.2,1,7,5,1,1,0,0,Walk-in,0,0
RW-108330,Westfield,46,10,Monthly,0,Basic,19,1,0,0,4.4,1,16,8,2,1,1,0,Online ad,0,0
RW-108331,Westfield,40,4,Monthly,0,Basic,29,1,0,0,1.9,0,2,0,6,0,1,0,Friend,1,1
RW-108332,Lakeview,28,17,Monthly,0,Plus,39,1,1,0,7.5,1,14,8,1,9,0,0,Walk-in,0,0
RW-108333,Hillcrest,36,65,Monthly,0,Plus,49,0,0,0,5.2,0,4,14,2,2,0,0,Corporate,0,0
RW-108334,Northgate,42,91,Monthly,0,Plus,49,0,0,0,5.7,1,8,16,2,0,0,1,Online ad,0,0
RW-108335,Hillcrest,35,22,Annual,7,Basic,24,0,0,0,11.6,0,3,3,11,2,1,0,Walk-in,0,0
RW-108336,Riverside,19,9,Monthly,0,Basic,29,1,1,0,6.2,0,23,22,4,0,0,0,Online ad,0,1
RW-108337,Riverside,20,4,Monthly,0,Plus,49,0,0,0,1.7,1,1,7,16,0,0,0,Walk-in,0,0
RW-108338,Northgate,42,15,Annual,2,Basic,24,0,1,0,5.8,1,17,15,7,0,0,0,Walk-in,1,0
RW-108339,Riverside,44,35,Monthly,0,Plus,49,0,0,1,2.6,1,18,18,2,2,0,0,Online ad,0,0
RW-108340,Northgate,22,20,Monthly,0,Basic,19,1,1,0,1.9,0,5,1,9,3,0,0,Corporate,0,0
RW-108341,Downtown,23,8,Monthly,0,Plus,49,0,0,0,21.6,1,0,4,37,0,0,1,Online ad,0,1
RW-108342,Downtown,27,5,Monthly,0,Basic,29,0,1,0,8.6,1,12,12,7,0,0,0,Online ad,0,1
RW-108343,Lakeview,27,36,Monthly,0,Plus,44,1,0,0,8.8,0,1,2,20,2,0,1,Walk-in,0,1
RW-108344,Westfield,25,8,Annual,0,Basic,24,0,0,0,13.3,1,5,3,7,2,1,0,Walk-in,0,1
RW-108345,Northgate,32,25,Annual,9,Premium,74,0,0,1,2.7,1,14,16,3,0,0,0,Walk-in,0,0
RW-108346,Hillcrest,32,44,Monthly,0,Basic,29,0,1,0,6.5,1,11,9,5,1,0,1,Walk-in,0,0
RW-108347,Riverside,25,10,Monthly,0,Plus,49,0,1,0,3.5,0,1,6,15,0,1,0,Walk-in,0,1
RW-108348,Downtown,40,3,Annual,8,Premium,74,0,0,1,4.3,0,1,11,12,0,0,0,Online ad,0,0
RW-108349,Hillcrest,33,5,Monthly,0,Premium,69,1,0,1,4.0,0,4,13,2,1,0,0,Friend,0,0
RW-108350,Riverside,37,23,Annual,5,Premium,74,0,0,0,7.9,1,27,22,1,2,2,0,Online ad,1,0
RW-108351,Westfield,54,24,Annual,9,Premium,74,0,0,1,9.4,1,16,28,3,2,0,0,Friend,2,1
RW-108352,Hillcrest,31,21,Annual,0,Plus,44,0,1,0,15.6,0,5,8,3,0,0,0,Friend,1,0
RW-108353,Westfield,28,8,Annual,3,Basic,24,1,0,0,1.1,1,11,11,6,1,0,0,Walk-in,0,0
RW-108354,Hillcrest,33,42,Monthly,0,Basic,29,0,0,0,11.1,1,7,13,2,1,0,0,Online ad,0,0
RW-108355,Hillcrest,41,13,Annual,10,Premium,74,0,0,1,5.2,1,19,23,6,1,0,0,Online ad,0,0
RW-108356,Riverside,31,27,Monthly,0,Premium,79,0,0,0,3.1,0,7,8,6,2,0,0,Online ad,0,0
RW-108357,Westfield,33,9,Monthly,0,Basic,29,0,0,0,4.7,1,9,5,3,3,0,1,Walk-in,0,0
RW-108358,Northgate,35,26,Monthly,0,Basic,29,0,0,0,2.0,0,3,6,0,2,0,0,Walk-in,0,0
RW-108359,Riverside,40,10,Annual,0,Basic,24,0,0,0,2.7,0,8,3,1,1,0,0,Corporate,0,0
RW-108360,Northgate,29,22,Annual,4,Plus,44,0,1,1,4.8,0,1,28,6,0,1,0,Walk-in,1,0
RW-108361,Westfield,29,29,Annual,7,Plus,44,1,0,0,3.3,0,22,13,4,5,0,0,Online ad,0,0
RW-108362,Riverside,34,4,Monthly,0,Basic,29,1,1,0,11.4,1,6,4,10,1,1,0,Friend,0,1
RW-108363,Downtown,69,74,Monthly,0,Plus,49,0,0,0,2.2,1,11,12,3,0,0,1,Walk-in,0,0
RW-108364,Northgate,60,26,Annual,2,Basic,24,0,0,0,2.6,0,4,3,4,2,1,0,Friend,0,0
RW-108365,Lakeview,27,49,Annual,7,Basic,24,0,0,0,3.3,1,12,15,2,1,0,1,Online ad,0,0
RW-108366,Lakeview,31,42,Monthly,0,Basic,29,0,0,0,1.0,0,5,12,0,1,0,0,Online ad,1,0
RW-108367,Lakeview,37,25,Monthly,0,Plus,49,1,0,0,2.5,0,12,16,7,0,0,0,Online ad,0,0
RW-108368,Westfield,33,25,Monthly,0,Plus,49,0,0,0,6.6,1,9,15,4,5,1,0,Online ad,1,0
RW-108369,Northgate,39,25,Monthly,0,Plus,49,0,0,0,2.4,1,10,15,8,0,1,0,Corporate,1,1
RW-108370,Downtown,65,8,Annual,8,Plus,44,0,1,1,4.3,0,11,24,3,2,0,0,Online ad,0,0
RW-108371,Westfield,20,29,Monthly,0,Basic,29,0,0,0,5.2,1,14,14,3,2,0,1,Online ad,0,0
RW-108372,Westfield,21,11,Monthly,0,Plus,39,1,0,0,5.6,0,2,4,12,0,1,0,Walk-in,0,0
RW-108373,Lakeview,40,34,Annual,1,Basic,24,0,0,0,7.9,0,4,4,5,2,0,0,Walk-in,1,0
RW-108374,Hillcrest,65,39,Annual,1,Basic,14,1,0,0,3.7,0,4,1,5,0,0,0,Corporate,0,0
RW-108375,Lakeview,21,15,Monthly,0,Basic,29,0,0,0,3.6,1,4,8,4,0,1,0,Walk-in,0,1
RW-108376,Westfield,22,18,Annual,8,Plus,44,0,0,1,3.8,0,5,7,11,1,0,0,Friend,0,0
RW-108377,Downtown,49,11,Monthly,0,Premium,79,0,0,0,5.7,0,13,11,0,2,0,0,Online ad,0,1
RW-108378,Downtown,22,15,Monthly,0,Plus,49,0,1,1,11.6,0,13,13,2,3,0,0,Online ad,1,0
RW-108379,Northgate,78,23,Monthly,0,Plus,49,1,0,0,3.7,1,10,7,5,0,0,0,Friend,0,0
RW-108380,Downtown,30,14,Annual,11,Basic,14,1,0,0,2.9,1,10,11,5,6,0,0,Walk-in,0,0
RW-108381,Northgate,40,2,Monthly,0,Basic,29,0,0,0,10.9,0,6,5,2,1,0,0,Friend,0,0
RW-108382,Downtown,29,20,Annual,0,Plus,44,1,0,0,12.7,1,1,4,12,0,0,1,Online ad,1,1
RW-108383,Riverside,39,5,Annual,1,Basic,24,1,0,0,8.4,0,12,6,2,0,0,1,Online ad,0,1
RW-108384,Northgate,46,65,Monthly,0,Basic,29,0,0,0,2.7,0,4,7,5,4,1,0,Online ad,0,0
RW-108385,Downtown,22,19,Monthly,0,Premium,79,0,0,1,3.4,1,1,2,20,0,0,0,Walk-in,0,0
RW-108386,Lakeview,60,25,Annual,4,Premium,74,0,0,0,11.1,1,5,5,6,2,0,0,Walk-in,0,0
RW-108387,Hillcrest,30,24,Monthly,0,Plus,49,0,0,0,10.6,1,28,28,4,1,1,0,Online ad,0,0
RW-108388,Hillcrest,56,8,Annual,4,Basic,24,1,0,0,3.9,0,9,9,1,7,0,0,Online ad,0,0
RW-108389,Lakeview,34,18,Monthly,0,Basic,19,1,0,0,9.0,1,5,11,0,3,0,0,Walk-in,0,0
RW-108390,Lakeview,24,34,Monthly,0,Plus,49,0,0,0,2.7,1,9,16,3,3,0,0,Corporate,1,0
RW-108391,Westfield,58,31,Monthly,0,Plus,49,1,1,1,2.5,1,28,28,4,9,1,0,Online ad,0,0
RW-108392,Lakeview,31,9,Annual,2,Basic,24,0,0,0,15.0,1,10,11,4,4,0,0,Online ad,1,0
RW-108393,Northgate,44,3,Monthly,0,Basic,29,0,0,0,3.7,1,9,3,9,2,0,1,Corporate,0,0
RW-108394,Downtown,22,30,Monthly,0,Plus,39,1,0,0,7.8,0,10,15,5,2,0,0,Walk-in,1,1
RW-108395,Lakeview,33,9,Monthly,0,Basic,29,0,1,0,4.0,1,4,4,13,2,0,0,Walk-in,0,0
RW-108396,Downtown,40,35,Monthly,0,Premium,79,0,0,0,4.6,0,0,3,57,0,0,0,Friend,0,1
RW-108397,Lakeview,31,5,Monthly,0,Basic,19,1,0,0,2.7,1,2,10,5,0,0,1,Online ad,0,1
RW-108398,Hillcrest,28,2,Annual,8,Plus,39,1,0,0,3.0,1,8,5,9,6,1,1,Friend,0,0
RW-108399,Riverside,49,31,Monthly,0,Plus,49,1,1,0,13.8,1,9,12,5,5,0,1,Online ad,0,0
RW-108400,Northgate,32,23,Monthly,0,Basic,29,0,0,0,15.9,0,6,3,5,1,0,0,Online ad,2,1
RW-108401,Riverside,30,49,Annual,1,Plus,44,0,0,0,4.8,0,9,4,9,5,0,1,Walk-in,0,0
RW-108402,Northgate,30,4,Annual,0,Plus,44,0,0,1,3.5,0,17,19,6,11,0,0,Corporate,0,1
RW-108403,Northgate,33,12,Monthly,0,Basic,29,0,0,0,5.1,0,6,5,4,1,0,0,Corporate,0,1
RW-108404,Westfield,31,28,Annual,4,Plus,44,0,0,0,5.5,1,26,21,4,12,0,0,Friend,0,0
RW-108405,Lakeview,55,15,Monthly,0,Premium,79,0,1,0,3.3,0,14,23,3,8,0,0,Walk-in,0,0
RW-108406,Riverside,32,45,Monthly,0,Plus,49,0,0,0,3.6,0,25,24,3,8,0,1,Friend,0,0
RW-108407,Westfield,28,26,Monthly,0,Basic,29,0,0,0,14.4,1,5,5,3,0,1,0,Friend,0,1
RW-108408,Hillcrest,40,44,Monthly,0,Plus,44,1,0,0,11.0,1,7,17,2,6,0,0,Walk-in,0,1
RW-108409,Hillcrest,27,36,Monthly,0,Plus,49,1,0,0,7.5,1,6,6,3,3,0,0,Online ad,0,1
RW-108410,Downtown,53,16,Annual,9,Basic,24,0,0,0,5.3,1,27,19,4,17,0,0,Online ad,0,0
RW-108411,Downtown,25,7,Annual,1,Basic,24,0,0,0,8.3,1,6,6,7,2,0,0,Online ad,0,1
RW-108412,Downtown,23,85,Monthly,0,Plus,49,0,0,0,12.2,0,6,6,5,0,0,0,Walk-in,0,0
RW-108413,Downtown,35,22,Monthly,0,Basic,19,1,0,0,3.8,1,4,8,4,0,0,0,Online ad,0,0
RW-108414,Riverside,25,23,Annual,10,Plus,44,0,0,0,4.2,1,5,12,6,1,0,0,Online ad,0,0
RW-108415,Westfield,24,26,Monthly,0,Premium,69,1,0,0,2.3,0,9,11,4,0,0,0,Friend,0,0
RW-108416,Westfield,59,5,Annual,8,Basic,24,0,0,0,5.3,0,7,13,5,6,0,0,Walk-in,0,0
RW-108417,Lakeview,33,24,Monthly,0,Premium,79,0,0,0,1.7,0,2,7,2,2,0,0,Online ad,0,0
RW-108418,Downtown,37,14,Monthly,0,Plus,49,0,0,0,7.0,0,9,7,8,0,1,0,Online ad,0,0
RW-108419,Westfield,22,2,Monthly,0,Basic,29,0,0,0,7.7,1,8,9,4,0,0,0,Corporate,0,0
RW-108420,Northgate,36,31,Monthly,0,Plus,49,0,1,0,18.0,1,11,11,1,4,0,0,Friend,0,0
RW-108421,Northgate,27,24,Annual,3,Basic,24,0,0,0,4.6,1,1,5,12,2,0,1,Walk-in,0,0
RW-108422,Downtown,36,15,Monthly,0,Plus,49,0,0,0,19.5,1,9,5,6,3,0,0,Friend,0,1
RW-108423,Lakeview,39,36,Monthly,0,Plus,49,0,0,0,13.3,0,4,11,12,0,0,0,Walk-in,0,1
RW-108424,Hillcrest,35,10,Monthly,0,Basic,29,1,0,0,7.3,1,14,9,0,1,1,1,Online ad,0,0
RW-108425,Lakeview,25,120,Annual,1,Premium,69,1,0,0,3.2,0,4,8,13,1,0,0,Online ad,0,1
RW-108426,Downtown,49,45,Annual,0,Basic,24,0,0,0,1.0,0,22,20,6,1,1,0,Walk-in,0,1
RW-108427,Northgate,45,32,Annual,6,Basic,14,1,0,0,6.6,1,3,10,2,0,0,0,Online ad,0,0
RW-108428,Riverside,41,55,Monthly,0,Plus,49,0,0,0,8.6,1,5,11,6,0,1,0,Walk-in,1,0
RW-108429,Riverside,40,41,Monthly,0,Premium,79,0,0,0,11.8,0,10,8,7,6,1,0,Walk-in,1,0
RW-108430,Hillcrest,41,16,Monthly,0,Plus,49,1,1,0,3.1,1,5,2,6,0,0,0,Corporate,0,0
RW-108431,Hillcrest,39,7,Monthly,0,Premium,69,1,0,1,3.1,1,14,11,7,1,0,0,Walk-in,0,0
RW-108432,Lakeview,29,10,Annual,2,Plus,39,1,1,0,3.2,0,2,4,11,1,0,0,Online ad,0,0
RW-108433,Hillcrest,39,7,Annual,3,Plus,44,0,0,0,8.2,0,0,2,56,0,0,0,Friend,0,0
RW-108434,Hillcrest,62,6,Annual,1,Basic,24,0,0,0,2.5,0,6,3,0,0,1,1,Corporate,1,1
RW-108435,Westfield,52,20,Monthly,0,Basic,29,0,0,0,4.4,0,15,14,1,4,0,0,Walk-in,0,1
RW-108436,Downtown,35,13,Monthly,0,Plus,49,0,0,0,3.5,0,2,6,11,2,0,0,Online ad,0,0
RW-108437,Hillcrest,30,12,Annual,11,Plus,44,0,0,0,3.7,1,5,6,1,0,0,0,Friend,0,0
RW-108438,Downtown,61,15,Monthly,0,Basic,29,0,0,0,7.4,1,0,2,41,0,0,0,Friend,0,1
RW-108439,Northgate,26,13,Monthly,0,Basic,29,0,0,0,6.5,1,14,13,5,1,0,0,Online ad,0,0
RW-108440,Downtown,36,9,Annual,3,Basic,24,0,0,0,2.9,1,8,5,7,2,0,0,Online ad,0,0
RW-108441,Westfield,38,12,Annual,11,Plus,34,1,0,0,1.7,1,6,1,8,0,0,1,Walk-in,0,0
RW-108442,Lakeview,36,12,Monthly,0,Basic,29,0,0,0,5.6,1,4,3,0,1,0,1,Online ad,0,0
RW-108443,Lakeview,38,3,Annual,11,Basic,24,0,0,0,3.2,1,4,4,1,3,0,0,Online ad,0,0
RW-108444,Hillcrest,25,5,Monthly,0,Basic,29,0,0,0,8.8,0,2,5,9,0,0,0,Online ad,1,1
RW-108445,Northgate,44,1,Monthly,0,Plus,49,0,1,0,5.8,1,16,0,2,1,0,0,Walk-in,0,0
RW-108446,Northgate,26,10,Annual,8,Basic,24,0,1,0,2.3,1,10,16,1,1,0,0,Corporate,0,0
RW-108447,Downtown,40,35,Monthly,0,Plus,49,0,0,0,11.8,1,7,10,7,0,0,0,Corporate,2,0
RW-108448,Downtown,33,81,Annual,5,Basic,24,0,0,0,5.7,0,10,17,5,1,0,0,Online ad,0,0
RW-108449,Downtown,33,78,Monthly,0,Plus,49,0,0,0,6.3,0,4,11,10,1,1,0,Online ad,0,1
RW-108450,Riverside,22,7,Annual,2,Plus,34,1,0,0,1.5,0,2,11,10,0,0,0,Friend,0,0
RW-108451,Hillcrest,26,17,Monthly,0,Plus,44,1,0,0,7.6,1,6,7,4,0,0,1,Friend,0,0
RW-108452,Hillcrest,41,42,Annual,10,Premium,74,0,0,0,4.1,1,3,3,6,0,0,0,Online ad,1,0
RW-108453,Downtown,23,10,Annual,4,Plus,44,0,1,0,2.6,1,28,28,1,11,0,0,Friend,1,0
RW-108454,Downtown,34,24,Annual,9,Premium,74,0,0,0,6.8,1,3,2,8,0,0,1,Walk-in,1,0
RW-108455,Riverside,46,12,Annual,8,Plus,44,0,0,0,9.0,1,11,10,5,0,0,1,Online ad,0,0
RW-108456,Northgate,63,32,Monthly,0,Plus,49,0,0,0,2.8,1,7,15,5,0,1,1,Friend,1,0
RW-108457,Lakeview,60,27,Monthly,0,Plus,49,0,1,0,4.1,0,3,6,2,0,1,1,Online ad,0,0
RW-108458,Downtown,28,1,Annual,7,Plus,44,0,0,0,5.4,1,7,0,6,0,0,0,Friend,0,0
RW-108459,Hillcrest,20,7,Monthly,0,Plus,39,1,1,0,17.2,0,4,6,8,0,0,1,Online ad,0,1
RW-108460,Northgate,32,2,Monthly,0,Basic,29,0,0,0,3.5,0,13,17,7,6,1,0,Online ad,0,0
RW-108461,Lakeview,46,23,Monthly,0,Plus,49,0,1,0,1.6,1,5,3,2,1,0,1,Online ad,0,1
RW-108462,Northgate,49,34,Monthly,0,Basic,29,0,0,0,2.4,0,6,6,3,1,0,0,Online ad,0,0
RW-108463,Lakeview,26,20,Monthly,0,Premium,79,0,0,1,4.9,0,3,14,7,0,0,1,Walk-in,0,1
RW-108464,Lakeview,43,32,Monthly,0,Basic,29,1,0,0,6.6,0,10,11,1,6,0,0,Friend,0,0
RW-108465,Riverside,39,64,Monthly,0,Plus,49,0,0,1,4.5,0,15,8,2,1,0,0,Online ad,0,0
RW-108466,Northgate,31,45,Annual,5,Basic,24,0,0,0,8.2,0,3,5,14,1,1,0,Online ad,0,0
RW-108467,Riverside,24,34,Annual,8,Basic,24,0,0,0,12.1,1,2,4,7,0,0,0,Online ad,0,0
RW-108468,Riverside,49,9,Annual,6,Plus,44,0,0,0,7.7,0,28,9,4,6,0,0,Online ad,0,0
RW-108469,Westfield,45,11,Monthly,0,Premium,79,0,0,1,3.6,0,8,7,7,9,0,1,Online ad,2,0
RW-108470,Riverside,34,15,Monthly,0,Plus,39,1,0,0,3.5,1,24,19,3,2,0,0,Friend,0,0
RW-108471,Downtown,45,4,Annual,6,Basic,24,0,1,0,10.0,0,19,21,5,3,1,0,Online ad,0,0
RW-108472,Hillcrest,26,50,Annual,1,Premium,74,0,0,0,5.4,0,2,2,1,0,0,1,Friend,0,1
RW-108473,Lakeview,60,35,Annual,5,Basic,24,0,1,1,5.4,0,0,5,43,0,0,0,Online ad,2,0
RW-108474,Westfield,49,16,Annual,3,Premium,74,0,1,0,3.1,1,13,15,5,3,1,0,Online ad,0,0
RW-108475,Northgate,39,11,Annual,9,Basic,24,0,0,0,2.3,1,14,15,0,4,1,0,Friend,0,0
RW-108476,Downtown,34,12,Monthly,0,Premium,79,0,0,0,11.3,1,11,6,5,0,0,1,Friend,0,0
RW-108477,Northgate,30,15,Monthly,0,Basic,19,1,0,0,3.0,0,0,12,35,0,0,0,Walk-in,0,1
RW-108478,Lakeview,41,13,Annual,10,Plus,44,1,0,0,3.2,0,7,4,8,1,0,0,Walk-in,0,0
RW-108479,Hillcrest,39,25,Monthly,0,Basic,24,1,1,1,9.2,1,14,4,3,9,0,0,Walk-in,0,0
RW-108480,Northgate,26,15,Monthly,0,Plus,49,0,0,0,2.7,0,18,17,5,4,1,0,Walk-in,0,0
RW-108481,Lakeview,28,13,Monthly,0,Basic,29,0,0,0,17.3,0,5,4,9,0,0,0,Online ad,1,0
RW-108482,Lakeview,34,6,Annual,2,Basic,19,1,1,0,22.5,1,2,4,16,0,1,0,Walk-in,0,0
RW-108483,Northgate,40,15,Annual,2,Plus,44,0,0,0,4.5,0,3,9,8,0,0,0,Walk-in,0,0
RW-108484,Hillcrest,25,5,Monthly,0,Plus,49,0,0,0,4.9,1,17,11,2,8,1,1,Walk-in,0,0
RW-108485,Hillcrest,29,16,Monthly,0,Premium,79,0,0,0,3.2,0,4,7,8,0,0,1,Online ad,1,0
RW-108486,Northgate,58,7,Monthly,0,Basic,29,0,0,0,16.9,0,4,5,7,0,0,0,Online ad,0,1
RW-108487,Downtown,39,11,Monthly,0,Basic,29,0,0,0,6.0,1,1,5,20,1,0,0,Walk-in,0,0
RW-108488,Lakeview,34,45,Annual,4,Basic,24,0,0,1,1.1,1,6,10,3,2,0,1,Online ad,0,0
RW-108489,Hillcrest,20,32,Annual,9,Basic,24,0,0,0,3.8,0,0,4,55,0,1,1,Walk-in,0,0
RW-108490,Lakeview,47,5,Monthly,0,Plus,49,0,0,0,17.0,0,2,3,9,1,0,0,Walk-in,0,1
RW-108491,Northgate,25,80,Monthly,0,Premium,79,1,0,0,8.0,1,16,14,3,1,0,0,Online ad,0,0
RW-108492,Northgate,50,5,Annual,3,Basic,24,1,0,0,6.3,0,2,3,15,0,0,0,Walk-in,0,0
RW-108493,Hillcrest,61,2,Monthly,0,Plus,49,0,0,0,1.9,1,12,12,6,3,0,0,Walk-in,0,0
RW-108494,Hillcrest,35,31,Monthly,0,Premium,79,0,0,1,2.2,0,22,8,3,1,0,0,Walk-in,1,0
RW-108495,Westfield,31,56,Monthly,0,Premium,79,0,0,0,4.8,1,14,9,7,2,0,0,Walk-in,1,1
RW-108496,Lakeview,22,22,Monthly,0,Basic,29,0,0,0,2.8,1,7,13,10,5,0,0,Friend,1,0
RW-108497,Riverside,38,9,Annual,4,Plus,44,0,0,0,4.1,1,8,11,9,0,0,0,Online ad,0,0
RW-108498,Northgate,75,62,Annual,5,Basic,24,0,0,0,8.6,1,5,5,1,3,0,0,Online ad,0,0
RW-108499,Downtown,38,4,Annual,10,Basic,24,0,1,0,5.8,1,2,13,0,1,0,1,Walk-in,0,0
RW-108500,Lakeview,36,31,Monthly,0,Plus,49,0,0,1,10.5,0,7,11,1,0,0,0,Walk-in,0,1
RW-108501,Riverside,40,34,Monthly,0,Basic,29,0,0,0,5.8,1,3,9,5,0,0,1,Walk-in,1,1
RW-108502,Downtown,48,11,Monthly,0,Premium,79,0,0,0,5.6,0,3,3,14,0,1,1,Friend,0,0
RW-108503,Northgate,28,79,Annual,11,Basic,24,0,0,0,4.5,1,19,19,1,2,0,0,Friend,0,0
RW-108504,Northgate,29,18,Monthly,0,Plus,49,0,0,0,4.0,0,16,6,5,1,0,0,Online ad,0,0
RW-108505,Northgate,34,47,Annual,2,Plus,44,0,1,0,6.2,0,19,11,1,14,0,0,Online ad,0,0
RW-108506,Lakeview,24,2,Annual,10,Basic,24,0,0,0,12.8,1,10,9,6,3,0,0,Friend,0,0
RW-108507,Downtown,42,21,Annual,10,Plus,44,0,1,0,3.4,1,11,14,3,3,0,0,Walk-in,1,0
RW-108508,Northgate,44,10,Annual,0,Plus,44,0,0,0,15.0,0,4,6,5,2,0,1,Online ad,0,1
RW-108509,Westfield,27,1,Monthly,0,Basic,19,1,0,0,4.5,0,1,0,9,0,0,0,Walk-in,0,0
RW-108510,Lakeview,45,6,Annual,9,Premium,64,1,0,0,3.9,1,1,11,4,0,0,0,Online ad,0,1
RW-108511,Northgate,31,12,Monthly,0,Plus,49,0,1,0,5.8,0,1,9,12,1,1,1,Friend,0,0
RW-108512,Riverside,29,4,Monthly,0,Plus,49,0,1,0,1.3,0,3,6,0,0,0,0,Friend,1,0
RW-108513,Westfield,71,18,Monthly,0,Premium,79,0,0,0,3.0,1,14,18,1,1,1,0,Online ad,0,0
RW-108514,Northgate,49,7,Monthly,0,Basic,29,0,0,0,4.1,0,7,14,5,6,0,0,Online ad,0,0
RW-108515,Northgate,27,68,Monthly,0,Plus,39,1,0,0,5.9,1,22,18,1,11,0,0,Online ad,0,0
RW-108516,Riverside,26,1,Annual,4,Basic,24,0,0,0,12.1,1,2,0,12,0,0,0,Walk-in,1,0
RW-108517,Northgate,34,22,Monthly,0,Plus,49,0,0,0,5.9,1,0,3,79,0,0,0,Online ad,0,1
RW-108518,Lakeview,62,4,Monthly,0,Premium,69,1,1,1,15.1,1,17,16,6,1,1,0,Friend,1,0
RW-108519,Riverside,26,39,Monthly,0,Plus,49,1,0,0,3.5,1,18,17,5,5,0,0,Online ad,0,0
RW-108520,Lakeview,62,3,Annual,5,Basic,19,1,1,0,3.5,0,6,7,11,0,0,0,Walk-in,0,0
RW-108521,Westfield,67,1,Annual,7,Basic,24,1,0,0,9.5,0,0,0,34,0,0,0,Walk-in,0,0
RW-108522,Riverside,27,8,Monthly,0,Plus,49,0,0,0,6.4,0,9,8,9,4,1,0,Walk-in,0,0
RW-108523,Hillcrest,29,24,Annual,11,Plus,44,0,0,0,4.1,1,7,5,1,0,2,0,Walk-in,0,0
RW-108524,Hillcrest,57,120,Annual,2,Premium,74,0,0,0,2.0,1,14,12,4,0,0,0,Walk-in,2,0
RW-108525,Lakeview,34,40,Monthly,0,Basic,29,0,0,0,2.4,0,14,6,4,3,0,0,Friend,0,0
RW-108526,Downtown,30,8,Monthly,0,Plus,49,0,1,0,7.6,1,5,3,11,2,0,1,Online ad,0,0
RW-108527,Northgate,25,7,Annual,10,Basic,24,0,0,0,3.6,1,15,10,6,1,0,1,Online ad,0,0
RW-108528,Lakeview,47,30,Annual,11,Plus,34,1,0,1,4.4,0,24,17,6,8,0,1,Online ad,1,0
RW-108529,Hillcrest,38,15,Monthly,0,Basic,29,0,0,0,2.4,0,9,9,8,0,0,0,Corporate,0,0
RW-108530,Downtown,22,29,Monthly,0,Premium,79,0,1,1,9.9,0,0,1,55,0,0,0,Corporate,0,1
RW-108531,Riverside,35,14,Monthly,0,Basic,19,1,0,0,26.4,1,0,6,33,0,1,0,Friend,0,1
RW-108532,Northgate,36,7,Annual,11,Plus,34,1,1,0,6.7,0,9,4,8,0,0,0,Online ad,0,0
RW-108533,Lakeview,32,8,Annual,3,Basic,24,0,0,1,2.4,1,9,6,7,4,0,0,Friend,0,0
RW-108534,Northgate,20,10,Annual,7,Premium,74,0,0,0,3.4,0,4,2,6,0,0,0,Online ad,0,0
RW-108535,Northgate,37,26,Annual,10,Plus,44,0,0,0,6.6,0,3,3,4,0,1,0,Walk-in,0,0
RW-108536,Northgate,45,4,Annual,8,Plus,44,0,1,0,9.2,0,3,3,3,0,0,0,Online ad,0,0
RW-108537,Hillcrest,38,6,Monthly,0,Basic,29,1,0,0,4.5,1,0,6,37,0,0,0,Corporate,0,1
RW-108538,Lakeview,25,46,Monthly,0,Basic,29,1,0,0,18.3,1,2,5,3,0,0,0,Online ad,0,0
RW-108539,Westfield,43,4,Monthly,0,Premium,79,0,0,1,3.2,0,2,3,9,1,0,0,Friend,0,0
RW-108540,Downtown,33,28,Monthly,0,Premium,79,0,0,1,1.3,0,5,3,7,0,0,1,Online ad,0,1
RW-108541,Lakeview,36,13,Monthly,0,Basic,29,0,0,0,1.9,0,1,16,18,0,0,0,Online ad,0,1
RW-108542,Downtown,20,5,Monthly,0,Basic,29,0,0,0,1.9,0,16,14,4,0,0,1,Online ad,0,1
RW-108543,Downtown,29,6,Monthly,0,Basic,29,0,0,1,11.7,0,15,19,2,6,1,0,Online ad,0,0
RW-108544,Northgate,53,9,Annual,0,Premium,74,1,0,0,5.6,0,9,4,1,5,1,0,Online ad,0,1
RW-108545,Lakeview,35,29,Annual,9,Basic,24,0,1,0,6.3,1,7,8,10,5,0,0,Online ad,1,0
RW-108546,Downtown,46,1,Annual,8,Basic,24,0,1,0,2.7,1,25,0,3,14,0,0,Walk-in,1,0
RW-108547,Downtown,40,13,Monthly,0,Premium,79,0,0,1,7.2,0,1,6,0,0,0,0,Walk-in,1,1
RW-108548,Hillcrest,43,11,Monthly,0,Basic,29,1,0,0,2.3,0,3,1,0,1,0,0,Walk-in,0,1
RW-108549,Hillcrest,30,10,Monthly,0,Basic,29,0,0,0,6.3,1,3,0,11,1,1,1,Walk-in,1,0
RW-108550,Downtown,56,48,Annual,9,Premium,64,1,0,1,5.1,0,3,2,14,2,0,1,Friend,0,0
RW-108551,Riverside,77,102,Monthly,0,Basic,29,0,1,0,5.5,1,10,5,8,2,1,0,Online ad,1,0
RW-108552,Downtown,25,21,Monthly,0,Basic,29,0,0,0,7.8,0,9,5,3,0,0,0,Online ad,0,0
RW-108553,Riverside,39,35,Annual,3,Plus,39,1,0,0,3.9,1,5,4,7,1,0,0,Walk-in,0,0
RW-108554,Downtown,28,3,Monthly,0,Plus,49,0,1,0,8.4,1,15,12,7,9,0,0,Corporate,0,0
RW-108555,Northgate,44,4,Annual,2,Plus,44,0,0,0,5.5,0,3,2,2,0,0,0,Walk-in,0,0
RW-108556,Northgate,21,3,Annual,3,Basic,24,0,0,0,5.6,1,3,4,8,0,1,0,Walk-in,1,0
RW-108557,Lakeview,45,14,Monthly,0,Plus,49,0,0,0,7.1,1,10,8,2,0,0,0,Friend,0,0
RW-108558,Downtown,35,1,Monthly,0,Plus,49,0,1,0,5.9,0,8,0,0,0,0,0,Online ad,0,0
RW-108559,Downtown,19,20,Monthly,0,Basic,29,0,1,0,6.7,0,0,2,33,0,0,0,Corporate,0,1
RW-108560,Lakeview,21,12,Monthly,0,Plus,49,0,0,0,6.9,1,2,12,12,1,0,0,Online ad,1,1
RW-108561,Northgate,25,42,Annual,9,Plus,39,1,0,0,7.7,0,12,11,3,1,0,0,Corporate,0,0
RW-108562,Hillcrest,27,17,Annual,10,Basic,14,1,1,1,24.0,0,4,10,9,0,0,0,Online ad,0,0
RW-108563,Northgate,23,29,Monthly,0,Basic,29,1,1,0,4.3,0,7,3,7,1,0,0,Online ad,0,0
RW-108564,Lakeview,33,3,Annual,9,Basic,24,0,0,0,2.4,1,1,2,12,0,0,0,Online ad,0,0
RW-108565,Northgate,34,16,Monthly,0,Basic,29,0,0,0,27.6,0,0,3,67,0,0,0,Corporate,0,1
RW-108566,Hillcrest,48,4,Monthly,0,Premium,79,0,1,0,10.7,0,6,6,7,5,0,0,Online ad,0,0
RW-108567,Hillcrest,27,24,Annual,2,Plus,44,0,0,0,4.2,1,22,21,3,13,1,0,Online ad,0,0
RW-108568,Riverside,30,3,Annual,11,Basic,24,0,0,0,1.4,0,7,8,6,0,0,0,Walk-in,0,0
RW-108569,Riverside,31,29,Annual,6,Plus,44,0,0,0,6.4,0,2,11,11,0,0,0,Friend,0,0
RW-108570,Hillcrest,34,4,Annual,8,Plus,44,0,0,0,10.7,0,0,2,68,0,1,0,Corporate,0,0
RW-108571,Hillcrest,39,12,Annual,8,Plus,44,0,0,0,3.4,0,3,12,10,3,1,0,Online ad,0,0
RW-108572,Westfield,30,6,Monthly,0,Premium,79,0,0,0,1.7,1,2,7,16,0,0,0,Walk-in,0,1
RW-108573,Riverside,20,12,Annual,9,Premium,74,0,1,1,4.7,1,13,16,1,6,0,1,Friend,0,0
RW-108574,Riverside,78,29,Monthly,0,Plus,49,0,0,0,20.9,1,3,1,4,0,0,0,Online ad,0,0
RW-108575,Westfield,25,81,Monthly,0,Basic,29,1,0,0,1.8,0,16,14,4,6,0,0,Friend,0,0
RW-108576,Westfield,33,31,Monthly,0,Basic,29,0,0,0,8.8,1,14,16,6,9,0,0,Walk-in,0,0
RW-108577,Northgate,38,22,Monthly,0,Basic,29,0,0,0,1.9,1,5,13,7,0,1,1,Corporate,1,0
RW-108578,Downtown,29,55,Annual,4,Basic,24,0,0,0,5.1,0,8,5,9,4,0,1,Online ad,0,0
RW-108579,Downtown,47,49,Annual,0,Basic,24,0,0,0,8.0,1,9,13,9,1,0,0,Friend,0,1
RW-108580,Downtown,42,4,Monthly,0,Plus,49,0,1,0,4.2,1,3,8,4,0,0,1,Online ad,0,0
RW-108581,Downtown,26,35,Monthly,0,Basic,29,0,1,0,7.0,1,6,7,5,1,0,0,Walk-in,0,0
RW-108582,Downtown,39,3,Monthly,0,Basic,29,0,1,1,2.7,0,11,6,1,0,1,0,Online ad,0,0
RW-108583,Downtown,46,4,Monthly,0,Basic,29,0,0,0,6.1,1,2,3,7,1,0,0,Online ad,0,0
RW-108584,Lakeview,47,9,Monthly,0,Plus,49,0,0,0,13.4,0,9,9,6,11,0,0,Friend,0,0
RW-108585,Northgate,38,2,Annual,3,Basic,24,0,1,0,10.0,1,14,14,2,9,0,0,Online ad,0,0
RW-108586,Downtown,32,11,Monthly,0,Basic,29,0,0,0,7.0,1,4,7,5,0,0,0,Walk-in,0,1
RW-108587,Lakeview,32,46,Monthly,0,Premium,79,1,0,0,3.0,1,14,11,6,1,0,1,Friend,0,0
RW-108588,Lakeview,58,37,Monthly,0,Plus,49,0,1,0,2.5,0,8,7,0,5,1,1,Online ad,0,0
RW-108589,Westfield,39,17,Annual,6,Basic,14,1,0,0,5.9,1,5,6,11,0,0,0,Online ad,0,0
RW-108590,Downtown,72,9,Monthly,0,Basic,24,1,0,0,6.8,1,0,9,72,0,1,0,Online ad,1,1
RW-108591,Downtown,40,43,Annual,1,Plus,39,1,0,0,3.6,1,28,28,3,17,0,0,Corporate,0,0
RW-108592,Northgate,28,5,Monthly,0,Plus,49,0,0,0,4.7,1,10,6,6,0,0,1,Online ad,0,1
RW-108593,Riverside,32,12,Annual,11,Basic,24,0,1,0,4.0,1,4,4,3,1,0,1,Walk-in,1,0
RW-108594,Lakeview,25,14,Annual,0,Plus,34,1,0,0,11.4,0,5,4,11,4,0,0,Walk-in,1,1
RW-108595,Westfield,46,9,Monthly,0,Basic,19,1,0,0,2.6,1,0,4,56,0,1,0,Corporate,0,0
RW-108596,Downtown,21,51,Monthly,0,Premium,79,0,0,1,3.8,1,19,17,2,2,0,0,Friend,0,1
RW-108597,Downtown,37,52,Monthly,0,Basic,19,1,0,0,28.2,0,7,7,8,5,0,0,Walk-in,0,0
RW-108598,Northgate,35,120,Annual,11,Plus,39,1,0,1,4.7,0,5,13,2,4,0,1,Friend,0,0
RW-108599,Northgate,45,53,Annual,0,Plus,44,0,0,0,1.3,1,20,15,6,0,0,0,Friend,0,1
RW-108600,Northgate,38,26,Monthly,0,Plus,49,0,0,1,4.7,0,12,28,7,6,1,0,Online ad,0,0
RW-108601,Riverside,43,6,Monthly,0,Plus,44,1,0,0,4.8,0,1,11,13,1,1,0,Online ad,0,0
RW-108602,Northgate,23,49,Monthly,0,Basic,29,0,0,0,14.6,0,2,2,5,2,0,1,Walk-in,0,0
RW-108603,Downtown,31,16,Annual,10,Premium,74,0,0,0,3.2,0,11,8,7,2,0,0,Walk-in,0,0
RW-108604,Riverside,34,3,Annual,2,Basic,24,0,0,0,7.5,1,4,4,1,0,0,0,Corporate,0,0
RW-108605,Northgate,25,10,Annual,6,Plus,44,1,1,0,5.6,1,4,8,5,1,0,0,Walk-in,0,0
RW-108606,Riverside,42,18,Annual,0,Premium,74,0,0,0,6.0,0,16,17,4,0,0,0,Walk-in,0,0
RW-108607,Downtown,29,5,Monthly,0,Basic,29,0,1,0,3.6,1,4,5,1,1,0,1,Corporate,0,0
RW-108608,Downtown,77,5,Annual,9,Basic,24,0,0,0,4.4,0,15,5,4,1,0,0,Online ad,1,0
RW-108609,Westfield,31,28,Annual,11,Plus,44,0,1,0,2.4,1,7,16,7,4,0,0,Online ad,0,0
RW-108610,Northgate,36,37,Monthly,0,Premium,79,0,0,1,3.3,1,12,7,3,1,0,1,Corporate,0,0
RW-108611,Northgate,41,32,Monthly,0,Basic,29,0,0,0,4.0,1,16,13,5,9,1,0,Friend,0,0
RW-108612,Lakeview,26,8,Annual,11,Premium,74,0,0,0,8.6,0,19,23,3,0,0,0,Friend,0,0
RW-108613,Hillcrest,40,45,Monthly,0,Basic,29,0,0,0,4.3,0,9,8,2,0,0,0,Online ad,0,0
RW-108614,Riverside,39,10,Monthly,0,Plus,39,1,0,0,5.9,1,0,3,44,0,0,0,Walk-in,0,1
RW-108615,Riverside,48,4,Annual,5,Premium,74,0,1,1,1.2,0,6,3,0,2,0,0,Walk-in,0,0
RW-108616,Lakeview,31,75,Monthly,0,Basic,29,1,0,0,2.3,1,5,9,1,1,0,1,Walk-in,0,0
RW-108617,Northgate,41,27,Monthly,0,Plus,49,0,0,0,4.5,1,6,5,4,1,0,0,Online ad,0,1
RW-108618,Downtown,37,107,Annual,3,Basic,24,0,0,0,3.4,1,8,7,5,4,0,0,Friend,0,0
RW-108619,Hillcrest,28,37,Monthly,0,Basic,29,0,0,0,11.8,0,4,7,0,1,0,1,Walk-in,0,0
RW-108620,Lakeview,50,28,Monthly,0,Basic,29,0,0,0,5.2,0,3,9,10,1,0,0,Friend,0,0
RW-108621,Riverside,28,4,Monthly,0,Basic,29,0,1,0,12.3,0,6,6,1,4,0,0,Friend,0,0
RW-108622,Northgate,42,7,Monthly,0,Basic,29,0,0,0,3.4,1,5,5,5,2,0,0,Walk-in,0,0
RW-108623,Downtown,34,2,Annual,1,Plus,34,1,0,0,2.9,0,5,5,7,1,0,1,Walk-in,0,1
RW-108624,Lakeview,24,2,Annual,4,Plus,44,0,0,0,2.4,0,16,12,4,0,0,0,Online ad,0,0
RW-108625,Northgate,22,35,Annual,10,Basic,24,0,1,0,5.3,1,8,13,8,1,0,0,Online ad,0,0
RW-108626,Lakeview,32,2,Monthly,0,Basic,24,1,0,1,6.5,0,11,11,4,2,0,0,Corporate,0,0
RW-108627,Riverside,73,8,Monthly,0,Basic,29,1,0,0,8.1,1,3,17,4,0,0,0,Walk-in,0,0
RW-108628,Northgate,31,23,Annual,11,Plus,34,1,1,0,7.8,0,9,7,3,6,0,0,Online ad,0,0
RW-108629,Hillcrest,55,16,Monthly,0,Basic,29,0,1,0,2.2,0,4,7,4,0,0,0,Online ad,1,0
RW-108630,Riverside,30,26,Monthly,0,Plus,49,0,0,0,1.3,0,15,28,3,1,0,1,Friend,0,0
RW-108631,Downtown,51,10,Monthly,0,Plus,49,0,0,0,9.2,0,10,14,8,7,1,1,Online ad,0,0
RW-108632,Downtown,41,10,Monthly,0,Premium,69,1,0,0,14.3,1,8,9,0,5,0,1,Walk-in,1,0
RW-108633,Hillcrest,22,3,Annual,10,Plus,44,0,1,0,10.6,0,19,25,2,4,0,0,Online ad,0,0
RW-108634,Westfield,40,28,Monthly,0,Plus,49,0,0,0,23.2,0,6,5,8,0,0,0,Online ad,0,0
RW-108635,Northgate,43,59,Annual,7,Plus,44,0,0,0,3.9,0,4,18,0,2,0,0,Walk-in,0,0
RW-108636,Northgate,56,3,Monthly,0,Basic,29,0,0,1,4.9,0,3,1,2,1,0,1,Walk-in,0,0
RW-108637,Downtown,40,1,Monthly,0,Basic,29,0,0,0,4.0,1,4,0,5,0,1,0,Online ad,0,0
RW-108638,Lakeview,26,28,Annual,1,Basic,24,0,1,0,1.5,0,1,4,15,0,0,0,Online ad,0,1
RW-108639,Westfield,25,75,Annual,1,Plus,34,1,0,0,5.5,0,25,17,2,11,1,0,Online ad,0,0
RW-108640,Lakeview,21,66,Annual,4,Basic,24,0,1,0,2.6,0,8,11,4,2,0,1,Corporate,0,0
RW-108641,Lakeview,63,4,Monthly,0,Plus,49,0,0,1,5.4,1,2,7,8,0,0,0,Online ad,0,1
RW-108642,Westfield,26,4,Monthly,0,Basic,29,0,0,0,5.7,1,0,6,65,0,0,0,Friend,0,0
RW-108643,Northgate,31,4,Monthly,0,Plus,49,0,0,0,7.2,0,1,0,15,0,1,0,Walk-in,0,0
RW-108644,Northgate,54,20,Monthly,0,Basic,29,1,0,0,6.0,0,7,11,5,0,0,0,Friend,1,0
RW-108645,Hillcrest,32,16,Monthly,0,Plus,49,1,0,0,40.0,0,5,3,3,0,0,1,Friend,0,0
RW-108646,Westfield,43,18,Monthly,0,Plus,49,0,0,0,2.1,1,22,21,4,0,1,0,Walk-in,0,0
RW-108647,Northgate,47,37,Monthly,0,Plus,49,0,0,0,6.3,0,3,12,12,0,0,1,Online ad,0,0
RW-108648,Lakeview,28,6,Annual,2,Plus,44,0,0,0,6.7,1,14,5,5,8,0,0,Walk-in,1,0
RW-108649,Northgate,35,25,Monthly,0,Plus,49,0,0,0,5.4,0,9,5,1,2,0,0,Online ad,0,0
RW-108650,Northgate,32,68,Monthly,0,Basic,24,1,0,0,8.6,1,10,14,0,0,0,0,Walk-in,0,0
RW-108651,Downtown,34,5,Monthly,0,Plus,49,0,0,0,4.5,0,7,5,7,2,1,1,Online ad,0,0
RW-108652,Riverside,42,4,Monthly,0,Basic,19,1,1,0,9.4,0,5,3,9,1,2,0,Walk-in,0,1
RW-108653,Hillcrest,52,120,Annual,6,Basic,24,0,0,0,3.2,0,3,5,13,5,0,1,Online ad,0,0
RW-108654,Northgate,35,5,Monthly,0,Plus,49,0,1,0,7.7,0,3,7,11,0,1,0,Walk-in,0,1
RW-108655,Downtown,60,1,Annual,0,Basic,19,1,0,0,3.8,0,3,0,2,0,0,0,Friend,0,1
RW-108656,Northgate,58,17,Annual,1,Basic,24,0,0,0,2.3,1,2,6,14,0,0,0,Online ad,0,1
RW-108657,Riverside,32,6,Monthly,0,Plus,49,0,1,0,1.9,0,7,16,8,0,0,0,Online ad,1,1
RW-108658,Northgate,41,87,Annual,6,Basic,24,0,1,0,4.4,1,2,1,1,1,1,0,Walk-in,0,0
RW-108659,Northgate,31,13,Monthly,0,Basic,29,1,0,0,2.9,1,20,19,1,10,0,1,Corporate,0,0
RW-108660,Hillcrest,24,1,Monthly,0,Plus,49,1,0,0,40.0,0,2,0,17,1,1,1,Walk-in,0,1
RW-108661,Riverside,37,10,Monthly,0,Basic,19,1,0,0,3.0,1,5,6,11,0,0,0,Walk-in,0,0
RW-108662,Hillcrest,29,4,Monthly,0,Basic,29,0,0,0,18.3,1,2,3,11,0,0,0,Online ad,0,1
RW-108663,Riverside,61,11,Monthly,0,Plus,49,0,1,0,5.3,1,5,6,2,0,0,0,Walk-in,0,0
RW-108664,Downtown,52,2,Monthly,0,Basic,29,0,0,0,1.9,1,10,16,5,1,1,0,Walk-in,0,0
RW-108665,Riverside,28,4,Monthly,0,Basic,29,0,0,0,4.7,0,5,14,12,0,0,0,Friend,0,0
RW-108666,Hillcrest,23,9,Annual,5,Basic,24,0,1,0,3.4,1,5,8,4,3,0,0,Walk-in,0,0
RW-108667,Hillcrest,36,31,Monthly,0,Premium,79,0,0,0,4.3,1,9,3,9,2,0,0,Online ad,0,0
RW-108668,Northgate,25,44,Annual,11,Plus,44,0,0,0,2.2,0,14,11,3,0,1,0,Walk-in,0,0
RW-108669,Hillcrest,34,28,Monthly,0,Plus,49,0,1,0,11.8,0,3,5,0,3,1,0,Corporate,0,1
RW-108670,Downtown,51,1,Annual,7,Plus,44,0,0,0,11.6,0,7,0,4,1,0,0,Walk-in,0,0
RW-108671,Riverside,31,8,Monthly,0,Premium,79,0,0,0,8.8,0,17,11,3,2,0,0,Corporate,1,0
RW-108672,Downtown,27,16,Annual,2,Plus,44,1,0,0,2.6,1,20,14,4,7,0,0,Walk-in,0,0
RW-108673,Riverside,74,4,Monthly,0,Basic,29,1,0,1,3.1,0,4,11,5,1,1,0,Online ad,0,1
RW-108674,Northgate,24,23,Monthly,0,Plus,49,0,0,0,2.4,0,7,5,7,3,0,0,Walk-in,0,1
RW-108675,Northgate,45,22,Monthly,0,Premium,79,0,0,1,3.7,0,9,10,9,7,1,1,Friend,0,0
RW-108676,Northgate,36,15,Annual,4,Plus,44,0,0,0,7.0,1,4,11,5,0,0,1,Walk-in,0,0
RW-108677,Northgate,30,9,Annual,6,Premium,69,1,1,0,8.6,1,6,6,0,6,0,0,Walk-in,1,0
RW-108678,Lakeview,51,15,Monthly,0,Basic,29,1,0,0,5.5,1,22,13,3,1,0,0,Friend,0,0
RW-108679,Northgate,35,5,Monthly,0,Basic,29,0,0,0,5.2,0,4,8,5,0,0,0,Corporate,0,0
RW-108680,Lakeview,20,5,Annual,10,Plus,44,0,1,0,12.8,0,2,5,14,0,0,1,Online ad,0,0
RW-108681,Northgate,35,17,Monthly,0,Plus,39,1,0,0,10.4,0,3,6,13,1,1,1,Walk-in,0,1
RW-108682,Riverside,29,7,Annual,10,Basic,24,0,0,0,7.6,1,28,21,5,13,1,0,Online ad,0,0
RW-108683,Downtown,49,3,Monthly,0,Basic,29,0,0,0,7.1,1,0,5,51,0,0,0,Online ad,0,1
RW-108684,Hillcrest,33,31,Annual,3,Basic,24,0,1,1,4.5,1,12,15,6,5,0,0,Online ad,0,0
RW-108685,Riverside,27,9,Annual,3,Premium,74,0,1,0,2.8,0,22,26,4,1,0,0,Online ad,1,0
RW-108686,Hillcrest,46,37,Annual,5,Plus,44,0,1,0,3.0,1,3,5,7,0,0,0,Corporate,0,0
RW-108687,Westfield,36,40,Monthly,0,Plus,49,0,0,0,2.1,0,2,6,17,1,2,0,Walk-in,0,0
RW-108688,Downtown,34,8,Annual,6,Basic,19,1,0,0,5.7,0,2,6,6,0,0,0,Walk-in,1,0
RW-108689,Downtown,39,18,Monthly,0,Basic,29,0,0,0,6.5,1,13,12,6,4,0,0,Online ad,0,0
RW-108690,Riverside,52,26,Annual,2,Premium,74,0,0,0,4.4,1,7,4,6,0,0,0,Friend,0,0
RW-108691,Riverside,26,22,Annual,9,Plus,34,1,0,0,4.3,0,6,16,2,1,0,0,Online ad,0,0
RW-108692,Northgate,42,23,Monthly,0,Plus,49,0,0,0,5.8,1,3,8,0,3,0,0,Walk-in,1,0
RW-108693,Northgate,43,22,Annual,4,Basic,24,0,0,0,1.0,0,6,4,9,1,1,0,Online ad,0,1
RW-108694,Riverside,29,27,Monthly,0,Basic,29,0,0,0,4.8,1,7,9,9,0,0,0,Walk-in,0,0
RW-108695,Westfield,29,35,Monthly,0,Basic,19,1,0,0,1.2,0,22,21,5,12,0,1,Online ad,0,1
RW-108696,Riverside,29,3,Monthly,0,Basic,29,1,0,0,5.3,0,0,12,87,0,0,1,Online ad,0,1
RW-108697,Westfield,44,25,Monthly,0,Plus,49,0,0,0,9.9,0,0,15,74,0,0,0,Online ad,0,1
RW-108698,Northgate,59,6,Monthly,0,Basic,24,1,0,0,2.9,0,5,14,12,0,0,0,Corporate,1,0
RW-108699,Downtown,32,27,Annual,2,Basic,24,0,0,0,4.7,1,15,12,4,0,0,0,Online ad,0,0
RW-108700,Lakeview,50,89,Annual,7,Basic,24,0,0,0,9.9,0,2,6,12,0,0,0,Walk-in,0,0
RW-108701,Lakeview,35,54,Annual,5,Plus,44,0,0,0,11.5,1,9,13,2,4,0,0,Online ad,0,0
RW-108702,Riverside,31,64,Monthly,0,Plus,49,0,0,0,12.8,1,15,16,6,6,0,1,Walk-in,0,0
RW-108703,Lakeview,33,3,Monthly,0,Premium,79,0,0,1,4.4,1,1,15,10,1,0,0,Online ad,0,1
RW-108704,Riverside,40,2,Monthly,0,Basic,29,1,0,0,8.4,1,8,6,10,2,0,0,Walk-in,0,1
RW-108705,Lakeview,24,26,Annual,10,Plus,44,0,0,0,17.9,0,9,5,9,1,0,0,Online ad,0,0
RW-108706,Downtown,39,8,Monthly,0,Basic,29,0,0,1,1.5,0,15,12,4,2,0,1,Online ad,0,0
RW-108707,Downtown,47,3,Annual,10,Premium,74,0,1,1,4.4,0,4,12,13,0,0,1,Online ad,0,0
RW-108708,Downtown,67,23,Monthly,0,Plus,49,0,0,0,2.2,0,5,3,8,0,0,1,Friend,0,0
RW-108709,Hillcrest,20,15,Monthly,0,Premium,79,0,0,0,6.0,1,2,15,2,0,1,0,Friend,0,1
RW-108710,Riverside,51,9,Monthly,0,Plus,49,0,0,0,2.1,1,6,16,5,3,0,0,Friend,0,0
RW-108711,Riverside,36,14,Monthly,0,Basic,29,0,0,0,2.4,1,9,12,3,0,0,0,Online ad,0,0
RW-108712,Riverside,38,7,Monthly,0,Plus,49,0,0,0,6.4,1,13,17,1,2,0,0,Friend,0,0
RW-108713,Northgate,49,36,Monthly,0,Basic,29,0,0,0,2.0,0,5,6,7,3,1,0,Online ad,0,0
RW-108714,Northgate,49,65,Monthly,0,Premium,79,0,1,0,7.7,1,4,8,9,0,1,0,Walk-in,0,0
RW-108715,Northgate,25,108,Annual,10,Basic,24,0,0,0,2.7,1,28,27,5,10,0,0,Friend,1,0
RW-108716,Lakeview,41,6,Monthly,0,Premium,79,0,0,0,5.0,0,15,8,5,8,0,0,Online ad,0,0
RW-108717,Riverside,55,12,Annual,9,Premium,74,0,1,0,4.1,0,4,8,1,4,0,0,Online ad,1,0
RW-108718,Downtown,37,28,Monthly,0,Plus,44,1,1,0,10.4,0,2,12,16,2,0,1,Walk-in,1,0
RW-108719,Hillcrest,53,30,Monthly,0,Basic,19,1,0,0,1.2,1,7,10,2,5,0,0,Walk-in,0,1
RW-108720,Downtown,36,16,Annual,11,Premium,64,1,0,1,2.6,1,15,14,0,0,1,0,Friend,0,0
RW-108721,Westfield,26,4,Monthly,0,Plus,49,0,1,0,6.5,1,6,3,1,2,0,0,Friend,0,0
RW-108722,Downtown,40,10,Annual,10,Plus,44,0,0,0,2.1,1,2,7,10,0,1,0,Walk-in,0,0
RW-108723,Downtown,24,2,Monthly,0,Premium,79,0,0,1,2.2,1,2,11,12,0,0,1,Online ad,0,0
RW-108724,Riverside,37,50,Annual,8,Basic,24,0,0,0,2.0,0,13,8,3,0,1,0,Online ad,0,0
RW-108725,Westfield,36,31,Annual,9,Basic,24,0,0,0,6.2,1,7,8,2,0,0,0,Walk-in,0,0
RW-108726,Riverside,34,6,Monthly,0,Premium,79,0,0,0,7.7,0,5,3,6,0,0,0,Online ad,1,0
RW-108727,Lakeview,22,16,Monthly,0,Basic,29,0,1,0,5.0,1,7,12,0,1,1,0,Walk-in,0,0
RW-108728,Northgate,54,14,Monthly,0,Plus,49,0,0,0,4.8,0,2,7,16,0,0,0,Friend,0,1
RW-108729,Riverside,43,4,Annual,2,Premium,74,0,0,1,1.6,0,1,5,4,0,0,0,Friend,0,0
RW-108730,Hillcrest,39,16,Monthly,0,Basic,24,1,0,0,7.6,1,7,13,10,0,1,1,Walk-in,0,1
RW-108731,Hillcrest,31,16,Annual,7,Basic,24,0,0,1,2.7,1,25,28,3,2,0,0,Walk-in,1,0
RW-108732,Downtown,25,80,Monthly,0,Basic,29,0,0,0,12.1,0,5,9,10,1,0,0,Corporate,0,1
RW-108733,Hillcrest,36,10,Annual,10,Basic,24,0,0,0,3.7,1,21,20,4,1,1,0,Walk-in,0,0
RW-108734,Lakeview,44,44,Monthly,0,Basic,29,0,0,0,7.2,1,8,16,5,1,0,0,Online ad,0,0
RW-108735,Hillcrest,25,8,Annual,0,Basic,14,1,0,0,3.5,1,4,6,8,0,0,1,Walk-in,0,1
RW-108736,Westfield,38,17,Annual,10,Basic,14,1,0,0,6.3,0,1,4,17,0,1,0,Online ad,0,0
RW-108737,Hillcrest,37,3,Annual,5,Plus,44,0,0,0,11.6,1,6,7,2,4,0,0,Friend,0,0
RW-108738,Downtown,19,9,Monthly,0,Plus,49,0,0,0,1.1,1,6,7,11,0,0,0,Walk-in,1,1
RW-108739,Hillcrest,29,24,Annual,9,Basic,14,1,0,0,8.1,1,7,11,8,3,0,0,Online ad,0,0
RW-108740,Riverside,78,3,Monthly,0,Basic,29,1,0,1,4.8,1,7,7,0,1,0,0,Friend,0,1
RW-108741,Westfield,42,2,Monthly,0,Plus,49,0,1,0,7.9,1,2,8,14,0,0,1,Online ad,0,1
RW-108742,Downtown,49,1,Monthly,0,Premium,79,0,0,0,2.0,1,13,0,6,0,0,0,Online ad,0,0
RW-108743,Westfield,49,9,Monthly,0,Plus,49,0,0,0,10.5,1,6,16,11,0,0,1,Friend,0,0
RW-108744,Lakeview,46,2,Monthly,0,Basic,29,0,0,0,3.5,1,5,5,9,2,0,0,Friend,0,1
RW-108745,Riverside,45,40,Annual,8,Basic,24,0,1,1,6.8,1,13,25,3,1,0,1,Friend,0,0
RW-108746,Westfield,37,18,Monthly,0,Basic,19,1,0,0,2.0,0,3,5,10,2,0,0,Online ad,0,0
RW-108747,Downtown,38,67,Monthly,0,Plus,49,0,0,0,10.7,1,10,7,8,0,0,0,Walk-in,0,0
RW-108748,Northgate,30,41,Annual,5,Plus,44,0,0,0,11.4,1,9,10,3,3,0,0,Walk-in,0,0
RW-108749,Hillcrest,36,46,Monthly,0,Premium,79,0,0,0,13.1,0,5,5,11,0,1,1,Friend,0,1
RW-108750,Hillcrest,64,46,Annual,9,Plus,44,0,0,0,22.3,0,5,6,8,0,0,0,Online ad,0,0
RW-108751,Northgate,23,13,Annual,10,Plus,44,0,1,0,3.3,1,4,8,7,3,0,0,Walk-in,0,0
RW-108752,Northgate,26,20,Monthly,0,Basic,29,0,1,0,2.9,1,14,6,6,1,0,0,Walk-in,1,0
RW-108753,Northgate,47,21,Monthly,0,Plus,49,0,1,0,6.5,1,6,4,9,4,0,0,Online ad,0,0
RW-108754,Lakeview,31,1,Monthly,0,Basic,29,0,0,0,6.8,1,8,0,8,1,0,0,Online ad,0,0
RW-108755,Riverside,27,66,Monthly,0,Premium,79,0,0,0,4.4,0,9,22,9,8,1,0,Online ad,0,0
RW-108756,Downtown,21,5,Annual,11,Basic,24,0,0,0,2.7,1,8,8,5,3,0,1,Corporate,0,0
RW-108757,Northgate,35,7,Monthly,0,Plus,49,0,0,0,3.9,1,9,10,5,2,0,1,Friend,0,0
RW-108758,Riverside,37,24,Monthly,0,Basic,29,0,0,0,2.2,0,0,5,38,0,0,0,Walk-in,0,0
RW-108759,Hillcrest,34,13,Monthly,0,Basic,29,0,0,0,3.1,0,5,7,4,4,0,0,Friend,0,0
RW-108760,Downtown,24,18,Monthly,0,Basic,29,0,0,0,8.4,0,10,8,4,1,0,0,Online ad,0,0
RW-108761,Westfield,42,26,Monthly,0,Plus,49,0,1,1,3.2,1,6,14,9,0,0,0,Walk-in,0,0
RW-108762,Lakeview,32,38,Annual,6,Basic,19,1,0,0,5.7,1,21,10,3,1,0,0,Friend,0,0
RW-108763,Hillcrest,37,75,Annual,4,Basic,24,0,0,1,4.3,1,28,17,3,0,0,0,Friend,0,0
RW-108764,Northgate,30,12,Monthly,0,Premium,79,0,0,0,15.7,1,0,12,34,0,0,0,Friend,0,1
RW-108765,Northgate,54,13,Monthly,0,Basic,29,0,0,0,10.3,0,4,7,1,1,0,1,Friend,0,0
RW-108766,Westfield,37,15,Annual,4,Basic,24,1,0,0,5.0,1,10,7,8,0,0,0,Walk-in,0,0
RW-108767,Northgate,43,11,Monthly,0,Plus,49,0,1,0,7.8,0,11,14,3,2,0,1,Walk-in,1,0
RW-108768,Northgate,26,68,Monthly,0,Plus,49,0,0,0,6.8,1,9,3,5,1,0,0,Friend,0,0
RW-108769,Downtown,20,9,Annual,9,Basic,24,0,0,0,4.1,0,3,5,7,0,0,0,Online ad,0,0
RW-108770,Downtown,49,3,Annual,9,Basic,24,0,0,0,5.1,0,4,14,7,3,1,0,Online ad,0,0
RW-108771,Riverside,40,23,Annual,10,Plus,44,0,0,0,3.5,0,4,13,0,1,1,0,Walk-in,0,0
RW-108772,Lakeview,55,37,Annual,10,Basic,24,0,0,0,9.0,0,13,20,6,5,0,0,Walk-in,1,0
RW-108773,Westfield,45,11,Monthly,0,Basic,29,0,0,1,9.2,0,6,2,0,5,1,0,Online ad,0,0
RW-108774,Northgate,25,22,Monthly,0,Basic,29,0,0,0,2.6,0,13,22,7,12,0,0,Friend,0,0
RW-108775,Westfield,47,21,Annual,3,Plus,44,0,0,0,4.5,1,0,8,46,0,0,0,Online ad,0,0
RW-108776,Westfield,52,7,Monthly,0,Plus,49,0,0,0,3.6,1,1,17,1,0,0,0,Online ad,0,1
RW-108777,Lakeview,37,11,Monthly,0,Plus,49,0,0,0,3.1,0,5,6,3,2,1,1,Walk-in,1,0
RW-108778,Lakeview,23,44,Annual,7,Premium,74,0,0,1,5.2,1,10,10,0,0,0,0,Online ad,0,0
RW-108779,Northgate,39,90,Annual,1,Premium,64,1,0,0,5.4,1,21,23,2,0,0,0,Corporate,0,0
RW-108780,Hillcrest,27,37,Monthly,0,Basic,29,1,1,0,10.0,1,13,11,1,6,0,0,Friend,0,0
RW-108781,Hillcrest,33,32,Annual,8,Basic,24,0,1,0,3.2,1,6,2,0,2,0,1,Online ad,0,0
RW-108782,Downtown,23,9,Monthly,0,Premium,69,1,0,0,3.8,0,6,9,2,1,0,0,Online ad,0,1
RW-108783,Downtown,25,25,Monthly,0,Premium,79,0,0,1,11.2,0,6,6,4,2,0,0,Online ad,1,0
RW-108784,Westfield,48,35,Annual,5,Plus,44,0,0,0,4.3,1,18,19,2,7,3,0,Online ad,0,0
RW-108785,Westfield,23,18,Monthly,0,Basic,29,0,0,0,2.0,0,8,8,3,0,0,0,Friend,0,0
RW-108786,Lakeview,37,3,Monthly,0,Premium,79,0,0,0,2.0,1,3,2,2,0,0,0,Walk-in,0,1
RW-108787,Riverside,33,38,Annual,6,Basic,24,1,0,0,4.7,1,11,8,1,1,0,0,Friend,0,0
RW-108788,Northgate,22,32,Monthly,0,Plus,44,1,0,0,3.9,1,7,8,1,5,0,0,Online ad,0,0
RW-108789,Hillcrest,33,38,Monthly,0,Basic,29,0,0,0,2.0,1,11,15,3,9,0,0,Online ad,0,0
RW-108790,Riverside,31,6,Monthly,0,Basic,29,0,0,0,2.5,0,8,9,4,6,0,0,Friend,1,0
RW-108791,Riverside,20,61,Monthly,0,Basic,29,0,1,0,9.3,1,15,16,5,9,0,0,Friend,0,0
RW-108792,Downtown,20,26,Annual,2,Basic,24,0,0,0,33.7,1,3,3,3,2,0,0,Corporate,1,0
RW-108793,Downtown,52,21,Monthly,0,Plus,44,1,0,0,2.8,1,19,8,2,7,0,1,Friend,0,0
RW-108794,Westfield,31,5,Monthly,0,Basic,29,0,0,0,4.2,1,6,8,0,0,0,0,Online ad,0,0
RW-108795,Northgate,75,25,Annual,9,Plus,44,0,0,0,9.2,1,9,12,1,5,0,1,Online ad,0,0
RW-108796,Westfield,47,3,Annual,2,Plus,44,0,0,0,9.2,1,6,3,1,0,0,0,Online ad,0,0
RW-108797,Westfield,38,22,Monthly,0,Premium,79,0,0,0,7.4,1,3,3,4,0,0,0,Walk-in,0,0
RW-108798,Riverside,22,33,Annual,8,Plus,44,0,0,0,4.3,1,4,4,8,2,1,0,Friend,0,1
RW-108799,Downtown,39,11,Annual,4,Plus,44,0,0,0,2.9,1,17,20,4,0,0,0,Walk-in,0,0
RW-108800,Hillcrest,27,25,Monthly,0,Premium,79,0,1,1,3.4,1,1,14,16,2,0,1,Online ad,0,0
RW-108801,Downtown,36,3,Annual,5,Plus,44,0,0,0,5.1,0,7,9,8,3,0,0,Online ad,1,0
RW-108802,Riverside,30,47,Annual,9,Basic,24,0,1,1,5.2,0,1,10,6,0,1,0,Corporate,0,0
RW-108803,Downtown,28,6,Monthly,0,Plus,49,0,0,0,2.4,1,4,11,8,0,0,0,Walk-in,0,0
RW-108804,Westfield,22,17,Monthly,0,Plus,49,0,0,0,4.4,0,17,13,3,0,0,0,Friend,0,1
RW-108805,Northgate,24,21,Monthly,0,Basic,29,0,0,0,4.8,1,9,13,2,2,1,0,Online ad,0,1
RW-108806,Lakeview,35,13,Monthly,0,Premium,79,0,0,1,11.8,1,3,4,10,2,0,0,Corporate,0,0
RW-108807,Westfield,41,38,Monthly,0,Plus,49,0,0,0,5.4,1,1,3,16,0,0,0,Friend,1,0
RW-108808,Lakeview,35,17,Monthly,0,Basic,19,1,1,0,4.2,1,7,8,7,4,0,0,Corporate,1,0
RW-108809,Northgate,38,20,Monthly,0,Premium,79,0,0,0,7.2,0,1,1,21,0,1,0,Walk-in,0,1
RW-108810,Northgate,34,20,Monthly,0,Basic,29,0,0,0,1.5,1,4,6,7,2,0,0,Walk-in,0,0
RW-108811,Downtown,30,61,Monthly,0,Plus,49,0,0,0,17.8,1,3,8,11,2,0,0,Online ad,0,0
RW-108812,Downtown,70,13,Annual,9,Basic,24,1,0,1,5.1,1,11,8,3,0,0,1,Walk-in,0,0
RW-108813,Northgate,34,42,Annual,6,Basic,24,0,0,0,5.9,1,3,9,10,1,1,0,Walk-in,0,0
RW-108814,Downtown,22,10,Monthly,0,Premium,79,1,0,1,2.0,0,7,6,10,0,0,0,Friend,0,0
RW-108815,Riverside,46,38,Monthly,0,Basic,29,0,0,0,2.2,0,16,10,4,2,0,0,Walk-in,1,0
RW-108816,Riverside,30,79,Monthly,0,Plus,49,0,0,0,2.7,0,28,28,3,20,0,0,Walk-in,0,0
RW-108817,Northgate,51,67,Monthly,0,Plus,49,0,0,0,3.0,1,3,17,2,1,1,0,Walk-in,0,0
RW-108818,Lakeview,38,52,Monthly,0,Plus,49,0,0,0,4.7,1,28,23,0,0,0,0,Walk-in,0,0
RW-108819,Northgate,34,34,Monthly,0,Plus,49,0,0,0,4.4,0,10,4,5,0,0,0,Walk-in,1,0
RW-108820,Westfield,69,15,Annual,4,Premium,74,0,0,0,5.0,0,1,19,2,0,0,0,Friend,0,0
RW-108821,Northgate,24,28,Annual,5,Plus,44,0,0,0,22.4,1,4,6,8,2,0,1,Walk-in,0,0
RW-108822,Northgate,25,16,Monthly,0,Plus,49,0,1,0,6.8,1,3,2,9,0,0,0,Online ad,0,0
RW-108823,Hillcrest,21,57,Monthly,0,Plus,39,1,0,0,14.0,1,6,10,1,1,0,0,Friend,0,0
RW-108824,Lakeview,31,45,Monthly,0,Basic,29,0,0,0,3.3,1,3,8,3,0,0,0,Online ad,0,1
RW-108825,Downtown,27,7,Annual,4,Basic,24,0,1,0,11.0,0,6,1,9,1,0,0,Online ad,1,0
RW-108826,Downtown,30,33,Annual,4,Basic,24,0,1,0,7.7,0,3,4,6,2,0,0,Online ad,0,0
RW-108827,Riverside,27,15,Annual,4,Plus,44,0,0,0,10.7,0,6,6,6,2,0,1,Walk-in,1,0
RW-108828,Downtown,26,5,Monthly,0,Basic,29,0,0,0,6.7,1,16,9,4,5,0,0,Walk-in,0,0
RW-108829,Westfield,31,11,Annual,11,Premium,74,0,0,0,2.6,0,2,5,15,3,0,0,Online ad,0,1
RW-108830,Riverside,34,6,Monthly,0,Basic,29,0,0,0,3.5,0,6,4,10,2,0,0,Friend,0,0
RW-108831,Lakeview,29,9,Monthly,0,Basic,19,1,0,0,1.6,0,1,2,8,2,2,0,Walk-in,0,0
RW-108832,Lakeview,40,33,Annual,6,Premium,74,0,0,1,3.0,0,16,18,7,1,0,0,Friend,0,0
RW-108833,Riverside,23,38,Monthly,0,Basic,29,0,0,0,1.9,0,11,4,8,4,0,0,Friend,0,0
RW-108834,Lakeview,38,20,Monthly,0,Basic,29,1,1,0,11.2,1,11,7,2,1,0,0,Corporate,0,0
RW-108835,Riverside,33,41,Monthly,0,Plus,49,0,0,0,15.9,0,5,3,4,1,1,1,Walk-in,0,0
RW-108836,Northgate,25,29,Monthly,0,Plus,49,0,0,0,6.7,1,6,14,7,1,0,0,Walk-in,0,0
RW-108837,Northgate,28,17,Annual,9,Plus,44,0,1,0,4.5,1,3,11,8,2,0,0,Friend,0,0
RW-108838,Hillcrest,35,7,Annual,1,Plus,44,0,0,0,0.9,1,28,28,4,17,0,0,Corporate,0,1
RW-108839,Riverside,19,17,Monthly,0,Basic,29,0,0,0,4.3,1,19,10,1,5,0,0,Online ad,1,0
RW-108840,Downtown,27,49,Monthly,0,Basic,29,0,0,0,3.6,0,6,28,11,0,0,0,Online ad,0,0
RW-108841,Westfield,41,2,Annual,4,Basic,24,0,0,1,4.4,0,5,7,7,0,2,0,Walk-in,0,0
RW-108842,Westfield,48,21,Annual,8,Basic,24,1,0,0,5.0,1,8,13,1,3,0,0,Friend,0,0
RW-108843,Westfield,22,52,Annual,3,Basic,14,1,0,0,6.2,0,1,0,10,2,0,0,Walk-in,0,0
RW-108844,Riverside,31,26,Monthly,0,Basic,29,0,1,0,3.5,0,3,7,14,1,0,0,Online ad,1,1
RW-108845,Lakeview,28,11,Monthly,0,Plus,49,0,0,0,2.9,0,23,15,3,12,0,1,Corporate,1,0
RW-108846,Westfield,27,19,Monthly,0,Basic,29,0,0,0,6.9,0,8,10,6,1,1,0,Friend,0,0
RW-108847,Lakeview,26,11,Monthly,0,Basic,29,1,1,0,2.7,0,4,8,5,0,1,1,Friend,0,0
RW-108848,Riverside,39,88,Annual,9,Plus,44,0,1,0,1.8,0,9,10,5,3,0,0,Walk-in,0,0
RW-108849,Lakeview,52,22,Monthly,0,Basic,29,0,0,0,3.7,0,10,4,7,7,0,0,Online ad,0,0
RW-108850,Riverside,31,35,Monthly,0,Premium,74,1,0,0,5.7,1,17,8,3,2,0,0,Friend,0,1
RW-108851,Lakeview,47,3,Annual,1,Plus,39,1,0,0,3.4,1,7,9,0,7,0,0,Walk-in,0,1
RW-108852,Lakeview,34,13,Monthly,0,Basic,29,0,1,0,3.3,0,6,12,2,0,0,0,Corporate,0,1
RW-108853,Downtown,26,43,Annual,2,Plus,39,1,0,0,3.9,1,13,10,0,0,1,1,Walk-in,0,0
RW-108854,Westfield,31,60,Monthly,0,Plus,49,0,0,0,14.3,1,11,18,2,5,0,1,Online ad,0,0
RW-108855,Downtown,38,13,Annual,5,Plus,44,0,0,0,5.7,1,9,6,5,1,1,0,Friend,0,0
RW-108856,Downtown,24,11,Monthly,0,Basic,29,0,0,0,8.5,1,8,4,5,2,0,0,Walk-in,0,1
RW-108857,Downtown,29,4,Monthly,0,Premium,79,0,1,1,3.8,0,0,18,47,0,0,0,Online ad,0,1
RW-108858,Hillcrest,49,17,Monthly,0,Basic,29,0,0,0,5.5,1,9,13,5,1,0,0,Online ad,0,1
RW-108859,Northgate,26,45,Annual,3,Plus,44,0,0,0,7.8,1,2,8,13,0,0,0,Friend,1,0
RW-108860,Downtown,25,10,Annual,1,Basic,24,0,0,0,2.7,1,17,22,2,5,2,0,Corporate,0,0
RW-108861,Lakeview,33,40,Monthly,0,Plus,49,0,0,1,4.7,1,9,8,8,5,0,1,Walk-in,0,0
RW-108862,Westfield,32,15,Annual,0,Premium,64,1,0,0,2.9,1,5,9,2,3,0,0,Online ad,0,1
RW-108863,Westfield,28,6,Monthly,0,Basic,29,0,1,0,2.1,1,4,2,5,0,0,0,Friend,0,0
RW-108864,Riverside,34,11,Monthly,0,Plus,49,0,0,0,2.1,1,12,6,7,9,1,0,Friend,0,0
RW-108865,Lakeview,42,18,Monthly,0,Plus,49,0,0,0,2.4,0,7,6,3,1,0,0,Walk-in,0,0
RW-108866,Northgate,29,58,Monthly,0,Basic,29,0,0,0,13.7,1,3,3,2,1,0,0,Online ad,0,0
RW-108867,Lakeview,33,4,Monthly,0,Basic,29,0,0,0,10.2,1,7,10,5,0,0,0,Walk-in,0,1
RW-108868,Downtown,25,29,Monthly,0,Plus,49,0,0,0,1.9,0,1,3,6,0,0,0,Online ad,0,0
RW-108869,Westfield,34,17,Annual,8,Premium,64,1,0,1,40.0,0,1,0,8,0,1,0,Walk-in,0,0
RW-108870,Northgate,27,3,Monthly,0,Plus,49,0,0,0,5.0,1,6,3,11,3,0,0,Online ad,0,1
RW-108871,Riverside,26,9,Monthly,0,Basic,29,0,0,0,5.0,0,6,15,7,1,1,0,Walk-in,0,0
RW-108872,Westfield,49,3,Annual,7,Basic,24,0,1,0,3.0,1,9,12,9,0,1,0,Friend,0,0
RW-108873,Northgate,36,7,Monthly,0,Basic,29,0,0,0,18.4,0,14,7,1,0,0,0,Online ad,0,0
RW-108874,Westfield,26,28,Annual,0,Plus,44,0,0,0,7.7,1,3,1,14,0,2,0,Walk-in,0,1
RW-108875,Riverside,55,13,Annual,7,Basic,24,0,1,0,3.3,0,1,2,4,1,0,1,Online ad,0,0
RW-108876,Hillcrest,26,12,Monthly,0,Basic,29,0,1,0,5.2,1,7,11,5,0,0,0,Friend,1,0
RW-108877,Westfield,18,10,Monthly,0,Basic,29,0,0,0,5.7,1,8,6,5,6,0,0,Friend,0,0
RW-108878,Westfield,33,16,Monthly,0,Basic,19,1,1,0,2.2,1,8,3,2,1,0,0,Online ad,0,0
RW-108879,Northgate,44,46,Monthly,0,Plus,49,1,1,0,4.7,0,8,10,6,4,0,0,Friend,0,0
RW-108880,Riverside,33,64,Monthly,0,Basic,29,0,0,0,6.6,0,2,4,7,0,2,0,Online ad,0,1
RW-108881,Lakeview,23,28,Annual,9,Basic,19,1,0,1,6.6,1,10,9,9,6,0,0,Online ad,0,0
RW-108882,Northgate,28,16,Monthly,0,Plus,44,1,0,0,14.4,1,11,7,8,7,0,0,Corporate,0,1
RW-108883,Hillcrest,21,23,Monthly,0,Basic,29,0,0,0,13.4,0,4,3,6,1,0,0,Walk-in,0,1
RW-108884,Hillcrest,35,16,Monthly,0,Premium,69,1,0,0,16.5,1,5,3,4,1,0,1,Online ad,0,0
RW-108885,Northgate,28,51,Annual,8,Premium,74,0,0,0,5.2,1,9,15,0,1,1,0,Corporate,0,0
RW-108886,Lakeview,37,8,Monthly,0,Premium,79,0,0,1,3.5,1,6,8,1,0,0,0,Corporate,0,0
RW-108887,Hillcrest,23,3,Monthly,0,Plus,49,0,0,0,4.5,1,2,4,12,0,0,0,Friend,0,0
RW-108888,Northgate,37,14,Monthly,0,Premium,79,0,0,0,27.1,1,3,1,4,1,0,0,Friend,0,1
RW-108889,Riverside,28,30,Monthly,0,Basic,19,1,0,0,4.4,0,14,11,0,7,0,0,Walk-in,1,0
RW-108890,Lakeview,43,49,Monthly,0,Premium,79,0,0,1,1.6,1,5,10,11,1,1,1,Corporate,0,0
RW-108891,Lakeview,24,31,Monthly,0,Basic,19,1,0,0,4.4,0,3,2,6,0,0,0,Online ad,0,1
RW-108892,Westfield,32,2,Monthly,0,Plus,49,0,0,0,6.9,0,13,8,3,5,1,0,Friend,0,0
RW-108893,Downtown,31,70,Monthly,0,Plus,49,0,0,1,5.3,0,5,2,1,1,1,0,Online ad,0,0
RW-108894,Riverside,48,25,Annual,5,Plus,44,0,0,0,18.1,1,4,6,8,0,0,0,Walk-in,0,0
RW-108895,Hillcrest,26,4,Annual,9,Premium,74,0,0,0,4.2,0,1,9,19,0,0,0,Walk-in,0,1
RW-108896,Northgate,32,3,Annual,11,Plus,34,1,0,0,12.1,0,2,3,7,0,0,0,Walk-in,0,1
RW-108897,Downtown,32,19,Monthly,0,Premium,79,0,0,1,3.6,1,7,7,3,0,0,1,Walk-in,0,0
RW-108898,Lakeview,32,7,Annual,0,Premium,74,0,0,0,4.7,1,7,7,6,0,1,0,Corporate,1,1
RW-108899,Lakeview,33,11,Annual,3,Plus,44,0,0,0,9.0,1,5,5,10,1,0,1,Online ad,0,0
RW-108900,Hillcrest,38,6,Monthly,0,Basic,19,1,0,0,8.1,1,9,4,6,0,0,0,Walk-in,0,0
RW-108901,Lakeview,41,23,Monthly,0,Plus,49,0,1,0,18.6,1,3,26,0,0,0,0,Friend,0,0
RW-108902,Hillcrest,30,36,Annual,7,Basic,24,0,0,0,5.8,1,18,15,1,0,1,0,Online ad,0,0
RW-108903,Lakeview,31,18,Annual,10,Basic,24,0,0,0,12.0,1,1,4,5,1,1,1,Friend,0,0
RW-108904,Riverside,39,30,Monthly,0,Premium,74,1,0,0,7.0,1,9,8,6,2,0,0,Online ad,0,0
RW-108905,Riverside,44,6,Monthly,0,Basic,29,0,0,0,2.3,0,9,7,8,4,0,0,Online ad,1,0
RW-108906,Hillcrest,27,7,Monthly,0,Basic,29,0,1,0,4.9,1,16,20,5,1,0,0,Online ad,0,0
RW-108907,Lakeview,29,6,Monthly,0,Basic,29,0,0,0,4.3,1,0,6,44,0,0,0,Friend,0,1
RW-108908,Riverside,21,21,Monthly,0,Plus,49,0,1,0,3.1,1,3,3,11,0,0,0,Online ad,0,0
RW-108909,Downtown,35,2,Annual,11,Plus,44,0,0,0,2.0,0,3,4,3,1,0,0,Friend,0,0
RW-108910,Westfield,42,6,Monthly,0,Basic,29,0,0,0,13.2,0,7,22,2,2,0,0,Online ad,1,0
RW-108911,Downtown,42,1,Annual,9,Premium,74,0,0,0,11.3,1,1,0,12,0,2,1,Online ad,0,1
RW-108912,Riverside,24,120,Annual,4,Basic,24,0,0,0,1.1,1,28,25,2,9,0,0,Online ad,0,0
RW-108913,Westfield,27,32,Monthly,0,Basic,29,0,0,0,12.2,1,4,3,13,0,0,1,Online ad,0,0
RW-108914,Riverside,28,18,Monthly,0,Basic,29,0,0,0,2.8,1,2,4,16,0,0,0,Walk-in,0,0
RW-108915,Downtown,51,67,Monthly,0,Basic,29,0,0,0,3.8,1,25,18,5,1,0,0,Corporate,1,0
RW-108916,Northgate,22,47,Monthly,0,Premium,79,1,0,1,10.0,0,21,11,6,1,1,0,Friend,0,0
RW-108917,Riverside,29,14,Annual,0,Plus,44,0,0,0,1.7,0,2,2,16,0,0,0,Friend,1,1
RW-108918,Westfield,49,8,Monthly,0,Basic,29,1,0,0,5.1,1,4,3,12,1,0,0,Corporate,1,0
RW-108919,Westfield,33,6,Annual,11,Basic,24,0,0,0,8.4,1,2,2,13,0,0,1,Corporate,0,0
RW-108920,Westfield,31,13,Annual,4,Basic,24,0,1,0,2.4,1,22,23,1,1,0,0,Friend,0,0
RW-108921,Northgate,35,7,Annual,6,Plus,44,0,0,0,7.5,1,1,7,20,0,0,1,Walk-in,1,0
RW-108922,Downtown,27,40,Monthly,0,Basic,29,0,1,0,4.5,1,7,28,5,0,0,0,Walk-in,0,0
RW-108923,Northgate,45,12,Annual,11,Plus,44,1,1,0,10.7,1,6,7,6,0,0,0,Walk-in,0,0
RW-108924,Northgate,37,13,Annual,5,Plus,44,0,0,0,4.6,1,4,9,3,0,0,0,Walk-in,0,0
RW-108925,Downtown,43,5,Monthly,0,Basic,29,0,1,0,2.6,1,28,28,2,14,1,0,Walk-in,0,0
RW-108926,Northgate,35,3,Monthly,0,Plus,49,0,0,0,2.7,1,3,9,14,0,0,1,Walk-in,1,0
RW-108927,Northgate,33,23,Monthly,0,Basic,19,1,0,0,11.2,1,4,4,5,0,0,0,Online ad,0,1
RW-108928,Downtown,47,37,Annual,11,Plus,44,0,0,0,3.8,0,18,10,4,0,2,0,Friend,1,0
RW-108929,Downtown,37,3,Monthly,0,Basic,29,0,0,0,16.8,0,8,1,9,3,2,1,Friend,0,1
RW-108930,Lakeview,47,46,Monthly,0,Premium,79,0,1,1,4.9,0,8,12,2,0,0,0,Online ad,0,0
RW-108931,Downtown,31,47,Annual,4,Basic,24,0,0,0,9.5,1,10,7,8,0,0,0,Online ad,0,0
RW-108932,Downtown,27,11,Annual,4,Basic,24,0,0,0,3.9,0,3,12,3,0,0,0,Online ad,1,0
RW-108933,Lakeview,53,5,Monthly,0,Basic,29,0,0,0,6.8,1,14,10,5,9,0,0,Walk-in,0,0
RW-108934,Hillcrest,30,14,Monthly,0,Premium,79,0,0,0,5.9,1,4,9,2,2,0,0,Friend,0,1
RW-108935,Lakeview,50,3,Annual,3,Plus,34,1,0,0,2.7,1,6,5,9,1,0,0,Online ad,0,0
RW-108936,Hillcrest,31,16,Annual,3,Plus,44,0,0,0,5.3,0,6,7,9,0,1,0,Online ad,0,0
RW-108937,Westfield,29,15,Monthly,0,Plus,44,1,0,1,3.6,1,9,16,5,1,0,0,Online ad,0,0
RW-108938,Downtown,45,10,Annual,2,Basic,24,0,1,0,1.4,1,11,8,7,1,0,0,Corporate,0,0
RW-108939,Downtown,23,41,Monthly,0,Plus,44,1,0,0,3.7,1,18,21,6,5,1,0,Online ad,1,0
RW-108940,Riverside,21,6,Monthly,0,Basic,29,0,0,0,11.9,0,1,3,3,0,0,1,Friend,0,1
RW-108941,Riverside,30,6,Monthly,0,Basic,29,0,0,0,8.8,0,1,5,15,0,0,0,Online ad,0,1
RW-108942,Northgate,23,10,Annual,9,Plus,44,0,0,0,15.4,1,4,15,7,1,1,0,Friend,0,0
RW-108943,Lakeview,78,6,Monthly,0,Premium,79,0,1,0,1.4,1,9,8,5,7,0,1,Online ad,0,0
RW-108944,Northgate,19,12,Annual,0,Basic,19,1,0,0,4.7,0,4,8,13,3,0,0,Online ad,0,1
RW-108945,Downtown,47,4,Monthly,0,Plus,49,0,0,0,2.3,0,5,12,4,2,0,0,Walk-in,1,1
RW-108946,Northgate,34,8,Annual,1,Basic,24,1,0,0,6.3,0,4,23,1,0,0,0,Online ad,0,1
RW-108947,Northgate,41,31,Annual,7,Basic,24,0,0,0,10.7,0,0,3,39,0,3,0,Online ad,0,1
RW-108948,Northgate,43,18,Monthly,0,Plus,49,0,0,0,4.9,1,9,3,5,4,1,0,Online ad,0,0
RW-108949,Westfield,50,2,Annual,3,Basic,24,1,0,0,3.6,1,4,3,4,3,0,0,Walk-in,0,0
RW-108950,Riverside,39,2,Annual,10,Basic,24,0,0,0,10.9,1,10,4,5,6,0,0,Walk-in,0,0
RW-108951,Westfield,60,19,Annual,5,Plus,39,1,0,0,10.6,1,6,14,0,1,0,0,Online ad,0,0
RW-108952,Hillcrest,78,18,Monthly,0,Basic,29,0,0,0,4.6,1,7,8,4,1,0,0,Corporate,0,0
RW-108953,Riverside,23,27,Monthly,0,Basic,29,0,0,0,3.7,1,8,11,0,1,1,0,Corporate,1,0
RW-108954,Downtown,49,17,Monthly,0,Plus,49,0,0,0,10.6,1,11,13,5,0,1,0,Online ad,0,0
RW-108955,Downtown,24,7,Annual,1,Plus,44,0,0,0,2.2,1,7,10,0,0,1,0,Online ad,1,1
RW-108956,Riverside,39,15,Monthly,0,Basic,29,0,0,0,3.7,0,6,2,9,5,0,0,Online ad,0,0
RW-108957,Downtown,21,2,Annual,11,Plus,44,0,0,1,3.6,0,11,5,7,5,1,0,Online ad,0,0
RW-108958,Hillcrest,34,36,Annual,7,Plus,44,0,0,0,1.9,1,0,6,35,0,1,0,Corporate,1,0
RW-108959,Downtown,32,14,Annual,0,Plus,44,0,0,0,5.1,1,7,10,9,0,1,0,Online ad,0,1
RW-108960,Hillcrest,55,10,Annual,8,Plus,44,1,0,0,15.9,1,5,6,0,2,1,0,Online ad,0,1
RW-108961,Riverside,48,32,Monthly,0,Premium,79,0,1,0,11.6,1,9,4,7,1,0,0,Online ad,0,0
RW-108962,Hillcrest,28,1,Monthly,0,Plus,49,0,1,0,1.2,0,4,0,7,0,0,0,Online ad,0,0
RW-108963,Westfield,22,120,Annual,9,Premium,74,0,0,0,9.1,0,1,1,16,0,0,0,Corporate,0,0
RW-108964,Hillcrest,48,3,Monthly,0,Basic,29,0,0,0,4.3,0,3,1,12,0,0,0,Walk-in,0,0
RW-108965,Northgate,37,18,Monthly,0,Plus,49,0,0,0,2.1,1,14,14,0,1,0,1,Online ad,0,0
RW-108966,Downtown,32,14,Annual,8,Plus,44,0,0,1,2.0,1,12,8,8,0,0,1,Online ad,0,0
RW-108967,Downtown,21,13,Monthly,0,Premium,79,0,0,1,12.4,0,4,1,9,1,0,1,Online ad,1,1
RW-108968,Hillcrest,58,18,Monthly,0,Plus,49,0,0,0,3.7,1,1,10,8,0,0,0,Walk-in,0,0
RW-108969,Westfield,43,19,Annual,2,Plus,44,1,1,0,6.9,1,2,4,1,0,1,1,Online ad,0,0
RW-108970,Lakeview,26,3,Monthly,0,Plus,39,1,0,1,4.2,0,6,6,8,0,0,1,Online ad,0,1
RW-108971,Hillcrest,40,9,Annual,5,Basic,24,0,0,0,2.4,1,2,4,6,1,0,1,Walk-in,0,0
RW-108972,Westfield,33,17,Annual,5,Plus,39,1,0,0,3.3,1,12,8,1,0,0,0,Online ad,2,0
RW-108973,Northgate,32,58,Annual,4,Plus,34,1,1,0,22.3,1,1,6,13,0,0,0,Online ad,1,0
RW-108974,Westfield,38,2,Annual,7,Plus,44,1,0,0,1.5,1,9,4,2,0,0,0,Online ad,0,0
RW-108975,Northgate,38,42,Monthly,0,Plus,49,0,0,0,2.7,1,24,12,3,1,0,0,Friend,0,0
RW-108976,Riverside,44,2,Annual,4,Plus,44,0,0,0,1.9,1,2,3,8,0,0,1,Online ad,0,0
RW-108977,Lakeview,23,5,Monthly,0,Premium,79,0,1,1,8.0,1,11,6,5,3,0,1,Online ad,1,0
RW-108978,Westfield,52,49,Monthly,0,Basic,19,1,1,0,10.6,1,17,21,0,5,0,1,Friend,0,0
RW-108979,Westfield,28,78,Monthly,0,Plus,49,0,0,0,8.0,1,4,9,8,2,0,0,Friend,0,0
RW-108980,Westfield,31,5,Annual,0,Plus,44,0,0,0,3.8,0,2,5,1,0,0,0,Online ad,0,1
RW-108981,Hillcrest,21,32,Monthly,0,Basic,29,0,0,0,3.6,1,9,21,3,7,3,0,Walk-in,0,1
RW-108982,Downtown,29,33,Annual,7,Basic,24,0,0,0,4.3,0,17,14,2,0,0,0,Walk-in,1,0
RW-108983,Lakeview,21,10,Annual,9,Plus,44,0,0,0,3.9,1,11,21,5,0,0,0,Friend,0,0
RW-108984,Hillcrest,41,7,Monthly,0,Basic,29,1,0,0,4.1,1,13,14,6,6,0,0,Walk-in,1,0
RW-108985,Riverside,24,29,Monthly,0,Plus,49,0,0,0,6.1,0,4,4,6,2,1,0,Walk-in,0,1
RW-108986,Riverside,49,77,Annual,9,Basic,19,1,0,0,14.1,0,6,6,2,2,0,0,Online ad,2,0
RW-108987,Riverside,34,70,Monthly,0,Basic,19,1,0,0,5.3,0,10,9,7,0,1,0,Walk-in,0,0
RW-108988,Lakeview,32,3,Monthly,0,Basic,29,0,0,0,1.4,1,4,11,7,3,0,0,Friend,0,0
RW-108989,Northgate,41,7,Annual,8,Premium,74,0,1,1,8.2,0,5,6,7,1,2,0,Online ad,0,0
RW-108990,Westfield,26,79,Annual,7,Basic,24,0,0,0,2.1,1,6,12,9,0,0,0,Corporate,0,0
RW-108991,Downtown,23,39,Monthly,0,Plus,49,0,0,0,2.0,0,14,17,6,1,0,1,Corporate,0,0
RW-108992,Hillcrest,27,8,Monthly,0,Basic,29,0,0,0,5.8,0,3,6,5,1,0,1,Online ad,0,0
RW-108993,Downtown,32,9,Monthly,0,Premium,79,0,0,0,6.2,0,0,0,46,0,0,0,Online ad,0,1
RW-108994,Northgate,56,25,Monthly,0,Basic,19,1,0,0,5.7,1,7,5,10,3,0,0,Friend,0,0
RW-108995,Riverside,39,19,Monthly,0,Plus,49,0,0,0,3.7,0,11,10,3,4,2,0,Walk-in,1,0
RW-108996,Lakeview,25,8,Annual,11,Basic,19,1,0,0,2.3,1,6,7,9,1,0,0,Online ad,0,0
RW-108997,Riverside,37,1,Annual,5,Premium,74,0,0,0,6.5,1,0,0,66,0,1,0,Corporate,0,0
RW-108998,Riverside,20,45,Monthly,0,Basic,29,0,1,0,2.4,0,7,12,8,0,1,0,Friend,0,1
RW-108999,Riverside,41,4,Monthly,0,Premium,79,0,0,0,7.9,1,9,11,5,1,1,0,Walk-in,0,0
RW-109000,Westfield,40,39,Annual,6,Premium,74,0,0,0,3.3,1,25,28,2,1,0,1,Friend,0,0
RW-109001,Downtown,38,9,Monthly,0,Plus,49,1,0,0,6.0,0,9,8,8,4,0,0,Corporate,0,0
RW-109002,Westfield,34,7,Monthly,0,Basic,29,0,0,0,8.7,0,2,6,16,0,0,0,Online ad,0,1
RW-109003,Hillcrest,20,34,Annual,9,Basic,24,0,0,1,7.7,0,26,25,5,1,0,1,Corporate,0,0
RW-109004,Lakeview,29,25,Annual,1,Plus,44,1,0,0,10.6,1,7,17,0,2,0,0,Corporate,0,1
RW-109005,Westfield,28,68,Annual,0,Basic,24,0,0,0,2.9,1,7,13,3,7,0,1,Corporate,1,0
RW-109006,Northgate,39,41,Annual,10,Basic,24,0,1,0,2.5,1,6,3,4,0,0,0,Online ad,0,0
RW-109007,Downtown,20,4,Monthly,0,Plus,49,0,0,0,10.3,0,6,3,4,5,0,0,Online ad,0,0
RW-109008,Hillcrest,33,84,Annual,4,Basic,24,1,0,0,4.7,1,22,19,1,3,0,0,Online ad,0,0
RW-109009,Riverside,74,80,Monthly,0,Basic,29,0,0,0,9.4,0,26,18,4,2,1,0,Friend,0,0
RW-109010,Northgate,35,16,Monthly,0,Basic,29,1,1,0,2.0,0,14,16,6,0,0,0,Online ad,0,1
RW-109011,Lakeview,48,9,Annual,7,Basic,24,0,0,0,3.3,0,15,12,7,7,1,0,Online ad,1,0
RW-109012,Hillcrest,21,7,Annual,0,Premium,74,0,0,1,4.6,1,10,7,6,5,0,0,Walk-in,0,0
RW-109013,Northgate,22,32,Annual,11,Plus,44,0,0,0,8.4,1,13,9,3,8,1,0,Friend,0,0
RW-109014,Westfield,33,5,Monthly,0,Premium,79,0,0,0,14.8,0,3,2,5,2,1,0,Online ad,0,1
RW-109015,Hillcrest,36,24,Monthly,0,Plus,49,0,0,0,9.4,0,6,5,4,0,0,0,Friend,0,0
RW-109016,Westfield,37,2,Monthly,0,Basic,29,0,0,0,2.9,1,0,21,44,0,0,0,Walk-in,0,1
RW-109017,Downtown,21,52,Monthly,0,Premium,79,0,0,0,4.3,1,1,6,10,0,0,0,Corporate,0,1
RW-109018,Hillcrest,19,5,Annual,3,Premium,74,0,0,1,4.1,1,2,15,3,1,0,1,Walk-in,0,0
RW-109019,Hillcrest,48,27,Annual,4,Basic,24,0,1,0,13.8,1,3,7,11,1,0,0,Walk-in,0,0
RW-109020,Northgate,19,53,Annual,0,Basic,19,1,0,1,2.5,1,17,23,5,5,0,0,Corporate,0,0
RW-109021,Lakeview,22,35,Annual,2,Premium,74,0,0,0,0.9,1,4,9,2,4,0,0,Walk-in,0,0
RW-109022,Riverside,38,6,Monthly,0,Plus,49,0,1,0,4.7,1,7,6,1,1,0,0,Online ad,1,1
RW-109023,Riverside,24,9,Monthly,0,Basic,29,0,0,0,23.0,1,4,4,10,1,0,0,Friend,1,1
RW-109024,Riverside,24,9,Monthly,0,Plus,49,0,0,0,5.0,1,8,5,10,7,1,0,Friend,1,0
RW-109025,Riverside,30,29,Monthly,0,Basic,29,0,0,0,6.2,0,0,21,43,0,0,0,Online ad,1,1
RW-109026,Lakeview,25,10,Monthly,0,Basic,29,0,0,0,4.5,1,4,11,10,4,0,0,Online ad,0,0
RW-109027,Riverside,28,19,Monthly,0,Plus,49,0,1,0,2.1,1,11,21,7,1,0,0,Friend,0,0
RW-109028,Downtown,25,25,Monthly,0,Plus,49,0,0,0,1.5,0,10,11,3,0,0,0,Online ad,0,0
RW-109029,Lakeview,46,63,Monthly,0,Basic,19,1,0,0,3.0,0,9,17,1,1,1,1,Online ad,0,0
RW-109030,Riverside,42,4,Monthly,0,Premium,79,0,0,1,3.7,1,11,15,5,6,0,1,Online ad,0,0
RW-109031,Northgate,23,6,Monthly,0,Basic,24,1,0,0,4.9,0,4,2,10,0,0,0,Corporate,0,1
RW-109032,Lakeview,50,9,Annual,8,Premium,74,0,0,1,2.6,0,6,13,2,1,0,0,Walk-in,0,0
RW-109033,Downtown,28,37,Annual,10,Plus,39,1,0,0,4.6,1,27,25,1,1,0,0,Online ad,0,0
RW-109034,Northgate,29,17,Annual,9,Premium,74,0,0,1,1.1,1,4,1,13,0,0,0,Friend,0,0
RW-109035,Riverside,22,6,Annual,10,Plus,44,0,1,0,8.7,0,6,10,2,0,0,0,Corporate,0,0
RW-109036,Riverside,51,25,Annual,8,Basic,24,1,0,0,10.4,0,7,8,1,3,0,0,Online ad,1,0
RW-109037,Westfield,63,72,Monthly,0,Plus,49,0,1,0,15.7,0,1,3,6,0,1,0,Friend,0,0
RW-109038,Northgate,43,3,Annual,0,Plus,44,0,0,0,4.2,1,0,10,33,0,1,0,Friend,0,1
RW-109039,Downtown,23,42,Annual,6,Basic,14,1,1,0,15.1,1,0,5,73,0,1,0,Online ad,0,0
RW-109040,Westfield,40,7,Monthly,0,Premium,69,1,0,1,3.5,0,8,6,5,0,0,1,Online ad,0,0
RW-109041,Westfield,37,3,Monthly,0,Plus,49,1,0,0,7.5,0,3,1,0,0,0,0,Online ad,1,1
RW-109042,Downtown,21,91,Monthly,0,Basic,29,1,0,0,15.7,0,8,4,3,1,0,0,Friend,0,0
RW-109043,Hillcrest,21,81,Annual,2,Premium,74,0,0,0,3.0,0,24,18,0,2,0,0,Online ad,0,0
RW-109044,Westfield,63,12,Annual,6,Basic,24,0,0,1,7.8,1,6,8,5,5,0,1,Walk-in,0,0
RW-109045,Northgate,57,15,Monthly,0,Basic,29,0,0,0,11.6,1,13,8,2,7,0,0,Walk-in,0,0
RW-109046,Hillcrest,63,3,Monthly,0,Basic,29,0,0,1,6.2,1,28,26,5,1,0,0,Corporate,0,0
RW-109047,Hillcrest,78,49,Annual,1,Plus,39,1,0,0,3.6,1,6,5,0,0,0,0,Online ad,0,1
RW-109048,Westfield,25,8,Annual,4,Basic,24,0,1,1,4.4,1,1,24,11,0,0,0,Online ad,0,0
RW-109049,Westfield,43,17,Monthly,0,Plus,49,0,0,0,2.6,0,13,19,4,3,0,0,Online ad,0,0
RW-109050,Northgate,34,20,Monthly,0,Plus,49,0,0,0,5.0,1,6,15,3,0,0,0,Friend,1,1
RW-109051,Downtown,28,34,Annual,5,Premium,74,0,0,1,6.5,1,5,9,3,4,0,0,Online ad,0,0
RW-109052,Northgate,29,67,Monthly,0,Basic,29,0,0,0,4.4,0,7,9,6,0,0,0,Online ad,0,0
RW-109053,Riverside,32,11,Annual,0,Premium,74,0,0,0,13.4,0,6,9,5,0,0,0,Friend,0,1
RW-109054,Lakeview,52,8,Monthly,0,Basic,29,0,0,0,3.6,0,11,6,4,7,1,0,Online ad,0,0
RW-109055,Westfield,32,9,Monthly,0,Plus,49,0,0,0,2.9,1,3,9,8,0,0,0,Corporate,0,1
RW-109056,Riverside,37,12,Annual,3,Plus,44,0,0,0,6.9,1,16,11,5,5,0,0,Walk-in,0,0
RW-109057,Northgate,31,28,Annual,7,Basic,24,0,0,0,2.8,0,1,10,21,0,1,0,Online ad,1,0
RW-109058,Hillcrest,49,7,Monthly,0,Basic,29,0,0,0,3.1,0,7,7,8,1,0,0,Walk-in,0,1
RW-109059,Riverside,39,12,Monthly,0,Plus,49,0,0,0,5.6,0,0,3,31,0,0,0,Walk-in,0,0
RW-109060,Northgate,23,47,Annual,8,Plus,44,0,0,0,6.0,1,4,7,0,0,0,0,Walk-in,0,0
RW-109061,Riverside,24,17,Annual,3,Basic,24,0,0,0,5.1,0,0,4,45,0,0,0,Walk-in,2,0
RW-109062,Northgate,21,21,Monthly,0,Plus,49,0,0,0,2.5,0,10,12,3,4,0,0,Walk-in,0,0
RW-109063,Lakeview,30,1,Monthly,0,Plus,49,0,0,0,2.4,1,0,0,43,0,1,0,Online ad,0,1
RW-109064,Westfield,41,2,Annual,2,Premium,74,0,0,0,6.7,1,2,7,15,0,0,0,Friend,0,1
RW-109065,Downtown,30,36,Annual,4,Plus,34,1,0,0,10.6,1,3,9,4,3,0,0,Friend,0,1
RW-109066,Hillcrest,48,33,Monthly,0,Basic,29,0,0,0,14.0,0,1,7,14,0,0,0,Online ad,1,1
RW-109067,Lakeview,20,42,Monthly,0,Basic,29,0,0,0,13.4,1,8,8,5,2,0,0,Corporate,0,0
RW-109068,Northgate,27,11,Monthly,0,Plus,49,0,1,0,5.8,0,5,12,11,1,1,1,Walk-in,0,0
RW-109069,Riverside,56,16,Monthly,0,Basic,29,0,1,0,3.5,1,11,13,1,0,0,0,Online ad,0,1
RW-109070,Hillcrest,36,22,Monthly,0,Basic,29,0,0,0,2.4,1,5,7,0,1,1,0,Online ad,0,0
RW-109071,Downtown,40,40,Monthly,0,Plus,49,0,0,0,4.2,0,4,6,6,0,1,0,Friend,0,0
RW-109072,Northgate,31,39,Monthly,0,Plus,39,1,0,0,4.9,1,5,4,4,2,1,0,Walk-in,0,0
RW-109073,Northgate,37,24,Annual,10,Basic,24,0,0,0,3.8,1,4,8,13,0,0,0,Friend,1,0
RW-109074,Lakeview,43,12,Annual,3,Plus,44,0,1,0,4.6,0,8,6,2,0,0,1,Friend,0,0
RW-109075,Hillcrest,22,43,Annual,7,Premium,74,1,0,0,1.8,1,9,6,8,5,0,0,Online ad,0,0
RW-109076,Lakeview,32,26,Annual,0,Basic,19,1,0,0,4.3,1,7,18,5,1,0,0,Friend,0,1
RW-109077,Hillcrest,34,19,Monthly,0,Plus,49,0,0,0,11.0,0,0,4,40,0,0,0,Friend,0,1
RW-109078,Downtown,44,29,Annual,10,Premium,74,0,1,0,6.5,0,1,4,18,0,0,0,Walk-in,0,0
RW-109079,Northgate,38,42,Monthly,0,Premium,79,0,0,1,5.2,1,0,7,31,0,0,1,Online ad,0,1
RW-109080,Downtown,45,13,Monthly,0,Basic,29,0,1,0,7.4,1,12,11,2,1,0,0,Corporate,0,0
RW-109081,Lakeview,24,6,Monthly,0,Basic,29,0,0,0,2.2,0,5,4,0,1,0,0,Friend,0,1
RW-109082,Downtown,22,25,Annual,7,Plus,44,0,1,0,12.8,1,1,3,6,1,0,0,Walk-in,0,0
RW-109083,Hillcrest,33,17,Monthly,0,Plus,49,0,1,0,7.2,0,4,8,3,0,0,0,Walk-in,0,0
RW-109084,Downtown,78,43,Monthly,0,Plus,49,0,0,0,17.9,1,3,7,7,0,0,0,Walk-in,0,1
RW-109085,Riverside,35,79,Monthly,0,Basic,29,0,0,1,3.4,1,8,19,9,5,0,1,Friend,0,0
RW-109086,Riverside,30,13,Monthly,0,Basic,29,0,0,0,8.0,1,3,0,8,0,0,0,Friend,0,0
RW-109087,Westfield,39,2,Annual,2,Premium,74,0,0,0,5.5,0,2,10,1,0,2,0,Online ad,0,1
RW-109088,Downtown,25,22,Annual,8,Basic,19,1,0,0,2.1,0,7,11,4,6,1,0,Walk-in,0,0
RW-109089,Lakeview,47,24,Monthly,0,Plus,49,0,0,0,4.4,0,10,8,1,3,1,0,Walk-in,1,1
RW-109090,Riverside,33,4,Annual,4,Basic,24,0,1,0,13.9,0,3,11,6,0,0,1,Walk-in,0,1
RW-109091,Lakeview,43,22,Monthly,0,Basic,29,0,0,0,7.4,1,6,6,9,10,1,0,Walk-in,0,0
RW-109092,Riverside,25,6,Monthly,0,Plus,49,0,0,0,5.4,1,17,19,5,1,1,1,Friend,0,0
RW-109093,Northgate,27,1,Monthly,0,Plus,44,1,0,0,10.4,1,3,0,12,0,0,0,Friend,0,1
RW-109094,Westfield,19,8,Monthly,0,Premium,79,0,1,0,1.8,1,1,8,8,2,0,0,Online ad,1,1
RW-109095,Lakeview,39,13,Annual,1,Plus,44,0,0,0,14.5,1,5,3,2,2,1,0,Online ad,0,1
RW-109096,Downtown,55,50,Annual,4,Basic,24,0,0,0,5.3,0,7,2,3,0,0,1,Walk-in,0,0
RW-109097,Riverside,22,19,Monthly,0,Plus,49,0,0,0,10.2,0,1,5,2,0,0,1,Corporate,0,1
RW-109098,Downtown,38,24,Annual,1,Basic,24,0,0,0,2.0,1,9,5,1,0,0,0,Friend,0,0
RW-109099,Hillcrest,29,17,Annual,8,Basic,14,1,1,0,5.4,1,1,13,21,1,1,0,Corporate,0,0
RW-109100,Northgate,48,46,Annual,5,Basic,24,1,0,0,3.0,0,1,4,5,2,0,0,Online ad,0,0
RW-109101,Westfield,21,5,Monthly,0,Basic,29,0,0,0,2.5,1,16,8,6,3,0,0,Walk-in,0,0
RW-109102,Lakeview,30,2,Annual,0,Plus,44,0,0,0,1.7,0,19,21,3,13,0,1,Friend,0,0
RW-109103,Westfield,33,28,Monthly,0,Premium,74,1,0,1,6.7,1,8,20,7,0,0,1,Online ad,0,0
RW-109104,Downtown,44,49,Annual,6,Plus,34,1,0,0,6.9,1,16,17,0,1,0,0,Corporate,0,0
RW-109105,Northgate,57,9,Annual,1,Basic,14,1,0,1,18.9,1,13,10,5,7,0,1,Friend,1,0
RW-109106,Westfield,63,21,Annual,9,Premium,74,0,0,1,18.8,0,1,15,13,0,1,0,Walk-in,0,1
RW-109107,Lakeview,56,25,Annual,9,Plus,44,0,0,0,8.4,1,7,7,10,0,0,0,Friend,1,0
RW-109108,Hillcrest,42,8,Annual,7,Basic,24,1,0,0,5.3,0,2,9,12,0,0,1,Online ad,0,0
RW-109109,Westfield,21,12,Annual,10,Premium,74,0,0,0,5.3,1,4,4,9,0,0,0,Walk-in,0,0
RW-109110,Lakeview,32,28,Annual,1,Plus,44,0,1,0,4.3,0,24,21,3,9,1,1,Friend,0,0
RW-109111,Downtown,45,34,Annual,11,Basic,24,0,0,0,11.4,0,4,4,3,1,0,0,Online ad,0,0
RW-109112,Lakeview,52,4,Annual,0,Premium,74,0,0,1,11.6,0,14,15,3,0,1,0,Online ad,0,0
RW-109113,Downtown,22,12,Annual,6,Basic,24,1,0,0,4.6,0,19,15,4,0,0,0,Online ad,0,0
RW-109114,Downtown,40,10,Annual,4,Plus,44,0,1,0,8.6,0,5,7,11,0,0,0,Online ad,0,0
RW-109115,Downtown,49,28,Annual,3,Plus,44,0,0,0,5.2,1,10,9,4,0,0,1,Online ad,0,0
RW-109116,Lakeview,38,14,Monthly,0,Plus,49,0,0,0,10.9,0,3,4,0,1,1,0,Walk-in,0,1
RW-109117,Downtown,58,7,Monthly,0,Basic,29,0,0,1,25.2,1,7,6,9,7,1,0,Online ad,0,0
RW-109118,Northgate,22,18,Annual,9,Basic,19,1,1,0,3.1,1,20,27,2,9,0,0,Friend,0,1
RW-109119,Downtown,23,37,Annual,8,Basic,24,0,1,0,2.1,1,13,18,0,0,0,0,Online ad,0,0
RW-109120,Riverside,41,16,Monthly,0,Premium,74,1,0,0,1.6,0,15,12,6,1,0,0,Walk-in,1,0
RW-109121,Downtown,32,19,Annual,2,Basic,24,0,0,0,1.1,1,0,5,47,0,0,0,Walk-in,0,1
RW-109122,Downtown,30,7,Monthly,0,Basic,29,0,0,0,2.8,0,10,11,8,3,0,0,Online ad,0,0
RW-109123,Westfield,33,4,Annual,8,Basic,24,0,0,0,17.7,1,13,6,1,5,0,0,Online ad,0,0
RW-109124,Hillcrest,51,30,Annual,4,Plus,44,0,0,0,10.1,1,4,10,2,0,0,0,Walk-in,0,0
RW-109125,Northgate,41,13,Monthly,0,Basic,29,0,0,0,3.7,1,11,4,8,6,2,0,Friend,1,0
RW-109126,Riverside,33,38,Annual,9,Basic,24,0,1,0,6.2,1,6,10,8,3,1,0,Online ad,1,0
RW-109127,Northgate,20,7,Monthly,0,Basic,29,0,0,0,40.0,0,2,7,10,0,0,0,Friend,0,1
RW-109128,Westfield,29,55,Monthly,0,Basic,29,1,0,0,2.5,1,8,10,0,0,0,0,Friend,0,0
RW-109129,Downtown,36,8,Monthly,0,Basic,19,1,0,1,21.5,0,9,10,6,0,0,0,Online ad,1,0
RW-109130,Northgate,35,47,Annual,5,Premium,74,0,0,1,4.3,0,3,11,12,1,0,0,Friend,0,0
RW-109131,Hillcrest,29,9,Monthly,0,Basic,29,0,0,0,38.2,0,6,10,1,2,0,0,Walk-in,0,1
RW-109132,Downtown,25,21,Monthly,0,Plus,49,0,0,0,6.8,0,4,4,7,0,0,0,Online ad,0,0
RW-109133,Hillcrest,38,9,Annual,7,Plus,44,0,0,0,13.6,1,0,6,82,0,0,1,Corporate,0,0
RW-109134,Northgate,53,27,Monthly,0,Basic,29,1,1,0,11.7,1,8,7,9,0,0,0,Friend,0,0
RW-109135,Downtown,26,13,Monthly,0,Plus,49,1,1,0,13.9,1,2,6,13,1,1,1,Online ad,0,0
RW-109136,Riverside,43,2,Annual,1,Plus,34,1,1,0,5.0,1,9,13,6,0,0,1,Walk-in,0,1
RW-109137,Lakeview,25,8,Monthly,0,Premium,79,0,0,0,2.9,0,5,6,12,2,0,1,Walk-in,0,0
RW-109138,Hillcrest,27,18,Monthly,0,Basic,29,0,1,0,10.2,1,10,9,0,4,0,0,Online ad,1,0
RW-109139,Westfield,54,13,Annual,2,Plus,34,1,0,0,10.0,1,4,6,12,0,0,1,Corporate,0,0
RW-109140,Riverside,30,4,Monthly,0,Plus,39,1,0,0,3.9,1,4,2,6,0,0,1,Online ad,0,0
RW-109141,Downtown,49,7,Monthly,0,Plus,49,0,0,0,3.8,0,4,8,6,0,0,1,Online ad,0,1
RW-109142,Northgate,35,25,Monthly,0,Basic,29,0,0,0,5.1,1,14,15,0,1,1,0,Walk-in,0,0
RW-109143,Downtown,46,19,Monthly,0,Plus,49,0,0,0,2.3,0,14,16,7,1,0,0,Walk-in,0,0
RW-109144,Downtown,31,26,Annual,11,Basic,24,0,0,0,5.1,1,2,4,13,2,0,0,Walk-in,0,0
RW-109145,Hillcrest,22,115,Monthly,0,Plus,49,0,0,0,5.4,1,3,6,8,0,0,0,Friend,0,0
RW-109146,Westfield,25,69,Monthly,0,Premium,79,0,1,0,1.7,0,8,9,7,4,0,0,Friend,0,0
RW-109147,Westfield,28,21,Monthly,0,Basic,29,0,0,0,8.5,1,13,14,7,1,0,0,Walk-in,0,0
RW-109148,Downtown,45,16,Monthly,0,Basic,29,1,0,0,6.7,1,28,23,4,11,1,1,Corporate,0,0
RW-109149,Downtown,43,10,Monthly,0,Plus,49,0,0,0,6.4,0,9,13,7,3,1,0,Walk-in,0,0
RW-109150,Riverside,41,39,Monthly,0,Plus,49,0,0,0,3.2,1,0,10,80,0,0,0,Friend,1,0
RW-109151,Northgate,25,8,Monthly,0,Plus,49,1,0,0,22.4,0,9,6,4,0,0,1,Online ad,0,1
RW-109152,Riverside,39,13,Monthly,0,Basic,19,1,0,0,6.2,1,8,11,2,4,0,1,Corporate,0,0
RW-109153,Riverside,45,3,Annual,5,Basic,24,0,1,0,12.4,0,5,4,7,0,0,0,Corporate,0,0
RW-109154,Downtown,50,49,Annual,3,Basic,24,0,0,0,2.8,0,14,12,4,1,0,1,Online ad,0,0
RW-109155,Lakeview,34,5,Annual,4,Premium,74,0,0,0,5.5,1,3,7,2,2,0,1,Online ad,0,0
RW-109156,Westfield,28,4,Monthly,0,Plus,49,0,1,0,2.1,0,4,8,9,0,0,1,Online ad,0,0
RW-109157,Downtown,39,3,Monthly,0,Basic,29,0,0,0,1.6,1,12,6,4,6,0,0,Walk-in,0,0
RW-109158,Hillcrest,24,10,Monthly,0,Basic,29,0,0,1,16.8,0,28,28,1,0,1,1,Corporate,0,0
RW-109159,Downtown,37,5,Monthly,0,Plus,49,0,0,0,7.2,0,8,4,6,3,0,0,Corporate,0,0
RW-109160,Lakeview,22,32,Monthly,0,Basic,29,1,0,1,3.4,1,14,22,6,4,0,0,Friend,2,0
RW-109161,Northgate,22,1,Monthly,0,Premium,69,1,0,0,4.4,1,2,0,5,1,1,0,Walk-in,0,1
RW-109162,Riverside,41,16,Monthly,0,Basic,29,0,0,0,12.1,0,6,5,4,3,0,0,Walk-in,0,1
RW-109163,Downtown,44,38,Annual,5,Basic,24,0,0,0,5.4,0,16,19,2,0,1,0,Corporate,0,0
RW-109164,Northgate,31,52,Annual,11,Premium,74,0,0,1,4.8,1,5,7,6,1,0,1,Friend,0,0
RW-109165,Westfield,35,69,Monthly,0,Plus,49,1,0,0,8.8,0,2,6,10,0,0,1,Online ad,0,1
RW-109166,Downtown,30,73,Annual,9,Plus,39,1,0,0,14.9,1,7,3,2,0,0,0,Online ad,1,0
RW-109167,Northgate,78,17,Monthly,0,Plus,49,0,0,0,9.6,1,4,11,10,0,0,0,Friend,0,0
RW-109168,Westfield,36,14,Monthly,0,Basic,29,0,0,0,7.9,0,8,7,7,0,0,1,Walk-in,0,0
RW-109169,Westfield,34,12,Monthly,0,Basic,29,0,0,0,2.1,0,15,15,5,1,1,0,Walk-in,0,0
RW-109170,Northgate,29,1,Monthly,0,Basic,29,0,0,0,1.8,1,4,0,10,1,0,0,Friend,0,0
RW-109171,Riverside,30,28,Monthly,0,Basic,29,0,0,0,4.2,0,0,3,31,0,0,0,Online ad,0,0
RW-109172,Lakeview,46,9,Monthly,0,Premium,79,0,0,1,30.6,1,5,6,5,0,1,0,Corporate,0,0
RW-109173,Westfield,23,5,Monthly,0,Basic,29,0,0,0,18.4,1,8,10,5,0,1,1,Walk-in,0,0
RW-109174,Northgate,28,62,Monthly,0,Basic,29,0,0,0,15.9,1,1,2,5,0,1,0,Online ad,0,1
RW-109175,Hillcrest,38,31,Monthly,0,Basic,29,0,0,0,6.3,1,17,12,5,12,0,0,Online ad,0,0
RW-109176,Hillcrest,33,37,Monthly,0,Premium,79,1,0,1,2.9,0,16,16,2,2,0,0,Online ad,1,0
RW-109177,Riverside,22,2,Annual,9,Premium,74,0,1,0,3.4,0,8,3,1,4,0,0,Friend,0,0
RW-109178,Lakeview,26,22,Annual,10,Plus,44,0,0,0,6.2,1,1,2,12,0,0,1,Online ad,0,0
RW-109179,Westfield,52,67,Annual,10,Basic,24,0,0,0,36.5,0,8,4,0,2,1,1,Friend,0,0
RW-109180,Northgate,41,44,Monthly,0,Plus,49,0,1,0,9.9,1,9,7,5,3,0,0,Friend,1,0
RW-109181,Lakeview,35,1,Monthly,0,Basic,29,0,0,0,4.4,1,13,0,5,0,0,0,Online ad,1,0
RW-109182,Hillcrest,57,22,Monthly,0,Basic,29,0,0,1,3.0,0,12,14,4,6,0,0,Walk-in,0,0
RW-109183,Downtown,26,2,Annual,0,Plus,44,0,0,0,2.7,1,16,13,6,0,0,1,Corporate,0,1
RW-109184,Westfield,28,30,Monthly,0,Basic,29,0,0,0,7.0,1,6,8,11,0,1,0,Friend,0,0
RW-109185,Riverside,36,52,Monthly,0,Plus,39,1,0,0,15.3,1,16,14,5,10,0,0,Friend,1,0
RW-109186,Westfield,22,58,Monthly,0,Premium,79,0,0,0,4.0,0,5,7,11,1,0,0,Friend,0,0
RW-109187,Northgate,29,19,Monthly,0,Basic,29,1,0,1,3.9,1,14,19,0,5,0,0,Friend,0,0
RW-109188,Northgate,24,15,Annual,2,Plus,44,0,0,0,29.9,1,7,6,7,0,0,0,Walk-in,1,0
RW-109189,Riverside,32,21,Annual,9,Basic,24,1,0,0,9.9,0,6,7,0,0,0,1,Walk-in,0,0
RW-109190,Downtown,49,4,Monthly,0,Basic,29,0,1,0,2.3,1,4,8,10,0,0,0,Walk-in,0,0
RW-109191,Lakeview,46,14,Monthly,0,Plus,49,0,0,0,3.6,1,8,6,2,1,0,0,Corporate,0,0
RW-109192,Northgate,35,13,Monthly,0,Basic,29,0,0,0,1.4,1,24,18,5,1,0,1,Online ad,0,0
RW-109193,Downtown,46,2,Monthly,0,Plus,49,0,0,0,2.4,0,3,4,10,1,1,0,Walk-in,0,1
RW-109194,Lakeview,29,25,Monthly,0,Basic,24,1,0,0,2.5,0,3,3,2,2,0,1,Online ad,0,0
RW-109195,Downtown,47,4,Monthly,0,Plus,49,0,0,0,3.1,1,6,7,2,2,0,0,Online ad,0,1
RW-109196,Lakeview,21,16,Monthly,0,Plus,49,1,0,0,6.5,0,9,12,8,3,0,0,Friend,0,1
RW-109197,Westfield,64,4,Monthly,0,Basic,24,1,0,0,7.5,0,4,1,11,0,0,0,Walk-in,0,1
RW-109198,Northgate,23,57,Monthly,0,Plus,49,1,0,0,5.5,1,27,18,5,1,0,0,Corporate,0,0
RW-109199,Hillcrest,21,42,Monthly,0,Basic,29,1,0,0,3.8,0,0,6,39,0,0,1,Online ad,0,1
RW-109200,Westfield,28,3,Monthly,0,Basic,29,0,0,0,2.7,1,7,7,9,0,0,0,Walk-in,0,0
RW-109201,Riverside,25,97,Annual,10,Basic,19,1,0,0,5.5,0,11,8,5,1,0,1,Friend,0,0
RW-109202,Downtown,47,42,Annual,9,Plus,44,0,0,0,9.7,1,6,3,4,1,0,0,Online ad,0,0
RW-109203,Downtown,40,6,Monthly,0,Basic,29,0,0,0,12.9,1,21,25,6,0,0,0,Online ad,0,1
RW-109204,Lakeview,29,15,Annual,4,Plus,44,0,0,0,5.0,1,4,6,9,0,0,0,Online ad,0,0
RW-109205,Downtown,39,18,Annual,9,Premium,74,0,0,0,7.2,1,18,28,4,0,1,1,Friend,0,0
RW-109206,Riverside,36,16,Annual,8,Basic,24,0,0,0,9.9,0,8,11,1,0,0,0,Online ad,0,0
RW-109207,Hillcrest,27,1,Monthly,0,Basic,29,0,0,0,3.7,1,7,0,9,4,0,0,Friend,0,0
RW-109208,Riverside,29,50,Annual,6,Plus,44,0,0,0,15.1,1,21,14,3,9,0,0,Friend,0,0
RW-109209,Riverside,26,15,Monthly,0,Premium,79,0,1,1,10.6,0,6,7,6,0,0,0,Online ad,0,1
RW-109210,Downtown,32,18,Annual,4,Premium,74,0,0,0,3.2,1,7,5,1,4,0,0,Friend,1,0
RW-109211,Lakeview,32,8,Monthly,0,Basic,19,1,0,0,1.7,1,15,12,4,0,1,0,Online ad,0,0
RW-109212,Westfield,29,14,Annual,10,Basic,24,0,0,0,3.2,0,4,19,13,0,0,0,Walk-in,0,0
RW-109213,Westfield,41,6,Annual,10,Premium,74,0,0,1,4.1,1,1,4,10,1,2,0,Online ad,0,0
RW-109214,Downtown,33,31,Monthly,0,Basic,29,0,0,0,8.6,1,18,15,6,9,0,1,Walk-in,0,0
RW-109215,Riverside,47,3,Annual,2,Basic,14,1,0,0,4.1,0,6,12,2,3,0,0,Friend,0,0
RW-109216,Northgate,57,40,Monthly,0,Plus,49,0,0,0,2.7,0,4,8,10,3,0,0,Online ad,0,1
RW-109217,Downtown,24,15,Monthly,0,Basic,29,0,0,0,1.6,0,4,3,8,0,0,0,Online ad,1,1
RW-109218,Northgate,41,9,Annual,3,Basic,14,1,1,0,1.6,0,6,10,9,3,0,0,Online ad,1,0
RW-109219,Westfield,27,32,Monthly,0,Basic,29,0,1,0,4.5,1,13,11,7,11,0,0,Online ad,0,0
RW-109220,Westfield,27,8,Annual,5,Basic,24,0,0,0,7.0,0,0,4,35,0,0,0,Walk-in,0,0
RW-109221,Hillcrest,32,3,Annual,11,Basic,24,0,0,0,4.5,1,3,2,6,0,0,0,Walk-in,1,0
RW-109222,Lakeview,30,5,Annual,8,Basic,24,0,1,0,5.0,1,10,7,1,4,0,0,Walk-in,0,0
RW-109223,Downtown,41,8,Monthly,0,Premium,79,0,0,0,2.5,0,1,6,11,0,0,0,Friend,0,1
RW-109224,Downtown,27,4,Monthly,0,Premium,79,0,0,0,2.7,0,13,9,0,6,1,0,Online ad,0,0
RW-109225,Riverside,68,40,Annual,11,Plus,44,0,0,1,3.5,0,6,26,7,0,0,0,Walk-in,0,0
RW-109226,Riverside,44,31,Annual,2,Plus,39,1,0,0,10.6,0,7,1,9,0,0,0,Friend,0,0
RW-109227,Riverside,37,27,Monthly,0,Plus,49,0,0,0,2.5,1,6,5,11,0,0,0,Friend,1,0
RW-109228,Downtown,28,10,Monthly,0,Basic,29,0,0,0,2.7,1,14,22,7,6,0,0,Friend,0,0
RW-109229,Westfield,34,17,Annual,5,Plus,44,0,1,0,3.1,0,7,8,7,0,0,0,Online ad,0,0
RW-109230,Hillcrest,54,14,Monthly,0,Plus,49,1,0,1,5.4,0,16,5,2,14,0,0,Friend,0,0
RW-109231,Westfield,56,9,Annual,3,Plus,44,0,0,0,2.9,1,16,13,5,1,0,0,Online ad,0,0
RW-109232,Westfield,78,12,Monthly,0,Basic,29,0,0,0,5.6,1,14,9,7,0,0,1,Friend,0,0
RW-109233,Hillcrest,24,31,Monthly,0,Premium,79,0,0,1,14.2,1,4,7,1,0,0,0,Friend,0,0
RW-109234,Riverside,30,39,Annual,10,Plus,34,1,0,0,15.4,1,5,12,2,3,1,0,Friend,0,0
RW-109235,Downtown,31,17,Monthly,0,Basic,29,0,0,0,2.7,0,13,13,7,1,0,0,Friend,0,0
RW-109236,Hillcrest,46,14,Monthly,0,Basic,29,0,0,0,3.6,1,10,7,6,5,0,0,Friend,0,0
RW-109237,Westfield,37,69,Annual,11,Plus,44,0,0,0,12.9,1,14,17,1,5,0,1,Walk-in,0,0
RW-109238,Downtown,45,13,Monthly,0,Plus,44,1,0,0,3.2,0,7,11,1,8,1,0,Online ad,0,0
RW-109239,Westfield,26,23,Annual,8,Basic,24,0,0,0,4.5,1,2,23,1,0,0,1,Corporate,0,0
RW-109240,Riverside,50,17,Annual,11,Basic,24,0,0,0,3.0,1,2,9,16,0,0,0,Friend,0,0
RW-109241,Downtown,35,51,Annual,0,Basic,24,0,0,0,6.3,1,8,13,9,2,0,0,Online ad,0,0
RW-109242,Hillcrest,48,2,Monthly,0,Plus,44,1,0,0,4.5,0,11,14,4,0,0,0,Friend,0,0
RW-109243,Hillcrest,32,17,Annual,4,Plus,44,0,0,1,3.4,1,10,10,2,6,0,0,Online ad,0,0
RW-109244,Hillcrest,61,42,Monthly,0,Basic,29,0,0,0,6.9,0,3,5,6,1,1,0,Online ad,0,0
RW-109245,Lakeview,40,2,Monthly,0,Plus,49,0,0,0,6.8,1,8,10,7,0,0,0,Walk-in,0,0
RW-109246,Northgate,36,4,Monthly,0,Basic,29,0,0,0,5.1,1,1,6,6,0,0,0,Online ad,0,0
RW-109247,Downtown,31,24,Annual,6,Plus,44,0,0,0,19.6,1,13,17,1,0,0,0,Friend,0,0
RW-109248,Westfield,27,18,Annual,7,Basic,24,0,1,0,2.5,1,4,13,2,0,0,1,Corporate,0,0
RW-109249,Riverside,37,6,Annual,7,Plus,44,0,0,0,2.5,1,7,4,5,1,0,0,Walk-in,1,0
RW-109250,Northgate,38,21,Annual,8,Basic,19,1,0,0,2.2,1,2,6,12,0,0,0,Online ad,0,0
RW-109251,Lakeview,78,30,Monthly,0,Basic,24,1,0,0,3.8,0,5,3,2,1,0,1,Online ad,0,1
RW-109252,Riverside,47,29,Monthly,0,Plus,44,1,0,0,6.7,0,9,5,8,3,0,1,Friend,0,0
RW-109253,Northgate,53,20,Monthly,0,Premium,79,0,0,1,13.5,0,14,11,0,8,0,0,Walk-in,0,0
RW-109254,Northgate,36,25,Monthly,0,Basic,29,0,0,0,4.1,0,8,3,2,0,0,0,Walk-in,0,1
RW-109255,Hillcrest,41,18,Annual,7,Plus,44,0,0,0,1.2,1,7,5,1,0,1,0,Walk-in,0,0
RW-109256,Riverside,30,15,Monthly,0,Basic,29,0,0,0,17.4,1,5,5,5,0,0,1,Online ad,1,0
RW-109257,Riverside,40,2,Monthly,0,Plus,44,1,1,0,6.6,0,13,16,6,5,1,0,Online ad,0,1
RW-109258,Lakeview,35,45,Monthly,0,Basic,29,0,0,0,16.5,1,19,19,6,10,0,0,Online ad,0,0
RW-109259,Lakeview,22,20,Monthly,0,Basic,29,1,0,0,9.0,1,3,17,4,0,1,0,Online ad,0,0
RW-109260,Hillcrest,29,15,Monthly,0,Plus,49,0,0,0,4.9,1,14,7,4,1,0,0,Online ad,0,0
RW-109261,Riverside,65,64,Annual,6,Premium,74,0,1,0,4.3,0,20,21,4,0,0,0,Online ad,0,0
RW-109262,Lakeview,25,24,Annual,10,Basic,14,1,0,0,13.4,0,6,1,6,0,0,0,Online ad,1,0
RW-109263,Riverside,37,17,Monthly,0,Basic,29,1,0,0,6.3,0,9,8,1,2,0,1,Online ad,0,0
RW-109264,Hillcrest,22,6,Monthly,0,Plus,49,0,0,0,4.1,1,4,12,4,1,0,0,Online ad,0,0
RW-109265,Downtown,26,10,Monthly,0,Basic,29,0,1,0,4.9,1,8,7,5,1,0,0,Corporate,1,0
RW-109266,Riverside,42,4,Monthly,0,Plus,39,1,0,0,8.6,1,11,16,1,3,0,0,Online ad,0,0
RW-109267,Hillcrest,33,17,Monthly,0,Basic,29,0,0,0,8.7,1,10,7,6,3,0,0,Corporate,0,0
RW-109268,Lakeview,24,13,Annual,2,Basic,24,0,0,0,3.6,1,1,8,3,0,1,1,Walk-in,0,0
RW-109269,Lakeview,45,4,Monthly,0,Basic,29,0,0,0,5.8,1,2,4,13,0,1,0,Walk-in,0,0
RW-109270,Downtown,42,5,Monthly,0,Basic,29,0,0,0,6.2,0,0,2,55,0,0,0,Online ad,0,1
RW-109271,Westfield,23,16,Annual,1,Plus,44,0,0,0,6.7,0,6,14,4,1,0,0,Online ad,0,1
RW-109272,Hillcrest,44,23,Monthly,0,Plus,49,0,0,0,5.2,0,6,8,5,0,0,0,Online ad,0,0
RW-109273,Lakeview,28,26,Annual,9,Basic,19,1,0,0,2.8,0,8,2,3,1,0,0,Online ad,0,0
RW-109274,Hillcrest,26,2,Annual,10,Basic,24,0,0,0,2.1,1,3,2,4,0,0,1,Walk-in,1,0
RW-109275,Hillcrest,23,40,Annual,11,Basic,19,1,0,0,4.4,1,24,25,3,3,0,0,Walk-in,0,0
RW-109276,Northgate,27,14,Annual,10,Plus,44,0,0,0,3.0,1,1,8,20,0,0,0,Online ad,0,0
RW-109277,Westfield,31,3,Monthly,0,Plus,39,1,1,1,14.4,1,7,7,1,0,0,0,Walk-in,0,0
RW-109278,Hillcrest,45,39,Annual,11,Plus,44,0,0,0,9.4,0,9,6,7,5,0,0,Walk-in,0,0
RW-109279,Northgate,27,42,Monthly,0,Plus,39,1,0,1,20.7,1,3,10,4,0,0,1,Walk-in,1,0
RW-109280,Northgate,46,16,Annual,9,Plus,44,0,0,0,9.8,0,24,12,2,13,1,0,Walk-in,0,0
RW-109281,Northgate,35,89,Annual,2,Premium,74,0,0,1,7.7,0,1,6,14,0,0,0,Friend,0,0
RW-109282,Downtown,26,56,Monthly,0,Plus,49,0,0,0,3.8,1,16,13,3,6,1,1,Walk-in,1,0
RW-109283,Northgate,41,17,Annual,11,Basic,24,0,1,0,22.7,1,10,8,4,6,0,0,Walk-in,0,0
RW-109284,Northgate,25,8,Annual,9,Plus,44,0,0,0,4.6,0,5,6,5,0,0,1,Online ad,1,0
RW-109285,Riverside,36,28,Annual,1,Basic,24,0,0,0,2.7,0,3,3,6,0,0,0,Corporate,0,1
RW-109286,Westfield,48,18,Monthly,0,Plus,49,0,0,0,3.6,1,7,3,8,1,0,0,Online ad,0,0
RW-109287,Riverside,34,33,Monthly,0,Basic,29,0,1,0,8.6,0,7,14,3,1,0,0,Walk-in,0,1
RW-109288,Hillcrest,43,7,Annual,1,Basic,19,1,0,0,1.6,0,2,5,2,3,0,1,Online ad,1,1
RW-109289,Northgate,43,22,Annual,6,Premium,64,1,0,1,4.3,1,9,14,7,6,1,0,Online ad,0,0
RW-109290,Lakeview,37,3,Monthly,0,Plus,49,0,0,0,1.7,0,4,3,11,2,0,1,Friend,1,1
RW-109291,Downtown,37,36,Monthly,0,Plus,49,0,0,0,1.3,1,11,18,4,4,0,0,Walk-in,1,0
RW-109292,Northgate,33,8,Monthly,0,Plus,49,0,1,0,6.5,1,6,7,6,2,1,1,Friend,0,0
RW-109293,Riverside,25,120,Monthly,0,Basic,19,1,0,0,4.4,1,4,14,7,0,0,1,Friend,1,0
RW-109294,Lakeview,26,14,Annual,9,Plus,39,1,1,0,15.3,1,0,9,54,0,0,0,Friend,2,0
RW-109295,Downtown,31,7,Annual,11,Plus,44,0,0,0,3.8,1,9,19,5,0,0,1,Friend,1,1
RW-109296,Riverside,27,20,Monthly,0,Plus,49,0,1,0,3.2,0,10,8,8,0,0,0,Friend,0,0
RW-109297,Downtown,67,9,Monthly,0,Premium,79,0,0,0,6.5,0,9,5,7,0,0,0,Walk-in,0,0
RW-109298,Northgate,42,12,Monthly,0,Premium,79,0,0,0,3.8,0,6,8,4,0,0,0,Online ad,0,0
RW-109299,Northgate,49,7,Monthly,0,Plus,49,0,0,0,3.4,0,14,13,3,0,0,0,Corporate,0,0
RW-109300,Riverside,42,48,Annual,10,Plus,44,0,0,0,0.9,0,3,5,8,0,0,0,Online ad,0,0
RW-109301,Riverside,45,28,Annual,6,Plus,44,0,0,0,10.0,0,12,22,5,7,1,0,Walk-in,0,0
RW-109302,Riverside,35,2,Monthly,0,Basic,29,0,0,0,2.8,1,7,6,1,2,0,1,Friend,0,0
RW-109303,Westfield,24,51,Monthly,0,Basic,29,0,0,0,2.6,0,10,8,6,3,0,0,Friend,0,0
RW-109304,Northgate,32,31,Monthly,0,Basic,29,0,0,0,2.4,1,11,9,1,2,1,1,Walk-in,0,0
RW-109305,Lakeview,44,55,Annual,4,Premium,74,1,0,0,9.7,1,9,12,7,1,0,0,Friend,0,0
RW-109306,Northgate,21,60,Annual,9,Basic,24,0,0,1,10.3,1,22,26,4,2,0,0,Corporate,0,0
RW-109307,Hillcrest,41,3,Monthly,0,Plus,49,0,0,0,9.5,1,19,21,0,1,0,0,Online ad,0,0
RW-109308,Northgate,60,32,Monthly,0,Basic,29,0,0,0,5.3,1,5,13,8,0,0,1,Online ad,0,0
RW-109309,Lakeview,31,12,Monthly,0,Plus,49,0,0,0,5.5,1,18,18,2,9,0,0,Walk-in,0,0
RW-109310,Westfield,33,32,Annual,1,Premium,64,1,0,1,17.4,0,6,5,0,1,0,0,Walk-in,0,0
RW-109311,Northgate,42,2,Monthly,0,Basic,19,1,0,0,2.4,1,7,9,0,0,0,1,Friend,0,1
RW-109312,Riverside,29,27,Annual,2,Premium,74,0,0,1,13.7,1,6,5,5,0,0,1,Walk-in,0,0
RW-109313,Downtown,35,37,Monthly,0,Premium,79,0,0,1,3.1,1,1,11,6,0,0,0,Walk-in,0,0
RW-109314,Westfield,29,4,Monthly,0,Premium,79,0,0,0,2.8,1,3,1,4,0,0,1,Corporate,0,1
RW-109315,Downtown,46,24,Annual,4,Basic,24,1,1,0,2.4,0,3,4,1,0,0,0,Online ad,1,0
RW-109316,Riverside,29,9,Monthly,0,Basic,29,0,1,0,10.1,1,20,15,3,1,0,0,Online ad,0,0
RW-109317,Lakeview,41,11,Monthly,0,Basic,29,0,0,0,8.6,0,4,5,12,5,0,0,Online ad,0,0
RW-109318,Northgate,64,120,Annual,7,Basic,14,1,0,0,3.9,0,3,1,12,1,1,0,Online ad,0,0
RW-109319,Lakeview,39,7,Annual,2,Premium,74,1,0,0,4.3,1,9,7,9,1,0,0,Walk-in,0,0
RW-109320,Northgate,32,21,Annual,4,Plus,44,1,0,1,1.1,0,6,5,0,2,0,0,Walk-in,2,0
RW-109321,Downtown,26,14,Annual,7,Basic,14,1,0,0,4.2,0,3,4,4,0,1,1,Friend,0,0
RW-109322,Downtown,68,12,Annual,10,Plus,44,0,0,0,1.2,1,20,19,6,9,0,0,Corporate,0,0
RW-109323,Riverside,49,16,Annual,0,Basic,14,1,0,0,9.5,0,8,8,2,0,0,1,Walk-in,0,1
RW-109324,Downtown,31,19,Annual,4,Plus,44,1,1,0,5.2,1,26,15,0,11,0,1,Friend,0,0
RW-109325,Downtown,24,22,Annual,4,Basic,24,0,1,0,15.8,0,5,6,1,6,1,1,Friend,0,0
RW-109326,Hillcrest,35,120,Annual,8,Plus,44,0,1,0,3.4,1,11,13,5,3,0,1,Walk-in,0,0
RW-109327,Lakeview,33,16,Annual,5,Basic,24,0,0,0,2.0,1,5,4,6,1,0,0,Corporate,0,0
RW-109328,Downtown,31,16,Monthly,0,Plus,49,0,0,0,4.8,0,7,9,7,2,1,0,Walk-in,1,1
RW-109329,Northgate,35,46,Monthly,0,Basic,29,0,1,0,2.2,1,4,3,4,1,3,0,Corporate,1,0
RW-109330,Northgate,23,4,Monthly,0,Basic,29,0,0,0,8.4,1,0,7,62,0,0,1,Corporate,0,1
RW-109331,Northgate,36,17,Monthly,0,Basic,24,1,1,1,6.4,0,9,28,9,6,1,0,Walk-in,0,0
RW-109332,Westfield,27,13,Monthly,0,Premium,79,0,0,0,13.0,1,0,9,56,0,2,0,Online ad,0,1
RW-109333,Riverside,44,8,Monthly,0,Plus,49,0,0,0,19.7,1,0,3,37,0,1,1,Online ad,0,0
RW-109334,Downtown,38,25,Monthly,0,Basic,29,0,0,0,5.9,1,1,1,4,1,0,0,Friend,0,0
RW-109335,Downtown,22,58,Monthly,0,Basic,29,0,0,0,3.2,1,27,22,4,3,0,1,Online ad,0,0
RW-109336,Downtown,47,37,Monthly,0,Plus,49,1,1,0,1.6,1,4,7,10,0,0,1,Online ad,0,0
RW-109337,Downtown,25,6,Monthly,0,Basic,29,0,0,0,3.0,1,6,6,8,1,0,0,Walk-in,0,0
RW-109338,Westfield,53,10,Annual,2,Plus,44,0,0,0,9.6,0,3,5,1,0,0,0,Corporate,1,0
RW-109339,Lakeview,28,27,Annual,11,Plus,44,1,0,0,3.0,1,7,24,2,0,0,0,Walk-in,0,0
RW-109340,Lakeview,19,3,Annual,9,Plus,44,0,0,0,1.8,1,7,11,5,0,0,1,Friend,0,0
RW-109341,Hillcrest,25,43,Monthly,0,Basic,29,0,0,0,8.1,0,12,7,4,1,0,1,Online ad,0,1
RW-109342,Lakeview,35,69,Monthly,0,Basic,29,0,1,0,12.9,1,8,7,7,0,0,0,Walk-in,0,0
RW-109343,Riverside,37,66,Annual,9,Plus,44,0,1,0,7.2,1,14,8,0,4,0,0,Walk-in,0,0
RW-109344,Northgate,19,4,Annual,1,Basic,24,0,0,0,2.2,1,3,8,4,0,0,0,Walk-in,0,1
RW-109345,Riverside,55,6,Annual,10,Basic,24,0,1,0,3.9,0,4,6,11,0,1,1,Corporate,0,0
RW-109346,Downtown,41,27,Annual,4,Basic,24,1,0,0,6.8,1,10,11,4,4,0,0,Friend,0,0
RW-109347,Hillcrest,42,17,Monthly,0,Basic,29,0,1,0,4.0,0,2,0,8,0,0,0,Corporate,0,0
RW-109348,Northgate,22,15,Monthly,0,Plus,39,1,1,1,9.6,0,7,8,7,1,0,0,Friend,1,0
RW-109349,Northgate,46,9,Monthly,0,Plus,49,0,0,0,3.7,0,6,2,0,0,0,0,Walk-in,0,1
RW-109350,Downtown,28,68,Monthly,0,Basic,24,1,0,0,8.5,0,6,3,0,0,0,0,Online ad,0,1
RW-109351,Riverside,49,8,Annual,3,Basic,24,0,0,0,2.1,0,5,7,0,1,0,1,Online ad,0,0
RW-109352,Riverside,25,2,Monthly,0,Basic,29,0,0,0,4.1,1,2,1,11,1,0,1,Walk-in,0,0
RW-109353,Downtown,52,20,Monthly,0,Basic,29,1,0,0,7.8,0,3,5,12,0,0,0,Friend,0,0
RW-109354,Lakeview,22,19,Annual,4,Plus,44,0,0,0,5.6,0,0,4,31,0,0,0,Walk-in,0,0
RW-109355,Riverside,22,13,Monthly,0,Plus,49,0,0,0,3.0,0,7,7,10,1,0,0,Friend,0,0
RW-109356,Westfield,46,34,Annual,3,Basic,24,0,0,0,4.6,0,1,4,3,0,0,0,Walk-in,0,0
RW-109357,Downtown,78,43,Annual,3,Premium,74,0,0,1,3.4,1,0,3,79,0,1,0,Online ad,0,0
RW-109358,Northgate,39,70,Monthly,0,Plus,49,0,0,0,2.5,1,8,8,0,3,0,0,Friend,0,0
RW-109359,Hillcrest,27,8,Annual,1,Plus,44,0,1,0,1.5,0,25,23,4,12,0,1,Corporate,0,0
RW-109360,Riverside,25,8,Monthly,0,Plus,49,1,0,0,4.7,1,1,5,14,0,0,1,Corporate,0,1
RW-109361,Westfield,46,3,Monthly,0,Basic,29,0,0,0,3.6,1,9,8,6,5,0,0,Online ad,0,0
RW-109362,Lakeview,27,28,Monthly,0,Basic,29,0,0,0,5.4,0,4,5,0,2,1,0,Online ad,0,1
RW-109363,Riverside,28,19,Monthly,0,Premium,74,1,0,1,2.3,1,20,22,1,0,1,0,Friend,0,0
RW-109364,Lakeview,33,38,Annual,2,Plus,44,0,0,0,2.6,1,5,26,7,0,0,1,Online ad,0,0
RW-109365,Northgate,42,55,Annual,5,Basic,24,0,0,1,4.1,0,14,8,3,0,1,0,Friend,2,0
RW-109366,Riverside,38,4,Annual,7,Premium,69,1,0,1,5.5,0,6,15,5,5,0,0,Online ad,0,1
RW-109367,Hillcrest,33,6,Annual,0,Basic,24,0,0,0,4.9,0,4,3,11,1,0,1,Walk-in,0,0
RW-109368,Northgate,29,19,Monthly,0,Premium,74,1,1,0,8.6,0,4,10,1,0,1,0,Friend,0,0
RW-109369,Lakeview,20,20,Annual,7,Basic,24,0,0,1,2.8,0,1,1,14,0,0,1,Friend,1,0
RW-109370,Westfield,25,4,Monthly,0,Plus,39,1,0,0,3.6,0,3,4,10,0,0,0,Online ad,0,1
RW-109371,Downtown,32,61,Monthly,0,Basic,29,0,1,0,19.9,0,2,2,3,0,0,0,Friend,0,1
RW-109372,Northgate,44,1,Annual,8,Basic,24,0,0,0,7.1,0,2,0,2,1,1,0,Corporate,0,0
RW-109373,Westfield,25,14,Annual,10,Premium,74,0,0,0,4.9,1,6,10,1,1,0,1,Online ad,1,0
RW-109374,Westfield,22,57,Monthly,0,Basic,29,0,0,1,1.6,0,19,19,5,0,0,0,Friend,0,0
RW-109375,Downtown,40,9,Annual,1,Basic,24,0,0,0,1.6,1,5,7,8,5,1,0,Friend,0,0
RW-109376,Northgate,25,32,Monthly,0,Plus,49,1,0,0,7.3,1,15,14,3,1,1,0,Friend,0,0
RW-109377,Westfield,41,33,Monthly,0,Basic,29,0,0,0,15.6,0,5,8,1,4,0,0,Walk-in,0,0
RW-109378,Westfield,31,36,Annual,5,Plus,44,0,0,0,23.2,1,7,11,6,0,0,0,Walk-in,0,0
RW-109379,Riverside,23,20,Annual,3,Plus,44,1,0,0,10.8,1,6,4,11,0,1,0,Corporate,0,0
RW-109380,Northgate,33,17,Annual,11,Plus,34,1,0,0,4.4,1,4,5,5,0,0,0,Friend,0,0
RW-109381,Westfield,68,37,Monthly,0,Plus,49,0,0,0,3.8,0,4,6,9,0,0,1,Walk-in,0,0
RW-109382,Hillcrest,33,27,Annual,4,Plus,34,1,0,0,8.9,1,22,10,4,0,1,0,Walk-in,0,0
RW-109383,Downtown,33,23,Monthly,0,Basic,29,0,0,0,7.6,1,9,12,7,2,1,1,Walk-in,0,0
RW-109384,Northgate,50,9,Annual,6,Plus,44,0,1,0,14.8,1,16,10,2,2,0,0,Corporate,0,0
RW-109385,Lakeview,32,43,Annual,11,Premium,69,1,1,1,9.6,1,15,18,1,1,0,1,Online ad,0,0
RW-109386,Downtown,20,22,Annual,0,Plus,44,1,0,0,10.2,1,9,8,3,3,0,0,Corporate,0,1
RW-109387,Downtown,39,12,Annual,11,Plus,39,1,1,0,14.0,1,6,12,5,1,0,0,Online ad,0,0
RW-109388,Downtown,37,10,Monthly,0,Basic,29,0,0,0,5.8,0,18,9,0,0,0,0,Friend,0,0
RW-109389,Northgate,25,23,Monthly,0,Basic,29,0,0,0,2.8,0,15,15,2,7,0,0,Online ad,0,0
RW-109390,Downtown,62,62,Annual,7,Plus,44,0,0,0,4.8,1,2,10,4,1,0,1,Walk-in,0,0
RW-109391,Riverside,28,60,Monthly,0,Plus,49,0,0,0,16.0,0,1,3,3,0,0,0,Walk-in,1,1
RW-109392,Westfield,20,47,Annual,9,Basic,19,1,0,0,2.1,1,15,9,4,1,1,0,Corporate,0,0
RW-109393,Hillcrest,33,27,Monthly,0,Basic,29,0,0,0,3.6,1,12,15,0,2,0,0,Friend,1,0
RW-109394,Riverside,33,70,Monthly,0,Basic,29,0,0,0,28.2,1,1,4,9,0,0,0,Walk-in,0,0
RW-109395,Lakeview,51,4,Monthly,0,Basic,24,1,0,0,9.6,0,5,9,7,0,0,0,Walk-in,0,1
RW-109396,Riverside,31,27,Annual,9,Basic,24,1,0,0,3.4,0,4,7,8,2,1,0,Walk-in,0,0
RW-109397,Northgate,43,11,Annual,1,Basic,24,0,0,0,4.7,0,6,5,11,0,0,1,Walk-in,0,1
RW-109398,Northgate,34,2,Monthly,0,Basic,29,0,0,0,10.9,1,1,4,8,0,0,0,Walk-in,0,0
RW-109399,Downtown,39,54,Monthly,0,Plus,39,1,0,0,3.6,1,1,15,16,0,0,1,Online ad,0,0
RW-109400,Westfield,50,42,Monthly,0,Basic,19,1,0,0,4.4,1,7,5,3,2,0,0,Walk-in,0,0
RW-109401,Riverside,37,7,Monthly,0,Basic,29,0,1,0,6.6,1,11,6,3,0,0,0,Friend,0,0
RW-109402,Westfield,21,49,Monthly,0,Basic,29,0,0,0,6.0,1,5,5,2,3,0,0,Walk-in,0,0
RW-109403,Lakeview,29,8,Annual,10,Basic,24,0,0,0,6.7,0,5,5,10,0,0,0,Walk-in,0,0
RW-109404,Lakeview,24,30,Annual,4,Plus,44,0,0,1,3.9,1,20,19,5,9,0,1,Online ad,1,0
RW-109405,Lakeview,41,16,Monthly,0,Basic,29,0,0,0,2.6,1,2,11,0,0,1,0,Online ad,0,0
RW-109406,Riverside,70,25,Annual,5,Premium,74,0,0,1,7.0,1,4,6,11,0,0,0,Walk-in,0,0
RW-109407,Hillcrest,52,3,Annual,1,Plus,39,1,0,0,17.2,0,0,3,52,0,0,0,Walk-in,0,1
RW-109408,Lakeview,30,31,Annual,6,Plus,44,0,0,0,16.6,1,2,6,1,0,0,0,Walk-in,0,0
RW-109409,Hillcrest,20,30,Annual,10,Basic,24,0,0,0,9.4,0,13,8,2,3,0,0,Friend,0,0
RW-109410,Lakeview,31,21,Annual,5,Basic,24,0,1,0,3.3,1,8,11,7,4,1,1,Walk-in,0,0
RW-109411,Northgate,25,3,Monthly,0,Basic,29,0,0,0,2.0,1,3,6,10,0,1,0,Walk-in,0,1
RW-109412,Lakeview,37,2,Monthly,0,Basic,29,1,0,0,1.9,0,6,4,0,1,1,0,Walk-in,0,1
RW-109413,Northgate,40,7,Monthly,0,Premium,79,0,0,1,14.4,0,6,12,10,2,0,0,Online ad,0,0
RW-109414,Downtown,65,110,Monthly,0,Plus,49,0,0,0,9.5,1,6,10,3,3,1,1,Online ad,0,0
RW-109415,Downtown,28,2,Annual,6,Plus,44,0,0,0,4.0,0,3,3,12,0,0,0,Friend,1,0
RW-109416,Northgate,43,11,Monthly,0,Basic,19,1,0,0,10.8,0,2,4,13,0,0,1,Friend,0,0
RW-109417,Westfield,33,18,Monthly,0,Basic,29,0,1,0,12.1,0,0,1,32,0,0,0,Online ad,0,1
RW-109418,Northgate,31,32,Annual,7,Premium,74,1,0,0,8.9,0,5,3,8,1,0,0,Friend,0,0
RW-109419,Westfield,32,18,Monthly,0,Basic,19,1,0,0,3.7,0,3,8,8,2,0,0,Friend,0,0
RW-109420,Downtown,35,3,Monthly,0,Premium,79,1,1,0,6.2,1,1,5,16,0,1,1,Friend,0,1
RW-109421,Lakeview,35,4,Annual,10,Basic,24,0,1,0,8.2,1,3,6,6,3,0,0,Online ad,0,0
RW-109422,Downtown,25,25,Monthly,0,Basic,29,1,1,0,4.4,0,26,23,0,11,1,0,Walk-in,0,0
RW-109423,Northgate,32,30,Monthly,0,Basic,29,0,0,0,5.0,0,12,10,4,1,0,0,Walk-in,0,0
RW-109424,Lakeview,39,6,Monthly,0,Plus,49,0,0,0,5.7,0,6,13,9,4,0,0,Walk-in,1,0
RW-109425,Lakeview,59,14,Annual,3,Premium,74,1,0,1,4.5,1,20,16,5,0,0,0,Walk-in,0,0
RW-109426,Riverside,31,16,Annual,4,Plus,34,1,0,1,3.2,1,9,15,2,1,0,0,Corporate,0,0
RW-109427,Riverside,36,15,Monthly,0,Basic,29,0,0,0,1.1,0,7,8,10,0,0,0,Friend,0,0
RW-109428,Riverside,26,6,Monthly,0,Basic,19,1,0,0,6.0,0,0,10,40,0,0,0,Walk-in,0,1
RW-109429,Northgate,34,11,Annual,11,Plus,44,0,0,1,3.5,1,0,8,42,0,0,0,Online ad,0,0
RW-109430,Downtown,39,7,Monthly,0,Basic,29,0,0,0,12.3,1,2,11,2,0,0,0,Online ad,0,1
RW-109431,Hillcrest,27,19,Annual,8,Plus,44,0,0,0,3.2,1,19,20,4,2,0,0,Walk-in,0,0
RW-109432,Lakeview,41,24,Monthly,0,Premium,79,0,0,0,4.6,0,6,3,2,0,1,1,Walk-in,0,0
RW-109433,Northgate,66,24,Monthly,0,Plus,49,0,1,0,6.3,1,16,15,3,6,1,1,Friend,1,0
RW-109434,Downtown,41,12,Annual,9,Premium,74,0,0,0,1.0,1,20,16,4,9,0,0,Online ad,0,0
RW-109435,Hillcrest,45,13,Monthly,0,Basic,24,1,0,0,5.2,0,0,3,37,0,0,1,Online ad,0,1
RW-109436,Lakeview,52,10,Annual,0,Basic,24,0,0,1,10.1,0,10,10,8,0,1,1,Online ad,0,1
RW-109437,Riverside,22,12,Monthly,0,Plus,49,0,1,0,4.9,1,4,10,10,1,0,0,Online ad,0,0
RW-109438,Northgate,25,45,Monthly,0,Premium,79,0,0,1,23.9,1,1,8,18,0,0,0,Friend,0,1
RW-109439,Lakeview,29,7,Annual,6,Basic,24,0,0,0,12.3,0,3,3,12,0,1,0,Walk-in,0,0
RW-109440,Northgate,28,54,Monthly,0,Basic,29,0,0,1,15.1,0,8,4,6,0,0,0,Online ad,1,0
RW-109441,Northgate,33,27,Monthly,0,Plus,49,0,0,1,5.8,1,8,5,2,2,0,0,Walk-in,1,0
RW-109442,Riverside,24,27,Annual,4,Basic,24,0,1,0,3.7,0,23,22,5,0,0,0,Walk-in,0,0
RW-109443,Riverside,29,41,Monthly,0,Basic,29,0,0,0,3.0,0,28,28,3,2,1,0,Online ad,0,0
RW-109444,Hillcrest,28,12,Annual,5,Plus,44,0,0,1,15.1,1,1,6,4,1,0,1,Walk-in,1,0
RW-109445,Lakeview,29,22,Monthly,0,Basic,29,0,0,0,5.9,1,1,10,11,0,1,1,Online ad,0,1
RW-109446,Riverside,33,12,Annual,8,Plus,44,0,1,0,10.4,0,3,4,0,1,0,1,Walk-in,0,0
RW-109447,Hillcrest,33,25,Monthly,0,Plus,49,0,0,0,4.9,0,5,7,12,1,0,1,Friend,1,0
RW-109448,Westfield,42,4,Annual,4,Plus,44,0,0,0,9.9,1,3,3,2,0,0,0,Online ad,0,0
RW-109449,Hillcrest,32,2,Monthly,0,Premium,74,1,0,0,12.6,0,5,2,10,1,0,0,Online ad,0,1
RW-109450,Westfield,55,47,Annual,6,Plus,44,0,0,0,4.9,1,6,8,9,0,0,0,Online ad,0,0
RW-109451,Northgate,31,5,Annual,7,Basic,14,1,1,0,3.4,1,3,3,3,0,0,0,Walk-in,0,0
RW-109452,Downtown,26,77,Annual,10,Premium,74,0,1,1,6.4,0,4,2,0,0,0,0,Online ad,1,0
RW-109453,Downtown,26,49,Monthly,0,Basic,29,0,0,0,6.4,0,19,19,3,4,0,0,Friend,0,0
RW-109454,Westfield,54,18,Annual,8,Basic,24,0,0,0,5.4,0,4,7,10,1,0,1,Online ad,0,0
RW-109455,Northgate,50,21,Annual,2,Plus,44,0,0,0,2.1,1,9,10,5,0,0,0,Walk-in,1,0
RW-109456,Westfield,32,38,Monthly,0,Basic,24,1,0,1,1.2,1,13,15,4,1,1,0,Walk-in,0,0
RW-109457,Hillcrest,32,19,Monthly,0,Basic,29,1,0,1,5.7,1,4,13,5,2,1,0,Friend,1,0
RW-109458,Hillcrest,23,13,Annual,0,Premium,74,0,0,0,3.7,1,5,22,12,0,0,1,Friend,0,1
RW-109459,Riverside,31,33,Annual,4,Plus,39,1,1,0,5.8,1,11,9,8,6,0,0,Online ad,0,0
RW-109460,Riverside,35,13,Annual,10,Basic,24,0,0,0,11.5,0,16,13,2,3,0,0,Friend,0,0
RW-109461,Westfield,52,1,Annual,5,Basic,24,0,0,0,5.5,0,3,0,13,0,0,0,Friend,0,0
RW-109462,Westfield,47,40,Annual,1,Plus,44,0,0,0,6.7,1,2,3,10,0,0,0,Online ad,0,0
RW-109463,Downtown,27,3,Annual,8,Premium,74,0,0,0,19.8,1,2,5,11,0,0,0,Friend,0,1
RW-109464,Westfield,64,4,Annual,4,Basic,24,0,0,0,4.4,0,3,2,2,0,0,0,Online ad,1,0
RW-109465,Lakeview,32,18,Monthly,0,Premium,79,0,0,1,11.1,1,28,27,3,12,0,0,Walk-in,0,0
RW-109466,Northgate,38,15,Monthly,0,Basic,29,0,0,0,4.9,0,8,10,3,1,1,0,Friend,0,0
RW-109467,Hillcrest,31,7,Monthly,0,Basic,29,0,0,0,4.4,1,9,10,3,0,0,1,Friend,0,0
RW-109468,Riverside,23,10,Annual,6,Plus,44,0,1,0,3.2,0,28,18,2,0,0,0,Walk-in,0,0
RW-109469,Northgate,38,7,Monthly,0,Plus,49,1,1,0,3.5,0,12,8,6,2,0,0,Walk-in,0,0
RW-109470,Lakeview,52,7,Monthly,0,Basic,29,0,0,1,0.6,1,0,11,42,0,0,0,Online ad,0,0
RW-109471,Hillcrest,56,31,Monthly,0,Plus,44,1,0,0,8.2,1,2,11,9,1,0,0,Corporate,0,1
RW-109472,Westfield,38,4,Annual,0,Basic,24,0,0,0,8.5,1,11,13,1,0,0,1,Online ad,1,0
RW-109473,Hillcrest,37,11,Monthly,0,Plus,49,0,0,0,5.6,1,14,19,5,2,0,0,Online ad,0,0
RW-109474,Westfield,52,58,Annual,7,Basic,24,0,0,0,6.5,0,5,0,4,5,0,0,Online ad,2,0
RW-109475,Downtown,33,58,Annual,7,Plus,44,0,0,0,0.7,1,19,25,6,8,0,0,Online ad,0,0
RW-109476,Downtown,30,17,Annual,9,Plus,44,0,0,0,2.5,0,2,10,8,0,0,1,Corporate,0,0
RW-109477,Northgate,27,28,Monthly,0,Plus,49,0,0,0,12.9,1,3,4,3,0,0,0,Friend,0,0
RW-109478,Westfield,48,52,Annual,11,Basic,24,0,0,0,12.6,1,7,8,4,0,0,0,Online ad,0,0
RW-109479,Downtown,31,14,Monthly,0,Plus,49,0,0,0,16.7,0,22,14,5,9,0,0,Corporate,0,0
RW-109480,Downtown,45,2,Monthly,0,Basic,24,1,0,0,3.0,0,6,3,10,0,0,0,Walk-in,0,1
RW-109481,Lakeview,39,3,Monthly,0,Basic,29,0,0,0,4.2,0,24,28,2,11,0,0,Walk-in,0,0
RW-109482,Riverside,42,24,Monthly,0,Basic,29,0,0,0,15.9,0,2,10,8,0,0,1,Walk-in,0,0
RW-109483,Lakeview,35,50,Annual,0,Plus,44,0,0,0,7.4,1,1,8,19,0,1,1,Corporate,0,1
RW-109484,Hillcrest,30,60,Monthly,0,Basic,29,0,0,0,11.1,1,4,7,13,0,0,0,Online ad,0,1
RW-109485,Riverside,45,44,Annual,6,Plus,34,1,0,0,9.5,1,18,27,6,1,0,0,Online ad,0,0
RW-109486,Lakeview,30,36,Monthly,0,Plus,49,0,1,0,10.4,1,3,11,14,1,0,0,Walk-in,0,0
RW-109487,Riverside,28,2,Annual,4,Basic,24,0,0,0,8.7,1,15,21,4,1,0,0,Corporate,1,0
RW-109488,Lakeview,29,45,Monthly,0,Basic,29,0,1,0,5.8,0,19,11,4,8,0,0,Friend,0,0
RW-109489,Hillcrest,33,19,Annual,6,Plus,44,0,1,0,3.7,1,6,3,8,1,0,0,Online ad,0,0
RW-109490,Downtown,52,8,Monthly,0,Basic,29,0,0,0,4.5,1,4,10,11,1,2,0,Friend,0,1
RW-109491,Northgate,34,50,Monthly,0,Plus,49,0,0,0,10.6,1,16,16,3,8,0,1,Online ad,1,0
RW-109492,Riverside,26,1,Monthly,0,Plus,49,0,1,0,5.1,1,7,0,8,1,0,1,Friend,0,0
RW-109493,Downtown,41,2,Annual,8,Plus,44,0,1,1,6.3,1,23,23,1,16,1,0,Online ad,0,0
RW-109494,Riverside,27,11,Monthly,0,Plus,49,0,0,0,4.2,1,5,5,9,2,0,0,Online ad,0,0
RW-109495,Downtown,32,84,Monthly,0,Basic,29,0,0,0,4.5,1,6,10,6,0,0,0,Friend,0,0
RW-109496,Lakeview,24,12,Monthly,0,Basic,29,0,0,0,4.7,0,0,2,38,0,0,0,Friend,0,1
RW-109497,Northgate,26,17,Annual,7,Basic,24,0,0,0,5.0,1,4,10,9,0,0,1,Walk-in,1,0
RW-109498,Riverside,37,4,Monthly,0,Plus,49,0,0,0,1.6,0,23,13,2,2,0,0,Online ad,0,1
RW-109499,Downtown,23,5,Monthly,0,Basic,29,0,1,0,5.8,0,6,7,9,0,0,0,Walk-in,1,0
RW-109500,Northgate,59,9,Monthly,0,Basic,29,0,0,1,3.4,0,4,16,5,1,0,1,Online ad,0,0
RW-109501,Westfield,38,4,Annual,10,Plus,44,1,0,0,6.5,0,3,6,12,2,1,0,Walk-in,1,0
RW-109502,Downtown,24,25,Monthly,0,Basic,29,0,0,0,3.4,0,1,2,0,0,0,0,Friend,0,1
RW-109503,Lakeview,65,13,Annual,8,Plus,44,0,0,0,7.3,1,6,5,11,0,0,1,Online ad,0,0
RW-109504,Northgate,26,10,Monthly,0,Basic,29,0,0,0,2.6,1,13,22,2,5,0,0,Corporate,0,0
RW-109505,Hillcrest,34,34,Monthly,0,Basic,29,0,0,0,8.1,0,4,9,2,0,0,0,Friend,0,0
RW-109506,Hillcrest,34,23,Monthly,0,Basic,29,0,0,0,8.9,0,11,2,3,5,1,0,Online ad,0,0
RW-109507,Lakeview,26,28,Annual,7,Plus,44,0,0,0,1.7,1,20,17,3,13,0,0,Walk-in,1,0
RW-109508,Riverside,38,28,Monthly,0,Basic,29,1,0,0,3.2,0,4,18,2,3,0,0,Walk-in,1,0
RW-109509,Lakeview,32,6,Monthly,0,Basic,29,0,0,0,10.9,1,1,4,20,0,0,0,Walk-in,0,0
RW-109510,Riverside,30,4,Monthly,0,Plus,49,0,0,0,7.2,0,6,4,5,4,0,0,Online ad,1,0
RW-109511,Lakeview,31,14,Annual,0,Basic,24,0,1,0,4.7,0,12,20,5,1,0,1,Corporate,0,1
RW-109512,Downtown,38,71,Annual,1,Basic,24,0,1,0,3.9,1,9,16,9,1,1,0,Walk-in,0,0
RW-109513,Lakeview,34,84,Monthly,0,Premium,79,0,0,0,7.6,0,9,8,2,3,1,0,Walk-in,1,1
RW-109514,Hillcrest,61,13,Annual,10,Plus,44,0,0,0,4.4,1,12,17,1,1,2,0,Friend,0,0
RW-109515,Riverside,41,14,Monthly,0,Plus,49,0,0,0,1.4,0,1,2,6,0,0,0,Online ad,1,1
RW-109516,Downtown,28,14,Monthly,0,Basic,19,1,0,0,9.3,1,1,3,1,0,0,0,Online ad,0,0
RW-109517,Riverside,28,52,Monthly,0,Plus,39,1,1,0,9.1,0,17,15,0,2,0,0,Online ad,0,0
RW-109518,Hillcrest,26,10,Monthly,0,Plus,49,0,0,0,11.1,0,2,5,2,2,0,0,Friend,0,0
RW-109519,Hillcrest,29,7,Monthly,0,Plus,49,0,0,1,5.7,0,8,7,4,1,0,0,Friend,0,0
RW-109520,Riverside,33,2,Monthly,0,Basic,29,0,0,0,2.0,0,10,17,2,5,0,0,Online ad,0,1
RW-109521,Westfield,22,3,Monthly,0,Basic,29,0,0,0,1.1,1,1,5,16,0,1,0,Corporate,0,1
RW-109522,Riverside,57,18,Monthly,0,Premium,69,1,0,0,2.0,1,9,8,2,1,2,0,Walk-in,0,0
RW-109523,Downtown,29,11,Monthly,0,Plus,44,1,0,0,5.0,1,13,15,5,0,0,0,Friend,0,1
RW-109524,Lakeview,60,5,Annual,11,Basic,24,0,0,0,8.2,1,19,25,0,1,2,1,Online ad,0,0
RW-109525,Westfield,27,3,Monthly,0,Basic,19,1,1,0,4.6,0,10,6,8,3,1,0,Corporate,0,0
RW-109526,Hillcrest,37,54,Annual,5,Basic,19,1,1,0,2.9,0,2,5,1,0,0,0,Walk-in,0,0
RW-109527,Downtown,31,63,Annual,10,Basic,24,0,0,0,4.7,1,2,3,12,0,0,0,Friend,1,0
RW-109528,Downtown,39,2,Annual,9,Basic,24,0,0,0,1.3,0,5,5,9,0,0,1,Online ad,0,0
RW-109529,Lakeview,31,10,Annual,6,Basic,24,0,0,0,4.0,1,21,16,2,1,0,0,Walk-in,0,0
RW-109530,Downtown,28,14,Annual,8,Basic,24,1,1,0,10.0,1,0,2,42,0,0,1,Corporate,0,0
RW-109531,Hillcrest,30,6,Monthly,0,Basic,29,0,0,0,9.8,0,8,8,1,2,1,1,Friend,0,0
RW-109532,Westfield,33,21,Annual,9,Basic,14,1,0,0,3.7,0,8,13,9,6,1,0,Friend,0,0
RW-109533,Downtown,32,17,Monthly,0,Plus,49,0,0,0,3.7,0,3,6,2,2,0,0,Online ad,0,0
RW-109534,Lakeview,54,5,Monthly,0,Plus,49,0,1,0,4.0,1,5,23,4,1,1,0,Walk-in,0,0
RW-109535,Northgate,25,6,Monthly,0,Premium,79,0,0,1,7.0,1,28,28,2,13,1,0,Online ad,0,0
RW-109536,Lakeview,39,3,Monthly,0,Basic,29,0,0,1,2.9,0,12,4,6,1,1,0,Online ad,0,1
RW-109537,Hillcrest,28,33,Monthly,0,Premium,69,1,0,1,5.2,1,0,5,40,0,0,0,Walk-in,0,0
RW-109538,Westfield,44,57,Annual,7,Plus,34,1,1,0,8.4,1,14,15,5,1,1,0,Friend,1,0
RW-109539,Downtown,26,89,Monthly,0,Basic,29,0,0,1,22.9,0,3,6,14,0,1,0,Walk-in,0,1
RW-109540,Hillcrest,28,59,Annual,1,Premium,64,1,0,0,4.9,1,1,6,9,1,0,0,Corporate,0,1
RW-109541,Lakeview,66,52,Annual,1,Basic,14,1,0,0,2.3,1,16,15,5,5,1,0,Online ad,0,0
RW-109542,Westfield,21,30,Annual,3,Basic,24,0,0,0,2.0,1,5,6,9,4,1,0,Walk-in,0,0
RW-109543,Hillcrest,42,21,Annual,7,Basic,24,0,0,0,1.4,0,2,5,7,2,1,0,Friend,1,0
RW-109544,Riverside,23,21,Monthly,0,Basic,29,0,1,0,13.5,1,10,13,4,2,0,0,Online ad,0,0
RW-109545,Westfield,35,72,Monthly,0,Premium,79,0,0,0,5.6,1,12,11,6,6,0,0,Online ad,0,0
RW-109546,Lakeview,42,39,Monthly,0,Plus,49,1,0,0,8.7,1,10,15,8,0,1,1,Online ad,1,1
RW-109547,Hillcrest,32,9,Monthly,0,Plus,49,1,1,0,6.1,0,7,2,9,0,0,0,Walk-in,1,0
RW-109548,Hillcrest,24,7,Monthly,0,Premium,79,0,0,0,7.1,1,8,7,7,0,1,0,Walk-in,0,1
RW-109549,Hillcrest,55,31,Monthly,0,Basic,29,0,1,0,3.6,1,1,4,17,1,0,0,Corporate,0,0
RW-109550,Northgate,42,18,Annual,9,Premium,74,0,0,1,3.2,0,9,12,7,1,0,0,Walk-in,0,0
RW-109551,Northgate,26,105,Monthly,0,Premium,79,0,1,0,3.5,1,0,10,66,0,0,1,Walk-in,1,1
RW-109552,Westfield,28,6,Annual,2,Plus,39,1,0,0,3.8,1,7,9,10,0,0,0,Friend,0,0
RW-109553,Northgate,35,34,Monthly,0,Basic,29,0,0,0,4.9,0,28,28,2,2,0,0,Online ad,0,0
RW-109554,Westfield,25,19,Annual,11,Basic,24,0,0,0,2.7,1,2,2,1,0,0,0,Friend,0,0
RW-109555,Northgate,35,4,Annual,2,Plus,39,1,0,0,8.0,0,8,11,7,0,1,0,Corporate,0,0
RW-109556,Downtown,36,32,Monthly,0,Basic,29,0,0,0,4.3,0,4,6,5,3,0,0,Online ad,0,0
RW-109557,Westfield,28,15,Monthly,0,Premium,79,0,0,0,1.5,0,28,26,2,0,0,0,Corporate,0,0
RW-109558,Hillcrest,27,19,Annual,3,Premium,74,0,1,1,2.9,1,5,11,0,5,0,1,Online ad,0,0
RW-109559,Downtown,51,9,Annual,0,Premium,74,0,0,0,4.6,0,11,6,1,0,0,0,Friend,0,1
RW-109560,Hillcrest,28,19,Annual,6,Basic,24,1,0,0,3.3,1,4,4,2,1,1,0,Friend,0,0
RW-109561,Lakeview,34,7,Annual,5,Basic,24,1,0,0,2.4,0,22,14,1,0,1,1,Online ad,0,0
RW-109562,Hillcrest,53,8,Monthly,0,Plus,44,1,0,0,18.6,1,5,11,0,0,0,0,Walk-in,0,1
RW-109563,Riverside,29,111,Annual,9,Plus,44,1,0,0,1.6,1,24,20,4,1,0,0,Online ad,0,0
RW-109564,Downtown,32,17,Annual,5,Plus,44,0,0,0,10.9,1,7,10,10,6,0,0,Corporate,0,0
RW-109565,Riverside,61,11,Annual,3,Plus,44,0,0,0,6.8,1,5,4,11,0,0,0,Online ad,1,0
RW-109566,Lakeview,46,27,Monthly,0,Basic,29,0,0,0,1.3,0,14,10,4,1,0,0,Online ad,0,0
RW-109567,Northgate,29,77,Monthly,0,Premium,79,0,1,1,7.8,1,7,6,6,2,0,0,Walk-in,0,0
RW-109568,Downtown,33,13,Annual,5,Basic,24,0,0,0,4.6,1,4,14,4,0,1,1,Corporate,0,0
RW-109569,Westfield,23,17,Annual,8,Plus,44,0,0,1,3.0,1,12,14,3,0,0,0,Corporate,0,0
RW-109570,Riverside,34,18,Monthly,0,Premium,79,0,0,1,4.2,1,3,14,12,0,0,0,Online ad,0,0
RW-109571,Downtown,45,6,Monthly,0,Basic,29,1,1,0,14.2,1,6,10,9,1,0,0,Online ad,0,0
RW-109572,Downtown,43,14,Annual,10,Premium,74,0,1,0,4.7,0,0,10,54,0,1,0,Walk-in,0,0
RW-109573,Northgate,43,4,Annual,6,Plus,44,0,1,0,6.8,0,11,18,2,8,0,0,Friend,0,0
RW-109574,Riverside,21,3,Monthly,0,Plus,49,1,0,0,13.3,0,0,2,54,0,0,1,Friend,0,1
RW-109575,Hillcrest,23,14,Monthly,0,Basic,24,1,0,0,2.7,0,1,3,9,0,0,0,Friend,0,1
RW-109576,Riverside,32,52,Annual,6,Basic,24,0,0,0,8.5,0,13,10,3,0,0,0,Online ad,0,0
RW-109577,Northgate,42,36,Annual,1,Plus,44,0,0,0,5.4,0,9,5,4,5,1,0,Friend,1,0
RW-109578,Northgate,63,35,Monthly,0,Basic,29,0,0,0,6.1,0,2,6,2,0,0,0,Walk-in,0,1
RW-109579,Lakeview,27,8,Monthly,0,Premium,79,0,0,0,9.2,1,2,4,14,0,0,0,Walk-in,1,1
RW-109580,Downtown,31,9,Monthly,0,Plus,44,1,1,0,1.3,0,5,8,6,1,1,1,Online ad,0,0
RW-109581,Northgate,52,10,Monthly,0,Basic,29,0,0,0,6.2,0,2,1,14,1,0,0,Online ad,0,0
RW-109582,Lakeview,34,21,Monthly,0,Plus,49,0,0,0,7.6,0,5,3,1,0,0,0,Walk-in,1,0
RW-109583,Lakeview,26,5,Annual,2,Premium,74,0,0,0,6.7,0,8,8,9,7,1,0,Walk-in,0,0
RW-109584,Hillcrest,31,34,Monthly,0,Plus,49,0,1,0,1.8,0,8,2,2,1,1,0,Friend,0,0
RW-109585,Riverside,62,59,Annual,6,Plus,44,0,1,1,7.9,0,20,20,0,1,0,1,Friend,0,0
RW-109586,Lakeview,37,43,Annual,0,Basic,24,1,0,0,3.8,1,10,12,8,0,1,0,Friend,1,1
RW-109587,Northgate,21,29,Annual,7,Basic,14,1,0,0,5.4,0,4,2,2,3,0,1,Online ad,1,0
RW-109588,Downtown,25,19,Annual,6,Basic,24,0,0,1,2.5,1,1,9,7,0,0,0,Friend,0,0
RW-109589,Westfield,50,11,Annual,4,Basic,24,0,0,0,2.9,1,15,11,4,3,0,0,Walk-in,0,0
RW-109590,Northgate,26,7,Annual,10,Premium,74,0,0,0,2.0,1,2,8,8,1,0,0,Friend,0,0
RW-109591,Hillcrest,66,16,Annual,9,Premium,74,0,1,1,2.4,1,2,2,15,0,0,0,Walk-in,0,0
RW-109592,Downtown,34,10,Annual,10,Plus,44,0,0,0,1.8,0,3,4,10,0,0,0,Walk-in,1,0
RW-109593,Northgate,47,61,Annual,8,Plus,44,0,0,1,1.8,0,2,6,9,0,1,0,Corporate,0,0
RW-109594,Downtown,27,10,Monthly,0,Plus,49,0,1,0,4.3,0,2,7,13,0,0,1,Walk-in,0,0
RW-109595,Riverside,25,13,Monthly,0,Basic,24,1,0,0,16.9,0,0,1,50,0,0,0,Walk-in,0,1
RW-109596,Lakeview,28,1,Monthly,0,Plus,49,0,0,0,8.5,1,5,0,4,3,0,0,Corporate,0,0
RW-109597,Riverside,24,6,Monthly,0,Basic,29,0,0,0,3.5,1,12,6,6,5,0,0,Walk-in,0,0
RW-109598,Hillcrest,29,38,Annual,5,Plus,39,1,0,0,2.2,1,3,17,8,1,0,1,Walk-in,0,0
RW-109599,Westfield,31,11,Monthly,0,Premium,79,0,0,0,6.1,1,22,14,4,0,1,0,Friend,0,0
RW-109600,Westfield,32,13,Annual,9,Premium,74,1,0,0,9.5,1,4,4,7,0,0,0,Online ad,0,0
RW-109601,Downtown,31,5,Monthly,0,Plus,49,0,0,0,5.8,1,22,27,3,0,0,0,Online ad,1,1
RW-109602,Hillcrest,63,9,Annual,6,Plus,44,0,1,0,9.0,1,2,1,2,0,0,0,Walk-in,0,0
RW-109603,Northgate,22,56,Monthly,0,Plus,49,0,0,0,5.3,0,0,5,120,0,1,1,Corporate,0,1
RW-109604,Riverside,47,69,Annual,4,Basic,24,0,0,0,1.2,1,11,15,1,0,0,0,Friend,1,0
RW-109605,Riverside,53,1,Monthly,0,Plus,49,0,1,0,5.2,0,9,0,7,1,0,0,Online ad,0,0
RW-109606,Lakeview,25,12,Monthly,0,Basic,29,0,0,0,8.0,0,5,6,2,0,0,0,Online ad,0,0
RW-109607,Riverside,31,17,Annual,1,Basic,24,0,0,0,4.5,0,7,8,1,0,0,0,Online ad,0,0
RW-109608,Downtown,59,20,Annual,1,Premium,74,0,0,1,3.1,1,7,5,2,2,0,0,Walk-in,0,0
RW-109609,Lakeview,38,9,Annual,1,Basic,24,0,0,0,2.0,1,2,6,13,0,0,0,Online ad,0,1
RW-109610,Northgate,30,22,Annual,11,Plus,44,0,0,0,4.9,1,4,6,5,3,0,0,Online ad,0,0
RW-109611,Riverside,34,7,Monthly,0,Premium,79,0,0,1,4.9,1,1,3,4,0,0,0,Friend,0,0
RW-109612,Lakeview,26,14,Monthly,0,Premium,79,0,0,1,1.4,1,9,12,3,2,1,0,Friend,0,0
RW-109613,Lakeview,48,10,Monthly,0,Premium,79,0,0,0,1.6,0,23,16,4,12,0,1,Corporate,0,0
RW-109614,Northgate,27,8,Monthly,0,Basic,29,0,0,0,9.0,1,9,9,5,1,0,0,Walk-in,0,0
RW-109615,Lakeview,42,29,Monthly,0,Plus,49,0,1,0,12.2,1,6,10,4,1,1,0,Walk-in,0,0
RW-109616,Downtown,39,27,Monthly,0,Plus,49,0,0,0,40.0,1,2,2,7,1,0,0,Online ad,0,1
RW-109617,Westfield,38,17,Monthly,0,Basic,29,0,1,0,11.5,1,2,11,12,0,0,0,Corporate,1,0
RW-109618,Lakeview,28,11,Annual,1,Premium,74,0,1,0,0.7,1,4,4,11,0,0,0,Friend,1,0
RW-109619,Westfield,36,9,Annual,8,Basic,24,0,0,0,1.9,0,3,5,0,1,1,0,Friend,0,0
RW-109620,Northgate,28,14,Monthly,0,Basic,29,1,1,0,4.0,1,0,2,39,0,0,1,Online ad,0,1
RW-109621,Lakeview,37,1,Monthly,0,Plus,49,0,0,1,1.1,1,24,0,1,9,0,0,Walk-in,0,0
RW-109622,Northgate,58,22,Monthly,0,Plus,49,0,0,0,14.2,1,16,11,1,9,0,1,Online ad,0,0
RW-109623,Westfield,48,6,Annual,10,Basic,19,1,0,0,4.6,0,13,19,2,1,0,0,Walk-in,0,0
RW-109624,Northgate,29,17,Annual,7,Premium,74,0,0,0,3.0,1,16,17,2,9,0,0,Online ad,0,0
RW-109625,Lakeview,57,42,Monthly,0,Premium,79,0,0,1,3.2,1,28,28,0,16,0,0,Online ad,0,0
RW-109626,Hillcrest,21,24,Annual,8,Plus,44,0,0,0,3.4,1,3,10,4,0,0,0,Friend,0,0
RW-109627,Northgate,78,8,Annual,7,Basic,24,0,1,0,3.7,0,2,11,10,1,0,0,Online ad,0,0
RW-109628,Northgate,78,2,Monthly,0,Basic,29,0,0,0,4.6,1,6,4,4,1,0,1,Online ad,0,0
RW-109629,Westfield,23,17,Annual,4,Basic,24,0,1,0,5.1,0,13,9,6,1,0,0,Online ad,0,0
RW-109630,Northgate,27,20,Monthly,0,Premium,79,0,0,1,7.6,1,2,6,14,2,0,0,Friend,1,1
RW-109631,Riverside,31,35,Monthly,0,Basic,29,0,0,0,9.7,0,5,15,5,2,0,0,Online ad,0,1
RW-109632,Riverside,38,2,Annual,5,Premium,74,0,1,0,0.9,1,5,7,5,1,0,1,Walk-in,0,0
RW-109633,Northgate,41,5,Annual,0,Plus,44,0,0,0,4.9,0,9,9,9,0,0,1,Friend,0,1
RW-109634,Westfield,32,32,Monthly,0,Premium,79,0,0,0,5.1,1,13,15,2,4,0,0,Online ad,0,0
RW-109635,Westfield,31,39,Annual,0,Plus,44,1,1,0,2.6,1,3,18,0,0,0,0,Online ad,0,1
RW-109636,Lakeview,45,3,Annual,2,Basic,24,0,0,0,2.6,0,2,4,6,0,0,1,Friend,0,0
RW-109637,Riverside,36,20,Annual,1,Plus,34,1,1,0,9.6,1,4,1,1,1,0,1,Friend,0,1
RW-109638,Hillcrest,51,23,Monthly,0,Premium,79,1,0,1,8.0,1,20,20,6,0,0,0,Online ad,0,0
RW-109639,Downtown,43,46,Monthly,0,Plus,49,0,0,0,5.3,0,1,6,6,0,0,0,Walk-in,0,0
RW-109640,Downtown,37,71,Annual,7,Basic,24,0,1,0,5.8,0,11,3,1,0,0,1,Walk-in,0,0
RW-109641,Westfield,21,3,Annual,0,Basic,24,0,0,0,2.4,0,10,11,1,4,0,0,Walk-in,0,1
RW-109642,Riverside,45,1,Monthly,0,Basic,29,0,1,0,6.8,0,1,0,4,0,0,0,Online ad,0,0
RW-109643,Downtown,40,3,Annual,10,Basic,24,0,1,0,3.0,1,3,3,2,0,0,0,Walk-in,0,0
RW-109644,Hillcrest,35,18,Annual,9,Premium,74,0,0,1,17.0,1,4,5,13,1,0,0,Online ad,0,0
RW-109645,Northgate,22,23,Monthly,0,Basic,29,0,1,0,1.6,0,17,13,3,0,0,0,Walk-in,0,0
RW-109646,Northgate,69,8,Monthly,0,Basic,29,0,0,0,14.4,1,18,17,4,12,0,0,Online ad,0,0
RW-109647,Westfield,52,65,Monthly,0,Basic,19,1,1,0,2.6,1,17,10,2,5,1,0,Online ad,0,0
RW-109648,Northgate,27,3,Annual,6,Basic,24,0,0,0,7.6,1,1,1,18,0,0,0,Corporate,0,0
RW-109649,Northgate,29,99,Monthly,0,Premium,79,0,0,1,15.3,0,15,8,1,1,2,0,Online ad,1,0
RW-109650,Riverside,55,12,Annual,5,Plus,34,1,1,0,2.4,0,4,7,1,1,0,0,Friend,0,0
RW-109651,Northgate,23,3,Monthly,0,Plus,49,1,0,0,6.0,0,10,7,4,4,0,0,Corporate,0,0
RW-109652,Downtown,25,17,Monthly,0,Basic,24,1,0,0,6.2,1,10,4,5,1,0,1,Friend,0,0
RW-109653,Hillcrest,32,9,Monthly,0,Premium,74,1,1,0,5.4,1,6,8,5,2,0,0,Friend,0,0
RW-109654,Riverside,43,21,Monthly,0,Plus,44,1,0,0,2.2,0,4,8,3,0,0,0,Walk-in,0,0
RW-109655,Downtown,29,22,Annual,9,Basic,24,0,0,0,1.8,1,7,9,4,1,0,0,Online ad,1,0
RW-109656,Hillcrest,35,41,Annual,9,Plus,44,0,0,0,3.6,0,7,10,10,0,0,0,Online ad,1,0
RW-109657,Hillcrest,53,3,Monthly,0,Basic,29,0,0,0,3.0,0,3,8,9,2,0,0,Walk-in,0,1
RW-109658,Northgate,25,17,Annual,4,Plus,44,1,1,0,11.4,1,6,4,3,1,0,1,Friend,0,0
RW-109659,Lakeview,34,13,Annual,4,Basic,24,0,0,0,3.4,0,0,0,42,0,0,0,Walk-in,0,0
RW-109660,Hillcrest,27,42,Monthly,0,Basic,29,0,0,0,3.1,0,8,18,4,0,0,0,Walk-in,0,0
RW-109661,Lakeview,23,7,Annual,0,Basic,24,1,1,0,4.6,0,0,5,62,0,0,0,Walk-in,0,1
RW-109662,Hillcrest,53,9,Monthly,0,Plus,49,0,0,1,6.9,0,0,2,46,0,0,0,Walk-in,0,0
RW-109663,Hillcrest,29,53,Monthly,0,Plus,49,1,0,0,4.6,1,28,28,4,11,1,1,Friend,0,0
RW-109664,Hillcrest,38,10,Annual,8,Basic,24,1,0,0,12.5,0,4,3,11,0,0,0,Online ad,0,0
RW-109665,Hillcrest,32,80,Annual,6,Plus,44,1,0,0,19.8,1,1,0,6,0,0,1,Walk-in,0,0
RW-109666,Westfield,28,54,Annual,10,Basic,24,0,0,0,8.7,1,0,8,42,0,0,1,Friend,1,1
RW-109667,Downtown,18,31,Monthly,0,Basic,29,0,0,0,3.2,0,0,4,36,0,0,0,Corporate,0,1
RW-109668,Northgate,39,70,Monthly,0,Basic,29,0,0,0,2.1,0,3,2,8,0,0,0,Friend,0,0
RW-109669,Downtown,30,8,Monthly,0,Basic,29,0,0,0,2.3,1,6,4,6,0,0,0,Walk-in,1,0
RW-109670,Downtown,25,3,Annual,2,Plus,44,0,0,0,2.7,1,2,25,13,0,0,0,Online ad,0,0
RW-109671,Riverside,27,16,Monthly,0,Basic,29,0,0,0,7.2,1,19,15,2,9,0,1,Online ad,0,0
RW-109672,Westfield,29,36,Monthly,0,Basic,29,0,0,0,1.0,0,13,17,2,3,0,1,Walk-in,0,1
RW-109673,Hillcrest,26,2,Monthly,0,Plus,49,0,0,0,2.7,1,9,5,1,0,0,0,Online ad,0,0
RW-109674,Downtown,73,18,Monthly,0,Basic,29,0,0,0,4.8,0,6,2,2,0,1,0,Online ad,0,0
RW-109675,Hillcrest,50,7,Monthly,0,Premium,79,0,0,0,7.9,1,8,15,7,4,1,1,Online ad,0,0
RW-109676,Lakeview,38,77,Monthly,0,Premium,79,0,0,0,9.6,0,9,8,0,0,1,0,Online ad,0,0
RW-109677,Hillcrest,43,108,Monthly,0,Plus,49,0,1,0,5.2,1,8,4,8,1,0,0,Walk-in,0,0
RW-109678,Lakeview,44,31,Monthly,0,Basic,29,0,0,0,5.2,1,7,7,6,0,1,0,Online ad,0,0
RW-109679,Westfield,41,48,Annual,6,Basic,24,0,0,0,3.0,0,2,5,15,0,0,0,Friend,0,0
RW-109680,Riverside,40,50,Monthly,0,Basic,29,0,0,0,11.0,0,0,6,35,0,1,0,Online ad,0,1
RW-109681,Northgate,45,18,Annual,1,Basic,14,1,0,0,11.5,0,7,11,2,3,0,0,Friend,0,1
RW-109682,Downtown,30,15,Monthly,0,Basic,29,0,0,0,2.9,1,5,7,2,5,0,1,Corporate,0,0
RW-109683,Lakeview,23,5,Monthly,0,Plus,49,0,0,0,7.0,0,5,2,6,0,1,0,Online ad,0,0
RW-109684,Downtown,28,11,Monthly,0,Plus,49,0,1,0,11.4,0,5,13,0,0,0,1,Friend,0,0
RW-109685,Lakeview,29,21,Annual,0,Basic,24,0,0,0,1.9,1,1,10,20,0,0,0,Friend,0,1
RW-109686,Downtown,40,22,Annual,8,Basic,24,0,0,0,7.4,1,19,26,4,0,0,1,Walk-in,0,0
RW-109687,Hillcrest,32,39,Annual,4,Premium,74,0,0,0,1.5,1,0,2,73,0,0,0,Walk-in,0,0
RW-109688,Northgate,31,85,Annual,5,Premium,74,0,0,0,5.9,1,15,14,3,9,0,0,Online ad,0,0
RW-109689,Northgate,46,38,Monthly,0,Premium,69,1,0,1,12.9,1,14,12,4,16,0,0,Online ad,1,0
RW-109690,Northgate,31,2,Monthly,0,Basic,29,1,0,1,3.9,0,16,16,6,12,1,0,Friend,0,0
RW-109691,Downtown,37,3,Annual,3,Basic,24,0,0,0,2.8,1,13,7,4,0,0,0,Walk-in,0,0
RW-109692,Westfield,29,53,Monthly,0,Plus,49,0,0,0,6.1,1,21,17,0,15,0,1,Online ad,0,0
RW-109693,Westfield,37,6,Monthly,0,Basic,29,0,0,0,7.2,1,10,14,8,1,0,0,Walk-in,0,0
RW-109694,Downtown,26,36,Annual,6,Basic,24,0,0,0,5.2,1,4,9,13,0,0,0,Friend,0,0
RW-109695,Northgate,40,53,Annual,5,Basic,24,0,0,0,7.4,1,0,10,75,0,0,1,Walk-in,1,0
RW-109696,Northgate,56,14,Monthly,0,Premium,79,0,0,0,4.0,1,18,21,1,4,0,0,Friend,0,0
RW-109697,Riverside,44,6,Annual,10,Premium,74,0,0,1,10.4,1,8,10,9,0,0,0,Walk-in,0,0
RW-109698,Downtown,43,4,Annual,11,Plus,44,0,0,0,2.7,1,23,21,5,3,1,1,Online ad,0,0
RW-109699,Northgate,44,2,Monthly,0,Premium,79,0,0,0,7.4,0,4,6,1,3,1,0,Online ad,0,0
RW-109700,Downtown,60,15,Monthly,0,Plus,49,0,1,0,3.1,1,13,8,3,3,1,0,Online ad,0,0
RW-109701,Downtown,52,13,Annual,10,Plus,44,0,1,0,6.9,0,9,6,7,5,0,1,Online ad,0,0
RW-109702,Lakeview,22,13,Annual,5,Basic,24,0,0,1,1.9,1,4,4,1,0,0,0,Friend,0,0
RW-109703,Lakeview,48,7,Annual,1,Plus,44,1,1,0,23.2,1,4,8,13,0,1,0,Friend,0,1
RW-109704,Downtown,23,26,Monthly,0,Plus,49,0,1,0,12.2,1,1,4,15,1,0,0,Online ad,1,0
RW-109705,Riverside,31,30,Monthly,0,Plus,49,0,0,0,8.8,1,7,6,9,0,2,0,Walk-in,0,1
RW-109706,Downtown,25,2,Annual,3,Basic,19,1,1,0,2.9,1,24,21,4,0,1,0,Friend,1,0
RW-109707,Downtown,31,3,Annual,7,Premium,74,0,0,0,1.9,0,5,5,7,0,0,0,Online ad,0,0
RW-109708,Downtown,46,28,Monthly,0,Plus,49,0,0,0,5.6,0,13,15,6,2,0,0,Online ad,0,0
RW-109709,Lakeview,25,31,Monthly,0,Premium,79,0,0,0,8.5,1,3,9,6,0,0,1,Online ad,0,1
RW-109710,Downtown,39,2,Monthly,0,Premium,69,1,0,1,2.4,1,4,3,2,0,0,0,Online ad,0,1
RW-109711,Riverside,38,5,Monthly,0,Basic,29,0,0,1,5.2,1,11,7,5,6,0,1,Online ad,0,0
RW-109712,Lakeview,42,5,Monthly,0,Basic,29,0,1,0,2.8,1,6,8,6,3,0,0,Online ad,0,0
RW-109713,Downtown,25,26,Monthly,0,Premium,79,0,0,1,4.1,0,4,10,13,1,0,1,Friend,0,0
RW-109714,Hillcrest,22,20,Monthly,0,Basic,24,1,1,0,3.0,1,9,5,5,0,0,0,Online ad,0,0
RW-109715,Northgate,56,12,Annual,1,Plus,34,1,0,0,13.1,1,5,6,11,0,0,0,Walk-in,0,1
RW-109716,Northgate,32,6,Monthly,0,Plus,49,0,0,0,8.4,1,11,7,4,0,0,1,Walk-in,0,0
RW-109717,Lakeview,31,6,Monthly,0,Basic,29,0,1,0,2.5,1,20,26,1,4,0,0,Online ad,0,0
RW-109718,Downtown,25,26,Monthly,0,Premium,74,1,1,1,5.8,1,2,13,5,1,1,0,Friend,0,0
RW-109719,Riverside,29,29,Monthly,0,Basic,29,0,0,0,16.1,1,5,6,12,3,0,0,Walk-in,0,1
RW-109720,Riverside,34,33,Monthly,0,Premium,74,1,1,0,6.8,1,7,10,6,2,0,0,Friend,0,0
RW-109721,Northgate,27,11,Annual,7,Plus,44,0,0,0,5.8,0,16,12,3,1,0,0,Walk-in,0,0
RW-109722,Downtown,54,19,Monthly,0,Plus,49,0,0,0,3.4,1,8,12,4,0,0,0,Friend,1,1
RW-109723,Downtown,63,1,Monthly,0,Basic,29,0,0,0,2.5,1,13,0,6,0,1,0,Online ad,0,0
RW-109724,Lakeview,32,50,Monthly,0,Basic,29,0,0,0,7.2,0,7,10,10,0,0,0,Corporate,0,0
RW-109725,Hillcrest,33,30,Annual,1,Premium,74,0,0,0,2.7,1,7,23,1,1,1,0,Online ad,1,0
RW-109726,Northgate,36,11,Annual,9,Plus,44,1,0,1,3.5,1,6,6,8,1,0,0,Walk-in,1,0
RW-109727,Riverside,27,53,Annual,7,Basic,24,0,0,0,4.6,1,12,12,8,0,0,0,Walk-in,0,0
RW-109728,Northgate,29,7,Monthly,0,Plus,49,0,0,0,7.3,1,11,9,0,6,0,0,Friend,0,1
RW-109729,Downtown,29,17,Monthly,0,Basic,29,0,0,0,5.6,0,10,3,4,5,1,1,Online ad,0,0
RW-109730,Hillcrest,29,1,Annual,8,Basic,24,0,0,0,3.0,1,15,0,5,2,0,0,Friend,0,0
RW-109731,Northgate,24,100,Monthly,0,Plus,49,0,0,0,9.6,0,0,4,43,0,0,0,Corporate,0,1
RW-109732,Hillcrest,61,25,Annual,9,Basic,19,1,0,1,5.4,1,3,10,8,1,2,1,Friend,0,0
RW-109733,Downtown,25,78,Monthly,0,Premium,79,0,0,0,1.7,1,13,9,1,0,0,0,Friend,0,0
RW-109734,Northgate,31,29,Monthly,0,Basic,29,0,0,0,1.7,0,4,9,7,0,0,0,Online ad,0,0
RW-109735,Riverside,37,1,Annual,10,Premium,74,0,0,1,40.0,0,2,0,1,0,1,0,Online ad,1,0
RW-109736,Northgate,68,20,Annual,3,Plus,44,0,0,0,5.0,1,4,4,5,0,0,0,Corporate,0,0
RW-109737,Downtown,25,5,Monthly,0,Plus,44,1,0,0,23.1,1,3,5,12,1,0,0,Walk-in,0,1
RW-109738,Riverside,34,44,Monthly,0,Basic,29,0,1,0,4.7,0,11,9,1,0,0,0,Walk-in,1,0
RW-109739,Hillcrest,37,10,Annual,11,Basic,24,0,0,0,5.0,0,5,6,7,3,0,0,Online ad,0,0
RW-109740,Downtown,65,3,Monthly,0,Plus,49,0,0,0,7.4,0,2,7,6,0,0,1,Online ad,0,1
RW-109741,Riverside,23,15,Annual,1,Plus,44,0,0,0,1.7,1,9,8,9,0,0,1,Corporate,0,1
RW-109742,Northgate,39,3,Annual,4,Basic,14,1,0,0,22.8,1,10,10,2,5,0,0,Walk-in,1,0
RW-109743,Northgate,38,3,Monthly,0,Basic,29,0,0,0,5.3,1,2,2,3,0,0,1,Corporate,0,1
RW-109744,Downtown,34,49,Monthly,0,Basic,29,0,0,0,5.6,1,9,10,7,0,0,0,Online ad,0,0
RW-109745,Riverside,44,27,Monthly,0,Premium,79,0,1,1,5.4,0,3,25,5,0,0,1,Friend,0,0
RW-109746,Westfield,21,27,Annual,7,Plus,44,0,0,0,11.1,0,12,16,4,0,0,0,Online ad,0,0
RW-109747,Westfield,41,5,Monthly,0,Basic,29,0,0,1,7.5,0,6,4,6,0,0,0,Corporate,0,0
RW-109748,Riverside,35,113,Annual,8,Plus,44,0,0,0,6.4,1,24,9,0,0,0,1,Corporate,0,0
RW-109749,Westfield,49,47,Monthly,0,Basic,29,0,0,0,7.5,0,0,13,61,0,0,0,Walk-in,1,0
RW-109750,Northgate,29,8,Annual,8,Plus,44,0,1,0,5.5,1,5,4,2,2,2,0,Walk-in,0,0
RW-109751,Northgate,21,51,Monthly,0,Basic,19,1,0,0,8.6,1,6,4,1,5,1,0,Friend,0,0
RW-109752,Riverside,25,24,Monthly,0,Premium,79,0,0,0,7.2,0,7,15,3,0,1,0,Online ad,0,1
RW-109753,Northgate,30,4,Monthly,0,Plus,49,0,0,0,3.5,0,1,9,19,0,1,1,Online ad,0,1
RW-109754,Westfield,40,1,Monthly,0,Premium,69,1,1,0,7.3,1,6,0,9,0,0,0,Friend,0,0
RW-109755,Westfield,31,6,Monthly,0,Basic,29,0,0,0,7.8,0,13,15,2,2,0,0,Online ad,0,0
RW-109756,Hillcrest,41,8,Monthly,0,Basic,29,0,0,0,2.8,0,1,10,16,0,0,1,Online ad,0,0
RW-109757,Lakeview,35,35,Monthly,0,Basic,29,0,0,0,3.1,1,13,6,2,1,0,1,Friend,3,0
RW-109758,Northgate,43,100,Monthly,0,Basic,29,0,0,0,2.0,1,2,7,10,0,0,0,Walk-in,0,0
RW-109759,Hillcrest,26,18,Annual,11,Plus,39,1,0,0,4.3,1,11,6,6,5,0,0,Corporate,0,0
RW-109760,Lakeview,39,8,Monthly,0,Basic,29,0,0,0,6.6,0,8,4,7,3,0,0,Walk-in,0,0
RW-109761,Lakeview,22,17,Annual,7,Plus,44,0,0,0,4.2,1,4,7,9,3,0,1,Corporate,0,0
RW-109762,Riverside,53,8,Monthly,0,Basic,24,1,0,0,8.3,1,2,2,10,0,0,0,Walk-in,0,0
RW-109763,Riverside,54,11,Annual,3,Basic,24,0,0,0,6.8,1,19,13,2,11,0,0,Friend,0,0
RW-109764,Lakeview,45,1,Annual,8,Plus,44,0,0,0,7.5,1,0,0,41,0,0,0,Online ad,0,0
RW-109765,Westfield,45,2,Monthly,0,Basic,29,0,0,0,3.2,0,5,4,12,1,0,1,Online ad,0,0
RW-109766,Downtown,34,29,Annual,7,Premium,74,0,0,0,5.6,0,5,7,6,0,0,0,Online ad,1,0
RW-109767,Riverside,30,12,Annual,10,Basic,24,0,0,0,14.2,1,3,9,8,0,1,0,Walk-in,0,0
RW-109768,Riverside,22,17,Monthly,0,Basic,24,1,0,0,0.7,1,0,22,34,0,0,0,Friend,1,1
RW-109769,Riverside,27,14,Annual,7,Basic,24,0,0,0,1.4,0,2,6,3,0,0,0,Walk-in,2,0
RW-109770,Hillcrest,41,120,Monthly,0,Basic,29,0,0,0,5.3,1,10,10,2,1,0,0,Corporate,0,0
RW-109771,Hillcrest,55,16,Annual,11,Basic,24,0,0,0,1.6,0,19,16,6,7,0,1,Online ad,1,0
RW-109772,Downtown,27,18,Monthly,0,Basic,19,1,0,1,11.8,0,8,11,7,2,0,0,Corporate,0,0
RW-109773,Downtown,33,10,Monthly,0,Basic,29,1,0,0,9.8,1,3,2,10,0,0,0,Corporate,0,0
RW-109774,Riverside,22,18,Monthly,0,Basic,19,1,0,0,2.3,1,6,14,3,0,1,0,Walk-in,1,1
RW-109775,Downtown,40,2,Monthly,0,Basic,19,1,0,0,7.2,1,6,6,3,0,0,0,Walk-in,0,1
RW-109776,Downtown,40,17,Monthly,0,Plus,49,0,0,0,3.1,1,5,6,8,0,0,0,Friend,0,0
RW-109777,Northgate,31,4,Monthly,0,Plus,49,0,0,0,2.2,0,8,10,1,1,1,0,Friend,0,1
RW-109778,Hillcrest,54,26,Annual,3,Basic,14,1,0,1,6.2,1,7,13,9,2,0,0,Walk-in,2,0
RW-109779,Northgate,60,17,Annual,4,Basic,24,0,0,1,4.7,0,8,7,7,0,0,1,Walk-in,0,0
RW-109780,Downtown,39,7,Monthly,0,Basic,19,1,0,0,14.0,0,3,1,4,1,2,0,Friend,0,1
RW-109781,Northgate,29,22,Annual,9,Basic,19,1,0,0,2.1,1,28,20,4,11,0,0,Corporate,0,0
RW-109782,Northgate,26,30,Monthly,0,Basic,19,1,1,0,6.8,1,4,28,11,2,1,1,Walk-in,0,0
RW-109783,Downtown,33,24,Monthly,0,Basic,29,0,1,0,10.9,1,2,9,1,0,0,0,Online ad,0,0
RW-109784,Northgate,36,18,Annual,1,Basic,24,0,0,0,6.8,1,8,7,3,0,1,0,Walk-in,0,0
RW-109785,Hillcrest,33,42,Monthly,0,Basic,29,0,0,0,5.4,1,10,6,6,5,0,0,Friend,0,0
RW-109786,Westfield,28,49,Annual,3,Premium,74,0,0,0,26.5,0,4,6,2,1,0,0,Online ad,0,0
RW-109787,Northgate,23,23,Annual,11,Basic,24,0,0,0,3.2,0,16,10,1,11,0,0,Walk-in,0,0
RW-109788,Westfield,55,24,Annual,2,Premium,74,1,0,1,6.3,0,6,3,7,0,0,1,Friend,0,0
RW-109789,Hillcrest,23,21,Annual,5,Basic,24,0,1,1,10.2,0,2,2,5,0,0,0,Online ad,1,0
RW-109790,Northgate,45,28,Monthly,0,Basic,29,0,1,0,1.3,0,9,15,8,5,0,0,Friend,1,0
RW-109791,Westfield,31,15,Monthly,0,Plus,49,0,0,0,2.2,0,8,5,4,1,0,1,Online ad,0,1
RW-109792,Downtown,38,4,Monthly,0,Basic,29,1,0,0,14.0,0,2,2,8,0,0,0,Walk-in,0,1
RW-109793,Westfield,23,41,Monthly,0,Plus,49,1,0,0,8.0,1,17,18,5,7,1,0,Friend,0,0
RW-109794,Riverside,29,3,Monthly,0,Basic,29,0,1,1,12.2,1,5,14,0,2,0,0,Online ad,0,1
RW-109795,Westfield,42,6,Monthly,0,Basic,29,0,0,0,7.7,1,6,9,8,2,1,0,Online ad,0,0
RW-109796,Riverside,24,46,Annual,1,Plus,44,1,0,0,6.3,1,0,13,48,0,1,1,Walk-in,0,1
RW-109797,Lakeview,27,5,Monthly,0,Basic,29,1,0,0,5.0,1,7,11,4,5,0,0,Friend,0,0
RW-109798,Lakeview,25,8,Annual,2,Plus,44,0,1,0,4.5,0,8,7,9,0,0,0,Walk-in,0,0
RW-109799,Downtown,54,26,Annual,5,Basic,24,0,1,0,6.8,1,1,5,9,0,0,0,Online ad,0,0
RW-109800,Riverside,27,3,Annual,6,Premium,74,1,0,1,5.9,1,28,26,1,1,0,0,Online ad,0,0
RW-109801,Downtown,27,21,Monthly,0,Premium,79,1,0,0,8.4,0,3,4,3,2,0,0,Online ad,0,1
RW-109802,Hillcrest,26,1,Monthly,0,Premium,74,1,1,0,3.6,1,0,0,37,0,0,0,Online ad,0,0
RW-109803,Northgate,36,33,Annual,6,Plus,44,1,0,0,4.7,0,9,5,8,2,0,1,Walk-in,0,0
RW-109804,Riverside,41,7,Annual,9,Premium,74,0,0,0,4.4,0,11,7,7,5,1,1,Walk-in,1,0
RW-109805,Northgate,36,36,Monthly,0,Plus,49,0,0,0,4.5,0,8,10,7,0,0,1,Corporate,0,0
RW-109806,Downtown,41,20,Monthly,0,Basic,24,1,0,0,4.0,0,9,10,3,3,0,1,Friend,0,0
RW-109807,Riverside,66,74,Monthly,0,Plus,49,0,0,0,6.2,0,5,3,9,0,0,0,Walk-in,1,0
RW-109808,Riverside,31,2,Annual,0,Plus,39,1,0,0,5.7,0,5,7,1,1,0,0,Friend,0,1
RW-109809,Hillcrest,33,51,Monthly,0,Plus,49,0,0,0,4.2,1,7,25,9,0,0,0,Friend,0,0
RW-109810,Northgate,78,1,Annual,4,Plus,44,0,0,0,4.9,0,4,0,6,0,0,0,Walk-in,0,0
RW-109811,Lakeview,45,13,Monthly,0,Basic,29,0,0,0,3.4,0,9,8,0,1,0,0,Online ad,0,1
RW-109812,Downtown,26,14,Annual,7,Basic,24,0,0,0,5.6,0,7,8,5,2,1,1,Walk-in,1,0
RW-109813,Hillcrest,64,31,Monthly,0,Basic,24,1,1,0,6.1,1,6,3,5,1,0,0,Online ad,0,0
RW-109814,Westfield,53,11,Monthly,0,Basic,29,0,0,1,3.3,1,4,4,6,2,0,1,Online ad,0,0
RW-109815,Riverside,33,3,Monthly,0,Premium,79,0,1,1,2.2,1,12,20,2,0,0,1,Corporate,0,0
RW-109816,Hillcrest,26,66,Annual,5,Basic,14,1,0,0,2.8,1,10,5,7,4,0,0,Online ad,0,0
RW-109817,Riverside,27,22,Annual,3,Basic,24,0,0,0,4.1,1,11,9,7,2,0,0,Walk-in,0,0
RW-109818,Northgate,40,15,Annual,5,Basic,24,1,0,0,8.6,0,8,15,9,6,0,1,Online ad,0,0
RW-109819,Lakeview,44,10,Annual,1,Premium,74,0,0,1,5.5,1,10,9,6,0,1,0,Walk-in,0,0
RW-109820,Westfield,34,8,Monthly,0,Plus,49,0,0,0,5.8,1,5,10,3,0,0,0,Walk-in,0,0
RW-109821,Hillcrest,25,18,Monthly,0,Plus,49,0,0,0,7.4,1,1,1,4,2,1,0,Walk-in,0,0
RW-109822,Northgate,36,22,Monthly,0,Basic,29,0,0,0,1.1,1,10,14,1,1,0,0,Online ad,1,0
RW-109823,Hillcrest,28,23,Annual,8,Basic,24,0,0,0,6.7,0,1,2,16,0,1,0,Friend,0,0
RW-109824,Northgate,28,4,Annual,6,Premium,74,1,0,1,15.1,1,3,7,6,0,0,1,Online ad,0,1
RW-109825,Westfield,36,19,Annual,1,Plus,44,0,0,0,3.8,1,15,18,2,8,0,0,Online ad,0,0
RW-109826,Lakeview,48,12,Monthly,0,Basic,29,0,0,0,5.9,1,0,4,71,0,0,0,Corporate,0,1
RW-109827,Downtown,29,55,Annual,5,Basic,24,0,0,0,5.8,0,10,8,3,1,0,0,Walk-in,1,0
RW-109828,Northgate,45,13,Monthly,0,Plus,49,0,0,0,6.4,1,18,18,2,1,0,0,Friend,1,0
RW-109829,Riverside,24,5,Monthly,0,Plus,49,1,0,0,4.3,1,1,5,19,2,0,0,Friend,0,1
RW-109830,Northgate,49,82,Monthly,0,Premium,79,0,0,1,3.5,1,28,28,3,15,2,0,Online ad,0,0
RW-109831,Hillcrest,26,20,Annual,2,Basic,24,0,1,0,1.9,1,1,5,19,0,0,0,Corporate,0,0
RW-109832,Northgate,44,19,Annual,0,Plus,44,0,0,0,4.8,1,14,13,2,4,1,0,Walk-in,0,1
RW-109833,Downtown,30,33,Monthly,0,Basic,29,0,0,0,3.2,1,1,10,18,1,0,1,Walk-in,0,1
RW-109834,Northgate,26,17,Monthly,0,Plus,49,0,0,0,8.0,1,10,9,4,7,0,0,Friend,1,0
RW-109835,Lakeview,30,37,Annual,1,Plus,44,0,0,0,2.6,0,8,14,8,3,1,0,Walk-in,1,1
RW-109836,Hillcrest,28,20,Monthly,0,Basic,29,1,0,0,2.7,0,11,16,2,5,0,0,Walk-in,0,0
RW-109837,Westfield,53,50,Monthly,0,Basic,29,0,0,0,2.3,1,3,5,2,2,0,0,Walk-in,0,0
RW-109838,Northgate,41,3,Monthly,0,Basic,24,1,0,0,6.9,0,5,7,4,1,0,1,Online ad,0,1
RW-109839,Riverside,26,8,Monthly,0,Plus,49,0,0,0,2.7,1,21,14,3,0,0,0,Walk-in,0,0
RW-109840,Westfield,34,6,Monthly,0,Basic,29,0,0,0,10.5,1,5,2,1,0,0,0,Online ad,1,0
RW-109841,Hillcrest,33,26,Annual,0,Plus,44,1,0,0,2.0,0,0,7,32,0,1,0,Corporate,1,1
RW-109842,Downtown,26,87,Monthly,0,Plus,49,0,0,0,8.0,0,12,14,1,4,0,0,Walk-in,0,0
RW-109843,Northgate,31,29,Annual,5,Plus,44,0,0,0,8.3,0,4,6,6,0,0,0,Corporate,0,0
RW-109844,Westfield,40,6,Monthly,0,Premium,79,0,0,1,6.3,0,2,2,16,0,0,0,Walk-in,0,0
RW-109845,Northgate,33,79,Monthly,0,Plus,49,0,0,0,3.6,1,10,8,9,4,0,1,Corporate,0,0
RW-109846,Northgate,35,8,Monthly,0,Plus,49,0,0,1,5.3,0,3,3,14,0,2,0,Online ad,1,0
RW-109847,Lakeview,35,55,Annual,5,Plus,44,0,0,0,8.2,0,3,3,6,1,0,0,Walk-in,0,0
RW-109848,Downtown,43,21,Monthly,0,Basic,29,0,0,0,8.1,0,5,8,1,0,0,0,Friend,0,0
RW-109849,Riverside,46,5,Monthly,0,Basic,29,0,0,0,3.4,1,1,4,8,1,1,0,Friend,0,0
RW-109850,Riverside,29,30,Annual,10,Premium,74,0,0,1,13.2,1,2,10,7,0,0,0,Walk-in,0,0
RW-109851,Lakeview,32,4,Monthly,0,Basic,29,0,0,0,3.1,1,4,3,7,0,1,0,Walk-in,0,0
RW-109852,Hillcrest,40,43,Monthly,0,Basic,29,0,0,0,5.7,1,3,1,9,0,0,0,Online ad,0,0
RW-109853,Lakeview,29,8,Annual,10,Premium,74,0,0,1,9.7,1,16,12,3,0,0,0,Walk-in,0,0
RW-109854,Riverside,28,1,Monthly,0,Plus,39,1,1,1,6.8,1,2,0,2,0,0,1,Friend,1,0
RW-109855,Downtown,25,9,Monthly,0,Premium,79,0,0,0,3.2,1,3,3,11,3,0,0,Online ad,0,0
RW-109856,Hillcrest,57,9,Monthly,0,Basic,29,0,0,0,3.5,0,4,8,2,0,0,0,Friend,0,1
RW-109857,Hillcrest,51,1,Monthly,0,Basic,29,1,0,0,4.6,1,6,0,7,0,0,0,Walk-in,0,0
RW-109858,Lakeview,42,24,Monthly,0,Plus,49,0,0,0,10.5,1,1,4,16,0,0,0,Online ad,0,1
RW-109859,Westfield,58,16,Monthly,0,Plus,49,0,0,0,5.8,1,9,14,5,0,0,0,Corporate,0,0
RW-109860,Downtown,28,37,Annual,0,Basic,24,0,0,0,3.9,0,7,8,10,3,0,0,Walk-in,0,0
RW-109861,Downtown,22,45,Monthly,0,Basic,29,0,0,0,4.6,1,5,27,6,0,0,0,Friend,0,1
RW-109862,Westfield,34,46,Annual,2,Basic,24,0,0,0,11.5,1,8,3,9,5,0,0,Online ad,0,0
RW-109863,Riverside,22,6,Monthly,0,Plus,49,0,0,0,3.8,0,6,8,11,0,1,1,Friend,0,0
RW-109864,Riverside,30,2,Monthly,0,Basic,29,0,0,0,2.9,0,14,13,1,2,0,0,Online ad,0,0
RW-109865,Downtown,24,5,Monthly,0,Premium,79,0,0,0,5.7,1,1,3,1,0,0,1,Friend,0,1
RW-109866,Downtown,25,30,Monthly,0,Plus,39,1,0,0,9.7,0,3,4,9,0,0,1,Walk-in,0,0
RW-109867,Hillcrest,32,2,Monthly,0,Basic,29,0,1,0,1.3,1,8,13,7,2,0,0,Walk-in,0,0
RW-109868,Hillcrest,24,12,Annual,5,Plus,44,0,0,0,9.8,0,8,15,5,3,0,1,Walk-in,0,0
RW-109869,Lakeview,24,42,Monthly,0,Premium,79,0,0,0,3.1,1,8,15,4,6,0,1,Friend,0,0
RW-109870,Hillcrest,32,40,Annual,6,Basic,14,1,0,0,10.8,1,12,4,0,8,0,0,Walk-in,1,0
RW-109871,Downtown,21,44,Monthly,0,Basic,29,0,0,0,3.1,0,15,14,0,0,2,0,Friend,0,1
RW-109872,Lakeview,38,9,Monthly,0,Plus,49,0,0,0,3.3,0,4,5,11,0,1,0,Friend,0,1
RW-109873,Westfield,31,54,Monthly,0,Basic,24,1,0,0,3.6,0,2,5,2,0,0,0,Online ad,0,1
RW-109874,Hillcrest,34,10,Annual,5,Basic,24,0,0,1,16.9,1,12,7,8,0,1,1,Online ad,0,0
RW-109875,Westfield,25,4,Monthly,0,Premium,79,0,1,1,7.9,0,6,12,11,3,0,0,Online ad,0,0
RW-109876,Lakeview,53,66,Annual,7,Premium,74,0,0,0,3.5,0,3,3,14,0,0,0,Walk-in,0,0
RW-109877,Hillcrest,52,26,Annual,5,Plus,44,0,0,0,3.9,0,9,9,6,0,1,1,Online ad,0,0
RW-109878,Hillcrest,63,10,Annual,1,Basic,24,0,0,0,11.9,0,7,2,8,0,0,0,Walk-in,0,0
RW-109879,Downtown,46,24,Annual,9,Basic,24,0,0,0,2.3,0,7,7,7,2,1,0,Walk-in,0,0
RW-109880,Riverside,24,3,Monthly,0,Basic,29,0,1,0,2.9,1,9,9,6,7,0,0,Online ad,1,0
RW-109881,Lakeview,44,10,Annual,3,Plus,44,0,0,0,2.9,1,3,8,2,2,0,0,Walk-in,0,0
RW-109882,Riverside,28,58,Annual,10,Plus,44,0,0,0,4.6,1,28,22,3,14,0,1,Friend,0,0
RW-109883,Northgate,42,8,Monthly,0,Premium,69,1,0,0,5.4,0,6,6,2,4,0,0,Walk-in,0,0
RW-109884,Lakeview,26,3,Monthly,0,Basic,29,0,1,0,6.2,0,4,3,13,3,0,0,Friend,1,0
RW-109885,Downtown,33,5,Monthly,0,Plus,49,0,0,0,4.7,1,4,10,8,1,0,0,Friend,0,0
RW-109886,Hillcrest,34,22,Monthly,0,Premium,79,0,0,1,20.4,0,3,6,14,2,1,1,Online ad,0,1
RW-109887,Hillcrest,25,3,Annual,11,Plus,39,1,0,0,1.9,0,16,14,3,0,1,0,Friend,0,1
RW-109888,Riverside,37,1,Monthly,0,Premium,79,0,0,1,7.2,1,20,0,6,6,1,0,Walk-in,1,0
RW-109889,Riverside,29,20,Monthly,0,Basic,19,1,0,0,3.1,1,17,11,2,6,0,0,Online ad,0,0
RW-109890,Riverside,37,7,Monthly,0,Basic,29,1,0,0,9.0,0,1,3,4,0,0,1,Walk-in,0,0
RW-109891,Riverside,33,19,Annual,1,Premium,74,0,0,0,2.1,1,16,9,3,13,0,0,Walk-in,2,0
RW-109892,Downtown,33,14,Monthly,0,Plus,49,0,1,0,3.3,1,12,13,5,0,0,0,Online ad,0,0
RW-109893,Hillcrest,56,4,Annual,3,Basic,24,0,0,0,5.6,1,1,1,4,0,0,0,Walk-in,0,0
RW-109894,Downtown,28,20,Annual,3,Plus,44,0,0,0,4.8,1,9,14,4,0,0,0,Online ad,0,0
RW-109895,Riverside,45,3,Annual,9,Plus,34,1,0,0,7.6,1,28,19,4,1,0,0,Friend,0,0
RW-109896,Riverside,40,45,Monthly,0,Basic,19,1,0,0,4.4,0,0,4,40,0,1,0,Online ad,0,1
RW-109897,Lakeview,60,7,Monthly,0,Basic,29,0,0,0,10.0,1,0,2,51,0,0,0,Online ad,0,1
RW-109898,Northgate,30,10,Monthly,0,Plus,49,0,1,0,2.3,1,11,12,3,4,0,0,Walk-in,1,0
RW-109899,Westfield,26,25,Monthly,0,Plus,49,0,0,0,7.9,0,9,9,2,0,1,0,Online ad,0,0
RW-109900,Westfield,33,57,Monthly,0,Premium,79,0,0,0,6.0,1,5,6,6,1,0,0,Online ad,0,0
RW-109901,Northgate,58,6,Annual,6,Premium,64,1,0,1,4.9,1,15,11,0,2,0,1,Friend,0,0
RW-109902,Riverside,42,3,Monthly,0,Basic,29,0,0,0,4.3,1,5,2,7,0,0,0,Online ad,0,0
RW-109903,Riverside,31,19,Monthly,0,Basic,29,0,0,1,3.4,1,7,13,7,0,0,0,Friend,0,0
RW-109904,Westfield,49,44,Monthly,0,Premium,79,0,0,1,7.1,1,16,14,1,8,0,0,Walk-in,1,0
RW-109905,Downtown,44,13,Annual,10,Plus,44,0,0,0,19.8,1,4,9,11,0,0,0,Online ad,0,0
RW-109906,Hillcrest,54,31,Monthly,0,Plus,44,1,0,0,2.0,1,26,15,2,7,1,0,Walk-in,0,0
RW-109907,Lakeview,53,25,Annual,1,Basic,24,0,0,0,4.4,1,3,10,10,1,0,0,Online ad,0,1
RW-109908,Northgate,31,3,Monthly,0,Plus,49,0,0,0,1.1,1,24,10,3,1,0,0,Friend,0,0
RW-109909,Riverside,36,25,Annual,0,Basic,24,0,0,0,3.0,1,11,6,2,0,0,0,Online ad,0,1
RW-109910,Riverside,30,12,Monthly,0,Plus,49,0,0,0,8.4,0,10,8,5,4,1,0,Friend,0,0
RW-109911,Downtown,40,2,Annual,4,Basic,24,0,0,0,6.7,0,7,7,0,3,0,0,Walk-in,0,0
RW-109912,Hillcrest,40,20,Annual,6,Plus,44,0,0,0,36.9,0,6,2,3,0,0,0,Walk-in,0,0
RW-109913,Lakeview,29,37,Monthly,0,Plus,49,0,0,0,7.1,1,14,15,5,7,0,0,Online ad,0,0
RW-109914,Hillcrest,47,24,Monthly,0,Basic,24,1,0,0,7.7,1,1,5,7,0,1,0,Friend,0,1
RW-109915,Northgate,28,42,Monthly,0,Basic,29,0,0,0,1.5,0,10,11,9,0,0,0,Friend,0,0
RW-109916,Riverside,35,19,Monthly,0,Plus,49,0,0,1,11.0,0,19,14,6,1,0,1,Online ad,0,0
RW-109917,Lakeview,48,15,Monthly,0,Basic,29,0,0,0,6.8,1,6,5,8,2,0,0,Online ad,0,0
RW-109918,Northgate,35,10,Annual,7,Basic,24,0,1,0,12.0,0,12,15,2,1,0,0,Corporate,0,0
RW-109919,Lakeview,34,35,Annual,11,Plus,39,1,1,0,4.1,1,10,10,2,5,0,1,Online ad,0,0
RW-109920,Hillcrest,33,39,Monthly,0,Plus,49,1,0,0,2.5,1,10,13,9,4,0,0,Online ad,1,0
RW-109921,Westfield,55,7,Monthly,0,Basic,19,1,0,0,1.8,1,28,28,3,1,0,0,Walk-in,0,0
RW-109922,Lakeview,21,58,Annual,4,Basic,14,1,0,0,7.6,1,18,12,6,7,0,0,Online ad,0,0
RW-109923,Lakeview,23,13,Monthly,0,Basic,29,0,0,0,8.0,1,18,12,2,0,0,0,Online ad,0,0
RW-109924,Downtown,46,20,Monthly,0,Premium,79,0,1,1,7.4,1,17,13,4,4,0,1,Friend,0,0
RW-109925,Northgate,33,5,Annual,10,Plus,44,0,0,0,6.7,1,15,16,0,6,1,0,Friend,0,0
RW-109926,Westfield,54,19,Monthly,0,Premium,79,0,0,0,7.7,1,8,6,8,1,0,0,Online ad,1,0
RW-109927,Downtown,44,5,Monthly,0,Basic,19,1,0,0,13.3,1,3,6,10,0,1,0,Online ad,0,0
RW-109928,Downtown,42,21,Monthly,0,Premium,79,0,0,1,6.2,1,16,12,7,2,0,0,Friend,1,0
RW-109929,Downtown,37,19,Annual,1,Premium,74,0,0,0,1.0,1,4,5,8,1,1,0,Friend,0,1
RW-109930,Downtown,23,16,Monthly,0,Plus,49,0,1,0,3.6,1,1,14,19,0,0,0,Online ad,1,0
RW-109931,Lakeview,34,20,Annual,4,Plus,44,1,1,0,20.9,0,6,5,11,3,0,1,Online ad,0,0
RW-109932,Downtown,25,27,Monthly,0,Basic,29,0,0,0,12.6,1,3,3,7,3,0,1,Walk-in,0,0
RW-109933,Downtown,20,2,Monthly,0,Basic,29,0,0,0,3.1,1,14,9,4,1,0,0,Online ad,0,0
RW-109934,Downtown,54,23,Annual,5,Basic,24,0,0,0,7.6,0,19,19,3,7,0,0,Friend,0,0
RW-109935,Downtown,29,16,Annual,0,Basic,24,0,0,0,5.4,1,13,7,3,10,0,0,Online ad,0,0
RW-109936,Westfield,37,50,Annual,2,Premium,64,1,0,0,2.5,1,3,8,4,0,0,0,Online ad,0,0
RW-109937,Westfield,23,19,Monthly,0,Premium,69,1,0,0,5.0,1,6,8,4,1,0,0,Online ad,0,1
RW-109938,Northgate,23,5,Monthly,0,Basic,29,0,0,0,4.7,1,3,1,6,1,0,0,Walk-in,0,1
RW-109939,Lakeview,47,29,Annual,2,Basic,24,0,0,0,4.3,0,11,15,1,7,0,0,Walk-in,1,0
RW-109940,Northgate,46,23,Annual,4,Premium,74,0,0,0,3.0,1,19,18,4,13,0,1,Walk-in,0,0
RW-109941,Northgate,26,26,Annual,8,Premium,74,0,0,0,7.9,1,6,11,11,0,0,0,Friend,0,0
RW-109942,Riverside,45,8,Monthly,0,Plus,49,0,0,0,9.9,1,3,2,8,0,0,0,Corporate,0,0
RW-109943,Downtown,38,5,Monthly,0,Basic,29,0,0,0,4.8,0,2,3,16,0,0,1,Corporate,0,1
RW-109944,Northgate,26,44,Monthly,0,Basic,19,1,1,0,2.6,1,5,7,1,1,0,0,Online ad,0,0
RW-109945,Riverside,29,45,Monthly,0,Premium,79,0,0,0,15.0,0,5,4,9,1,0,1,Corporate,0,0
RW-109946,Northgate,42,8,Monthly,0,Basic,29,0,0,0,9.9,1,2,3,3,0,0,0,Walk-in,0,0
RW-109947,Northgate,31,13,Monthly,0,Plus,49,0,0,0,2.0,1,0,6,51,0,0,1,Walk-in,0,1
RW-109948,Riverside,20,3,Monthly,0,Premium,79,0,0,0,2.9,0,17,14,0,6,0,0,Walk-in,0,1
RW-109949,Downtown,21,10,Annual,6,Plus,44,0,0,0,8.3,1,4,4,4,1,1,0,Friend,0,0
RW-109950,Hillcrest,37,21,Annual,1,Basic,24,0,0,0,6.4,1,1,5,14,1,0,0,Friend,0,1
RW-109951,Hillcrest,20,10,Annual,5,Plus,39,1,0,0,2.8,1,3,4,2,1,0,1,Friend,0,0
RW-109952,Hillcrest,28,23,Monthly,0,Plus,49,0,1,0,6.0,0,6,2,9,5,1,0,Online ad,0,0
RW-109953,Westfield,22,120,Annual,0,Basic,24,0,0,0,4.4,1,26,28,5,1,1,0,Online ad,0,1
RW-109954,Northgate,35,7,Annual,8,Basic,24,0,0,0,5.6,0,5,4,0,8,0,0,Corporate,0,0
RW-109955,Hillcrest,28,14,Annual,10,Basic,24,0,0,0,3.8,1,3,6,12,0,0,0,Friend,0,0
RW-109956,Downtown,54,1,Monthly,0,Plus,49,0,0,1,10.9,1,7,0,1,0,1,0,Walk-in,0,0
RW-109957,Hillcrest,19,29,Annual,1,Premium,74,0,0,0,9.1,1,1,0,18,0,0,1,Online ad,0,1
RW-109958,Hillcrest,50,50,Monthly,0,Basic,29,1,0,0,4.5,1,6,11,1,0,0,0,Walk-in,0,0
RW-109959,Northgate,28,24,Annual,4,Plus,44,0,0,0,3.9,0,18,22,5,8,0,0,Walk-in,0,0
RW-109960,Downtown,43,20,Monthly,0,Basic,29,0,1,0,12.4,0,1,10,21,2,1,0,Friend,0,1
RW-109961,Hillcrest,43,12,Monthly,0,Plus,49,0,0,0,3.7,1,6,12,11,0,0,0,Friend,0,1
RW-109962,Lakeview,31,8,Annual,2,Basic,14,1,0,0,7.1,1,6,5,10,2,0,0,Online ad,0,0
RW-109963,Downtown,32,51,Annual,8,Plus,34,1,0,0,1.9,1,3,2,2,0,0,1,Friend,0,0
RW-109964,Northgate,38,33,Monthly,0,Premium,79,1,0,0,10.4,0,9,9,7,0,1,0,Friend,1,0
RW-109965,Westfield,47,2,Monthly,0,Plus,39,1,1,0,1.2,0,9,7,0,0,0,0,Online ad,0,1
RW-109966,Riverside,28,31,Annual,4,Basic,24,0,0,0,3.2,1,11,10,8,1,1,0,Friend,0,0
RW-109967,Hillcrest,23,3,Monthly,0,Plus,49,0,0,0,3.0,1,21,18,1,1,2,1,Friend,0,1
RW-109968,Downtown,20,25,Annual,7,Premium,74,0,0,0,4.3,0,1,8,13,0,0,0,Friend,0,0
RW-109969,Riverside,33,56,Annual,8,Premium,74,0,1,1,4.9,0,20,17,6,1,1,0,Corporate,2,0
RW-109970,Hillcrest,23,26,Monthly,0,Basic,29,0,0,1,3.3,1,4,6,8,1,0,0,Online ad,0,0
RW-109971,Lakeview,30,1,Monthly,0,Basic,29,0,0,1,2.2,0,6,0,1,3,1,0,Friend,0,0
RW-109972,Northgate,34,3,Annual,9,Premium,74,0,1,1,12.7,1,3,13,2,0,0,1,Friend,0,0
RW-109973,Riverside,20,6,Monthly,0,Basic,24,1,1,0,7.3,1,11,15,5,9,1,0,Walk-in,0,0
RW-109974,Riverside,62,22,Monthly,0,Basic,24,1,0,0,5.7,1,6,3,2,0,1,0,Friend,1,0
RW-109975,Northgate,56,20,Monthly,0,Plus,49,0,0,0,5.9,1,5,11,4,1,0,1,Online ad,0,0
RW-109976,Riverside,41,9,Monthly,0,Basic,29,0,1,0,3.8,0,7,4,10,0,0,0,Online ad,0,0
RW-109977,Northgate,23,41,Annual,10,Plus,44,0,0,0,1.2,1,14,8,1,0,0,0,Walk-in,0,0
RW-109978,Westfield,41,25,Monthly,0,Plus,49,1,1,0,9.9,1,6,3,7,0,0,1,Online ad,0,0
RW-109979,Riverside,38,18,Annual,10,Basic,14,1,0,0,4.0,0,4,2,4,0,0,0,Walk-in,0,0
RW-109980,Hillcrest,32,17,Annual,8,Basic,24,0,0,0,3.4,1,1,1,13,0,0,0,Online ad,0,0
RW-109981,Downtown,24,48,Monthly,0,Basic,29,1,0,0,12.7,1,7,7,1,7,0,0,Online ad,0,0
RW-109982,Riverside,28,14,Annual,7,Basic,24,0,0,0,1.7,1,18,15,4,13,0,1,Corporate,0,0
RW-109983,Hillcrest,22,2,Monthly,0,Basic,29,0,0,0,6.1,0,16,9,1,0,0,0,Walk-in,1,1
RW-109984,Westfield,32,11,Annual,6,Premium,74,0,1,0,8.2,1,5,3,9,0,1,0,Walk-in,0,0
RW-109985,Downtown,27,29,Annual,0,Plus,39,1,0,0,4.4,1,24,17,1,0,0,0,Corporate,0,0
RW-109986,Riverside,28,34,Annual,1,Plus,44,1,0,0,7.8,0,7,8,6,0,1,0,Online ad,1,0
RW-109987,Hillcrest,25,3,Annual,10,Basic,24,0,0,0,24.4,0,2,4,12,0,0,0,Online ad,0,0
RW-109988,Downtown,25,43,Annual,9,Plus,44,0,0,0,17.7,1,5,20,6,0,0,0,Friend,0,0
RW-109989,Lakeview,28,77,Monthly,0,Plus,49,0,0,0,4.0,0,9,14,1,0,2,0,Walk-in,0,1
RW-109990,Northgate,31,5,Monthly,0,Plus,49,0,0,0,3.2,0,6,0,9,3,0,0,Online ad,0,1
RW-109991,Westfield,35,23,Annual,3,Basic,24,0,0,0,6.3,1,3,19,2,0,0,0,Online ad,0,0
RW-109992,Riverside,50,18,Monthly,0,Basic,29,0,0,0,10.7,1,16,16,1,0,0,0,Online ad,1,0
RW-109993,Westfield,33,25,Monthly,0,Plus,39,1,0,0,1.8,1,6,18,0,3,0,1,Online ad,0,0
RW-109994,Riverside,29,11,Monthly,0,Basic,29,0,0,0,9.4,0,1,3,2,1,0,0,Online ad,0,1
RW-109995,Northgate,56,48,Annual,5,Basic,24,0,0,0,9.0,1,10,13,2,0,2,0,Online ad,0,0
RW-109996,Riverside,29,67,Monthly,0,Basic,29,0,0,0,4.1,1,7,10,7,1,0,0,Online ad,0,0
RW-109997,Hillcrest,27,27,Monthly,0,Basic,19,1,0,0,1.1,1,4,7,1,1,0,0,Friend,0,0
RW-109998,Lakeview,25,26,Monthly,0,Basic,29,0,0,0,6.1,0,5,8,9,1,1,0,Walk-in,0,0
RW-109999,Downtown,23,17,Annual,10,Plus,44,0,1,0,2.4,0,5,14,2,0,0,0,Friend,0,0
RW-110000,Northgate,26,4,Monthly,0,Basic,29,0,0,0,5.4,1,6,9,11,2,0,0,Walk-in,0,1
